COMENT1                 : Automatic Generated Grid Data File
COMENT2                 : Based On ../../../GeneralData/Bathymetry/ZLT_Lvl4_500m_smooth_v01.dat
 
 
 ILB_IUB    :           1          64
 JLB_JUB    :           1         104
 COORD_TIP  :           4
 ORIGIN     :  -29.2987551867220        38.4000000000000     
 GRID_ANGLE :  0.000000000000000E+000
 LATITUDE   :   38.0000000000000     
 LONGITUDE  :  -28.5000000000000     
 FILL_VALUE :  -99.0000000000000     
 
 
 <BeginXX>
  0.000000000000000E+000
  5.705394190869129E-003
  1.141078838174181E-002
  1.711618257261449E-002
  2.282157676348362E-002
  2.852697095435630E-002
  3.423236514522898E-002
  3.993775933609811E-002
  4.564315352697079E-002
  5.134854771784347E-002
  5.705394190871260E-002
  6.275933609958528E-002
  6.846473029045796E-002
  7.417012448132709E-002
  7.987551867219977E-002
  8.558091286307246E-002
  9.128630705394158E-002
  9.699170124481071E-002
  0.102697095435683     
  0.108402489626556     
  0.114107883817425     
  0.119813278008298     
  0.125518672199171     
  0.131224066390040     
  0.136929460580912     
  0.142634854771785     
  0.148340248962654     
  0.154045643153527     
  0.159751037344400     
  0.165456431535269     
  0.171161825726141     
  0.176867219917014     
  0.182572614107883     
  0.188278008298752     
  0.193983402489625     
  0.199688796680498     
  0.205394190871367     
  0.211099585062239     
  0.216804979253112     
  0.222510373443981     
  0.228215767634854     
  0.233921161825727     
  0.239626556016596     
  0.245331950207468     
  0.251037344398341     
  0.256742738589210     
  0.262448132780083     
  0.268153526970956     
  0.273858921161825     
  0.279564315352694     
  0.285269709543567     
  0.290975103734439     
  0.296680497925308     
  0.302385892116181     
  0.308091286307054     
  0.313796680497923     
  0.319502074688796     
  0.325207468879668     
  0.330912863070537     
  0.336618257261410     
  0.342323651452283     
  0.348029045643152     
  0.353734439834025     
  0.359439834024897     
  0.365145228215766     
  0.370850622406635     
  0.376556016597508     
  0.382261410788381     
  0.387966804979250     
  0.393672199170123     
  0.399377593360995     
  0.405082987551864     
  0.410788381742737     
  0.416493775933610     
  0.422199170124479     
  0.427904564315352     
  0.433609958506224     
  0.439315352697093     
  0.445020746887966     
  0.450726141078839     
  0.456431535269708     
  0.462136929460577     
  0.467842323651450     
  0.473547717842322     
  0.479253112033192     
  0.484958506224064     
  0.490663900414937     
  0.496369294605806     
  0.502074688796679     
  0.507780082987551     
  0.513485477178421     
  0.519190871369293     
  0.524896265560166     
  0.530601659751035     
  0.536307053941908     
  0.542012448132780     
  0.547717842323650     
  0.553423236514519     
  0.559128630705391     
  0.564834024896264     
  0.570539419087133     
  0.576244813278006     
  0.581950207468878     
  0.587655601659748     
  0.593360995850620     
 <EndXX>
 <BeginYY>
  0.000000000000000E+000
  4.545454545450411E-003
  9.090909090907928E-003
  1.363636363636545E-002
  1.818181818181586E-002
  2.272727272726627E-002
  2.727272727272378E-002
  3.181818181818130E-002
  3.636363636363171E-002
  4.090909090908212E-002
  4.545454545453964E-002
  4.999999999999716E-002
  5.454545454544757E-002
  5.909090909089798E-002
  6.363636363635550E-002
  6.818181818181301E-002
  7.272727272726343E-002
  7.727272727272094E-002
  8.181818181817846E-002
  8.636363636362887E-002
  9.090909090908639E-002
  9.545454545454390E-002
  9.999999999999432E-002
  0.104545454545445     
  0.109090909090902     
  0.113636363636360     
  0.118181818181810     
  0.122727272727261     
  0.127272727272718     
  0.131818181818176     
  0.136363636363626     
  0.140909090909084     
  0.145454545454541     
  0.149999999999991     
  0.154545454545449     
  0.159090909090907     
  0.163636363636357     
  0.168181818181807     
  0.172727272727265     
  0.177272727272722     
  0.181818181818173     
  0.186363636363630     
  0.190909090909088     
  0.195454545454538     
  0.199999999999996     
  0.204545454545453     
  0.209090909090904     
  0.213636363636354     
  0.218181818181812     
  0.222727272727269     
  0.227272727272720     
  0.231818181818170     
  0.236363636363627     
  0.240909090909085     
  0.245454545454535     
  0.249999999999993     
  0.254545454545450     
  0.259090909090901     
  0.263636363636358     
  0.268181818181816     
  0.272727272727266     
  0.277272727272717     
  0.281818181818174     
  0.286363636363632     
  0.290909090909082     
 <EndYY>
 <BeginGridData2D>
   1639.84060121169     
   1639.84060121169     
   1639.84060121169     
   1639.84060121169     
   1584.87742131608     
   1584.87742131608     
   1584.87742131608     
   1584.87742131608     
   1318.61938665426     
   1318.61938665426     
   1318.61938665426     
   1318.61938665426     
   1024.13000000000     
   1024.13000000000     
   1024.13000000000     
   1024.13000000000     
   1024.13000000000     
   1024.13000000000     
   1024.13000000000     
   1024.13000000000     
   1354.05907988836     
   1354.05907988836     
   1354.05907988836     
   1354.05907988836     
   1628.00046216691     
   1628.00046216691     
   1628.00046216691     
   1628.00046216691     
   1611.26956010918     
   1611.26956010918     
   1611.26956010918     
   1611.26956010918     
   1623.81919442017     
   1623.81919442017     
   1623.81919442017     
   1623.81919442017     
   1608.87431785087     
   1608.87431785087     
   1608.87431785087     
   1608.87431785087     
   1366.14000000000     
   1366.14000000000     
   1366.14000000000     
   1366.14000000000     
   1349.11738688813     
   1349.11738688813     
   1349.11738688813     
   1349.11738688813     
   1366.14000000000     
   1366.14000000000     
   1366.14000000000     
   1366.14000000000     
   1366.14000000000     
   1366.14000000000     
   1412.57106394584     
   1412.57106394584     
   1351.05765537809     
   1351.05765537809     
   1351.05765537809     
   1351.05765537809     
   1299.63440476058     
   1299.63440476058     
   1299.63440476058     
   1299.63440476058     
   1189.01273554724     
   1189.01273554724     
   1189.01273554724     
   1189.01273554724     
   991.300955805497     
   991.300955805497     
   991.300955805497     
   991.300955805497     
   844.790000000000     
   874.239795826903     
   874.239795826903     
   874.239795826903     
   692.785241383835     
   692.785241383835     
   692.785241383835     
   692.785241383835     
   632.380000000000     
   632.380000000000     
   632.380000000000     
   632.380000000000     
   574.030000000000     
   574.030000000000     
   574.030000000000     
   574.030000000000     
   574.030000000000     
   574.030000000000     
   574.030000000000     
   574.030000000000     
   677.632184613728     
   677.632184613728     
   677.632184613728     
   677.632184613728     
   725.087744776418     
   725.087744776418     
   725.087744776418     
   725.087744776418     
   696.560000000000     
   696.560000000000     
   696.560000000000     
   696.560000000000     
   1503.66000000000     
   1654.93000000000     
   1654.93000000000     
   1654.93000000000     
   1630.96960622581     
   1622.27099412819     
   1621.75322221875     
   1607.66029625264     
   1461.32173398724     
   1455.45016673195     
   1366.14000000000     
   1366.14000000000     
   1241.12000000000     
   1231.18213975758     
   1226.19991443231     
   1238.05730928941     
   1241.12000000000     
   1241.12000000000     
   1188.43461998558     
   1218.83235355434     
   1366.14000000000     
   1449.28884388568     
   1503.66000000000     
   1503.66000000000     
   1647.51577380164     
   1648.30673888731     
   1648.05554307680     
   1630.76720251869     
   1597.13387731566     
   1614.22622000581     
   1612.66147014698     
   1611.08553944101     
   1641.41941223650     
   1629.77331428048     
   1629.10135968895     
   1620.44327858974     
   1611.12636473603     
   1608.08617111365     
   1619.10235303905     
   1629.51448924392     
   1503.66000000000     
   1500.04256295356     
   1501.61621538530     
   1496.95326672398     
   1474.80754133102     
   1471.65644580162     
   1472.68093519009     
   1471.64820014123     
   1491.26640178859     
   1488.86117351863     
   1480.32164907847     
   1475.73634772471     
   1480.70096212899     
   1459.81954807082     
   1434.16160483452     
   1366.14000000000     
   1310.66466813056     
   1310.67913394994     
   1338.87952546933     
   1314.94368371999     
   1241.12000000000     
   1224.38666325765     
   1203.25888566606     
   1192.05418794530     
   1127.46000000000     
   1125.99304273788     
   1119.34759318350     
   1111.33851271697     
   1003.88190966558     
   994.172241372393     
   982.787644446820     
   971.349165748971     
   907.064297124344     
   844.790000000000     
   767.150000000000     
   767.150000000000     
   696.560000000000     
   696.560000000000     
   696.560000000000     
   693.161151523818     
   632.380000000000     
   632.380000000000     
   627.813808085752     
   621.386992341896     
   618.364417682627     
   632.213972373315     
   632.380000000000     
   632.380000000000     
   671.201361490167     
   680.094569926971     
   690.093136541044     
   696.149658366980     
   741.105997619992     
   741.408148599788     
   736.760186366181     
   696.560000000000     
   746.167099097154     
   737.730558352452     
   732.788883438439     
   738.370231353544     
   696.560000000000     
   715.022425581265     
   696.560000000000     
   574.030000000000     
   1503.66000000000     
   1629.44512730366     
   1722.25433405280     
   1707.16691795217     
   1697.56573032789     
   1690.96621088844     
   1675.80645888844     
   1653.52559679438     
   1642.91988745312     
   1610.90630912769     
   1580.09609916537     
   1553.98230898084     
   1503.66000000000     
   1503.66000000000     
   1503.66000000000     
   1503.66000000000     
   1503.66000000000     
   1503.66000000000     
   1503.66000000000     
   1503.66000000000     
   1503.66000000000     
   1679.50956293624     
   1686.98992856357     
   1679.17966828461     
   1677.87444084004     
   1654.93000000000     
   1671.70762361032     
   1631.98150751138     
   1578.64780118930     
   1503.66000000000     
   1503.66000000000     
   1576.52358298844     
   1619.97301860998     
   1622.61686978694     
   1634.64177631388     
   1594.12594428273     
   1632.07399542034     
   1626.73701196775     
   1645.37834722015     
   1650.90955288300     
   1642.97521096629     
   1636.80335283743     
   1621.30236299264     
   1607.93770477581     
   1608.30428351446     
   1607.71919012049     
   1606.34536833595     
   1605.64004536274     
   1606.96304323829     
   1602.64630233073     
   1587.98107897449     
   1561.77935114202     
   1366.14000000000     
   1357.21168756137     
   1311.46534670006     
   1241.12000000000     
   1215.68912035176     
   1200.10394615436     
   1241.12000000000     
   1222.49366712346     
   1127.46000000000     
   1127.46000000000     
   1110.77130858992     
   1082.74433225790     
   1024.13000000000     
   1024.13000000000     
   1024.13000000000     
   1020.06294257276     
   1003.30929826841     
   982.376209941045     
   961.478158462980     
   930.190000000000     
   905.058078287835     
   767.150000000000     
   748.695104434995     
   740.021423382721     
   725.178211902322     
   715.910357937501     
   696.560000000000     
   672.184576636977     
   632.380000000000     
   632.380000000000     
   628.901382380258     
   632.380000000000     
   688.214188755371     
   669.292113106754     
   682.281646590058     
   753.314688686901     
   767.150000000000     
   819.147271122558     
   826.079228090134     
   816.129678181298     
   822.863390402134     
   822.411150730694     
   811.702321563213     
   796.303316141106     
   767.150000000000     
   751.690909876056     
   739.473416057884     
   739.173119863811     
   734.439778863820     
   721.165739211324     
   632.380000000000     
   574.030000000000     
   1503.66000000000     
   1652.07696609054     
   1737.77884057925     
   1723.95634855995     
   1714.86660762491     
   1707.66495985719     
   1687.63659201963     
   1654.93000000000     
   1654.93000000000     
   1653.63607662219     
   1620.07763750102     
   1585.41657133898     
   1569.99601575587     
   1503.66000000000     
   1595.23288165516     
   1649.95830625056     
   1628.05871697572     
   1622.23851240146     
   1683.31206554850     
   1688.21025503447     
   1690.85496360360     
   1693.10382582088     
   1691.54007065004     
   1696.84507358042     
   1700.50198841193     
   1680.81828568153     
   1677.54372559598     
   1604.15651424037     
   1471.08976693544     
   1458.49569812486     
   1503.66000000000     
   1587.78851303232     
   1600.58470933760     
   1585.29918843115     
   1578.05277707198     
   1648.97664441148     
   1654.93000000000     
   1654.93000000000     
   1653.85705357838     
   1652.60702713442     
   1643.06813411081     
   1613.15168849234     
   1600.61742052203     
   1608.55918496865     
   1615.03151733560     
   1613.70126280764     
   1617.18367612810     
   1614.03730601092     
   1607.74375135008     
   1611.89697066256     
   1588.34171572772     
   1486.70908024974     
   1332.22905813766     
   1224.99411254899     
   1199.14531847938     
   1127.46000000000     
   1127.46000000000     
   1241.12000000000     
   1241.12000000000     
   1196.03748321740     
   1127.46000000000     
   1123.70659176281     
   1098.21712230539     
   1071.43105305925     
   1049.73435626835     
   1024.13000000000     
   1014.83652326916     
   1000.78013242234     
   980.075396338074     
   957.427803425100     
   928.278914167312     
   899.609075180197     
   816.348444099561     
   696.560000000000     
   759.376683056584     
   748.814754117720     
   735.430728956989     
   718.924793935509     
   687.734983003822     
   673.844892277842     
   666.741536167045     
   632.380000000000     
   632.380000000000     
   730.291725385977     
   696.560000000000     
   687.014975285685     
   696.560000000000     
   767.150000000000     
   844.790000000000     
   844.790000000000     
   833.108638606850     
   814.372687303724     
   830.922590503348     
   824.396929691192     
   814.220005913164     
   767.150000000000     
   696.560000000000     
   696.560000000000     
   747.227514612741     
   746.329089655361     
   735.852838237788     
   723.325955641884     
   632.380000000000     
   574.030000000000     
   1843.39026534788     
   1819.74551784411     
   1759.14248982477     
   1739.02951098964     
   1730.10686278812     
   1727.51894676260     
   1708.92354069688     
   1691.94776779176     
   1707.19602279459     
   1698.07002185516     
   1645.35453270361     
   1613.15708625142     
   1607.31660332408     
   1646.67890263185     
   1683.89645795198     
   1688.33631099246     
   1686.51920519735     
   1692.63254679000     
   1694.53540501520     
   1692.52568210400     
   1697.17494544236     
   1695.31231744579     
   1704.02237414666     
   1703.81538039949     
   1691.82311327663     
   1697.79675004942     
   1654.93000000000     
   1502.91713458846     
   1498.45743419658     
   1579.05974489974     
   1551.88812544508     
   1549.64436953567     
   1474.49533494897     
   1503.66000000000     
   1503.66000000000     
   1654.93000000000     
   1680.12941770101     
   1676.99586699904     
   1654.93000000000     
   1650.48210040073     
   1617.83485291320     
   1630.12623726682     
   1607.25634516969     
   1620.78795403371     
   1602.92682190237     
   1566.74504498950     
   1503.66000000000     
   1503.66000000000     
   1600.00678698845     
   1497.20043041845     
   1476.53923915992     
   1366.14000000000     
   1241.12000000000     
   1127.46000000000     
   1127.46000000000     
   1167.24399283216     
   1201.47662454466     
   1207.60852642400     
   1223.11317584411     
   1127.46000000000     
   1119.45064797914     
   1093.43018170246     
   1078.69146083654     
   1055.31636247543     
   1024.13000000000     
   1013.93263383333     
   994.615628965708     
   976.221039033586     
   930.190000000000     
   911.116630021231     
   844.790000000000     
   767.150000000000     
   736.349903160824     
   696.560000000000     
   766.483415260244     
   763.884853247469     
   743.622962818126     
   737.120434895020     
   696.560000000000     
   696.560000000000     
   687.743274561638     
   696.560000000000     
   767.150000000000     
   752.955453904514     
   696.560000000000     
   741.683618388870     
   837.769519968244     
   844.790000000000     
   866.521264064232     
   841.687801713354     
   821.122063282618     
   826.993543172129     
   832.670368361064     
   822.869248341251     
   814.318356546789     
   767.150000000000     
   754.894286066652     
   757.036500522012     
   767.150000000000     
   755.360116928438     
   734.991845301158     
   723.997748554667     
   674.222397955922     
   632.380000000000     
   1843.39026534788     
   1821.32000000000     
   1787.50648563597     
   1751.13092786810     
   1750.16620256364     
   1743.48326628039     
   1732.84378136693     
   1721.00888656235     
   1721.38420439171     
   1713.58767422799     
   1654.93000000000     
   1654.93000000000     
   1651.06286292792     
   1682.36640680792     
   1701.40624424524     
   1699.38261467551     
   1699.51552889994     
   1707.87650523253     
   1706.20223960072     
   1698.33499999999     
   1705.77808133501     
   1654.93000000000     
   1686.81526914870     
   1654.93000000000     
   1608.70410125431     
   1609.49715609029     
   1503.66000000000     
   1489.85775477276     
   1503.66000000000     
   1460.25311115454     
   1335.11890821632     
   1357.90335811630     
   1366.14000000000     
   1503.66000000000     
   1654.93000000000     
   1694.28962890921     
   1678.70691258743     
   1652.11966260765     
   1654.93000000000     
   1654.62970965651     
   1643.78748981059     
   1640.08359941107     
   1503.66000000000     
   1483.77671300494     
   1366.14000000000     
   1490.70546968341     
   1539.28905476069     
   1558.48275607882     
   1559.47516947478     
   1453.57467419433     
   1366.14000000000     
   1329.28498579212     
   1199.16191465529     
   1127.46000000000     
   1127.46000000000     
   1127.46000000000     
   1127.46000000000     
   1127.46000000000     
   1127.46000000000     
   1127.46000000000     
   1117.40201264213     
   1081.64119024881     
   1059.15685709653     
   1024.13000000000     
   1016.32314138710     
   991.233497777046     
   972.019326720283     
   930.190000000000     
   906.534355056580     
   844.790000000000     
   820.448678335108     
   767.150000000000     
   632.380000000000     
   696.560000000000     
   767.150000000000     
   767.150000000000     
   754.011520249983     
   742.281388674380     
   738.452449052947     
   696.560000000000     
   741.135236657456     
   824.544980629132     
   805.059572942049     
   767.150000000000     
   767.150000000000     
   844.790000000000     
   902.824285002622     
   896.575365958314     
   874.539929993437     
   844.121820285424     
   832.074043614193     
   844.790000000000     
   828.061014594267     
   830.287193872164     
   817.085129858143     
   805.927228955288     
   804.184729459329     
   803.038710305100     
   767.150000000000     
   754.137162991648     
   732.238721812779     
   726.747252864995     
   632.380000000000     
   636.435509132090     
   1843.39026534788     
   1821.32000000000     
   1793.20134572501     
   1763.94102793075     
   1766.15517363248     
   1749.02981316725     
   1733.45281456895     
   1732.14873610740     
   1724.33223265956     
   1699.53478218462     
   1705.21557292360     
   1681.69255175608     
   1654.93000000000     
   1693.44435433234     
   1715.14770343871     
   1720.30615338005     
   1723.23270794905     
   1727.19682790586     
   1724.92265276260     
   1705.33386404000     
   1684.65736684917     
   1654.85399632105     
   1654.93000000000     
   1503.66000000000     
   1593.44789457650     
   1503.66000000000     
   1497.96788327398     
   1503.66000000000     
   1624.62607907247     
   1584.86621735441     
   1477.26553548427     
   1503.66000000000     
   1503.66000000000     
   1503.66000000000     
   1503.66000000000     
   1652.53046621673     
   1654.93000000000     
   1648.54588594307     
   1627.31319070882     
   1503.66000000000     
   1503.66000000000     
   1503.66000000000     
   1473.69064721353     
   1489.95516924811     
   1498.86862169162     
   1567.91061737359     
   1567.10299686365     
   1565.49742003471     
   1483.53110193691     
   1366.14000000000     
   1241.12000000000     
   1196.48256508838     
   1127.46000000000     
   1148.81058321121     
   1127.46000000000     
   1124.76743551630     
   1124.76383437796     
   1126.79100040599     
   1127.46000000000     
   1126.87649304618     
   1111.34347945368     
   1077.90968241386     
   1051.75749748834     
   1024.13000000000     
   1002.75667920290     
   982.090520426579     
   930.190000000000     
   915.232681347759     
   844.790000000000     
   842.720295825538     
   767.150000000000     
   632.380000000000     
   616.555356636742     
   767.150000000000     
   786.233689085389     
   767.150000000000     
   763.265732271902     
   750.345014282467     
   742.863737335917     
   746.884747094359     
   844.790000000000     
   840.684325843937     
   828.407306882427     
   827.710589944612     
   915.868907068445     
   930.190000000000     
   930.190000000000     
   909.097444274064     
   844.790000000000     
   844.790000000000     
   844.790000000000     
   844.493285720163     
   855.461694501895     
   835.785201531424     
   825.761190710460     
   814.035920351245     
   808.649297461567     
   794.596263068652     
   767.150000000000     
   748.437266153797     
   741.824142120444     
   632.380000000000     
   624.606101341904     
   636.435509132090     
   1843.39026534788     
   1821.32000000000     
   1791.61228583376     
   1780.15051765559     
   1776.74163637389     
   1774.65827240844     
   1747.23011555732     
   1719.47953313439     
   1722.20805710067     
   1705.66143728725     
   1692.68046913158     
   1682.38837066779     
   1701.01326067409     
   1690.94093448026     
   1723.25462782946     
   1732.71656829330     
   1740.68170561914     
   1732.59958873901     
   1713.21049380378     
   1696.90341597675     
   1693.29215123594     
   1701.21075022994     
   1654.93000000000     
   1650.51379416656     
   1672.35360068407     
   1674.65172697687     
   1602.02373455679     
   1589.07094570451     
   1599.55774736890     
   1624.88408641046     
   1654.93000000000     
   1654.93000000000     
   1716.80251592530     
   1654.93000000000     
   1704.97452054276     
   1699.09125159506     
   1654.93000000000     
   1654.93000000000     
   1503.66000000000     
   1453.35498661129     
   1502.07561510996     
   1477.07195453944     
   1570.34104502185     
   1564.07559496053     
   1548.76923063903     
   1540.93117915737     
   1552.58896679631     
   1543.92263929466     
   1461.86154717931     
   1366.14000000000     
   1204.30661383551     
   1127.46000000000     
   1094.64785327551     
   1149.34735015655     
   1123.55114572663     
   1113.41380483040     
   1115.42794908691     
   1116.78970677427     
   1120.69861690735     
   1109.73131787451     
   1097.22224141567     
   1069.57014044757     
   1050.69169243955     
   1041.26627377789     
   1004.80439133948     
   930.190000000000     
   919.162970303398     
   886.247644865084     
   844.790000000000     
   808.914128795986     
   749.509802006442     
   604.421013701614     
   681.399723774003     
   802.497029221733     
   795.964208986272     
   782.226447433477     
   767.150000000000     
   761.251685790517     
   752.189858859614     
   837.304308764424     
   906.354387166183     
   898.548833581480     
   915.923385126920     
   957.324935051659     
   955.842991980663     
   950.879758400244     
   942.354020950563     
   908.766718646319     
   844.790000000000     
   863.737403481628     
   858.518856844061     
   844.790000000000     
   856.907068079860     
   840.857142808428     
   829.414325561207     
   817.984353555355     
   809.241310711179     
   797.879478968528     
   764.527268713230     
   734.886421533884     
   696.560000000000     
   627.522177801186     
   628.209940401729     
   632.380000000000     
   1859.96681516535     
   1821.32000000000     
   1805.49318068636     
   1791.26154739432     
   1783.91958763823     
   1772.97901288988     
   1760.56513621334     
   1711.54473644831     
   1722.24620693498     
   1716.82397681201     
   1714.20505711339     
   1654.93000000000     
   1712.97947148152     
   1690.93575900517     
   1654.93000000000     
   1606.88400840341     
   1638.22805216511     
   1733.58032046568     
   1726.20682327290     
   1720.58045073601     
   1707.48957544659     
   1714.62161912535     
   1738.82907025529     
   1711.25517153039     
   1654.93000000000     
   1654.93000000000     
   1651.50535486594     
   1644.94754750539     
   1729.78025573798     
   1759.21803891804     
   1766.70223068850     
   1761.73062958068     
   1756.20961364926     
   1754.68325879648     
   1751.26084140231     
   1719.60463623131     
   1654.93000000000     
   1654.93000000000     
   1642.05415720038     
   1588.71802868620     
   1570.06547522477     
   1572.45333038743     
   1554.97705804605     
   1558.40058379208     
   1538.52060302666     
   1527.00188853922     
   1503.66000000000     
   1525.27290431238     
   1366.14000000000     
   1241.12000000000     
   1196.06311550970     
   1127.46000000000     
   1127.46000000000     
   1114.53769391263     
   1117.22455795761     
   1112.86839771373     
   1111.06115065182     
   1114.63124195763     
   1121.27766540335     
   1108.86663259162     
   1086.46185424876     
   1072.44023853395     
   1074.79947432156     
   930.190000000000     
   930.190000000000     
   921.164137280401     
   906.189327846846     
   844.790000000000     
   811.347658391679     
   761.357798420124     
   632.380000000000     
   629.375503213621     
   767.150000000000     
   822.478220922523     
   807.979001592009     
   792.392401685985     
   767.150000000000     
   767.150000000000     
   844.790000000000     
   942.704125438642     
   940.179290039340     
   930.190000000000     
   958.572367499477     
   962.619780760770     
   965.027477568784     
   963.551795931535     
   930.190000000000     
   911.189720019174     
   887.057899198751     
   844.790000000000     
   844.790000000000     
   844.790000000000     
   844.790000000000     
   844.325164957219     
   832.793046812306     
   822.841066393750     
   818.445212125897     
   767.150000000000     
   751.810475230722     
   688.346576861842     
   632.380000000000     
   632.380000000000     
   696.560000000000     
   760.588128034542     
   1859.96681516535     
   1821.32000000000     
   1808.87505778336     
   1802.30186307591     
   1788.93101320936     
   1772.37615941892     
   1768.02041184223     
   1750.45304935303     
   1746.09036371650     
   1744.88905640455     
   1728.00495124893     
   1722.72293848511     
   1730.18340056055     
   1706.10747560715     
   1503.66000000000     
   1366.14000000000     
   1503.66000000000     
   1503.66000000000     
   1595.22263082797     
   1654.93000000000     
   1654.93000000000     
   1654.93000000000     
   1786.93190727079     
   1750.45226462852     
   1730.06323499047     
   1728.75636521744     
   1654.93000000000     
   1654.93000000000     
   1760.14911872838     
   1773.95696823331     
   1771.68497396777     
   1758.62662579788     
   1752.79670884598     
   1747.77024125888     
   1732.21614868433     
   1724.68599435793     
   1654.33034834929     
   1648.75188731993     
   1650.80065826843     
   1640.11257296137     
   1592.62690629821     
   1503.66000000000     
   1503.66000000000     
   1503.66000000000     
   1522.34546509748     
   1503.66000000000     
   1500.48226175388     
   1493.02582419635     
   1316.48002983217     
   1241.12000000000     
   1127.46000000000     
   1127.46000000000     
   1101.87641150203     
   1099.92424761418     
   1108.62639126681     
   1116.68895765865     
   1115.12091453449     
   1119.08545089718     
   1127.46000000000     
   1126.63573238328     
   1106.58769808472     
   1103.93034192551     
   989.400543958359     
   844.790000000000     
   767.150000000000     
   891.688546047829     
   767.150000000000     
   767.150000000000     
   753.495759488710     
   681.498208403834     
   629.721578437775     
   765.192568377023     
   837.166297131172     
   829.315938810896     
   824.583926783442     
   796.571538464623     
   767.150000000000     
   913.487403104004     
   954.523206797013     
   943.419978364559     
   930.190000000000     
   951.942006250611     
   963.696696816126     
   973.246954279835     
   979.962531956608     
   969.879960452107     
   930.190000000000     
   920.888696284874     
   844.790000000000     
   842.964166226379     
   894.221976973041     
   844.790000000000     
   844.790000000000     
   844.790000000000     
   842.101926582162     
   830.214842538716     
   810.294303121297     
   767.150000000000     
   696.214798555091     
   666.212536038577     
   674.982104559748     
   675.873659420494     
   696.560000000000     
   760.588128034542     
   1859.96681516535     
   1821.32000000000     
   1810.81102709856     
   1802.26028308020     
   1791.75248798768     
   1784.76436848181     
   1779.08107553606     
   1772.09870007960     
   1755.61569377774     
   1765.62343853338     
   1654.93000000000     
   1654.93000000000     
   1503.66000000000     
   1605.68468281510     
   1503.66000000000     
   1464.28705186555     
   1503.66000000000     
   1616.07108972006     
   1654.93000000000     
   1793.15118444000     
   1779.32637463174     
   1799.34079113064     
   1810.45330982400     
   1776.18666012578     
   1759.71372948291     
   1757.54205378693     
   1734.09575437730     
   1762.56918637833     
   1782.38012486314     
   1783.64713731719     
   1771.35491717580     
   1754.30281023865     
   1745.82280386447     
   1739.64929300286     
   1719.08436671569     
   1654.93000000000     
   1671.41511771247     
   1641.85225591484     
   1639.16961549648     
   1503.66000000000     
   1582.63995097250     
   1503.66000000000     
   1503.66000000000     
   1496.29781722037     
   1491.62308257806     
   1488.01522456251     
   1478.81365645764     
   1451.34262379371     
   1331.59265195239     
   1241.12000000000     
   1188.42563809958     
   1127.46000000000     
   1127.46000000000     
   1104.89300069029     
   1117.15225168983     
   1115.89089637081     
   1112.05897279230     
   1114.42713889735     
   1127.46000000000     
   1127.46000000000     
   1024.13000000000     
   981.412495907213     
   977.172275821474     
   905.395290376395     
   767.150000000000     
   767.150000000000     
   791.631085115429     
   789.660194965059     
   684.478385850377     
   632.380000000000     
   767.150000000000     
   844.790000000000     
   840.323285784587     
   833.873685499293     
   834.038430653805     
   820.527459165146     
   844.790000000000     
   981.041199001412     
   960.711651858958     
   953.281836334745     
   930.190000000000     
   930.190000000000     
   983.520888222474     
   989.521261637019     
   994.169056767249     
   996.943595625553     
   930.190000000000     
   844.790000000000     
   844.790000000000     
   899.673800970171     
   874.965731390619     
   866.057570593006     
   844.790000000000     
   865.409171562820     
   872.420157945677     
   767.150000000000     
   766.319129868879     
   696.560000000000     
   752.281497913242     
   761.432414895634     
   746.406644338996     
   741.332559086356     
   739.880328110389     
   760.588128034542     
   1859.96681516535     
   1842.31475435240     
   1815.33649984935     
   1807.35340081682     
   1799.19339863403     
   1785.74331799614     
   1774.31547738067     
   1773.86433516367     
   1774.64026928063     
   1786.00481718687     
   1654.93000000000     
   1654.93000000000     
   1701.03863163867     
   1716.85001078247     
   1654.93000000000     
   1654.14175885992     
   1654.93000000000     
   1773.47183680363     
   1789.69643316462     
   1798.68730743989     
   1796.61087483225     
   1804.41154604147     
   1801.68228006377     
   1795.52656659341     
   1807.26784800645     
   1800.47408991740     
   1756.37076455262     
   1784.09702340873     
   1794.69943319937     
   1791.06317275717     
   1769.37798380957     
   1734.77258975788     
   1740.69921375422     
   1733.82988030196     
   1654.93000000000     
   1503.66000000000     
   1668.70136836963     
   1653.42872426619     
   1627.65247820478     
   1446.75897838823     
   1544.24926744315     
   1503.66000000000     
   1489.56577057766     
   1480.87111389632     
   1465.49797941090     
   1455.98815750302     
   1447.87927648378     
   1417.99071018998     
   1241.12000000000     
   1201.57692586127     
   1121.64878050947     
   1024.13000000000     
   1127.46000000000     
   1111.64528368785     
   1121.95379145496     
   1111.78602267583     
   1103.69134542217     
   1116.60283235605     
   1127.46000000000     
   993.450473630429     
   995.955447869905     
   977.426907204788     
   1000.63226513358     
   826.467424607176     
   818.723523103637     
   816.748713162199     
   805.511675677550     
   747.473855720459     
   767.150000000000     
   843.056049203978     
   844.790000000000     
   844.790000000000     
   839.767634121357     
   837.679297757132     
   838.323790832272     
   844.790000000000     
   1002.01407101935     
   977.361018234699     
   968.665865824398     
   970.778804293925     
   990.311254331958     
   1008.70594263559     
   1020.63020609894     
   1019.31821956216     
   1019.31821956216     
   930.190000000000     
   896.124816169402     
   907.841982195452     
   903.723628031597     
   887.740724977038     
   878.233826823551     
   873.497696537487     
   882.969697460764     
   870.933604250592     
   812.344414540981     
   800.636902823814     
   767.150000000000     
   696.560000000000     
   767.150000000000     
   767.150000000000     
   767.150000000000     
   752.757119497553     
   758.139007528598     
   760.588128034542     
   1821.32000000000     
   1821.32000000000     
   1817.40119142016     
   1813.76861946844     
   1803.39797864058     
   1789.15350919319     
   1778.58693572430     
   1787.51807014833     
   1788.31040489952     
   1810.04397248931     
   1814.83149526680     
   1794.09859474510     
   1654.93000000000     
   1751.03136841996     
   1754.42976481920     
   1723.84208596630     
   1749.01130821423     
   1815.01059436338     
   1821.32000000000     
   1777.67298565583     
   1785.08212429974     
   1654.93000000000     
   1748.97610129944     
   1762.43785104009     
   1808.87784380356     
   1810.16294169403     
   1787.91386613865     
   1795.23950929084     
   1802.91970732884     
   1782.92444929605     
   1746.78592320011     
   1745.47247205316     
   1753.67670190575     
   1740.15701240494     
   1724.32456106311     
   1701.64541218325     
   1654.93000000000     
   1644.50685600856     
   1624.14199822341     
   1476.29114489478     
   1503.66000000000     
   1481.32786979028     
   1467.89745728400     
   1457.72744039851     
   1441.77167305829     
   1426.91438947864     
   1419.03685519138     
   1366.14000000000     
   1241.12000000000     
   1127.46000000000     
   1127.46000000000     
   1127.46000000000     
   1127.46000000000     
   1110.20694312032     
   1109.44260093245     
   1118.89720779802     
   1104.89481117659     
   1113.16179915696     
   1127.46000000000     
   1017.80971820605     
   930.190000000000     
   964.615948100449     
   930.190000000000     
   844.790000000000     
   842.417914923129     
   767.150000000000     
   767.150000000000     
   844.790000000000     
   898.580317502050     
   844.790000000000     
   856.876765243809     
   844.790000000000     
   844.790000000000     
   842.773075817611     
   844.790000000000     
   1006.13113671043     
   992.597164378352     
   980.241398433480     
   983.094704726449     
   1008.66540546830     
   1018.40219679389     
   1024.13000000000     
   1030.33524237108     
   1035.20499971362     
   991.452608681271     
   994.129427759406     
   930.190000000000     
   898.627358048097     
   907.772797802978     
   894.132806412745     
   896.496814020788     
   892.466192085176     
   909.717339092658     
   844.790000000000     
   827.588056913891     
   813.823264181712     
   767.150000000000     
   767.150000000000     
   767.150000000000     
   790.896773673561     
   767.150000000000     
   767.150000000000     
   782.972005652116     
   789.277764757960     
   1839.48071817407     
   1821.32000000000     
   1819.67440438011     
   1818.22193790932     
   1807.59117204309     
   1792.73889372701     
   1789.65044563832     
   1812.17402953904     
   1811.84464214557     
   1851.76043372074     
   1842.15301586699     
   1757.47382489172     
   1785.01496364492     
   1773.22642001529     
   1766.63525865856     
   1750.60977910948     
   1782.93640816340     
   1821.32000000000     
   1854.59290387190     
   1821.32000000000     
   1797.45627069368     
   1748.00686514557     
   1805.54219250436     
   1821.32000000000     
   1821.05390779431     
   1821.32000000000     
   1811.52627746848     
   1801.08566051671     
   1792.60668882922     
   1782.10304646219     
   1770.91864798119     
   1762.38153971938     
   1767.62571426610     
   1759.70937471438     
   1739.47003735641     
   1654.93000000000     
   1640.50221123881     
   1602.18827480343     
   1602.19379345339     
   1503.66000000000     
   1492.21249938565     
   1467.88737886851     
   1451.29413003372     
   1430.73379729775     
   1409.57057726684     
   1366.14000000000     
   1366.14000000000     
   1366.14000000000     
   1241.12000000000     
   1204.51651017585     
   1181.04050843738     
   1177.61112402642     
   1122.31308296002     
   1024.13000000000     
   1108.50907573877     
   1112.47901433836     
   1106.46014020974     
   1105.56705457523     
   1108.35409671503     
   1017.72985800962     
   977.012788096736     
   960.126600109846     
   844.790000000000     
   834.258099791695     
   767.150000000000     
   767.150000000000     
   844.790000000000     
   906.066363762138     
   891.844495289047     
   883.918901201201     
   867.606773925722     
   859.789887010301     
   844.790000000000     
   844.790000000000     
   912.602371758230     
   1006.13113671043     
   988.793034359090     
   1001.06941022238     
   1018.13051731216     
   1024.13000000000     
   1024.13000000000     
   1024.13000000000     
   1024.13000000000     
   1024.13000000000     
   1008.62450145643     
   993.944448467939     
   930.190000000000     
   930.190000000000     
   917.048119977676     
   919.317039265783     
   926.931280257225     
   905.307634446537     
   904.775432657712     
   887.044677709732     
   841.687098421185     
   840.801056714419     
   850.299713070615     
   840.576668206996     
   827.366983745337     
   805.973084170746     
   817.749148666438     
   812.049742135379     
   798.099760132863     
   789.277764757960     
   1839.48071817407     
   1821.32000000000     
   1821.32000000000     
   1821.32000000000     
   1811.93440344636     
   1798.79397801391     
   1788.39676016349     
   1812.73815799138     
   1815.99998354484     
   1810.40072688140     
   1779.60179646651     
   1771.52559468720     
   1800.26648497295     
   1801.30798652852     
   1811.71105075556     
   1821.32000000000     
   1848.88544366463     
   1867.46743100768     
   1871.78208999883     
   1861.88568734259     
   1821.32000000000     
   1821.32000000000     
   1859.06823742314     
   1845.70778235401     
   1839.75121482368     
   1836.21904751267     
   1815.72314837397     
   1802.40783096893     
   1791.49448755133     
   1785.14529547026     
   1780.88430271665     
   1763.08798296031     
   1762.10209630041     
   1726.63300320581     
   1654.93000000000     
   1652.09574989048     
   1601.11314222117     
   1558.68885749526     
   1503.66000000000     
   1503.66000000000     
   1479.79144959594     
   1454.44410384772     
   1427.81820258471     
   1402.17075294369     
   1366.14000000000     
   1359.79756674865     
   1346.89459720218     
   1322.81947959794     
   1289.17881123233     
   1239.02086886928     
   1200.61691511649     
   1176.70647145212     
   1127.46000000000     
   1024.13000000000     
   1125.83155456983     
   1121.60325697021     
   1112.30246468235     
   1098.21896996145     
   1102.28903492909     
   1024.13000000000     
   930.190000000000     
   930.190000000000     
   906.988158005481     
   829.701242630831     
   828.769138629729     
   908.895203508459     
   915.730227531691     
   890.219571820852     
   884.261933707473     
   880.786103929974     
   872.339593208972     
   868.250029100954     
   844.790000000000     
   888.681894449196     
   993.004540483435     
   997.778118104829     
   1004.70021222641     
   1014.80760766754     
   1023.08522480840     
   1032.57308909374     
   1032.47028837127     
   1024.13000000000     
   1024.13000000000     
   1024.13000000000     
   1015.74883966701     
   991.230551575649     
   930.190000000000     
   930.190000000000     
   930.190000000000     
   973.611991486316     
   923.817036932532     
   911.192521311542     
   903.170495141894     
   911.755533478094     
   844.790000000000     
   858.616871771676     
   855.208823062420     
   843.082750859770     
   833.748530951906     
   825.080166477951     
   818.772328118180     
   767.150000000000     
   794.248233071755     
   789.277764757960     
   1839.48071817407     
   1821.32000000000     
   1821.32000000000     
   1821.32000000000     
   1818.24835312757     
   1801.68147032274     
   1786.60064049487     
   1821.32000000000     
   1821.32000000000     
   1799.82549566363     
   1792.79704044842     
   1781.13086048709     
   1794.63552650166     
   1821.32000000000     
   1821.32000000000     
   1859.31445164346     
   1863.51271304524     
   1864.54969911696     
   1883.46127186745     
   1872.69068071200     
   1868.33574915071     
   1860.28778911081     
   1858.36550981371     
   1848.15011897355     
   1821.32000000000     
   1821.32000000000     
   1818.94669821647     
   1818.69788304997     
   1820.90837656532     
   1806.06238987665     
   1787.83299545104     
   1764.22108113980     
   1726.05818206020     
   1690.90962467606     
   1652.48342294600     
   1617.79167818612     
   1586.67066946714     
   1503.66000000000     
   1503.66000000000     
   1478.78502632348     
   1455.79496085192     
   1428.81639784185     
   1404.12764484999     
   1366.14000000000     
   1344.20109958103     
   1324.69543862069     
   1308.24620768756     
   1241.12000000000     
   1241.12000000000     
   1215.69575142020     
   1180.03202903668     
   1162.31001318228     
   1145.85429820140     
   1127.14110496740     
   1124.18371594480     
   1117.34306610380     
   1102.86230244004     
   1088.92455797584     
   1093.38502390828     
   996.700679470040     
   930.190000000000     
   930.190000000000     
   905.762947784263     
   835.574073807902     
   833.307095966487     
   923.900002760531     
   903.381272406656     
   896.550981106143     
   884.049898153151     
   880.282349197472     
   878.306437310240     
   889.962920415324     
   902.138199451504     
   930.190000000000     
   998.383660172883     
   1010.04657228466     
   1017.42458329497     
   1024.13000000000     
   1024.13000000000     
   1032.84852513996     
   1024.13000000000     
   1021.02344794721     
   1024.13000000000     
   1024.13000000000     
   1024.13000000000     
   1003.51848373640     
   976.826050113964     
   930.190000000000     
   990.929871967852     
   966.584651571940     
   930.190000000000     
   929.370625390152     
   900.880899415294     
   911.010706556339     
   844.790000000000     
   844.790000000000     
   854.196617024627     
   831.208939515417     
   821.914833314865     
   818.308481039418     
   814.867549321653     
   746.607121770210     
   783.250781114463     
   789.277764757960     
   1816.10186732289     
   1821.32000000000     
   1821.32000000000     
   1821.32000000000     
   1819.78084461428     
   1798.61621263308     
   1788.80743034351     
   1821.32000000000     
   1821.32000000000     
   1821.32000000000     
   1821.32000000000     
   1811.58622845182     
   1821.32000000000     
   1839.23265689865     
   1851.01712692708     
   1859.74271326818     
   1847.89636929023     
   1845.92144251209     
   1821.32000000000     
   1877.99249999999     
   1879.30106303189     
   1873.93633797798     
   1864.40193947581     
   1857.33065366886     
   1850.47775202563     
   1858.84262150603     
   1854.54162507862     
   1850.86019003339     
   1821.32000000000     
   1808.26929995749     
   1785.61484731482     
   1745.97783739242     
   1709.45443304099     
   1654.93000000000     
   1613.63803011341     
   1585.67187692628     
   1550.49706008866     
   1503.66000000000     
   1473.23119250482     
   1449.54723087537     
   1423.34415432978     
   1404.47071234310     
   1366.14000000000     
   1349.32062691673     
   1314.20686569909     
   1241.12000000000     
   1241.12000000000     
   1233.25440289142     
   1198.79930010543     
   1171.61143672537     
   1127.46000000000     
   1112.24304738288     
   1117.48030156500     
   1111.00139999194     
   1112.71378817133     
   1104.81860784556     
   1082.78737866310     
   1062.27635638887     
   1073.69661077474     
   997.337453673900     
   930.190000000000     
   927.820490350342     
   844.790000000000     
   819.424730072726     
   844.790000000000     
   923.758361209375     
   905.528804396325     
   898.758319411453     
   896.675954129775     
   900.398828423078     
   898.676982220454     
   909.130076139953     
   919.085372973480     
   986.683780598886     
   1018.19963785343     
   1022.43679322406     
   1040.44613741664     
   1042.85765574662     
   1024.13000000000     
   1024.13000000000     
   1024.13000000000     
   1047.34229916952     
   1017.29713844714     
   1022.26673709626     
   1024.13000000000     
   1014.25415965770     
   992.817297233193     
   977.657918513862     
   986.457532224563     
   963.944307024021     
   930.190000000000     
   928.403805585745     
   907.802835674577     
   904.184267976793     
   844.790000000000     
   844.790000000000     
   851.192023439123     
   832.742825125175     
   816.519207892800     
   808.512757785772     
   795.987475860727     
   696.560000000000     
   696.560000000000     
   674.538994836035     
   1816.10186732289     
   1811.85790942985     
   1808.84833806495     
   1812.71090745011     
   1796.54422962713     
   1775.25381486854     
   1797.65253039637     
   1821.32000000000     
   1834.24746314015     
   1832.26869105564     
   1821.32000000000     
   1844.88067320968     
   1844.27202895441     
   1848.36011230578     
   1866.01890381130     
   1857.70604543529     
   1846.81687741099     
   1846.78631351604     
   1848.27595817378     
   1852.83226927996     
   1860.84310263325     
   1870.98785957447     
   1867.70269433514     
   1872.91599235862     
   1872.47173938977     
   1876.78913594728     
   1857.16032728038     
   1821.32000000000     
   1818.15691659541     
   1802.17539482474     
   1771.79932749582     
   1728.87340694699     
   1654.93000000000     
   1653.65906509679     
   1605.13130447721     
   1503.66000000000     
   1502.04472680252     
   1476.75203209167     
   1454.05249837480     
   1411.19518857424     
   1366.14000000000     
   1366.14000000000     
   1353.58175539470     
   1305.23503424595     
   1241.12000000000     
   1236.87595058795     
   1200.98135223875     
   1127.46000000000     
   1127.46000000000     
   1119.52164559282     
   1089.05852614007     
   1024.13000000000     
   1024.13000000000     
   1077.56670444660     
   1075.90613878907     
   1072.97769976428     
   1024.13000000000     
   1024.13000000000     
   1024.12310634513     
   930.190000000000     
   844.790000000000     
   832.212192601939     
   829.913750784994     
   844.790000000000     
   921.126262027038     
   911.957255967319     
   890.851963379517     
   889.388609045790     
   906.767214792924     
   906.472437962826     
   923.577185265692     
   930.190000000000     
   968.379595912757     
   995.734564866012     
   1077.55099790413     
   1058.57396970611     
   1049.16677933939     
   1050.90331771365     
   1060.75318132341     
   1071.46386796590     
   1076.61811143275     
   1061.56920252159     
   1024.13000000000     
   1035.08964436376     
   1024.13000000000     
   1024.13000000000     
   1009.11895757830     
   991.041977060600     
   985.494913716488     
   966.898154528577     
   948.969986613683     
   930.190000000000     
   909.292363337276     
   892.837718385329     
   844.790000000000     
   844.790000000000     
   837.590581825636     
   826.204782414146     
   807.202803152418     
   789.770126284225     
   764.229333275667     
   731.298188615731     
   691.578247913123     
   674.538994836035     
   1816.10186732289     
   1803.66970260912     
   1803.64696746474     
   1812.85004225293     
   1811.96219152513     
   1805.79073232621     
   1818.35799465851     
   1821.32000000000     
   1839.12583894682     
   1839.12990282174     
   1852.68569622807     
   1855.61648044239     
   1849.35570402186     
   1852.55226965120     
   1865.47921368785     
   1851.62157606796     
   1845.78805407933     
   1842.64281500581     
   1854.81524082419     
   1861.14043883626     
   1881.42677913422     
   1879.14680339766     
   1887.78714969073     
   1877.81673257584     
   1876.72462451160     
   1876.34564480571     
   1868.53528970078     
   1859.42589022378     
   1819.65403923728     
   1781.78806485413     
   1738.40015730279     
   1710.42244036378     
   1654.93000000000     
   1638.60566529528     
   1503.66000000000     
   1503.66000000000     
   1464.93876567731     
   1439.75079058727     
   1435.24408353787     
   1366.14000000000     
   1359.10618401290     
   1346.43488999475     
   1316.53346454455     
   1241.12000000000     
   1231.53230768401     
   1127.46000000000     
   1127.46000000000     
   1111.03128919842     
   1090.11794412029     
   1024.13000000000     
   1024.13000000000     
   1012.94607937300     
   995.432153389970     
   1014.36926670679     
   987.868790249888     
   1021.59560515836     
   989.996465836767     
   930.190000000000     
   930.190000000000     
   767.150000000000     
   737.292406345321     
   804.133361360311     
   828.905143376760     
   844.790000000000     
   886.590381101793     
   844.790000000000     
   869.919918323499     
   874.483615416459     
   892.705074691788     
   908.345873140864     
   887.180650266571     
   906.875702942644     
   930.190000000000     
   981.447213245976     
   1076.67374481483     
   1064.23900039777     
   1054.12643470094     
   1071.63688338290     
   1088.45985017096     
   1088.89156795189     
   930.190000000000     
   979.928296584211     
   1046.71236398918     
   1045.46589523696     
   1043.30027142927     
   1039.06637078047     
   1024.13000000000     
   999.155509279588     
   982.302099608776     
   962.360828656253     
   930.190000000000     
   926.018199626916     
   908.147972742477     
   884.393726618757     
   844.790000000000     
   833.651212737061     
   815.499203034891     
   767.150000000000     
   767.150000000000     
   756.488045622338     
   731.860170667607     
   696.560000000000     
   671.765119033763     
   674.538994836035     
   1816.10186732289     
   1803.38893824245     
   1812.27281416556     
   1821.32000000000     
   1820.44621450704     
   1820.82763120778     
   1820.84048399513     
   1833.56101648124     
   1837.56377720255     
   1843.22216778652     
   1855.15259293155     
   1860.21084933059     
   1859.01564031904     
   1870.33350577931     
   1871.03368750221     
   1864.45206900821     
   1865.46727068417     
   1862.32471350247     
   1873.08526701774     
   1874.58727671997     
   1867.11561340019     
   1861.68892999411     
   1876.98599629818     
   1873.41787932893     
   1877.11040650400     
   1874.96469428151     
   1865.52144674100     
   1845.21179045262     
   1780.03713655388     
   1748.51148707643     
   1706.37413670090     
   1654.93000000000     
   1624.36098808079     
   1604.72757665658     
   1503.66000000000     
   1489.53097140511     
   1450.98224326977     
   1428.37133264334     
   1366.14000000000     
   1339.53176611929     
   1310.55006981104     
   1241.12000000000     
   1241.12000000000     
   1198.62234134560     
   1127.46000000000     
   1118.41247741852     
   1082.63369445581     
   1024.13000000000     
   1006.11176174183     
   991.229096377846     
   930.190000000000     
   930.190000000000     
   924.227203200236     
   844.790000000000     
   767.150000000000     
   844.790000000000     
   903.429233583666     
   896.134879114448     
   894.347181609212     
   767.150000000000     
   551.834486225067     
   696.560000000000     
   767.150000000000     
   816.555317231854     
   808.925065399625     
   813.501911500389     
   844.790000000000     
   859.923601166481     
   840.567608486895     
   883.900130308484     
   844.790000000000     
   923.873769416707     
   930.190000000000     
   1003.61993025171     
   1055.40935844816     
   1047.83868448556     
   1059.58641465622     
   1090.19312321429     
   1101.23147809010     
   1101.39210026330     
   1083.70698942506     
   1085.29798046238     
   1069.21965484982     
   1064.19997953961     
   1055.54042381996     
   1024.13000000000     
   1021.04463165968     
   1003.39773718603     
   987.735362555390     
   964.809706826770     
   930.190000000000     
   906.439800525364     
   888.552299776400     
   844.790000000000     
   833.946155399674     
   808.857784731545     
   797.423203437139     
   757.133058005304     
   733.863921720335     
   696.560000000000     
   696.560000000000     
   670.774243923932     
   632.380000000000     
   674.538994836035     
   1760.74417806855     
   1782.78501359392     
   1818.55007977342     
   1821.32000000000     
   1805.23013595010     
   1818.88780584561     
   1821.32000000000     
   1817.10929440933     
   1833.17584548565     
   1835.26507252326     
   1845.92379117642     
   1865.38951058581     
   1894.62910321246     
   1886.41431699765     
   1867.35696347348     
   1862.53239043959     
   1859.76604289406     
   1865.02385400769     
   1873.65158773921     
   1867.08387531994     
   1869.47715133706     
   1872.57875094992     
   1881.49560974458     
   1886.06872082307     
   1876.27578180182     
   1871.08654831765     
   1862.42894767680     
   1821.32000000000     
   1766.04470735507     
   1728.32686208387     
   1654.93000000000     
   1639.73626732299     
   1591.81134844257     
   1567.55617624728     
   1503.66000000000     
   1460.02289937746     
   1416.40817634265     
   1366.14000000000     
   1345.71041433535     
   1313.63151787056     
   1241.12000000000     
   1241.12000000000     
   1210.85496868339     
   1127.46000000000     
   1090.01127918642     
   1024.13000000000     
   1014.90294404140     
   992.177881389056     
   930.190000000000     
   924.675080195843     
   844.790000000000     
   844.790000000000     
   839.885065721335     
   767.150000000000     
   612.410552339517     
   696.560000000000     
   823.545454669424     
   829.994235673853     
   838.553255574315     
   805.391186479805     
   696.560000000000     
   696.560000000000     
   748.519852530218     
   801.050668443483     
   754.124430948926     
   765.198802156284     
   830.005646862641     
   844.790000000000     
   818.179863459360     
   824.732046644612     
   844.790000000000     
   915.530160252959     
   929.054773135320     
   930.190000000000     
   994.467294480964     
   1016.13597642631     
   1024.13000000000     
   1070.45533962544     
   1105.67319305239     
   1103.55119546972     
   1098.63053973645     
   1009.25238854747     
   1011.01923006414     
   1074.98598772277     
   1063.35548922319     
   1044.83364559174     
   1024.13000000000     
   1001.24605550809     
   982.667554158636     
   957.837983275783     
   928.208460612470     
   887.784357249801     
   844.790000000000     
   834.995747227126     
   767.150000000000     
   765.936975113950     
   696.560000000000     
   664.866467796290     
   665.011134265753     
   632.380000000000     
   632.380000000000     
   574.030000000000     
   561.718853712232     
   518.975386086763     
   1760.74417806855     
   1786.91394127234     
   1812.25285606166     
   1815.72538166859     
   1818.56982817894     
   1821.32000000000     
   1821.32000000000     
   1821.32000000000     
   1821.32000000000     
   1821.32000000000     
   1821.32000000000     
   1860.31985041463     
   1890.73513655828     
   1871.07549939002     
   1853.50295120034     
   1857.38488698711     
   1858.90883873120     
   1867.76748614693     
   1866.56936598213     
   1860.72635552002     
   1859.81331563261     
   1858.98829852672     
   1858.70151514111     
   1865.27332232554     
   1865.94616007748     
   1858.73313685589     
   1821.32000000000     
   1786.50993761902     
   1743.87190083004     
   1708.13224065090     
   1654.93000000000     
   1609.98597710671     
   1561.90227327060     
   1503.66000000000     
   1466.92127847779     
   1366.14000000000     
   1366.14000000000     
   1341.67763226771     
   1301.99098630961     
   1241.12000000000     
   1219.69406552732     
   1195.19025510892     
   1127.46000000000     
   1096.29706174117     
   1019.79720037701     
   979.350263685665     
   930.190000000000     
   914.047975787277     
   844.790000000000     
   843.252478283019     
   811.653709572108     
   767.150000000000     
   755.581085642931     
   674.187700772391     
   632.380000000000     
   696.560000000000     
   696.560000000000     
   766.574531852998     
   767.150000000000     
   749.501498766012     
   574.030000000000     
   668.300842344259     
   696.560000000000     
   767.150000000000     
   696.560000000000     
   696.560000000000     
   809.368859053041     
   829.972773889752     
   767.150000000000     
   767.150000000000     
   828.410787917348     
   836.308855102846     
   767.150000000000     
   767.150000000000     
   844.790000000000     
   767.150000000000     
   844.790000000000     
   995.687647042483     
   1099.68237850619     
   1101.92105912839     
   1070.34687262606     
   919.011415752558     
   838.387216399430     
   1068.82883481237     
   1049.02072247762     
   1015.16554739127     
   1001.86045989837     
   930.190000000000     
   922.505366629334     
   946.073541011808     
   913.105406342760     
   844.790000000000     
   818.975108770461     
   767.150000000000     
   755.123623225360     
   696.560000000000     
   627.973778855187     
   574.030000000000     
   574.030000000000     
   570.404756850790     
   520.980000000000     
   510.052857575359     
   504.552440573528     
   518.975386086763     
   1760.74417806855     
   1785.23996135201     
   1810.47842016688     
   1815.83894755352     
   1815.57504638805     
   1819.97808454291     
   1821.32000000000     
   1821.32000000000     
   1821.32000000000     
   1821.32000000000     
   1862.90130997831     
   1864.91381466646     
   1858.60603590550     
   1850.26624462012     
   1849.19287649111     
   1847.10775203107     
   1844.53627073117     
   1851.54889140184     
   1852.76130311748     
   1845.34250467999     
   1821.32000000000     
   1844.11291458480     
   1845.04348211471     
   1821.32000000000     
   1821.32000000000     
   1816.86624215087     
   1789.20478938097     
   1753.01695636029     
   1654.93000000000     
   1654.93000000000     
   1617.17707200139     
   1579.62974875143     
   1503.66000000000     
   1480.21798057354     
   1433.74708549937     
   1366.14000000000     
   1315.49513297666     
   1241.12000000000     
   1241.12000000000     
   1216.53537142380     
   1127.46000000000     
   1102.57051098915     
   1024.13000000000     
   1024.13000000000     
   930.190000000000     
   900.869172786226     
   844.790000000000     
   824.037565756119     
   767.150000000000     
   751.417461387825     
   696.560000000000     
   693.678825705155     
   632.380000000000     
   564.776463852258     
   574.030000000000     
   574.030000000000     
   624.494506309541     
   621.361020301015     
   567.952434399616     
   520.980000000000     
   510.865104100191     
   630.371178615263     
   677.170227630252     
   762.522437530373     
   574.030000000000     
   603.297565770106     
   764.717137983383     
   759.756554876149     
   632.380000000000     
   619.748854742369     
   622.166811322790     
   696.560000000000     
   628.543337344041     
   520.980000000000     
   696.560000000000     
   696.560000000000     
   767.150000000000     
   930.190000000000     
   1066.57334174513     
   983.261032158280     
   844.790000000000     
   844.790000000000     
   930.190000000000     
   1047.53392293300     
   987.542654420738     
   908.716516971017     
   844.790000000000     
   826.699519734520     
   844.790000000000     
   844.790000000000     
   844.790000000000     
   820.982191143465     
   750.324302631926     
   696.560000000000     
   667.500944509687     
   626.284553403661     
   572.926009221733     
   520.980000000000     
   512.538189906940     
   426.699340042915     
   389.030000000000     
   352.780000000000     
   389.030000000000     
   518.975386086763     
   1760.74417806855     
   1786.32258071189     
   1814.30909684656     
   1817.10289272248     
   1816.94733361302     
   1821.32000000000     
   1821.32000000000     
   1821.32000000000     
   1821.32000000000     
   1872.53081319585     
   1890.05257127159     
   1874.50903990422     
   1861.60831581158     
   1850.75497515201     
   1838.68629606999     
   1838.61232728918     
   1834.96461790534     
   1838.55869045251     
   1843.13323182575     
   1841.22658900001     
   1833.88589948419     
   1821.32000000000     
   1835.18569028749     
   1821.32000000000     
   1809.04323043765     
   1787.94446877500     
   1761.47710532502     
   1732.04638145357     
   1695.54263849512     
   1651.86360909756     
   1598.32541759402     
   1558.21486948437     
   1503.66000000000     
   1460.55021975109     
   1366.14000000000     
   1343.61681671273     
   1241.12000000000     
   1205.76472935773     
   1127.46000000000     
   1127.46000000000     
   1085.04443069391     
   1024.13000000000     
   930.190000000000     
   930.190000000000     
   889.922349421989     
   825.253428208679     
   767.150000000000     
   744.734756856431     
   696.560000000000     
   671.026142747869     
   632.380000000000     
   605.742486191919     
   520.980000000000     
   472.750000000000     
   500.681125252858     
   501.178559138607     
   498.092020046692     
   472.750000000000     
   455.765292113342     
   428.900000000000     
   428.900000000000     
   554.741842122008     
   679.494656335667     
   674.966022865918     
   619.965555867785     
   632.011073804697     
   574.030000000000     
   520.980000000000     
   472.750000000000     
   472.750000000000     
   574.030000000000     
   696.560000000000     
   742.303868760897     
   696.560000000000     
   844.790000000000     
   899.995752876007     
   930.190000000000     
   930.190000000000     
   1024.13000000000     
   930.190000000000     
   809.179637735806     
   889.769222318475     
   930.190000000000     
   930.190000000000     
   808.987123083441     
   693.654464739230     
   632.380000000000     
   632.380000000000     
   696.560000000000     
   762.831370666716     
   767.150000000000     
   681.342453769529     
   624.319420981562     
   610.309017853242     
   520.980000000000     
   427.303702548614     
   464.343150872336     
   428.900000000000     
   389.030000000000     
   319.820000000000     
   262.600000000000     
   194.800000000000     
   428.649671613355     
   518.975386086763     
   1803.10124441018     
   1813.03679403661     
   1820.43957012742     
   1821.32000000000     
   1821.32000000000     
   1821.32000000000     
   1844.50106958818     
   1852.47306477621     
   1855.61464532122     
   1864.68912162942     
   1872.78951831072     
   1858.80505282470     
   1821.32000000000     
   1836.72551040400     
   1831.05261949513     
   1821.32000000000     
   1832.19776180521     
   1832.85338699111     
   1821.32000000000     
   1832.71341421596     
   1820.94738856946     
   1811.13390510839     
   1816.39657735429     
   1809.21516342537     
   1798.62512082615     
   1780.85343535731     
   1759.83747642975     
   1735.25242448032     
   1654.93000000000     
   1647.66701485196     
   1596.84493191781     
   1503.66000000000     
   1486.15514597293     
   1426.77000050256     
   1366.14000000000     
   1241.12000000000     
   1241.12000000000     
   1127.46000000000     
   1095.95620561393     
   1024.13000000000     
   1018.95051874168     
   930.190000000000     
   891.643344493438     
   819.225420219967     
   767.150000000000     
   760.735623465981     
   696.560000000000     
   678.049055604830     
   610.522891617702     
   574.030000000000     
   520.980000000000     
   503.557889786912     
   468.899828567943     
   428.900000000000     
   412.326539669905     
   389.030000000000     
   380.660511482328     
   352.780000000000     
   338.436563366705     
   319.820000000000     
   352.780000000000     
   549.997218340916     
   624.096019781426     
   665.016321044283     
   693.931728833062     
   574.030000000000     
   520.980000000000     
   497.482677087783     
   574.030000000000     
   625.648532146503     
   745.693309646619     
   839.071189549173     
   879.941911127862     
   844.790000000000     
   892.759655968100     
   904.143994410166     
   930.190000000000     
   930.190000000000     
   844.790000000000     
   930.190000000000     
   844.790000000000     
   696.560000000000     
   767.150000000000     
   844.790000000000     
   844.790000000000     
   751.631662975448     
   696.560000000000     
   672.234652342297     
   520.980000000000     
   557.456130733111     
   612.266000622579     
   556.207053483781     
   472.750000000000     
   428.900000000000     
   374.937403384878     
   159.230000000000     
   237.820000000000     
   319.820000000000     
   158.710815176705     
   93.3100648547851     
   61.5800000000000     
   66.0779560276182     
   34.2300000000000     
   8.45721697827110     
   1803.10124441018     
   1821.32000000000     
   1849.82444061401     
   1855.06619088263     
   1856.71727595929     
   1857.23742289980     
   1863.55050739884     
   1862.25420798101     
   1863.98517070154     
   1859.33250365591     
   1848.81162590446     
   1821.32000000000     
   1833.79029757980     
   1833.05623266991     
   1821.32000000000     
   1821.32000000000     
   1821.32000000000     
   1821.32000000000     
   1821.32000000000     
   1820.88363145888     
   1811.90716412246     
   1811.41859621503     
   1810.23643954764     
   1798.97639218804     
   1789.57975189316     
   1776.29281208173     
   1749.01969055028     
   1713.91326644452     
   1654.93000000000     
   1630.15639635146     
   1577.79484448976     
   1503.66000000000     
   1475.78020577303     
   1366.14000000000     
   1330.88060520832     
   1241.12000000000     
   1205.07405268268     
   1127.46000000000     
   1024.13000000000     
   930.190000000000     
   899.836791772810     
   844.790000000000     
   806.200923800624     
   732.624377384627     
   696.560000000000     
   632.380000000000     
   627.832211558322     
   574.030000000000     
   511.094203776620     
   428.900000000000     
   428.900000000000     
   421.836633320242     
   376.062321156593     
   345.630258844648     
   319.820000000000     
   305.602894821026     
   262.600000000000     
   288.846315370561     
   306.047481271845     
   341.557682865975     
   423.537692970789     
   511.023776523313     
   520.980000000000     
   632.380000000000     
   632.380000000000     
   632.380000000000     
   632.380000000000     
   621.546938307581     
   733.472672769306     
   821.856175633428     
   844.790000000000     
   898.772452116666     
   897.293278816819     
   903.673313885025     
   844.790000000000     
   825.114417264357     
   767.150000000000     
   767.150000000000     
   844.790000000000     
   821.581561321399     
   817.397399290641     
   767.150000000000     
   809.432316398635     
   844.790000000000     
   867.657254089275     
   844.790000000000     
   696.560000000000     
   737.415387769588     
   696.560000000000     
   632.380000000000     
   574.030000000000     
   514.171466019589     
   389.030000000000     
   338.954673091330     
   143.830000000000     
   85.4100000000000     
   104.451272132648     
   85.4100000000000     
   61.5800000000000     
   32.2594694364788     
  9.466619423299559E-002
 -0.284683952043855     
   4.10160265650710     
   8.45721697827110     
   1803.10124441018     
   1817.19552547973     
   1869.46844675579     
   1879.37174318364     
   1881.97104127860     
   1879.05711473419     
   1867.73806977944     
   1859.78386978705     
   1860.77624200204     
   1853.29507671954     
   1839.28332176758     
   1834.62869783588     
   1834.65378433579     
   1821.32000000000     
   1821.32000000000     
   1821.32000000000     
   1821.32000000000     
   1821.32000000000     
   1820.60640899764     
   1809.21636540802     
   1799.00534076130     
   1816.43982757379     
   1807.11770769096     
   1793.80518996717     
   1779.59027906388     
   1765.06946702875     
   1736.94639114050     
   1706.26629728849     
   1654.93000000000     
   1624.86748178889     
   1503.66000000000     
   1502.54292981913     
   1440.68840812051     
   1366.14000000000     
   1241.12000000000     
   1210.78753939289     
   1127.46000000000     
   1024.13000000000     
   1000.63296246912     
   893.267035464620     
   815.632213682182     
   767.150000000000     
   737.403282017158     
   632.380000000000     
   574.030000000000     
   513.226688824866     
   501.711077041069     
   453.771809235179     
   428.900000000000     
   388.560953532395     
   352.780000000000     
   319.820000000000     
   278.588179415389     
   237.820000000000     
   237.326596727622     
   289.850000000000     
   314.532356002235     
   344.933503468744     
   352.780000000000     
   457.090870719418     
   468.801053782818     
   574.030000000000     
   632.380000000000     
   574.030000000000     
   428.900000000000     
   632.380000000000     
   803.712432073861     
   823.877505451264     
   844.790000000000     
   895.413214987505     
   929.465238087358     
   927.742908130558     
   912.494984296389     
   844.790000000000     
   751.299994719819     
   735.506799733363     
   630.081198799907     
   739.971502711434     
   827.039104379292     
   735.850781467401     
   674.557712865672     
   760.140941271432     
   758.790064656127     
   844.790000000000     
   874.764580064316     
   840.976233398978     
   767.150000000000     
   749.079636204458     
   696.560000000000     
   632.380000000000     
   574.030000000000     
   505.797054504235     
   389.030000000000     
   289.850000000000     
   82.8180362830551     
  -1.73000000000000     
   3.66930270223682     
   17.5448835791076     
  0.000000000000000E+000
 -9.900000000000000E+015
 -9.900000000000000E+015
 -9.900000000000000E+015
 -9.900000000000000E+015
   8.45721697827110     
   1803.10124441018     
   1821.32000000000     
   1879.41803638251     
   1874.62252161337     
   1879.05937279536     
   1882.16603521306     
   1871.79606454683     
   1870.46388638088     
   1861.98836351335     
   1821.32000000000     
   1834.50878645494     
   1833.37896248293     
   1831.82616817944     
   1821.32000000000     
   1820.49053044105     
   1818.79018116396     
   1821.32000000000     
   1821.32000000000     
   1814.44403719280     
   1800.02249999998     
   1789.43898042430     
   1785.26885018351     
   1792.64423278367     
   1787.40942890244     
   1776.85123829321     
   1758.17337377491     
   1730.81798444346     
   1654.93000000000     
   1645.22552984943     
   1579.34364852364     
   1503.66000000000     
   1439.46381734500     
   1366.14000000000     
   1316.81079489136     
   1241.12000000000     
   1127.46000000000     
   1088.04648284152     
   1020.07020478195     
   930.190000000000     
   844.790000000000     
   742.067463938851     
   676.842620802554     
   631.021100200347     
   574.030000000000     
   425.327393244741     
   389.030000000000     
   389.030000000000     
   352.780000000000     
   319.820000000000     
   289.850000000000     
   262.488712619737     
   234.381640934939     
   227.732957046016     
   227.295250884206     
   262.600000000000     
   389.030000000000     
   456.557882671975     
   472.750000000000     
   520.980000000000     
   553.048732543542     
   520.980000000000     
   622.850951543682     
   676.606047634869     
   684.534113417312     
   627.726388450224     
   687.090204846264     
   767.150000000000     
   930.190000000000     
   930.190000000000     
   930.190000000000     
   930.190000000000     
   975.601884106848     
   993.818223139181     
   977.002877978687     
   954.930984337939     
   891.146118493488     
   826.607705987205     
   890.436084999828     
   975.605288765114     
   962.915540937153     
   920.615530243633     
   930.190000000000     
   910.612577579927     
   844.790000000000     
   886.722825279712     
   844.790000000000     
   821.318647478064     
   767.150000000000     
   696.560000000000     
   664.772541101320     
   574.030000000000     
   472.750000000000     
   340.516234042110     
   237.820000000000     
   58.6578157278779     
 -9.900000000000000E+015
 -9.900000000000000E+015
 -9.900000000000000E+015
 -9.900000000000000E+015
 -9.900000000000000E+015
 -9.900000000000000E+015
 -9.900000000000000E+015
 -9.900000000000000E+015
   8.45721697827110     
   1796.07988828281     
   1821.32000000000     
   1881.06658027743     
   1882.51033674651     
   1887.92848755598     
   1874.56708722730     
   1866.92100518420     
   1871.25925682977     
   1867.21570150421     
   1855.15983079777     
   1821.32000000000     
   1831.42637390577     
   1832.70324891222     
   1821.32000000000     
   1821.32000000000     
   1820.92757493950     
   1818.26115271710     
   1815.87966890925     
   1812.85427848838     
   1804.12772664000     
   1789.83399320966     
   1772.08126603204     
   1758.92428831482     
   1754.85316372868     
   1747.65508173480     
   1740.87381137448     
   1710.28238080784     
   1654.93000000000     
   1605.04075364549     
   1503.66000000000     
   1466.15830186863     
   1366.14000000000     
   1312.26367519116     
   1235.62056803353     
   1127.46000000000     
   1109.13688129075     
   1024.13000000000     
   930.190000000000     
   844.790000000000     
   767.150000000000     
   632.380000000000     
   472.750000000000     
   520.980000000000     
   472.750000000000     
   389.030000000000     
   338.416251943524     
   289.850000000000     
   262.600000000000     
   237.820000000000     
   233.849735425921     
   233.583052352535     
   262.600000000000     
   311.306342251685     
   311.319322467814     
   386.494990342633     
   472.750000000000     
   567.323468258351     
   574.030000000000     
   632.380000000000     
   684.512256045701     
   696.560000000000     
   767.150000000000     
   665.099422683056     
   767.150000000000     
   814.069594622182     
   820.605248413300     
   930.190000000000     
   1019.78396648717     
   1000.61585676145     
   1024.13000000000     
   1066.81053554303     
   930.190000000000     
   977.377726163140     
   930.190000000000     
   911.138506607646     
   887.898388826684     
   1001.27176228921     
   1024.13000000000     
   1003.70324835299     
   991.114959924351     
   967.458627735293     
   949.332452559391     
   925.594196745597     
   903.314815884371     
   875.825492184255     
   843.186615852081     
   806.776699609169     
   763.116128005599     
   696.560000000000     
   632.380000000000     
   567.075911573909     
   419.062655754419     
   312.160654385664     
   185.740073677962     
   68.7800000000000     
   10.8390453190816     
 -9.900000000000000E+015
 -9.900000000000000E+015
 -9.900000000000000E+015
 -9.900000000000000E+015
 -9.900000000000000E+015
 -9.900000000000000E+015
 -9.900000000000000E+015
 -9.900000000000000E+015
   1796.07988828281     
   1821.32000000000     
   1882.28766490756     
   1887.59934951897     
   1883.20687338455     
   1875.12896470224     
   1876.68596904123     
   1872.10425772570     
   1855.09385875196     
   1852.61331148727     
   1821.32000000000     
   1834.10710698902     
   1831.44816318214     
   1821.32000000000     
   1820.98564646959     
   1818.21532899415     
   1801.39890891459     
   1798.36288445252     
   1795.94735751128     
   1796.42364432297     
   1789.41191129867     
   1778.33937253396     
   1762.59952404091     
   1751.10498214760     
   1735.37651386780     
   1724.83963610510     
   1712.86951081091     
   1692.71886918939     
   1625.23698456067     
   1503.66000000000     
   1437.17868422901     
   1343.18160772261     
   1241.12000000000     
   1127.46000000000     
   1096.18767515771     
   1014.64389299512     
   930.190000000000     
   807.504243047971     
   696.560000000000     
   734.185110721347     
   628.208123453247     
   461.786110706366     
   389.030000000000     
   306.861167299723     
   262.600000000000     
   237.820000000000     
   237.820000000000     
   259.133080256882     
   262.574338850595     
   251.889590729389     
   289.850000000000     
   352.780000000000     
   428.900000000000     
   428.900000000000     
   468.784492814967     
   514.618463896454     
   621.618371660862     
   675.960056065562     
   696.560000000000     
   767.150000000000     
   767.150000000000     
   844.790000000000     
   844.790000000000     
   828.264373262464     
   825.099121134334     
   1024.13000000000     
   1079.64948925407     
   1075.00670399405     
   1054.77525850508     
   1024.13000000000     
   1064.01565633280     
   1005.10947024739     
   930.190000000000     
   930.190000000000     
   999.351815690923     
   1024.13000000000     
   1024.13000000000     
   1018.17065150976     
   1000.12849879179     
   981.404945013742     
   963.398347128891     
   930.190000000000     
   926.332977619915     
   905.631698732216     
   879.864092428868     
   844.744604877559     
   810.760817815395     
   765.232872125107     
   696.560000000000     
   627.719776537034     
   520.980000000000     
   422.971202209987     
   262.600000000000     
   126.527902135977     
   75.7904751341522     
   18.4058668263382     
 -9.900000000000000E+015
 -9.900000000000000E+015
 -9.900000000000000E+015
 -9.900000000000000E+015
 -9.900000000000000E+015
 -9.900000000000000E+015
 -9.900000000000000E+015
 -9.900000000000000E+015
   1796.07988828281     
   1821.32000000000     
   1892.76216461852     
   1894.09205784261     
   1887.22828107618     
   1880.47678203930     
   1868.53522955130     
   1866.50395072617     
   1855.16097465788     
   1856.00705142324     
   1840.54855009565     
   1843.00003137065     
   1838.43137490013     
   1835.85883822254     
   1837.37324523387     
   1796.56213251910     
   1804.13751482315     
   1808.38161644230     
   1804.15799722104     
   1777.53228046394     
   1796.87507349789     
   1786.78494017964     
   1752.62999057807     
   1736.43963423874     
   1720.40605771003     
   1703.93743670942     
   1690.74501781705     
   1654.93000000000     
   1616.69656549248     
   1503.66000000000     
   1439.84913308847     
   1339.35641493322     
   1224.89413797115     
   1107.25222421865     
   1024.13000000000     
   926.820414530019     
   844.790000000000     
   767.150000000000     
   574.030000000000     
   501.368033977567     
   520.980000000000     
   380.037031358388     
   237.820000000000     
   190.142184648030     
   194.800000000000     
   215.290000000000     
   260.021521745575     
   289.850000000000     
   319.820000000000     
   352.780000000000     
   410.547084603060     
   472.750000000000     
   520.980000000000     
   574.030000000000     
   574.030000000000     
   472.750000000000     
   560.032441327432     
   734.605377174934     
   767.150000000000     
   830.027425272988     
   880.971171337669     
   897.549285955342     
   844.790000000000     
   696.560000000000     
   895.291818786737     
   1114.71760133330     
   1114.85089452071     
   1087.67940125273     
   1072.49280243688     
   1060.35440588513     
   1058.71519636640     
   1058.60347606725     
   1080.99774772896     
   1070.56762143773     
   1077.08889602886     
   1056.37567333505     
   1024.13000000000     
   1015.19463652577     
   991.908208124259     
   967.326683318722     
   930.190000000000     
   930.190000000000     
   913.151616093508     
   892.627738444344     
   844.790000000000     
   840.984804591411     
   767.150000000000     
   734.764686924225     
   632.380000000000     
   574.030000000000     
   510.919234110490     
   371.574658282461     
   215.290000000000     
   74.2215552143984     
   41.8445289736088     
   7.24842388725367     
 -9.900000000000000E+015
 -9.900000000000000E+015
 -9.900000000000000E+015
 -9.900000000000000E+015
 -9.900000000000000E+015
 -9.900000000000000E+015
 -9.900000000000000E+015
 -9.900000000000000E+015
   1796.07988828281     
   1821.32000000000     
   1896.30403582574     
   1891.07392778472     
   1888.69694904853     
   1885.25703200181     
   1870.69428900153     
   1870.17262939062     
   1859.54394035640     
   1851.12581740251     
   1857.02807794641     
   1839.83981619709     
   1842.04568595496     
   1821.32000000000     
   1833.68484214116     
   1815.36840648612     
   1821.32000000000     
   1819.66733328381     
   1819.71531811917     
   1800.65341939994     
   1794.30929713751     
   1772.40035008528     
   1740.52177654361     
   1713.23563645803     
   1705.56368766999     
   1699.57046506034     
   1684.88636040734     
   1642.36735207922     
   1584.27619774224     
   1503.66000000000     
   1444.09422962606     
   1341.88150353450     
   1234.65693249078     
   1093.58740746991     
   930.190000000000     
   844.790000000000     
   767.150000000000     
   696.560000000000     
   516.825252588429     
   382.429324361654     
   349.497728316775     
   312.609084050646     
   209.518303103792     
   194.800000000000     
   215.290000000000     
   289.324486506591     
   352.780000000000     
   428.900000000000     
   455.206687383358     
   472.750000000000     
   469.434954541795     
   574.030000000000     
   632.380000000000     
   681.817103054567     
   696.560000000000     
   693.459615041367     
   674.380689615811     
   696.560000000000     
   835.407714742096     
   844.790000000000     
   914.878430250548     
   930.190000000000     
   930.190000000000     
   930.190000000000     
   1024.13000000000     
   978.732092076356     
   1023.26253345315     
   1080.93717584441     
   1092.33846821201     
   1078.02172021778     
   1075.59395071991     
   1089.17225657272     
   1090.40775868985     
   1095.24099627985     
   1077.04822441343     
   1057.64050957814     
   1024.13000000000     
   1022.99526697004     
   996.250029660807     
   969.966121288946     
   930.190000000000     
   914.384194492386     
   887.645408932620     
   844.790000000000     
   844.790000000000     
   767.150000000000     
   696.560000000000     
   682.733683942905     
   614.991370918812     
   520.980000000000     
   472.750000000000     
   352.780000000000     
   194.800000000000     
   55.0300000000000     
   30.0579540622219     
   1.18261495291050     
 -9.900000000000000E+015
 -9.900000000000000E+015
 -9.900000000000000E+015
 -9.900000000000000E+015
 -9.900000000000000E+015
 -9.900000000000000E+015
 -9.900000000000000E+015
 -9.900000000000000E+015
   1821.32000000000     
   1873.07220273018     
   1897.16316624674     
   1892.48461121752     
   1889.91386298862     
   1872.71139296808     
   1881.07298548744     
   1865.16912848416     
   1855.53629602313     
   1854.10064694903     
   1857.41254177939     
   1845.69714434816     
   1836.75035868559     
   1821.32000000000     
   1821.32000000000     
   1812.41139981717     
   1821.32000000000     
   1821.32000000000     
   1821.32000000000     
   1784.21407856004     
   1768.27459841086     
   1763.20952642162     
   1739.66549121261     
   1708.32087157041     
   1693.86339370919     
   1685.46718211456     
   1633.40043419887     
   1503.66000000000     
   1503.66000000000     
   1471.73005334074     
   1366.14000000000     
   1241.12000000000     
   1127.46000000000     
   1024.13000000000     
   901.168222389676     
   819.737106846047     
   696.560000000000     
   574.030000000000     
   428.900000000000     
   311.366809840281     
   289.850000000000     
   262.600000000000     
   256.123686897023     
   289.850000000000     
   340.804791872074     
   414.601145737564     
   457.354344391808     
   516.763988716933     
   569.995473801320     
   574.030000000000     
   632.380000000000     
   676.601220272824     
   696.560000000000     
   764.124573290603     
   767.150000000000     
   829.950786236309     
   821.529557694763     
   834.651658466147     
   840.630692349611     
   923.488941181313     
   930.190000000000     
   988.378859689864     
   1024.13000000000     
   1068.83905971843     
   1024.13000000000     
   844.790000000000     
   930.190000000000     
   1123.50438313134     
   1115.58592491093     
   1099.09847240934     
   1106.25947318027     
   1108.10783449807     
   1109.46861314521     
   1096.38430204313     
   1078.06571590689     
   1057.52964935510     
   1042.28795907053     
   1024.13000000000     
   998.291867148954     
   972.937824622947     
   930.190000000000     
   908.106055146237     
   878.122822502708     
   836.024139414448     
   809.659428776812     
   763.838685404301     
   696.560000000000     
   631.714489135695     
   574.030000000000     
   512.284477307501     
   454.422607647960     
   289.850000000000     
   129.830000000000     
   49.0245344415841     
   21.8128686081698     
  -1.73000000000000     
 -9.900000000000000E+015
 -9.900000000000000E+015
 -9.900000000000000E+015
 -9.900000000000000E+015
 -9.900000000000000E+015
 -9.900000000000000E+015
 -9.900000000000000E+015
 -9.900000000000000E+015
   1821.32000000000     
   1869.85442517670     
   1890.68504121842     
   1884.73869533346     
   1883.88236285511     
   1890.82538435104     
   1878.94066923130     
   1874.39545913535     
   1878.33621078133     
   1867.27875784908     
   1856.05843146702     
   1849.15843510959     
   1837.71261676055     
   1851.26007892868     
   1859.74910505966     
   1821.32000000000     
   1821.32000000000     
   1846.81851859771     
   1841.88266241901     
   1796.21248524000     
   1758.22617419858     
   1654.93000000000     
   1733.23309778018     
   1654.93000000000     
   1624.96170587293     
   1612.68331029138     
   1503.66000000000     
   1443.12511533066     
   1366.14000000000     
   1337.18575364774     
   1241.12000000000     
   1219.21831034326     
   1099.69207948606     
   930.190000000000     
   750.123242020672     
   632.380000000000     
   618.511651007236     
   505.043009369808     
   389.030000000000     
   319.820000000000     
   352.780000000000     
   351.265608142713     
   352.780000000000     
   414.313875080341     
   428.900000000000     
   513.920649509348     
   574.030000000000     
   632.380000000000     
   696.560000000000     
   696.560000000000     
   741.595560421832     
   767.150000000000     
   767.150000000000     
   844.790000000000     
   844.790000000000     
   888.902848865617     
   927.763745858810     
   926.590697446023     
   930.190000000000     
   990.210122763126     
   993.304230005280     
   1024.13000000000     
   1045.89641811932     
   1057.93520055591     
   1082.12644512020     
   1092.67352677920     
   1104.06767422576     
   1124.89697570192     
   1114.44403660072     
   1119.47141459595     
   1125.69270711871     
   1119.60571210451     
   1108.77625029972     
   1077.60861890124     
   1061.09140585807     
   1049.40471642691     
   1024.13000000000     
   1024.13000000000     
   1006.68115526856     
   980.086460562635     
   922.577240763082     
   844.790000000000     
   818.057937560323     
   767.150000000000     
   760.708800040661     
   696.560000000000     
   666.375208822245     
   571.541989899435     
   520.980000000000     
   428.900000000000     
   259.183660686695     
   140.635536480025     
   73.9914324483602     
   37.7334734065423     
   11.5750717106064     
 -9.900000000000000E+015
 -9.900000000000000E+015
 -9.900000000000000E+015
 -9.900000000000000E+015
 -9.900000000000000E+015
 -9.900000000000000E+015
 -9.900000000000000E+015
 -9.900000000000000E+015
 -9.900000000000000E+015
   1821.32000000000     
   1871.99457818609     
   1893.22900189718     
   1884.55442604145     
   1890.73966462339     
   1897.23438847405     
   1884.03779604976     
   1884.28691120657     
   1886.93055974074     
   1867.49823507241     
   1848.13842311044     
   1847.12632300801     
   1846.47046719605     
   1868.89579017756     
   1847.75807940061     
   1816.79066454698     
   1806.14611705706     
   1783.83017575839     
   1806.70919123021     
   1759.04298296798     
   1654.93000000000     
   1654.93000000000     
   1654.93000000000     
   1654.93000000000     
   1503.66000000000     
   1493.05413071387     
   1366.14000000000     
   1344.49305635090     
   1238.66398551611     
   1127.46000000000     
   1107.39061797050     
   1024.13000000000     
   923.704457221641     
   735.055435265000     
   632.380000000000     
   466.744140669397     
   472.750000000000     
   428.096523763995     
   389.030000000000     
   452.070232068260     
   428.900000000000     
   503.810260849105     
   472.750000000000     
   561.452479667845     
   569.674575001966     
   632.380000000000     
   676.423188742279     
   696.560000000000     
   767.150000000000     
   767.150000000000     
   815.961633344272     
   844.790000000000     
   897.409595645558     
   930.190000000000     
   930.190000000000     
   930.190000000000     
   977.377044987250     
   1024.13000000000     
   1024.13000000000     
   1024.13000000000     
   1024.13000000000     
   1057.70354203760     
   1060.48104493805     
   1081.74490919886     
   1102.72807486719     
   1114.50876110541     
   1125.58902447198     
   1117.32362549774     
   1120.71311810541     
   1127.46000000000     
   1127.46000000000     
   1116.09842607745     
   1094.17451004852     
   1066.18029229352     
   1024.13000000000     
   1024.13000000000     
   1018.29602698224     
   1011.45205261982     
   991.485259519703     
   930.190000000000     
   844.176989620000     
   767.150000000000     
   742.999257117419     
   732.018531250699     
   696.560000000000     
   675.072205234462     
   610.165983799955     
   504.884659823099     
   461.832421335573     
   352.780000000000     
   262.600000000000     
   85.4100000000000     
   47.3737296835919     
   23.0300000000000     
   1.17283841287288     
 -9.900000000000000E+015
 -9.900000000000000E+015
 -9.900000000000000E+015
 -9.900000000000000E+015
 -9.900000000000000E+015
 -9.900000000000000E+015
 -9.900000000000000E+015
 -9.900000000000000E+015
 -9.900000000000000E+015
   1821.32000000000     
   1870.52807974398     
   1886.87706199490     
   1893.38085018660     
   1902.35126863670     
   1889.23414512402     
   1893.37049106620     
   1892.25669030474     
   1874.30612053944     
   1877.33956563853     
   1856.81254762656     
   1821.32000000000     
   1821.32000000000     
   1821.32000000000     
   1654.93000000000     
   1654.93000000000     
   1754.82658001370     
   1739.15644374040     
   1654.93000000000     
   1776.16454940799     
   1654.93000000000     
   1642.91517150137     
   1618.14723083180     
   1503.66000000000     
   1469.26454196846     
   1366.14000000000     
   1322.78781732432     
   1231.91245382653     
   1108.91917668403     
   921.830754474862     
   829.885771157270     
   812.403416044973     
   696.560000000000     
   674.150529445835     
   574.030000000000     
   428.900000000000     
   451.826078385025     
   472.750000000000     
   549.897346616101     
   622.632833735024     
   574.030000000000     
   632.380000000000     
   574.030000000000     
   672.048810651043     
   695.232754857494     
   696.560000000000     
   767.150000000000     
   824.469140958530     
   844.790000000000     
   844.790000000000     
   914.976386652593     
   930.190000000000     
   978.827191103831     
   1008.80229771974     
   1024.13000000000     
   1024.13000000000     
   1024.13000000000     
   1024.13000000000     
   1092.67146636658     
   1104.03873513622     
   1104.25966226031     
   1083.52417942083     
   1059.17238726485     
   1061.18582956535     
   977.296539679195     
   1016.56762308689     
   986.970155629321     
   930.190000000000     
   1127.46000000000     
   1149.70471116021     
   1127.46000000000     
   1105.73426053906     
   1070.05002412825     
   1024.13000000000     
   1018.53145142068     
   999.582688081898     
   986.976255320376     
   930.190000000000     
   916.813026186330     
   844.790000000000     
   767.150000000000     
   696.560000000000     
   676.367152977623     
   681.163581671740     
   669.706330735708     
   632.380000000000     
   557.663795303814     
   428.900000000000     
   349.480813793268     
   257.796251977932     
   59.1451588414043     
   19.6298931540502     
   4.96007055440887     
   6.88973731551822     
 -9.900000000000000E+015
 -9.900000000000000E+015
 -9.900000000000000E+015
 -9.900000000000000E+015
 -9.900000000000000E+015
 -9.900000000000000E+015
 -9.900000000000000E+015
 -9.900000000000000E+015
 -9.900000000000000E+015
 -9.900000000000000E+015
   1910.41183430907     
   1901.71523541688     
   1891.83196911725     
   1900.68572649838     
   1907.70622329221     
   1900.82688668847     
   1906.51969062755     
   1892.40652977801     
   1878.60136399346     
   1856.28061603451     
   1841.69471577652     
   1821.32000000000     
   1867.93965419327     
   1882.18959861909     
   1767.10706935991     
   1740.41042890022     
   1719.70455487420     
   1717.38129088906     
   1654.93000000000     
   1781.86978010184     
   1654.93000000000     
   1503.66000000000     
   1494.02255614613     
   1365.56588352682     
   1233.09744097602     
   1238.73241721716     
   1127.46000000000     
   1076.85295329257     
   988.985914100544     
   767.150000000000     
   696.560000000000     
   736.559132598467     
   693.318642287638     
   574.030000000000     
   632.374462922544     
   672.550090000793     
   696.560000000000     
   745.926304988286     
   753.536446317597     
   808.219529233475     
   766.511842675023     
   767.150000000000     
   767.150000000000     
   767.150000000000     
   844.790000000000     
   844.790000000000     
   905.246865509765     
   918.558631538068     
   930.190000000000     
   930.190000000000     
   995.025215816175     
   1019.34691569773     
   1024.13000000000     
   1076.01941439311     
   1071.70852105646     
   1063.73663537596     
   1080.00613423837     
   1106.71025912445     
   1127.46000000000     
   1127.46000000000     
   1127.46000000000     
   1082.16115320943     
   1083.84383319231     
   1024.13000000000     
   930.190000000000     
   930.190000000000     
   1102.70498853801     
   1110.15317946554     
   1127.46000000000     
   1166.06944288309     
   1127.46000000000     
   1093.40583075695     
   1024.13000000000     
   995.686772088370     
   978.081026966698     
   930.190000000000     
   916.730432071966     
   844.790000000000     
   767.150000000000     
   767.150000000000     
   763.424395187206     
   632.380000000000     
   604.406661449017     
   628.134307869095     
   574.030000000000     
   516.643463599086     
   421.938057866869     
   309.884116466407     
   187.938567204496     
   4.97355773672030     
 -9.900000000000000E+015
 -9.900000000000000E+015
 -9.900000000000000E+015
 -9.900000000000000E+015
 -9.900000000000000E+015
 -9.900000000000000E+015
 -9.900000000000000E+015
 -9.900000000000000E+015
 -9.900000000000000E+015
 -9.900000000000000E+015
 -9.900000000000000E+015
 -9.900000000000000E+015
 -9.900000000000000E+015
 -9.900000000000000E+015
   1910.41183430907     
   1907.06030787498     
   1910.69056409140     
   1910.08865410708     
   1908.82537695348     
   1911.11689970065     
   1907.81175306290     
   1905.70897379211     
   1897.84056335920     
   1881.83930632919     
   1819.49129146669     
   1821.32000000000     
   1871.56025907708     
   1821.32000000000     
   1654.93000000000     
   1608.75102858360     
   1654.93000000000     
   1642.89182756900     
   1700.41463250295     
   1729.31910582419     
   1606.34115391095     
   1366.14000000000     
   1241.12000000000     
   1206.55582905048     
   1081.30349601677     
   1120.61552034025     
   1024.13000000000     
   930.190000000000     
   844.790000000000     
   767.150000000000     
   816.464343468572     
   767.150000000000     
   813.765541016750     
   821.613295886577     
   844.790000000000     
   923.843479255934     
   906.544788027543     
   930.190000000000     
   930.190000000000     
   930.190000000000     
   930.190000000000     
   844.790000000000     
   890.295686641580     
   930.190000000000     
   930.190000000000     
   986.747432191964     
   998.738200836680     
   1007.10471259197     
   1013.97321641671     
   1024.13000000000     
   1024.13000000000     
   1105.40752012679     
   1112.41355114477     
   1114.31181437158     
   1108.13424298775     
   1098.67001772337     
   1122.09474958644     
   1127.46000000000     
   1175.16427775026     
   1178.51370286217     
   1169.39837365347     
   1083.96832378340     
   1125.47442297094     
   1127.46000000000     
   1127.46000000000     
   1127.46000000000     
   1127.46000000000     
   1196.20923739542     
   1209.72919204577     
   1127.46000000000     
   1100.59390299191     
   1077.05801731862     
   1014.85276164909     
   930.190000000000     
   930.143887192371     
   889.513838229091     
   844.790000000000     
   767.150000000000     
   696.560000000000     
   692.312996237248     
   674.857344341865     
   513.318637193536     
   514.232877374548     
   472.750000000000     
   426.649279582122     
   345.253092223540     
   280.613728606271     
   94.9900000000000     
  -1.74000000000000     
 -9.900000000000000E+015
 -9.900000000000000E+015
 -9.900000000000000E+015
 -9.900000000000000E+015
 -9.900000000000000E+015
 -9.900000000000000E+015
 -9.900000000000000E+015
 -9.900000000000000E+015
 -9.900000000000000E+015
 -9.900000000000000E+015
 -9.900000000000000E+015
 -9.900000000000000E+015
 -9.900000000000000E+015
 -9.900000000000000E+015
 -9.900000000000000E+015
   1910.41183430907     
   1904.56133097494     
   1913.96409161111     
   1912.72783293861     
   1921.44746267435     
   1916.55736379366     
   1913.40930307749     
   1906.92431640432     
   1904.54019487269     
   1904.04157150501     
   1886.50766382263     
   1906.32269705482     
   1821.32000000000     
   1794.83903377542     
   1762.76742359306     
   1728.53346318814     
   1613.54454585796     
   1619.83497220239     
   1625.47953362363     
   1503.66000000000     
   1503.66000000000     
   1366.14000000000     
   1228.12292304587     
   1218.50913534290     
   1127.46000000000     
   1090.85666161772     
   1070.33792773350     
   930.190000000000     
   915.185102000882     
   930.190000000000     
   920.165436583393     
   1013.98128584647     
   1024.13000000000     
   1087.06602121844     
   1109.49329282458     
   1127.46000000000     
   1099.94335928953     
   1097.90705712320     
   1090.96691746514     
   1024.13000000000     
   1024.13000000000     
   989.967198469749     
   1014.25667906878     
   1024.13000000000     
   1024.13000000000     
   1024.13000000000     
   1086.05126528419     
   1083.35604620460     
   1083.35228095633     
   1102.06637297570     
   1122.48513042240     
   1127.46000000000     
   1127.46000000000     
   1127.46000000000     
   1127.46000000000     
   1127.46000000000     
   1127.46000000000     
   1192.54635630341     
   1219.21509724873     
   1214.40855733010     
   1127.46000000000     
   1127.46000000000     
   1127.46000000000     
   1123.40313512744     
   1099.76207360349     
   1121.62599355296     
   1184.69060778106     
   1241.12000000000     
   1127.46000000000     
   1127.46000000000     
   1024.13000000000     
   1023.29578977336     
   930.190000000000     
   912.664179999074     
   844.790000000000     
   832.794823817408     
   767.150000000000     
   746.681970496906     
   618.607273531787     
   625.692953877993     
   625.803117303123     
   508.794733934942     
   389.030000000000     
   352.780000000000     
   255.657244432219     
   105.520000000000     
   5.91263388120101     
 -9.900000000000000E+015
 -9.900000000000000E+015
 -9.900000000000000E+015
 -9.900000000000000E+015
 -9.900000000000000E+015
 -9.900000000000000E+015
 -9.900000000000000E+015
 -9.900000000000000E+015
 -9.900000000000000E+015
 -9.900000000000000E+015
 -9.900000000000000E+015
 -9.900000000000000E+015
 -9.900000000000000E+015
 -9.900000000000000E+015
 -9.900000000000000E+015
 -9.900000000000000E+015
 -9.900000000000000E+015
   1910.41183430907     
   1903.62106712893     
   1904.41616012648     
   1919.64162896230     
   1924.20394535183     
   1924.75733609871     
   1917.59334890147     
   1916.43833821595     
   1915.00922822829     
   1916.73853484832     
   1917.29183286599     
   1920.60231323365     
   1821.32000000000     
   1763.71851933881     
   1654.93000000000     
   1654.93000000000     
   1590.81112260782     
   1619.93581964346     
   1503.66000000000     
   1480.87612842402     
   1496.47048439882     
   1359.76977820645     
   1216.57511683600     
   1127.46000000000     
   1024.13000000000     
   1000.59665910428     
   1016.52361465892     
   1076.13394795367     
   1127.46000000000     
   1206.85074391602     
   1233.18308365981     
   1241.12000000000     
   1212.08604193299     
   1241.12000000000     
   1323.21253890239     
   1241.12000000000     
   1241.12000000000     
   1240.74970066454     
   1225.22699051288     
   1127.46000000000     
   1127.46000000000     
   1118.59674902371     
   1127.46000000000     
   1127.46000000000     
   1127.46000000000     
   1127.46000000000     
   1127.46000000000     
   1127.46000000000     
   1127.46000000000     
   1127.46000000000     
   1127.46000000000     
   1127.46000000000     
   1189.59032418662     
   1201.77267338977     
   1197.25223285120     
   1191.32444040914     
   1194.18087142974     
   1241.12000000000     
   1241.12000000000     
   1241.12000000000     
   1241.12000000000     
   1225.30836806122     
   1098.32072124292     
   930.190000000000     
   1024.13000000000     
   1127.46000000000     
   1241.12000000000     
   1241.12000000000     
   1127.46000000000     
   1119.40472560109     
   1024.13000000000     
   980.280373278626     
   905.461945635760     
   844.790000000000     
   816.443649846670     
   767.150000000000     
   746.619140423068     
   692.538991182626     
   614.007544261597     
   520.980000000000     
   389.030000000000     
   343.188022337267     
   342.113529849694     
   194.800000000000     
   15.2629948826592     
 -9.900000000000000E+015
 -9.900000000000000E+015
 -9.900000000000000E+015
 -9.900000000000000E+015
 -9.900000000000000E+015
 -9.900000000000000E+015
 -9.900000000000000E+015
 -9.900000000000000E+015
 -9.900000000000000E+015
 -9.900000000000000E+015
 -9.900000000000000E+015
 -9.900000000000000E+015
 -9.900000000000000E+015
 -9.900000000000000E+015
 -9.900000000000000E+015
 -9.900000000000000E+015
 -9.900000000000000E+015
 -9.900000000000000E+015
 -9.900000000000000E+015
   1867.69942736783     
   1882.92878824497     
   1905.78188102104     
   1912.58626173937     
   1919.19539425023     
   1925.94163203664     
   1922.50852611546     
   1919.20087716766     
   1924.52347741600     
   1925.21080701851     
   1916.99976759548     
   1929.29340646967     
   1821.32000000000     
   1755.90901560628     
   1503.66000000000     
   1490.75174157208     
   1503.66000000000     
   1484.22640487250     
   1366.14000000000     
   1476.15293662818     
   1366.14000000000     
   1312.80259230041     
   1294.80594109770     
   1211.41915961261     
   1127.46000000000     
   1127.46000000000     
   1241.12000000000     
   1127.46000000000     
   1024.13000000000     
   1241.12000000000     
   1366.14000000000     
   1356.77025254168     
   1400.30266931664     
   1432.14078013949     
   1437.06955001102     
   1366.14000000000     
   1366.14000000000     
   1338.97074293531     
   1241.12000000000     
   1234.35422622451     
   1224.95044975306     
   1218.74055313933     
   1226.57985853458     
   1240.21786357150     
   1239.78130034370     
   1241.12000000000     
   1241.12000000000     
   1241.12000000000     
   1217.99837582697     
   1215.69010369596     
   1209.59308173166     
   1209.16644816953     
   1238.66554429821     
   1241.12000000000     
   1241.12000000000     
   1306.12256657080     
   1310.98269649834     
   1316.35571152278     
   1318.50973964392     
   1312.14904052411     
   1241.12000000000     
   1241.12000000000     
   1127.46000000000     
   1126.31560986314     
   1215.61699247931     
   1325.51349113226     
   1318.08430099253     
   1236.21216053593     
   1127.46000000000     
   1111.94546089472     
   1024.13000000000     
   930.190000000000     
   836.686370590963     
   767.150000000000     
   760.127449761552     
   696.560000000000     
   688.773494594288     
   627.551478306756     
   562.639090963358     
   503.065260720370     
   389.030000000000     
   312.737668169881     
   316.747132152577     
   188.577816587567     
 -9.900000000000000E+015
 -9.900000000000000E+015
 -9.900000000000000E+015
 -9.900000000000000E+015
 -9.900000000000000E+015
 -9.900000000000000E+015
 -9.900000000000000E+015
 -9.900000000000000E+015
 -9.900000000000000E+015
 -9.900000000000000E+015
 -9.900000000000000E+015
 -9.900000000000000E+015
 -9.900000000000000E+015
 -9.900000000000000E+015
 -9.900000000000000E+015
 -9.900000000000000E+015
 -9.900000000000000E+015
 -9.900000000000000E+015
 -9.900000000000000E+015
 -9.900000000000000E+015
   1867.69942736783     
   1883.46057410666     
   1908.67168236306     
   1916.51202120140     
   1922.27100551363     
   1922.20310366866     
   1912.64703698540     
   1909.20781978100     
   1920.60509548493     
   1915.42307944852     
   1925.42499346476     
   1905.33760938549     
   1821.16137383402     
   1770.41165440228     
   1654.93000000000     
   1640.89343577087     
   1613.16182597288     
   1503.66000000000     
   1601.74370918945     
   1553.52841536801     
   1480.62266446457     
   1492.91394092695     
   1241.12000000000     
   1366.14000000000     
   1332.59740811099     
   1334.58473553001     
   1366.14000000000     
   1321.98686310219     
   1241.12000000000     
   1366.14000000000     
   1446.86297829652     
   1366.14000000000     
   1366.14000000000     
   1443.35235244791     
   1488.11717781632     
   1478.75907221539     
   1443.61886624642     
   1366.14000000000     
   1366.14000000000     
   1318.01255079351     
   1310.23257715430     
   1316.38470912680     
   1326.28909820653     
   1336.22022336150     
   1329.92439587423     
   1331.04555404095     
   1312.88740429757     
   1241.12000000000     
   1241.12000000000     
   1241.12000000000     
   1241.12000000000     
   1306.79080538786     
   1354.90690814085     
   1366.14000000000     
   1366.14000000000     
   1366.14000000000     
   1362.91232312593     
   1366.14000000000     
   1366.14000000000     
   1366.14000000000     
   1366.14000000000     
   1366.14000000000     
   1350.02727074077     
   1304.88383898624     
   1338.02585278299     
   1362.14985324587     
   1241.12000000000     
   1235.01715500999     
   1127.46000000000     
   1102.42366890169     
   1024.13000000000     
   930.190000000000     
   767.150000000000     
   759.027876562272     
   696.560000000000     
   632.380000000000     
   574.030000000000     
   574.030000000000     
   508.765723294408     
   454.398669075525     
   352.780000000000     
   279.554111227180     
   285.405245872091     
 -9.900000000000000E+015
 -9.900000000000000E+015
 -9.900000000000000E+015
 -9.900000000000000E+015
 -9.900000000000000E+015
 -9.900000000000000E+015
 -9.900000000000000E+015
 -9.900000000000000E+015
 -9.900000000000000E+015
 -9.900000000000000E+015
 -9.900000000000000E+015
 -9.900000000000000E+015
 -9.900000000000000E+015
 -9.900000000000000E+015
 -9.900000000000000E+015
 -9.900000000000000E+015
 -9.900000000000000E+015
 -9.900000000000000E+015
 -9.900000000000000E+015
 -9.900000000000000E+015
 -9.900000000000000E+015
   1867.69942736783     
   1884.57210643859     
   1908.81906091212     
   1914.03086645232     
   1920.30265111748     
   1918.58158389470     
   1912.49929277308     
   1916.08948766115     
   1908.45422886611     
   1821.32000000000     
   1890.81175524464     
   1889.91162166161     
   1788.67365608359     
   1815.38284353824     
   1654.93000000000     
   1735.42268987981     
   1736.93223969824     
   1654.93000000000     
   1503.66000000000     
   1564.26705096798     
   1366.14000000000     
   1350.88860426093     
   1366.14000000000     
   1476.13542977632     
   1366.14000000000     
   1493.38778872940     
   1489.99518503191     
   1499.57744929186     
   1496.30237492715     
   1556.00472670595     
   1587.38575056238     
   1591.66836837113     
   1496.13672482558     
   1503.66000000000     
   1503.66000000000     
   1503.66000000000     
   1479.52627890989     
   1461.20103741406     
   1438.93939684839     
   1366.14000000000     
   1366.14000000000     
   1366.14000000000     
   1366.14000000000     
   1366.14000000000     
   1366.14000000000     
   1366.14000000000     
   1361.92432281597     
   1345.26288056178     
   1337.01020971968     
   1358.13705441142     
   1366.14000000000     
   1366.14000000000     
   1417.98474598982     
   1426.97388322256     
   1425.84628939899     
   1428.03577018393     
   1432.73927196490     
   1444.08596735190     
   1448.93634487241     
   1463.13695661227     
   1463.32314157330     
   1468.20501414723     
   1457.48159481483     
   1436.17238934245     
   1366.14000000000     
   1323.96208981677     
   1241.12000000000     
   1230.71494412791     
   1127.46000000000     
   1083.64546742116     
   996.668938415850     
   920.743932268590     
   632.380000000000     
   548.344630894806     
   472.750000000000     
   472.750000000000     
   520.841144734419     
   456.617001998699     
   422.394040673932     
   382.011346197642     
   289.850000000000     
   237.820000000000     
 -9.900000000000000E+015
 -9.900000000000000E+015
 -9.900000000000000E+015
 -9.900000000000000E+015
 -9.900000000000000E+015
 -9.900000000000000E+015
 -9.900000000000000E+015
 -9.900000000000000E+015
 -9.900000000000000E+015
 -9.900000000000000E+015
 -9.900000000000000E+015
 -9.900000000000000E+015
 -9.900000000000000E+015
 -9.900000000000000E+015
 -9.900000000000000E+015
 -9.900000000000000E+015
 -9.900000000000000E+015
 -9.900000000000000E+015
 -9.900000000000000E+015
 -9.900000000000000E+015
 -9.900000000000000E+015
 -9.900000000000000E+015
   1867.69942736783     
   1883.69992254192     
   1903.65821598882     
   1910.30401507033     
   1922.57489647502     
   1920.16703578918     
   1924.53283132769     
   1926.28730484851     
   1882.64246974345     
   1821.32000000000     
   1874.27949384883     
   1872.92846091299     
   1780.33076089973     
   1809.08945602327     
   1744.48684197388     
   1797.27123959133     
   1739.55310522877     
   1503.66000000000     
   1614.87595790358     
   1503.66000000000     
   1366.14000000000     
   1439.74972874751     
   1503.66000000000     
   1570.27370480583     
   1560.07087500898     
   1539.22496257657     
   1472.13323001773     
   1587.39856434823     
   1616.55847806578     
   1606.20703947517     
   1648.87553548752     
   1654.93000000000     
   1643.68960968446     
   1654.93000000000     
   1631.96045544722     
   1593.66716267563     
   1503.66000000000     
   1503.66000000000     
   1503.66000000000     
   1487.35160007530     
   1478.54230322391     
   1480.48079737359     
   1441.01585865420     
   1366.14000000000     
   1366.14000000000     
   1431.93931530505     
   1415.15473268436     
   1366.14000000000     
   1409.59603104485     
   1366.14000000000     
   1366.14000000000     
   1435.05990603727     
   1454.09532039233     
   1456.30684625356     
   1458.53563755513     
   1459.98565375251     
   1481.03462157596     
   1484.85144290181     
   1483.48052307775     
   1492.02337269614     
   1503.66000000000     
   1503.66000000000     
   1473.81104792804     
   1423.25559891881     
   1362.73941811969     
   1241.12000000000     
   1227.45374006333     
   1190.92077621810     
   1161.02540306172     
   1024.13000000000     
   1001.07076065061     
   930.190000000000     
   747.169342343947     
   632.380000000000     
   518.953720795361     
   497.778732772824     
   421.885958198571     
   289.850000000000     
   310.620173711472     
   306.966215281384     
   237.820000000000     
   213.100000000000     
 -9.900000000000000E+015
 -9.900000000000000E+015
 -9.900000000000000E+015
 -9.900000000000000E+015
 -9.900000000000000E+015
 -9.900000000000000E+015
 -9.900000000000000E+015
 -9.900000000000000E+015
 -9.900000000000000E+015
 -9.900000000000000E+015
 -9.900000000000000E+015
 -9.900000000000000E+015
 -9.900000000000000E+015
 -9.900000000000000E+015
 -9.900000000000000E+015
 -9.900000000000000E+015
 -9.900000000000000E+015
 -9.900000000000000E+015
 -9.900000000000000E+015
 -9.900000000000000E+015
 -9.900000000000000E+015
 -9.900000000000000E+015
   1821.32000000000     
   1864.63378549755     
   1903.60755773435     
   1909.84453395898     
   1920.85299281958     
   1916.27559996149     
   1928.52251871934     
   1923.93339548076     
   1821.32000000000     
   1849.76547133579     
   1871.18668664150     
   1857.83082283906     
   1821.32000000000     
   1802.04783500612     
   1802.04783500612     
   1777.84110897675     
   1734.56641863135     
   1654.93000000000     
   1646.42502410239     
   1503.66000000000     
   1501.24641053311     
   1582.16340417151     
   1648.19810368240     
   1582.04158570399     
   1503.66000000000     
   1499.17214183942     
   1592.22463740451     
   1651.13385664891     
   1632.36477963203     
   1632.45188882702     
   1713.36168965153     
   1654.93000000000     
   1651.08450363361     
   1654.93000000000     
   1639.66196547120     
   1651.18962215009     
   1621.83760267511     
   1602.95140125915     
   1576.30060334059     
   1503.66000000000     
   1561.65812482473     
   1503.66000000000     
   1499.87386100670     
   1503.66000000000     
   1503.66000000000     
   1485.72355960764     
   1456.54046251601     
   1460.28728175959     
   1447.55959405553     
   1455.49065625728     
   1463.48217923132     
   1473.60428131008     
   1500.17470965974     
   1496.08297518912     
   1503.66000000000     
   1503.66000000000     
   1503.66000000000     
   1503.66000000000     
   1503.66000000000     
   1503.66000000000     
   1529.80711296886     
   1497.14473099536     
   1474.94096718507     
   1366.14000000000     
   1333.67787909394     
   1241.12000000000     
   1127.46000000000     
   1166.48597444485     
   1163.56727127803     
   1024.13000000000     
   979.493932968819     
   844.790000000000     
   767.150000000000     
   696.560000000000     
   611.794991102286     
   472.750000000000     
   346.585303260466     
   237.820000000000     
   229.850963096867     
   229.249330799015     
   194.800000000000     
 -9.900000000000000E+015
  -1.79000000000000     
 -9.900000000000000E+015
 -9.900000000000000E+015
 -9.900000000000000E+015
 -9.900000000000000E+015
 -9.900000000000000E+015
 -9.900000000000000E+015
 -9.900000000000000E+015
 -9.900000000000000E+015
 -9.900000000000000E+015
 -9.900000000000000E+015
 -9.900000000000000E+015
 -9.900000000000000E+015
 -9.900000000000000E+015
 -9.900000000000000E+015
 -9.900000000000000E+015
 -9.900000000000000E+015
 -9.900000000000000E+015
 -9.900000000000000E+015
 -9.900000000000000E+015
 -9.900000000000000E+015
 -9.900000000000000E+015
   1821.32000000000     
   1864.99119913535     
   1905.49790388960     
   1908.32479017121     
   1916.70495160519     
   1922.02308541923     
   1921.54769511448     
   1903.29656938762     
   1875.43242141705     
   1861.82142995353     
   1875.40207900670     
   1848.78839874842     
   1821.32000000000     
   1821.32000000000     
   1773.85334691168     
   1759.38702489965     
   1792.10874526040     
   1788.39827405417     
   1654.93000000000     
   1654.53949502416     
   1503.66000000000     
   1598.44093460672     
   1764.45284184713     
   1654.93000000000     
   1725.88034792338     
   1654.93000000000     
   1654.93000000000     
   1654.93000000000     
   1654.93000000000     
   1714.75874809810     
   1731.24831743923     
   1745.47466555957     
   1654.93000000000     
   1654.93000000000     
   1654.93000000000     
   1654.93000000000     
   1652.07973698377     
   1643.47982481545     
   1633.11149337536     
   1618.53861686645     
   1605.27787930235     
   1575.71290775994     
   1570.39070083592     
   1566.57490616295     
   1558.34096785410     
   1503.66000000000     
   1503.66000000000     
   1503.66000000000     
   1503.66000000000     
   1497.41195520233     
   1503.66000000000     
   1503.66000000000     
   1554.97710086789     
   1565.79563486355     
   1572.91926513328     
   1567.59104764658     
   1545.45271488273     
   1541.16182453807     
   1503.66000000000     
   1561.13110115428     
   1542.26655860176     
   1528.36758688238     
   1501.36978804603     
   1444.65117226980     
   1366.14000000000     
   1241.12000000000     
   1127.46000000000     
   1165.60864508347     
   1156.44917328389     
   1024.13000000000     
   930.190000000000     
   767.150000000000     
   696.560000000000     
   627.939967520402     
   562.256315379725     
   347.424846344786     
   206.292936976781     
   194.073857271464     
   157.402844099062     
   159.230000000000     
   143.830000000000     
   115.449894558490     
   61.5800000000000     
   32.8804675454556     
   1.70577692703149     
 -9.900000000000000E+015
 -9.900000000000000E+015
 -9.900000000000000E+015
 -9.900000000000000E+015
 -9.900000000000000E+015
 -9.900000000000000E+015
 -9.900000000000000E+015
 -9.900000000000000E+015
 -9.900000000000000E+015
 -9.900000000000000E+015
 -9.900000000000000E+015
 -9.900000000000000E+015
 -9.900000000000000E+015
 -9.900000000000000E+015
 -9.900000000000000E+015
 -9.900000000000000E+015
 -9.900000000000000E+015
 -9.900000000000000E+015
 -9.900000000000000E+015
   1821.32000000000     
   1821.32000000000     
   1911.11427221496     
   1907.04323457374     
   1912.92043889447     
   1924.51626291945     
   1908.15957545654     
   1884.16557929837     
   1882.33809910452     
   1880.21340257896     
   1873.11998458349     
   1869.55784606897     
   1862.55827087391     
   1821.32000000000     
   1846.11666030058     
   1816.58061456591     
   1830.73800904068     
   1654.93000000000     
   1654.93000000000     
   1654.93000000000     
   1604.33324234926     
   1654.93000000000     
   1755.45148532071     
   1793.87533349633     
   1751.50194210412     
   1712.51338780702     
   1764.42075024999     
   1762.85609271609     
   1756.88053015278     
   1757.72158161532     
   1743.33507792657     
   1751.79601641330     
   1719.90212804967     
   1698.85870043660     
   1654.93000000000     
   1654.93000000000     
   1654.93000000000     
   1654.93000000000     
   1654.93000000000     
   1672.64206563562     
   1654.93000000000     
   1639.93256603228     
   1621.28785826177     
   1600.21274675676     
   1588.43705942835     
   1588.03610719291     
   1579.78823305380     
   1583.41259058381     
   1560.83314416785     
   1564.58761115453     
   1592.58003733427     
   1603.88297293280     
   1598.72661735934     
   1599.36471073356     
   1604.14196846478     
   1602.26143819054     
   1576.75040217996     
   1561.21071271972     
   1579.43114019276     
   1574.86704877542     
   1561.87839527748     
   1551.95930351915     
   1503.66000000000     
   1495.31968382033     
   1357.80015228538     
   1211.57874881978     
   1024.13000000000     
   930.190000000000     
   1024.13000000000     
   1024.13000000000     
   905.715377759555     
   696.560000000000     
   472.750000000000     
   352.780000000000     
   472.750000000000     
   352.780000000000     
   215.290000000000     
   143.830000000000     
   159.230000000000     
   262.600000000000     
   237.820000000000     
   215.290000000000     
   191.478548668017     
   92.1787886535563     
   53.6059441671873     
   17.2864950787406     
   3.61133758454774     
   1.79044075490705     
 -9.900000000000000E+015
 -9.900000000000000E+015
 -9.900000000000000E+015
  6.427531186184256E-002
 -9.900000000000000E+015
 -9.900000000000000E+015
 -9.900000000000000E+015
 -9.900000000000000E+015
 -9.900000000000000E+015
 -9.900000000000000E+015
 -9.900000000000000E+015
 -9.900000000000000E+015
 -9.900000000000000E+015
 -9.900000000000000E+015
 -9.900000000000000E+015
 -9.900000000000000E+015
   1821.32000000000     
   1862.98124423330     
   1894.82632718126     
   1904.00266113255     
   1908.36805650211     
   1896.38322307184     
   1821.32000000000     
   1821.32000000000     
   1863.53171632740     
   1853.41711653127     
   1864.78382460042     
   1821.32000000000     
   1787.32966126797     
   1820.97773191557     
   1862.52862007588     
   1845.76208620483     
   1835.42292448577     
   1654.93000000000     
   1790.43845707853     
   1654.93000000000     
   1605.98913979447     
   1654.93000000000     
   1821.32000000000     
   1811.80143929046     
   1782.72496220107     
   1654.93000000000     
   1790.38805131444     
   1771.22321363746     
   1773.65169321741     
   1769.61762238758     
   1765.13733131337     
   1750.45704285629     
   1745.51404634031     
   1730.94425667075     
   1723.04460289632     
   1710.27467180957     
   1700.93211002865     
   1685.80091442680     
   1704.07708512412     
   1688.60054615011     
   1682.62550196277     
   1654.93000000000     
   1654.93000000000     
   1644.68742273472     
   1629.71233939150     
   1636.16230321090     
   1628.35501972009     
   1622.65750705521     
   1613.36432133254     
   1620.06912358978     
   1636.64262408765     
   1643.85144689356     
   1640.22988332824     
   1636.95049362790     
   1625.18469112551     
   1613.94152853768     
   1599.31002021629     
   1600.40886975914     
   1603.10630400470     
   1592.32998160554     
   1583.09173971302     
   1572.43114042362     
   1559.79092002775     
   1494.96168841504     
   1366.14000000000     
   1208.08574170891     
   930.190000000000     
   813.173475516407     
   897.851510664464     
   844.790000000000     
   753.941592331656     
   555.401338962670     
   517.219280152750     
   472.750000000000     
   385.921171412364     
   256.946410607449     
   237.820000000000     
   289.850000000000     
   350.334926266424     
   379.471342768695     
   319.820000000000     
   319.820000000000     
   305.911485449845     
   237.820000000000     
   176.170000000000     
   94.9900000000000     
   85.4100000000000     
   91.4289497778072     
   113.050314517297     
   105.520000000000     
   76.7000000000000     
   65.4697278631100     
   38.7200000000000     
   10.5291855875392     
   10.9122940825095     
   10.0040609336852     
  0.493379214421612     
 -9.900000000000000E+015
 -9.900000000000000E+015
 -9.900000000000000E+015
 -9.900000000000000E+015
 -9.900000000000000E+015
 -9.900000000000000E+015
 -9.900000000000000E+015
   1799.85598770217     
   1821.32000000000     
   1884.95063147427     
   1902.47344081503     
   1904.50116983496     
   1883.77211778945     
   1857.35676546712     
   1821.32000000000     
   1821.32000000000     
   1850.30141817609     
   1854.56628453759     
   1821.32000000000     
   1815.09772561117     
   1804.91453128347     
   1810.61683056786     
   1767.88360390912     
   1841.25607064826     
   1821.32000000000     
   1821.32000000000     
   1821.32000000000     
   1812.34514882009     
   1821.32000000000     
   1859.39589402250     
   1821.32000000000     
   1801.23280745437     
   1740.30646380171     
   1790.29342995436     
   1791.60158026905     
   1781.30942729482     
   1778.67163793893     
   1773.61607735941     
   1779.44878212383     
   1743.69907184597     
   1738.08012211213     
   1737.21658956605     
   1742.92671302556     
   1717.74750729492     
   1707.68594883880     
   1721.45498058366     
   1706.87101642930     
   1697.95951153955     
   1699.76304525669     
   1692.99804792787     
   1654.93000000000     
   1654.93000000000     
   1654.93000000000     
   1682.96889917129     
   1654.93000000000     
   1654.93000000000     
   1654.93000000000     
   1654.93000000000     
   1644.89641283923     
   1623.52356827929     
   1625.06802484737     
   1644.35659125533     
   1645.88313521182     
   1610.78536796063     
   1615.07340386944     
   1613.62418566810     
   1607.24228645578     
   1599.37155625799     
   1592.91903725792     
   1588.01498296996     
   1572.30777897112     
   1483.68825214617     
   1241.12000000000     
   1089.23343449231     
   909.776169289098     
   687.192696555545     
   572.497385968539     
   574.030000000000     
   513.430422503452     
   613.970554137766     
   574.030000000000     
   472.750000000000     
   472.750000000000     
   472.750000000000     
   454.929143321088     
   428.900000000000     
   455.260802865327     
   389.030000000000     
   389.030000000000     
   389.030000000000     
   413.690862065097     
   389.030000000000     
   352.780000000000     
   317.827220445490     
   262.600000000000     
   228.253947023017     
   194.800000000000     
   143.390282912984     
   151.613347246204     
   103.803877168707     
   43.6170203087638     
   29.5896575639847     
   23.0300000000000     
   13.8682896992259     
  0.521908739022220     
 -9.900000000000000E+015
 -9.900000000000000E+015
 -9.900000000000000E+015
 -9.900000000000000E+015
 -9.900000000000000E+015
 -9.900000000000000E+015
   1799.85598770217     
   1821.32000000000     
   1873.01300847801     
   1887.27174113846     
   1903.39771608963     
   1894.79100447685     
   1881.05125453215     
   1821.32000000000     
   1846.24885683385     
   1861.23254331509     
   1869.49381781517     
   1845.86307067899     
   1821.32000000000     
   1821.32000000000     
   1765.99128433128     
   1821.32000000000     
   1836.87942875840     
   1843.43832056345     
   1863.10790985645     
   1821.32000000000     
   1882.73895840293     
   1875.00945648120     
   1857.72650307256     
   1848.97121330506     
   1809.86924273917     
   1821.32000000000     
   1796.76019766536     
   1806.50550684114     
   1801.12437754735     
   1789.37572434676     
   1782.58399340149     
   1780.53754489660     
   1756.56498279973     
   1758.68528779950     
   1763.26622188648     
   1754.29497505063     
   1732.38095250695     
   1725.74671463214     
   1733.24288742419     
   1726.69735482825     
   1719.19000834142     
   1719.00154326903     
   1709.81265613066     
   1696.36183398172     
   1654.93000000000     
   1716.78378789492     
   1708.43820306936     
   1694.83337520434     
   1711.89078928280     
   1713.27893986925     
   1654.93000000000     
   1641.86845434579     
   1644.46815523942     
   1682.50113223264     
   1677.01108753858     
   1654.93000000000     
   1633.35667008714     
   1633.01149060316     
   1628.15857685873     
   1621.46998858648     
   1621.47715024467     
   1619.81258173129     
   1616.46534251455     
   1601.69036941080     
   1453.05433307677     
   1366.14000000000     
   1127.46000000000     
   910.768813153427     
   696.560000000000     
   672.208175634567     
   606.980236249983     
   505.860733410299     
   693.071534774626     
   696.560000000000     
   670.749373755370     
   609.929134564352     
   574.030000000000     
   574.030000000000     
   564.779151364306     
   520.980000000000     
   508.301039101072     
   514.516555057470     
   472.750000000000     
   472.750000000000     
   472.750000000000     
   428.900000000000     
   389.030000000000     
   389.030000000000     
   352.780000000000     
   352.780000000000     
   285.633515396846     
   233.591277694916     
   168.523481610740     
   83.5426641525168     
   47.9677426387551     
   37.2601291849143     
   26.3405092891270     
   13.0472278033393     
  -1.83000000000000     
 -9.900000000000000E+015
 -9.900000000000000E+015
 -9.900000000000000E+015
 -9.900000000000000E+015
 -9.900000000000000E+015
   1799.85598770217     
   1821.32000000000     
   1870.23677321825     
   1875.69021291718     
   1890.55872556537     
   1880.45970957791     
   1870.41383949203     
   1866.07413894517     
   1866.21449038635     
   1867.17029335483     
   1861.17646886527     
   1848.75230103884     
   1843.26441181195     
   1841.48434932831     
   1789.30888244734     
   1848.31033471103     
   1821.32000000000     
   1861.23052829491     
   1862.72823269528     
   1864.93590982399     
   1870.72509680806     
   1878.81302399715     
   1868.43680454004     
   1852.10073698463     
   1852.38056178226     
   1855.33824602103     
   1821.32000000000     
   1821.32000000000     
   1814.80690178760     
   1803.35209463773     
   1796.34885917556     
   1796.52542804671     
   1780.24777978518     
   1777.38987006728     
   1760.63215724974     
   1752.49882041249     
   1730.26879256366     
   1745.11843195960     
   1740.41159776696     
   1735.06032795199     
   1728.98790457467     
   1718.65604362894     
   1717.53803024998     
   1654.93000000000     
   1713.33199693525     
   1726.39016090851     
   1719.73541372246     
   1654.93000000000     
   1749.00836967449     
   1739.23833671531     
   1654.93000000000     
   1654.93000000000     
   1654.93000000000     
   1685.38807478975     
   1680.51323819717     
   1654.93000000000     
   1641.04563852281     
   1640.81316330998     
   1641.46077871089     
   1638.95853165234     
   1637.91387385189     
   1638.00251998217     
   1627.69012094842     
   1605.54228290409     
   1503.66000000000     
   1366.14000000000     
   1241.12000000000     
   1024.13000000000     
   982.790341055037     
   918.270154736901     
   765.918544659007     
   738.336871913213     
   844.790000000000     
   844.790000000000     
   756.998307010172     
   605.459232045884     
   696.560000000000     
   685.944864108518     
   632.380000000000     
   614.219010173865     
   574.030000000000     
   565.354892482728     
   549.905580170855     
   517.865636065388     
   472.750000000000     
   520.980000000000     
   499.792242533541     
   520.980000000000     
   508.856373866450     
   472.750000000000     
   472.750000000000     
   289.850000000000     
   139.236157017366     
   82.5449566289322     
   61.5800000000000     
   49.0700000000000     
   38.7200000000000     
   26.0654327877262     
   5.69498346305026     
 -9.900000000000000E+015
 -9.900000000000000E+015
 -9.900000000000000E+015
 -9.900000000000000E+015
 -9.900000000000000E+015
   1799.85598770217     
   1821.32000000000     
   1862.62029796984     
   1878.22156701695     
   1858.77014633785     
   1851.20969953641     
   1847.24617084136     
   1845.96983945397     
   1855.63555412928     
   1860.71898598312     
   1857.95278050582     
   1849.61807876207     
   1845.28457195704     
   1846.50174587030     
   1850.50585402099     
   1851.00410406042     
   1864.43946071827     
   1880.64199317271     
   1872.13228154807     
   1873.85340599269     
   1868.81354165333     
   1877.10076293953     
   1870.78488740002     
   1857.54236171412     
   1870.69405897986     
   1857.64657482057     
   1843.86289572441     
   1840.01494854643     
   1820.60322173675     
   1818.45310709621     
   1790.86251949987     
   1796.23669928524     
   1787.11687615926     
   1777.87847140390     
   1767.58096261331     
   1753.65298065791     
   1728.94168101457     
   1759.15268267020     
   1743.41840147780     
   1734.58617034878     
   1728.29494573584     
   1720.99391292029     
   1696.94691421060     
   1654.93000000000     
   1732.22592132166     
   1732.24541765545     
   1725.20238987051     
   1721.67659596084     
   1738.85021843593     
   1725.77900821396     
   1708.27564082733     
   1710.02779845226     
   1711.08729849120     
   1695.92639298346     
   1684.04224620038     
   1672.16466191027     
   1654.93000000000     
   1652.97903104831     
   1654.93000000000     
   1649.19567356243     
   1650.87160969502     
   1644.94689212384     
   1628.49079478515     
   1610.57052488892     
   1574.77063700261     
   1502.23783708000     
   1366.14000000000     
   1241.12000000000     
   1201.01947899157     
   1076.15221186588     
   930.190000000000     
   930.190000000000     
   930.190000000000     
   923.241434727722     
   750.791232692005     
   632.380000000000     
   767.150000000000     
   756.180023152002     
   696.560000000000     
   696.560000000000     
   632.380000000000     
   632.380000000000     
   504.708931091760     
   520.980000000000     
   621.822248413124     
   678.046404412737     
   632.380000000000     
   630.786702184743     
   574.030000000000     
   574.030000000000     
   520.980000000000     
   352.780000000000     
   157.970061334876     
   112.621474478223     
   74.0858888997088     
   61.5800000000000     
   55.0300000000000     
   38.7200000000000     
   19.4297757160421     
 -0.919613081393406     
 -9.900000000000000E+015
 -9.900000000000000E+015
 -9.900000000000000E+015
 -9.900000000000000E+015
   1743.06121208689     
   1787.41314927483     
   1821.32000000000     
   1866.85413438309     
   1821.32000000000     
   1819.33943027085     
   1821.32000000000     
   1835.19420031299     
   1843.28907455753     
   1847.13721328953     
   1845.68367319006     
   1847.87526587687     
   1856.19847239956     
   1821.32000000000     
   1848.59507028983     
   1848.42340502589     
   1868.32426209726     
   1881.55180428716     
   1878.56671701311     
   1885.95727715199     
   1880.65030416376     
   1880.43423277263     
   1869.57620005716     
   1861.74781186712     
   1859.90207996141     
   1853.74322277284     
   1859.51329716233     
   1853.06663385292     
   1821.32000000000     
   1821.32000000000     
   1814.54811275238     
   1795.05333230312     
   1791.58434591224     
   1780.13673227471     
   1775.65259708786     
   1749.37160546708     
   1735.77099814190     
   1762.99410299582     
   1750.26055546880     
   1740.31095425005     
   1731.10377091565     
   1718.97866348153     
   1654.93000000000     
   1749.71247085518     
   1736.00395941990     
   1728.21178658881     
   1654.93000000000     
   1727.45665565349     
   1728.74822480278     
   1712.04486446928     
   1688.40920917310     
   1702.97782547365     
   1697.30840541036     
   1700.77804273096     
   1695.09302536929     
   1682.83743294148     
   1674.79984694567     
   1654.93000000000     
   1665.75358374899     
   1664.76652685260     
   1654.93000000000     
   1647.82476378160     
   1628.64082569148     
   1604.89592764439     
   1582.96932451468     
   1503.66000000000     
   1464.72520537398     
   1366.14000000000     
   1241.12000000000     
   1127.46000000000     
   1092.21465989114     
   1024.13000000000     
   1024.13000000000     
   1008.69275515602     
   911.962805265871     
   915.890195294862     
   898.839903748083     
   839.706721825551     
   767.150000000000     
   746.854612114225     
   696.560000000000     
   618.136220078602     
   570.304492853772     
   696.560000000000     
   696.560000000000     
   767.150000000000     
   755.475557795402     
   696.560000000000     
   679.397295967158     
   632.380000000000     
   574.030000000000     
   471.568628158668     
   289.850000000000     
   237.820000000000     
   123.612789420270     
   121.262270789917     
   76.6305883399680     
   52.4649521021367     
   36.5695914263596     
   14.3603568103715     
  -1.84000000000000     
 -9.900000000000000E+015
 -9.900000000000000E+015
   30.7132193563697     
   1743.06121208689     
   1772.91532036643     
   1821.32000000000     
   1821.32000000000     
   1802.17753403478     
   1797.88223752286     
   1810.46997276555     
   1821.32000000000     
   1821.32000000000     
   1821.32000000000     
   1834.57482112450     
   1843.07132111574     
   1862.15966271445     
   1856.51748121279     
   1863.80264340154     
   1863.05498997073     
   1875.03796309233     
   1883.23515551416     
   1883.70823230419     
   1887.60840965600     
   1888.38082508389     
   1885.18238347974     
   1870.31827488704     
   1869.24055154173     
   1862.74269548597     
   1853.77967741824     
   1844.89732817339     
   1840.77950225801     
   1847.88330422942     
   1821.32000000000     
   1811.18019622723     
   1806.13345551334     
   1795.46942387101     
   1782.47993859111     
   1784.67602814834     
   1745.17597669980     
   1769.81827125692     
   1757.89733674744     
   1759.25773030224     
   1748.65376503900     
   1734.54142100090     
   1724.51204544484     
   1728.98013220568     
   1735.10661067815     
   1732.06910507525     
   1733.01302373098     
   1654.93000000000     
   1741.08110164030     
   1715.30722473620     
   1697.44528137523     
   1713.00873607245     
   1706.55415129157     
   1703.32925313577     
   1699.94557536466     
   1687.64653945439     
   1685.39770381928     
   1676.09840302455     
   1692.83061205361     
   1654.93000000000     
   1668.08970408773     
   1654.93000000000     
   1649.01729398394     
   1622.62722442388     
   1598.10279344418     
   1569.62514399529     
   1490.34422414593     
   1439.12335404240     
   1407.53238464031     
   1364.38692116611     
   1302.96076723391     
   1241.12000000000     
   1241.12000000000     
   1205.01626143905     
   1127.46000000000     
   1024.13000000000     
   1007.29759800669     
   930.190000000000     
   844.790000000000     
   819.865764251391     
   767.150000000000     
   767.150000000000     
   829.516106841480     
   767.150000000000     
   838.349214916828     
   696.560000000000     
   838.603882643037     
   809.330011859514     
   767.150000000000     
   740.794447477041     
   696.560000000000     
   632.380000000000     
   520.980000000000     
   459.244048814782     
   352.780000000000     
   170.209470620203     
   117.100000000000     
   112.064253091944     
   73.4875175599856     
   46.6752473061051     
   30.1400000000000     
   19.5329014051320     
  0.954170877389595     
 -9.900000000000000E+015
   30.7132193563697     
   1743.06121208689     
   1764.09987536329     
   1821.32000000000     
   1789.42073472706     
   1772.67257930696     
   1786.52314887759     
   1805.29569877165     
   1821.32000000000     
   1821.32000000000     
   1821.32000000000     
   1821.32000000000     
   1843.14687240103     
   1862.93543919927     
   1867.44869786370     
   1870.84017703432     
   1870.32422606691     
   1882.23429659606     
   1877.67659519865     
   1880.21205186389     
   1894.01477587998     
   1893.05269910535     
   1885.83112219575     
   1870.94933110214     
   1867.99571391379     
   1857.62897463631     
   1852.29914374758     
   1845.85902416381     
   1837.68899924273     
   1815.87491346103     
   1807.79968542411     
   1813.23125929101     
   1803.65532714573     
   1793.36313246560     
   1788.69123343074     
   1787.99129948716     
   1751.60730365922     
   1777.92308979374     
   1771.53984249986     
   1770.75673408408     
   1754.99622335026     
   1745.93333367257     
   1732.43384330705     
   1726.63491555656     
   1720.40721849462     
   1727.60878892885     
   1654.93000000000     
   1741.59660482241     
   1741.18974464647     
   1731.05194288036     
   1701.28650579048     
   1715.64854893452     
   1711.58399321508     
   1709.27970265968     
   1701.82850225102     
   1696.30980416847     
   1689.39472880900     
   1686.30421651543     
   1679.78018931036     
   1681.20517208073     
   1680.71338164956     
   1654.93000000000     
   1641.50201545365     
   1622.04371077099     
   1593.51300797363     
   1554.32423194905     
   1499.96456709401     
   1445.37455994436     
   1366.14000000000     
   1366.14000000000     
   1357.87342997787     
   1324.72194076362     
   1241.12000000000     
   1203.51734727218     
   1127.46000000000     
   1024.13000000000     
   1003.41917486337     
   903.286611326990     
   823.913161859909     
   799.446480727851     
   767.150000000000     
   820.550372911798     
   844.790000000000     
   895.420048218010     
   919.158303873238     
   844.790000000000     
   844.790000000000     
   844.790000000000     
   824.894486641860     
   767.150000000000     
   743.806341927317     
   671.195885544235     
   615.119270166257     
   561.370771379303     
   472.750000000000     
   319.820000000000     
   210.585970302822     
   157.682787861829     
   83.0606461449102     
   61.5800000000000     
   49.0700000000000     
   43.6500000000000     
   43.6500000000000     
   30.1400000000000     
   30.7132193563697     
   1743.06121208689     
   1763.02133640513     
   1789.77236862157     
   1752.60167203832     
   1757.66865867749     
   1778.58363341394     
   1795.06112182426     
   1821.32000000000     
   1814.29696768913     
   1812.48854288767     
   1821.32000000000     
   1844.60893289102     
   1854.34861494076     
   1856.02391430186     
   1856.90535582020     
   1866.29541815477     
   1875.14644091658     
   1876.99373476788     
   1886.63528185132     
   1897.48659044000     
   1897.42665756114     
   1875.65402592980     
   1868.88035735195     
   1861.24387365387     
   1850.46769330804     
   1840.87154642987     
   1838.38894177244     
   1818.74018187609     
   1801.73571463039     
   1800.47999632686     
   1799.40154000003     
   1772.83734563268     
   1782.99923485656     
   1798.01869827284     
   1799.82381767667     
   1799.16554269017     
   1785.51479491588     
   1787.01631317359     
   1783.61042339230     
   1763.09327090927     
   1755.92364960641     
   1743.46705010001     
   1723.13183803926     
   1721.56868302191     
   1717.88612422627     
   1745.68768349570     
   1738.00113908955     
   1738.11928469999     
   1727.58101977412     
   1719.14861878133     
   1721.43786957528     
   1716.75647081061     
   1711.16090481345     
   1705.89152393822     
   1699.27154714194     
   1692.32223808247     
   1685.64915696031     
   1673.93321832571     
   1670.14448661717     
   1654.93000000000     
   1646.12605146276     
   1647.50896279330     
   1622.10863185289     
   1609.07783021252     
   1574.75577491422     
   1503.66000000000     
   1444.36196830919     
   1366.14000000000     
   1366.14000000000     
   1337.57175088956     
   1233.55761898652     
   1187.67346721261     
   1127.46000000000     
   1024.13000000000     
   930.190000000000     
   825.278428676448     
   767.150000000000     
   818.212481182161     
   767.150000000000     
   819.484686415053     
   767.150000000000     
   814.896457310063     
   930.190000000000     
   930.190000000000     
   930.190000000000     
   920.153090311797     
   890.003402998219     
   844.790000000000     
   844.790000000000     
   767.150000000000     
   696.560000000000     
   632.380000000000     
   574.030000000000     
   513.490682906099     
   428.900000000000     
   347.883090788694     
   254.780135139400     
   117.100000000000     
   76.1055688790465     
   75.4673458136023     
   94.8772430421966     
   94.9900000000000     
   52.3483502745302     
   30.1400000000000     
   1654.93000000000     
   1719.19084205285     
   1737.49555918509     
   1737.04586503194     
   1759.55091266973     
   1777.95135845241     
   1789.21189901442     
   1809.35882556697     
   1806.40779349855     
   1821.32000000000     
   1840.59002585414     
   1841.23768834100     
   1838.70489282020     
   1845.05901820863     
   1858.40257961272     
   1870.18766701255     
   1875.94709837608     
   1877.25722243572     
   1882.48392115925     
   1890.42226515202     
   1888.27610192276     
   1877.61753591124     
   1864.87021216097     
   1851.70071801898     
   1821.32000000000     
   1820.57222056662     
   1811.33630064499     
   1797.17681326785     
   1788.97817770598     
   1812.47555590424     
   1784.98086882549     
   1769.56288048802     
   1773.50183926451     
   1807.33167732418     
   1821.32000000000     
   1814.82560711348     
   1803.92954721454     
   1809.73377443991     
   1800.16109421009     
   1785.06165049542     
   1773.68259702329     
   1734.23955154093     
   1724.22124491748     
   1733.85563883936     
   1746.14120190904     
   1747.51015073282     
   1744.24107888727     
   1736.44719360173     
   1718.96739511096     
   1733.40940568916     
   1724.03358727328     
   1716.69254335450     
   1710.42353128869     
   1708.39523117215     
   1701.69809101997     
   1694.42173770331     
   1683.80236492321     
   1669.61248635855     
   1664.11576188624     
   1654.93000000000     
   1648.85038082827     
   1635.59304399902     
   1625.11485237048     
   1613.55219127207     
   1566.39962282788     
   1366.14000000000     
   1366.14000000000     
   1338.66763161514     
   1207.31601766505     
   1127.46000000000     
   1127.46000000000     
   1024.13000000000     
   1024.13000000000     
   888.489425861766     
   696.560000000000     
   696.560000000000     
   684.893475599085     
   767.150000000000     
   844.790000000000     
   930.190000000000     
   894.341735218022     
   930.190000000000     
   993.736299013476     
   1001.08779508559     
   983.813750795496     
   930.190000000000     
   930.190000000000     
   916.669763080354     
   844.790000000000     
   767.150000000000     
   751.383506457213     
   693.107583590415     
   632.380000000000     
   520.980000000000     
   428.900000000000     
   352.780000000000     
   289.850000000000     
   235.593587553251     
   159.230000000000     
   94.8334139739333     
   124.220852349092     
   154.403021538786     
   337.772073164363     
   564.328423458194     
   1654.93000000000     
   1696.02866877935     
   1712.30413184329     
   1743.79011609252     
   1770.27103058815     
   1783.11672284837     
   1800.23075793696     
   1815.62129058072     
   1821.32000000000     
   1852.67161311745     
   1849.41287161632     
   1840.89175272638     
   1821.32000000000     
   1860.78769963820     
   1882.78887705419     
   1894.01298736423     
   1901.78087235922     
   1902.07843764617     
   1888.78485659226     
   1879.39363872000     
   1894.13486307274     
   1895.76488785542     
   1871.46894101233     
   1821.32000000000     
   1821.25116306212     
   1804.79192750420     
   1797.43843974173     
   1780.60155110960     
   1788.69930524619     
   1821.32000000000     
   1787.52766645153     
   1780.39065282999     
   1809.91954000748     
   1831.73045176102     
   1839.43304493025     
   1821.32000000000     
   1821.32000000000     
   1818.97797369101     
   1811.62048903982     
   1796.23591900115     
   1805.47007438199     
   1654.93000000000     
   1744.06381759425     
   1765.33943749405     
   1752.15554619449     
   1750.24936333238     
   1747.27252519834     
   1735.33939558869     
   1750.35833520440     
   1744.27900542223     
   1725.76266388069     
   1714.96192896422     
   1709.41994262065     
   1685.34908392122     
   1596.07799258541     
   1620.96331700487     
   1673.07651666229     
   1665.52721339978     
   1654.93000000000     
   1654.93000000000     
   1653.12342967748     
   1623.51178829078     
   1597.71962287080     
   1467.55885797416     
   1366.14000000000     
   1329.61223984053     
   1241.12000000000     
   1199.60751685763     
   1127.46000000000     
   1104.52847147818     
   1024.13000000000     
   930.190000000000     
   749.277141050308     
   732.981697303306     
   767.150000000000     
   767.150000000000     
   746.353345761178     
   914.569823296806     
   979.172602309307     
   996.019427102995     
   1008.38484941920     
   982.853579124712     
   987.338055569502     
   1024.13000000000     
   1015.61266852662     
   997.624445910986     
   970.185799089796     
   930.190000000000     
   827.481203495695     
   827.481203495695     
   696.560000000000     
   689.294216315120     
   632.380000000000     
   472.750000000000     
   389.030000000000     
   389.030000000000     
   416.473949383876     
   415.216487834705     
   381.971168678553     
   344.967928876510     
   319.820000000000     
   352.780000000000     
   472.750000000000     
   564.328423458194     
   1666.80435975581     
   1678.08675209064     
   1699.74397465552     
   1740.71475843149     
   1776.05010871673     
   1776.53572212577     
   1803.30005508570     
   1841.87517117281     
   1847.27982210801     
   1862.90467415647     
   1860.60966663506     
   1851.71790140502     
   1821.32000000000     
   1872.76296043584     
   1892.16824316294     
   1898.47385676726     
   1909.66099082631     
   1914.87783742679     
   1908.28074927293     
   1873.75704628364     
   1885.33400776137     
   1868.71070309921     
   1821.32000000000     
   1821.32000000000     
   1812.34827409549     
   1791.45290892338     
   1777.31685551768     
   1768.07923173340     
   1807.26541045275     
   1821.32000000000     
   1799.86114437033     
   1805.09399582992     
   1809.91954000748     
   1808.88514913196     
   1840.65430129689     
   1821.32000000000     
   1821.32000000000     
   1813.54385195884     
   1804.85930775173     
   1804.69002979818     
   1802.16644613261     
   1766.54017950784     
   1771.59574420851     
   1771.33211851312     
   1775.34969836247     
   1755.33036385554     
   1748.25438698379     
   1761.97119469161     
   1758.05468441505     
   1654.93000000000     
   1710.80788993202     
   1654.93000000000     
   1693.30263206992     
   1503.66000000000     
   1320.57795319072     
   1503.66000000000     
   1618.36272464177     
   1619.07482134832     
   1654.74034915608     
   1651.73589515190     
   1620.86750356796     
   1492.62536607361     
   1362.33420276651     
   1241.12000000000     
   1241.12000000000     
   1241.12000000000     
   1127.46000000000     
   1115.43790393271     
   1120.15919327032     
   1072.42058559798     
   930.190000000000     
   844.790000000000     
   844.790000000000     
   813.485923196416     
   912.916022308113     
   930.190000000000     
   917.642347786108     
   930.190000000000     
   1024.13000000000     
   1024.13000000000     
   1024.13000000000     
   1024.13000000000     
   1024.13000000000     
   1061.26133111298     
   1024.13000000000     
   1016.61199928809     
   987.579694168082     
   961.933096374964     
   930.190000000000     
   767.150000000000     
   664.550096440530     
   689.294216315120     
   574.030000000000     
   414.437366623715     
   389.030000000000     
   428.900000000000     
   512.395389449038     
   520.980000000000     
   520.980000000000     
   501.143963449089     
   465.062304346567     
   472.750000000000     
   520.980000000000     
   564.328423458194     
   1654.93000000000     
   1654.93000000000     
   1711.36133696071     
   1740.54079629571     
   1654.93000000000     
   1744.13062628603     
   1780.35863565488     
   1818.85168552271     
   1654.93000000000     
   1654.93000000000     
   1821.32000000000     
   1821.32000000000     
   1821.32000000000     
   1857.26386616758     
   1887.49562580257     
   1900.82632545875     
   1821.32000000000     
   1817.53604967525     
   1883.13311039104     
   1857.65932327198     
   1821.32000000000     
   1866.06011666147     
   1884.40324504252     
   1821.32000000000     
   1805.10524815692     
   1794.19359432977     
   1797.73358144829     
   1821.32000000000     
   1821.32000000000     
   1821.32000000000     
   1821.32000000000     
   1821.32000000000     
   1789.47892186759     
   1810.39225753801     
   1821.32000000000     
   1877.80213855327     
   1821.32000000000     
   1820.21331883014     
   1810.31377881731     
   1808.75848609000     
   1804.41523722552     
   1783.95560989576     
   1801.21499539852     
   1799.67049498014     
   1771.26363324584     
   1754.79149214927     
   1770.91102419977     
   1771.39287879712     
   1756.82534116691     
   1741.08152830059     
   1722.47772668678     
   1693.94400199108     
   1685.47863074618     
   1503.66000000000     
   1503.66000000000     
   1503.66000000000     
   1497.80066928463     
   1503.66000000000     
   1503.66000000000     
   1503.66000000000     
   1457.14684603451     
   1241.12000000000     
   1189.28320709615     
   1219.11079264852     
   1241.12000000000     
   1127.46000000000     
   1104.53629592866     
   1117.82011917419     
   1168.56988326070     
   1107.66070905399     
   1024.13000000000     
   989.258206499528     
   977.688463630310     
   1008.39122918720     
   1019.89352453967     
   1068.11829686843     
   1077.07144705130     
   1024.13000000000     
   1024.13000000000     
   1024.13000000000     
   977.336220544613     
   1007.89219373752     
   1088.01581087601     
   1073.24360102140     
   1056.94961643345     
   1016.94697428821     
   923.397293104392     
   920.016452563650     
   844.790000000000     
   844.790000000000     
   733.718426984704     
   622.736217360931     
   574.030000000000     
   520.980000000000     
   520.980000000000     
   574.030000000000     
   610.480093486137     
   622.300211195249     
   574.030000000000     
   606.203391343935     
   574.030000000000     
   574.030000000000     
   574.030000000000     
   564.328423458194     
   1679.04853515525     
   1689.31503710540     
   1716.96513128762     
   1754.42124412673     
   1765.20240512729     
   1783.69647665627     
   1818.13976084057     
   1784.60812144000     
   1741.38248812740     
   1654.93000000000     
   1821.32000000000     
   1894.93432116282     
   1897.35963221057     
   1887.88354352698     
   1881.38469300812     
   1881.99644943457     
   1765.74435041106     
   1654.93000000000     
   1821.32000000000     
   1821.32000000000     
   1879.18862934463     
   1892.09050871313     
   1821.32000000000     
   1878.48912856434     
   1821.32000000000     
   1907.31500211200     
   1874.19988982303     
   1821.32000000000     
   1821.32000000000     
   1821.32000000000     
   1884.33128433127     
   1821.32000000000     
   1821.32000000000     
   1890.82337105444     
   1912.25428188266     
   1879.83363634209     
   1821.32000000000     
   1821.32000000000     
   1818.19596060978     
   1821.32000000000     
   1814.06590870559     
   1803.69906014401     
   1797.97200226348     
   1789.99616094202     
   1790.26093284953     
   1780.79340462267     
   1789.61999989341     
   1770.53967833062     
   1752.24561368515     
   1738.62269884137     
   1702.63643067725     
   1643.13938971825     
   1648.77979684636     
   1599.13814866202     
   1480.94166452943     
   1366.14000000000     
   1348.10742757019     
   1241.12000000000     
   1318.15982736363     
   1366.14000000000     
   1241.12000000000     
   1241.12000000000     
   1228.91963696249     
   1210.17615910749     
   1241.12000000000     
   1241.12000000000     
   1211.18745557508     
   1127.46000000000     
   1190.24901786975     
   1220.32405798239     
   1127.46000000000     
   1127.46000000000     
   1127.46000000000     
   1118.51425279940     
   1072.66933462978     
   1095.95660773430     
   1112.36103882300     
   1119.98621545551     
   1127.46000000000     
   1165.90966022141     
   1127.46000000000     
   1127.46000000000     
   1089.47132000137     
   1024.13000000000     
   1047.74046734208     
   996.842323516011     
   930.190000000000     
   749.907948402736     
   751.363593298605     
   685.159653512133     
   689.662148410614     
   632.380000000000     
   684.932882432195     
   632.380000000000     
   632.380000000000     
   689.904853103092     
   696.560000000000     
   683.754147764297     
   664.936638939999     
   696.560000000000     
   696.560000000000     
   682.210111862668     
   767.150000000000     
   899.372582700257     
   1654.93000000000     
   1654.93000000000     
   1777.40584786713     
   1773.03767908628     
   1805.32352427577     
   1853.56916337012     
   1870.79220276938     
   1879.67057120094     
   1911.66180939244     
   1920.46405937680     
   1821.32000000000     
   1902.17008534371     
   1908.50653054839     
   1916.92182227032     
   1925.11646059203     
   1933.88205696637     
   1927.23547506502     
   1879.85378107731     
   1917.81487737607     
   1933.76590963199     
   1931.01195682953     
   1936.84861884982     
   1934.78322995807     
   1923.60049907788     
   1907.04112316338     
   1898.71933823948     
   1892.76617371268     
   1909.34806526962     
   1895.98566084961     
   1892.21674716849     
   1893.24898141615     
   1943.85890701031     
   1955.63588208343     
   1924.61214272886     
   1904.12561241735     
   1878.03640990075     
   1860.89969532685     
   1852.04504995384     
   1821.32000000000     
   1819.20807050672     
   1821.32000000000     
   1821.32000000000     
   1821.32000000000     
   1807.38711218599     
   1800.63482775347     
   1809.94337019375     
   1778.51228798187     
   1763.82061120015     
   1731.25714741388     
   1720.39459654275     
   1654.93000000000     
   1602.37574395777     
   1615.02006993961     
   1503.66000000000     
   1437.62116403517     
   1241.12000000000     
   1210.20806652621     
   1092.75276306996     
   1127.46000000000     
   1236.97249197355     
   1366.14000000000     
   1366.14000000000     
   1309.15448492874     
   1366.14000000000     
   1432.66808161739     
   1413.53233680516     
   1348.74587325308     
   1341.04828127962     
   1318.89916233936     
   1311.44276207723     
   1303.76954575034     
   1241.12000000000     
   1200.76478748268     
   1100.54587707298     
   1092.29035415006     
   1123.39100243287     
   1127.46000000000     
   1213.41758748004     
   1211.52521791339     
   1172.10946398628     
   1127.46000000000     
   1024.13000000000     
   930.190000000000     
   844.790000000000     
   928.869315114721     
   923.489994028059     
   767.150000000000     
   696.560000000000     
   696.560000000000     
   632.380000000000     
   696.560000000000     
   696.560000000000     
   767.150000000000     
   767.150000000000     
   763.214040606628     
   765.937941876323     
   760.003818936730     
   746.477631967540     
   696.560000000000     
   767.150000000000     
   767.150000000000     
   760.355787496726     
   820.595452204575     
   899.372582700257     
   1654.93000000000     
   1738.67811194634     
   1745.78039298242     
   1739.68946613533     
   1794.72804703710     
   1810.38026446003     
   1817.17338253679     
   1821.32000000000     
   1881.49962457274     
   1881.68347544145     
   1891.78693361377     
   1893.07008101302     
   1901.94097080585     
   1904.28191046218     
   1907.44769450260     
   1909.15447253048     
   1938.08373128735     
   1938.07164464270     
   1936.74655905200     
   1932.62398689476     
   1914.92204052872     
   1914.68881959041     
   1915.52881861371     
   1910.76999305832     
   1919.49367484277     
   1919.89886504605     
   1929.72370079867     
   1927.06108623287     
   1920.48934069605     
   1930.12238204778     
   1939.04786920193     
   1936.60304425138     
   1920.51511337775     
   1915.06153570375     
   1912.02498922105     
   1907.20429564139     
   1882.08796327894     
   1876.24589320669     
   1869.15702412271     
   1859.76164249353     
   1848.35499534602     
   1850.91592295103     
   1849.61296655014     
   1850.82366710510     
   1802.12813890866     
   1776.95883569077     
   1763.49993008193     
   1746.91193800567     
   1503.66000000000     
   1503.66000000000     
   1467.20107684357     
   1473.78475008921     
   1503.66000000000     
   1462.76005840769     
   1366.14000000000     
   1312.80071347461     
   1309.05905326050     
   1319.93300869132     
   1349.28577582282     
   1448.05682049450     
   1468.34221000774     
   1512.85217156255     
   1496.46645999319     
   1488.46640018050     
   1366.14000000000     
   1409.52276145838     
   1362.95705862219     
   1366.14000000000     
   1396.24352882559     
   1393.60839941241     
   1359.93903088074     
   1241.12000000000     
   1229.02535791241     
   1232.57087823406     
   1267.33527042301     
   1219.95702494049     
   1232.22008427371     
   1240.71642517130     
   1195.99233826468     
   1127.46000000000     
   930.190000000000     
   895.983312053691     
   767.150000000000     
   844.790000000000     
   989.599255873407     
   844.790000000000     
   828.118821970266     
   844.790000000000     
   930.190000000000     
   929.537962577563     
   930.190000000000     
   986.868140814646     
   930.190000000000     
   930.190000000000     
   930.190000000000     
   930.190000000000     
   905.728660236131     
   897.840268416310     
   893.642023525279     
   891.919630748331     
   889.551796903868     
   889.757049283022     
   844.790000000000     
   899.372582700257     
   1654.93000000000     
   1654.93000000000     
   1654.93000000000     
   1654.93000000000     
   1789.15054405734     
   1789.15054405734     
   1789.15054405734     
   1789.15054405734     
   1878.45934219256     
   1878.45934219256     
   1878.45934219256     
   1878.45934219256     
   1896.66197944700     
   1896.66197944700     
   1896.66197944700     
   1896.66197944700     
   1946.17206002077     
   1946.17206002077     
   1946.17206002077     
   1946.17206002077     
   1917.35484175887     
   1917.35484175887     
   1917.35484175887     
   1917.35484175887     
   1940.78678456379     
   1940.78678456379     
   1940.78678456379     
   1940.78678456379     
   1929.58162760149     
   1929.58162760149     
   1929.58162760149     
   1929.58162760149     
   1920.43070502394     
   1920.43070502394     
   1920.43070502394     
   1920.43070502394     
   1888.56857336529     
   1888.56857336529     
   1888.56857336529     
   1888.56857336529     
   1865.12188410685     
   1865.12188410685     
   1865.12188410685     
   1865.12188410685     
   1759.88139015472     
   1759.88139015472     
   1759.88139015472     
   1759.88139015472     
   1350.97112394364     
   1350.97112394364     
   1350.97112394364     
   1350.97112394364     
   1438.26275413784     
   1438.26275413784     
   1438.26275413784     
   1438.26275413784     
   1563.22427426125     
   1563.22427426125     
   1563.22427426125     
   1563.22427426125     
   1503.66000000000     
   1515.04116655799     
   1515.04116655799     
   1515.04116655799     
   1448.65839698594     
   1448.65839698594     
   1448.65839698594     
   1448.65839698594     
   1366.14000000000     
   1366.14000000000     
   1378.76849403690     
   1378.76849403690     
   1241.12000000000     
   1291.11836136900     
   1291.11836136900     
   1291.11836136900     
   1236.49942233702     
   1236.49942233702     
   1236.49942233702     
   1236.49942233702     
   844.790000000000     
   886.485649643140     
   886.485649643140     
   844.790000000000     
   1006.46631828184     
   1006.46631828184     
   1006.46631828184     
   1006.46631828184     
   1103.75911765211     
   1103.75911765211     
   1103.75911765211     
   1103.75911765211     
   1024.13000000000     
   1060.29167868470     
   1060.29167868470     
   1060.29167868470     
   979.346429178773     
   979.346429178773     
   979.346429178773     
   979.346429178773     
   955.202558397561     
   955.202558397561     
   955.202558397561     
   955.202558397561     
 <EndGridData2D>
