COMENT1                 : Automatic Generated Grid Data File
COMENT2                 : Based On ../../../GeneralData/Bathymetry/ZLT_Lvl3_2000m_smooth_v01.dat
 
 
 ILB_IUB    :           1          52
 JLB_JUB    :           1          86
 COORD_TIP  :           4
 ORIGIN     :  -29.4813278008299        38.1272727272727     
 GRID_ANGLE :  0.000000000000000E+000
 LATITUDE   :   38.0000000000000     
 LONGITUDE  :  -28.5000000000000     
 FILL_VALUE :  -99.0000000000000     
 
 
 <BeginXX>
  0.000000000000000E+000
  2.282157676348362E-002
  4.564315352696724E-002
  6.846473029045441E-002
  9.128630705394158E-002
  0.114107883817425     
  0.136929460580909     
  0.159751037344396     
  0.182572614107883     
  0.205394190871367     
  0.228215767634854     
  0.251037344398341     
  0.273858921161825     
  0.296680497925308     
  0.319502074688796     
  0.342323651452283     
  0.365145228215766     
  0.387966804979250     
  0.410788381742737     
  0.433609958506224     
  0.456431535269708     
  0.479253112033192     
  0.502074688796679     
  0.524896265560166     
  0.547717842323650     
  0.570539419087133     
  0.593360995850620     
  0.616182572614107     
  0.639004149377591     
  0.661825726141075     
  0.684647302904562     
  0.707468879668049     
  0.730290456431533     
  0.753112033195016     
  0.775933609958503     
  0.798755186721991     
  0.821576763485474     
  0.844398340248958     
  0.867219917012445     
  0.890041493775932     
  0.912863070539416     
  0.935684647302903     
  0.958506224066390     
  0.981327800829874     
   1.00414937759336     
   1.02697095435684     
   1.04979253112033     
   1.07261410788382     
   1.09543568464730     
   1.11825726141079     
   1.14107883817427     
   1.16390041493776     
   1.18672199170124     
   1.20954356846473     
   1.23236514522821     
   1.25518672199170     
   1.27800829875519     
   1.30082987551867     
   1.32365145228216     
   1.34647302904564     
   1.36929460580913     
   1.39211618257261     
   1.41493775933610     
   1.43775933609958     
   1.46058091286307     
   1.48340248962656     
   1.50622406639004     
   1.52904564315352     
   1.55186721991701     
   1.57468879668050     
   1.59751037344398     
   1.62033195020746     
   1.64315352697095     
   1.66597510373444     
   1.68879668049792     
   1.71161825726141     
   1.73443983402489     
   1.75726141078838     
   1.78008298755186     
   1.80290456431535     
   1.82572614107884     
   1.84854771784232     
   1.87136929460581     
   1.89419087136929     
   1.91701244813278     
   1.93983402489626     
   1.96265560165975     
 <EndXX>
 <BeginYY>
  0.000000000000000E+000
  1.818181818181586E-002
  3.636363636363882E-002
  5.454545454546178E-002
  7.272727272727764E-002
  9.090909090909349E-002
  0.109090909090909     
  0.127272727272725     
  0.145454545454548     
  0.163636363636371     
  0.181818181818187     
  0.200000000000003     
  0.218181818181819     
  0.236363636363635     
  0.254545454545458     
  0.272727272727280     
  0.290909090909096     
  0.309090909090912     
  0.327272727272728     
  0.345454545454544     
  0.363636363636367     
  0.381818181818183     
  0.399999999999999     
  0.418181818181822     
  0.436363636363637     
  0.454545454545453     
  0.472727272727276     
  0.490909090909092     
  0.509090909090908     
  0.527272727272731     
  0.545454545454547     
  0.563636363636363     
  0.581818181818186     
  0.600000000000001     
  0.618181818181817     
  0.636363636363640     
  0.654545454545456     
  0.672727272727272     
  0.690909090909095     
  0.709090909090911     
  0.727272727272727     
  0.745454545454550     
  0.763636363636365     
  0.781818181818181     
  0.800000000000004     
  0.818181818181820     
  0.836363636363636     
  0.854545454545459     
  0.872727272727275     
  0.890909090909091     
  0.909090909090914     
  0.927272727272729     
  0.945454545454545     
 <EndYY>
 <BeginGridData2D>
   2596.30866279646     
   2596.30866279646     
   1619.33934107837     
   1619.33934107837     
   930.190000000000     
   930.190000000000     
   561.088656378323     
   561.088656378323     
   632.380000000000     
   632.380000000000     
   795.761136066115     
   795.761136066115     
   574.030000000000     
   574.030000000000     
   252.757021128921     
   252.757021128921     
   378.461340756618     
   378.461340756618     
   414.239075498602     
   414.239075498602     
   462.956181711497     
   462.956181711497     
   520.980000000000     
   520.980000000000     
   767.150000000000     
   767.150000000000     
   893.130617034553     
   893.130617034553     
   981.431116807764     
   981.431116807764     
   844.790000000000     
   844.790000000000     
   1186.87742850373     
   1186.87742850373     
   1267.35762504467     
   1267.35762504467     
   1003.55316183802     
   1003.55316183802     
   907.859972528808     
   907.859972528808     
   929.013103622876     
   929.013103622876     
   1126.49591165674     
   1126.49591165674     
   1241.12000000000     
   1241.12000000000     
   1441.28164292500     
   1441.28164292500     
   1654.93000000000     
   1654.93000000000     
   1821.32000000000     
   1821.32000000000     
   1832.07499896302     
   1832.07499896302     
   1835.79871418045     
   1835.79871418045     
   1837.25135424717     
   1837.25135424717     
   1833.19376469075     
   1821.32000000000     
   1846.09364901078     
   1846.09364901078     
   1835.62234936736     
   1835.62234936736     
   1833.48662085001     
   1833.48662085001     
   1832.78475837265     
   1832.78475837265     
   1821.32000000000     
   1821.32000000000     
   1821.32000000000     
   1821.32000000000     
   1796.82424210638     
   1796.82424210638     
   1782.62786332031     
   1782.62786332031     
   1731.10441959357     
   1731.10441959357     
   1620.50038099065     
   1620.50038099065     
   1562.71725603253     
   1562.71725603253     
   1241.12000000000     
   1241.12000000000     
   1127.46000000000     
   1127.46000000000     
   2655.86306177149     
   1933.43776129955     
   1343.73033713837     
   1241.12000000000     
   822.657981437999     
   767.150000000000     
   608.173525259522     
   604.973090551826     
   622.901952747182     
   632.380000000000     
   696.560000000000     
   696.560000000000     
   574.030000000000     
   552.332169018243     
   319.820000000000     
   389.030000000000     
   428.900000000000     
   389.030000000000     
   428.900000000000     
   411.893866671465     
   389.030000000000     
   389.030000000000     
   428.900000000000     
   428.900000000000     
   632.380000000000     
   696.560000000000     
   844.790000000000     
   997.456445177282     
   1077.18821332334     
   1109.22203537410     
   1024.13000000000     
   1024.13000000000     
   1241.12000000000     
   1241.12000000000     
   1207.99271562122     
   1024.13000000000     
   928.321770639665     
   990.016377155235     
   1024.13000000000     
   1127.46000000000     
   1241.12000000000     
   1241.12000000000     
   1320.76826658422     
   1316.82648333830     
   1366.14000000000     
   1366.14000000000     
   1487.48978648238     
   1485.55092995927     
   1654.93000000000     
   1654.93000000000     
   1816.85329095445     
   1820.91314449014     
   1821.32000000000     
   1821.32000000000     
   1831.04464749259     
   1821.32000000000     
   1833.29223950184     
   1831.11493268364     
   1821.32000000000     
   1821.32000000000     
   1838.18163085042     
   1838.05962289795     
   1832.78570109082     
   1834.11556867222     
   1833.34935985812     
   1831.72900592915     
   1821.32000000000     
   1821.32000000000     
   1821.32000000000     
   1819.11497657795     
   1816.74781285841     
   1792.93475945458     
   1744.05536470690     
   1735.90619726850     
   1654.93000000000     
   1720.15085425667     
   1640.83097791653     
   1503.66000000000     
   1366.14000000000     
   1127.46000000000     
   1187.66538041539     
   1127.46000000000     
   930.190000000000     
   1080.02189762847     
   1189.07983839833     
   1482.39111315336     
   1786.24715533278     
   1366.14000000000     
   1017.91966347221     
   696.560000000000     
   734.431210045641     
   682.153971651706     
   696.560000000000     
   688.590217350747     
   696.560000000000     
   745.962616458862     
   743.202664283298     
   696.560000000000     
   680.025705327464     
   632.380000000000     
   687.766359237172     
   681.510644752783     
   632.380000000000     
   606.387509157103     
   520.980000000000     
   319.820000000000     
   205.972847556427     
   215.290000000000     
   237.820000000000     
   289.850000000000     
   288.670832175211     
   372.780103110637     
   674.934387044417     
   985.412864045730     
   1213.47803179697     
   1241.12000000000     
   1241.12000000000     
   1305.89612536041     
   1335.74477747248     
   1366.14000000000     
   1241.12000000000     
   1311.42703486490     
   1127.46000000000     
   1366.14000000000     
   1503.66000000000     
   1654.42577389360     
   1682.76899302553     
   1697.69541978026     
   1716.09372586648     
   1709.63248760644     
   1654.93000000000     
   1653.12189003423     
   1609.72394750041     
   1647.19953107264     
   1654.93000000000     
   1759.39598819653     
   1805.13713988826     
   1811.49696370695     
   1813.66937734624     
   1812.15058115349     
   1821.32000000000     
   1818.04442798437     
   1821.32000000000     
   1821.32000000000     
   1821.32000000000     
   1830.81631256453     
   1831.47365896983     
   1830.79015564694     
   1830.50150496289     
   1832.20720258609     
   1821.32000000000     
   1821.32000000000     
   1821.32000000000     
   1821.32000000000     
   1818.86600644330     
   1809.45016057410     
   1759.74441650797     
   1503.66000000000     
   1503.66000000000     
   1503.66000000000     
   1503.66000000000     
   1457.30790726989     
   1241.12000000000     
   843.567578423410     
   691.866082429287     
   767.150000000000     
   740.759521495998     
   621.285406557234     
   1091.58113387882     
   1366.14000000000     
   1550.28818383184     
   1581.88788936725     
   1786.24715533278     
   1366.14000000000     
   732.377908130501     
   718.015500319248     
   719.210746130301     
   723.434330991589     
   727.624881633589     
   732.402743701454     
   748.140152075961     
   763.201046598556     
   767.150000000000     
   767.150000000000     
   763.810124191280     
   764.106335541361     
   749.599489554943     
   696.560000000000     
   669.093047828249     
   574.030000000000     
   472.750000000000     
   262.600000000000     
   194.800000000000     
   159.230000000000     
   215.290000000000     
   289.850000000000     
   352.780000000000     
   352.003296171211     
   504.664749376875     
   895.770022171237     
   1020.82508153150     
   1241.12000000000     
   1328.65010582496     
   1336.71351535113     
   1354.76150607800     
   1330.59642805643     
   1360.26036638641     
   1491.21952891086     
   1491.65567000569     
   1503.66000000000     
   1581.47274559397     
   1611.86367505158     
   1654.93000000000     
   1702.93514299958     
   1722.37735485899     
   1735.73485823061     
   1809.68586705918     
   1654.93000000000     
   1654.93000000000     
   1818.94801797997     
   1811.65104298895     
   1816.87253349995     
   1812.74596210899     
   1800.74746700932     
   1803.76667289802     
   1802.45377863963     
   1806.40231336676     
   1807.04111870096     
   1808.88369843507     
   1821.32000000000     
   1821.32000000000     
   1821.32000000000     
   1831.84530317189     
   1821.32000000000     
   1820.70193330503     
   1821.32000000000     
   1821.32000000000     
   1821.32000000000     
   1821.32000000000     
   1817.94102534792     
   1808.54065451134     
   1770.62299883588     
   1606.94246219057     
   1454.03636130220     
   1361.08253272322     
   1241.12000000000     
   1191.71020268462     
   930.190000000000     
   767.150000000000     
   376.903228905984     
   632.352026205727     
   503.419962446864     
   892.374592518890     
   1211.10713560659     
   1478.29806253696     
   1503.66000000000     
   1576.37315415610     
   1581.88788936725     
   1008.92147652913     
   922.957294971092     
   696.560000000000     
   734.292360712858     
   694.342102850510     
   728.543675571262     
   696.560000000000     
   744.564414563546     
   696.560000000000     
   791.838406117083     
   807.373079269418     
   819.451782965835     
   826.195718097580     
   822.395908898980     
   767.150000000000     
   767.150000000000     
   693.516286085110     
   574.030000000000     
   466.484492585436     
   283.790145337083     
   226.586548470603     
   173.734596126840     
   194.800000000000     
   194.800000000000     
   389.030000000000     
   513.968647071542     
   694.162351337191     
   930.190000000000     
   1224.85674403397     
   1359.88199130440     
   1356.54440753106     
   1352.39938878898     
   1356.03759537236     
   1366.14000000000     
   1480.88265364292     
   1494.91905970891     
   1503.66000000000     
   1602.33303172694     
   1635.97419348113     
   1647.27608042043     
   1654.93000000000     
   1618.83274019530     
   1439.79037203914     
   1642.17638777700     
   1654.93000000000     
   1821.32000000000     
   1784.40686723502     
   1803.62908663023     
   1810.31925692278     
   1807.80951224592     
   1793.62340737338     
   1785.64450809312     
   1787.39826978862     
   1788.14102754706     
   1789.95844124367     
   1796.81496272902     
   1803.19569785746     
   1818.83585447351     
   1821.32000000000     
   1821.32000000000     
   1821.32000000000     
   1821.32000000000     
   1821.32000000000     
   1807.39306804677     
   1780.76680750829     
   1820.81637806128     
   1813.76623104928     
   1806.25744187423     
   1811.54851105766     
   1654.93000000000     
   1503.66000000000     
   1364.54443744207     
   1233.96063325862     
   844.790000000000     
   608.942618235497     
   350.289255228545     
   388.715594282157     
   632.380000000000     
   677.010699507093     
   906.741845952672     
   1310.31916776975     
   1452.25404329249     
   1538.80055510009     
   1558.68498967671     
   1590.17417211029     
   1604.68022851405     
   1008.92147652913     
   844.790000000000     
   694.382987294391     
   604.706543373570     
   625.329499957502     
   692.444943057313     
   744.861884134692     
   765.046717173088     
   743.020563654254     
   799.060142798430     
   828.906205810235     
   844.790000000000     
   844.790000000000     
   844.790000000000     
   844.790000000000     
   767.150000000000     
   686.417839330613     
   607.512124922172     
   389.030000000000     
   319.820000000000     
   309.494449455765     
   520.980000000000     
   313.348138449816     
   262.600000000000     
   352.327690849962     
   625.523805940157     
   926.673499093907     
   1127.46000000000     
   1294.73807761054     
   1334.32704945124     
   1346.62648396751     
   1349.33741984389     
   1346.46983283157     
   1366.14000000000     
   1366.14000000000     
   1503.66000000000     
   1567.13580376482     
   1611.04161947455     
   1200.71795248590     
   1323.24972982121     
   1024.13000000000     
   1241.12000000000     
   1489.76979260256     
   1646.72865187864     
   1847.73389711372     
   1821.32000000000     
   1815.21410755148     
   1820.82816897341     
   1815.81747616237     
   1801.06911953787     
   1754.88193384249     
   1761.33186591684     
   1750.41176984477     
   1757.10916640050     
   1766.86106328490     
   1791.16855419915     
   1803.49149570744     
   1807.32841434610     
   1798.77211396941     
   1804.55894051860     
   1806.00090808516     
   1654.93000000000     
   1803.07287036328     
   1805.88038241024     
   1808.00162475942     
   1804.04267527411     
   1794.78027697963     
   1763.49250706053     
   1654.93000000000     
   1624.62403740643     
   1497.56523418201     
   1241.12000000000     
   826.344169701616     
   767.150000000000     
   308.938588866074     
   520.980000000000     
   574.030000000000     
   737.115784361519     
   844.790000000000     
   1127.46000000000     
   1470.67723230061     
   1503.66000000000     
   1547.82149294871     
   1561.63440516096     
   1588.20836197458     
   1604.68022851405     
   930.190000000000     
   757.614900077323     
   520.980000000000     
   616.631102767463     
   696.560000000000     
   757.763128665568     
   767.150000000000     
   767.150000000000     
   792.127541886181     
   767.150000000000     
   828.973501035212     
   896.245379602457     
   930.190000000000     
   930.190000000000     
   892.752328896840     
   767.150000000000     
   696.560000000000     
   696.560000000000     
   574.030000000000     
   746.367525528113     
   812.631903423141     
   1011.87046565588     
   844.790000000000     
   632.380000000000     
   520.980000000000     
   428.900000000000     
   930.190000000000     
   1127.46000000000     
   1084.81416674922     
   1241.12000000000     
   1309.32481330268     
   1308.32255946963     
   1322.28122637093     
   1327.95146353424     
   1366.14000000000     
   1366.14000000000     
   1366.14000000000     
   1024.13000000000     
   1091.88928023328     
   1024.13000000000     
   1241.12000000000     
   1366.14000000000     
   1625.83099531267     
   1833.51727683261     
   1844.82229728899     
   1843.44527334341     
   1838.18225291384     
   1821.32000000000     
   1777.47763971129     
   1732.99926818190     
   1654.93000000000     
   1720.59525743404     
   1728.52534739292     
   1741.43539362340     
   1764.05430697874     
   1782.23351152741     
   1799.90938884320     
   1790.28150877880     
   1792.63122457483     
   1790.20463216990     
   1821.32000000000     
   1779.13011673779     
   1794.15292785017     
   1788.66409060374     
   1783.32559048531     
   1786.84233094887     
   1785.45508373103     
   1757.72724628317     
   1654.93000000000     
   1503.66000000000     
   1241.12000000000     
   844.790000000000     
   844.790000000000     
   696.560000000000     
   560.717335344798     
   694.928406198154     
   632.380000000000     
   844.790000000000     
   1241.12000000000     
   1433.59273763128     
   1473.05706267659     
   1529.01440115196     
   1541.84807792904     
   1556.09138769554     
   1585.59618159415     
   1604.60026490921     
   930.190000000000     
   751.332697225900     
   607.336555473817     
   680.706036947317     
   767.150000000000     
   830.407023270825     
   767.150000000000     
   767.150000000000     
   799.417926370347     
   767.150000000000     
   844.790000000000     
   905.551188554334     
   953.074293792536     
   970.829998086977     
   917.647363991882     
   767.150000000000     
   740.019883409061     
   696.560000000000     
   1241.12000000000     
   1366.14000000000     
   1357.63245648582     
   1322.70454409910     
   1235.20105779755     
   1127.46000000000     
   930.190000000000     
   824.856464284321     
   807.319079758662     
   632.380000000000     
   563.699630664999     
   844.790000000000     
   1003.29058520854     
   1003.97821852296     
   767.150000000000     
   759.781642948985     
   836.953987345748     
   844.790000000000     
   844.790000000000     
   844.790000000000     
   930.190000000000     
   1024.13000000000     
   1117.20346752372     
   1127.46000000000     
   1127.46000000000     
   1366.14000000000     
   1503.66000000000     
   1632.25407729890     
   1639.23335069651     
   1590.50957953679     
   1491.92744207898     
   1586.74520202106     
   1623.49056202760     
   1654.93000000000     
   1705.03023759001     
   1729.57983609834     
   1748.44682101855     
   1759.64857800233     
   1765.22356241562     
   1763.62942370122     
   1763.32875206582     
   1754.36325510715     
   1654.93000000000     
   1741.57270961334     
   1755.73762041313     
   1770.11728957241     
   1769.84291767497     
   1769.93898903891     
   1763.71331822158     
   1654.93000000000     
   1631.13163148289     
   1366.14000000000     
   844.790000000000     
   574.030000000000     
   732.863274522648     
   632.380000000000     
   472.750000000000     
   757.212872968426     
   1127.46000000000     
   1366.14000000000     
   1430.77004258376     
   1453.30499435719     
   1503.66000000000     
   1535.47041918539     
   1548.54086721380     
   1559.21792007921     
   1587.55624928694     
   1604.60026490921     
   1127.46000000000     
   844.790000000000     
   696.560000000000     
   767.150000000000     
   826.747243158391     
   836.622553541077     
   844.790000000000     
   844.790000000000     
   767.150000000000     
   696.560000000000     
   811.289113609517     
   899.582150099605     
   962.549040171294     
   978.122574613471     
   999.394330288675     
   749.840410739660     
   844.790000000000     
   1127.46000000000     
   1445.10028029514     
   1449.52004917872     
   1436.06244173030     
   1411.04999941482     
   1333.38125410193     
   1241.12000000000     
   1096.09469500231     
   520.980000000000     
   417.213418937208     
   462.704306371509     
   632.380000000000     
   1013.35800440128     
   914.778071865525     
   890.267049573796     
   767.150000000000     
   830.315311650868     
   830.315311650868     
   844.790000000000     
   900.211264616938     
   1024.13000000000     
   1122.76522781039     
   1122.76522781039     
   992.659972393733     
   1024.11596709358     
   1024.13000000000     
   1086.61768983466     
   928.387794370533     
   1024.13000000000     
   1106.59811731706     
   1241.12000000000     
   1448.47115871592     
   1503.66000000000     
   1616.23240133644     
   1654.93000000000     
   1693.20045125496     
   1718.19321416914     
   1733.50089852442     
   1737.73243794805     
   1742.58858261823     
   1736.85114041830     
   1731.31500110325     
   1654.93000000000     
   1687.22590325458     
   1703.44347992644     
   1721.62217728884     
   1745.40657940091     
   1757.59804688766     
   1766.16192925901     
   1750.29461101481     
   1704.47499358908     
   1592.62259174324     
   1127.46000000000     
   844.790000000000     
   767.150000000000     
   696.560000000000     
   696.560000000000     
   815.713383609781     
   930.190000000000     
   1241.12000000000     
   1455.11709493104     
   1474.46658257464     
   1488.56038335218     
   1503.66000000000     
   1536.99123990971     
   1551.78220656518     
   1562.42078325167     
   1597.22402117130     
   1621.12214792387     
   1127.46000000000     
   930.190000000000     
   767.150000000000     
   844.790000000000     
   897.032405054421     
   842.756421677478     
   844.790000000000     
   991.735491166330     
   832.748760928246     
   696.560000000000     
   762.243203175942     
   815.924777692233     
   930.190000000000     
   1005.13514322776     
   1024.13000000000     
   930.190000000000     
   1241.12000000000     
   1366.14000000000     
   1470.81745808996     
   1463.15661834808     
   1450.11472082991     
   1411.20687826138     
   1127.46000000000     
   918.861719052668     
   694.880116182899     
   516.861246190765     
   520.980000000000     
   910.287348429025     
   1077.83109215718     
   1089.59047970488     
   922.294162318749     
   574.030000000000     
   472.750000000000     
   574.030000000000     
   822.483674217522     
   967.012684910879     
   994.190073269787     
   755.022009357006     
   830.935732897774     
   907.237770324668     
   910.217963488510     
   738.972100088907     
   735.751870926092     
   504.724637576056     
   825.757480810410     
   1024.13000000000     
   1127.46000000000     
   1241.12000000000     
   1366.14000000000     
   1503.66000000000     
   1607.03632180203     
   1629.55631866782     
   1654.93000000000     
   1654.93000000000     
   1654.93000000000     
   1646.00596204975     
   1654.93000000000     
   1654.93000000000     
   1654.93000000000     
   1654.93000000000     
   1679.87892009327     
   1695.19895725147     
   1723.81463869062     
   1739.01185685652     
   1731.02970960570     
   1747.19995172748     
   1736.02442017699     
   1626.98586552937     
   1366.14000000000     
   1009.96157835841     
   767.150000000000     
   678.717407592613     
   763.860540793376     
   763.860540793376     
   930.190000000000     
   1241.12000000000     
   1419.85830756605     
   1455.12894966744     
   1495.92019746281     
   1503.66000000000     
   1530.92545765047     
   1533.29955510706     
   1553.25065410087     
   1558.73174119702     
   1601.27176043764     
   1621.12214792387     
   1241.12000000000     
   1108.96921213340     
   910.048408101195     
   903.150990039576     
   1024.13000000000     
   1066.78995223865     
   1092.16669894083     
   1002.29989458733     
   911.925451683426     
   673.759312578714     
   696.429090042548     
   766.887382160935     
   830.205879523150     
   977.430934144611     
   1024.13000000000     
   1093.38306540850     
   1363.40847796857     
   1468.47100671756     
   1470.90394601727     
   1459.14537950816     
   1446.62218312188     
   1366.14000000000     
   1024.13000000000     
   767.150000000000     
   605.987965985942     
   762.781274115631     
   1090.84890122115     
   1192.69505949632     
   1223.83827224659     
   696.560000000000     
   547.748668051583     
   472.750000000000     
   520.980000000000     
   520.980000000000     
   696.560000000000     
   696.560000000000     
   686.433107830963     
   690.255867167977     
   574.030000000000     
   502.850004100371     
   464.229914320649     
   520.980000000000     
   574.030000000000     
   632.380000000000     
   737.841805290644     
   930.190000000000     
   1090.96514881731     
   1241.12000000000     
   1366.14000000000     
   1503.66000000000     
   1503.66000000000     
   1588.56853327301     
   1599.15588277399     
   1503.66000000000     
   1503.66000000000     
   1475.06311230313     
   1602.59709188439     
   1602.31153429070     
   1591.17030233747     
   1634.72113125778     
   1584.68800604038     
   1620.83294787605     
   1613.58979768166     
   1654.93000000000     
   1695.20272990256     
   1710.79536459400     
   1654.93000000000     
   1599.90048666688     
   1127.46000000000     
   985.604696267275     
   696.560000000000     
   574.030000000000     
   632.380000000000     
   844.790000000000     
   1105.15477729149     
   1366.14000000000     
   1464.61590468274     
   1487.30240655883     
   1524.10485470600     
   1531.58326071581     
   1540.89747549545     
   1544.32689135866     
   1547.81131271445     
   1503.66000000000     
   1613.96943856496     
   1653.30180150533     
   1241.12000000000     
   1236.08926635631     
   1014.38744922382     
   930.190000000000     
   1016.99695575280     
   918.399565915485     
   1116.69774186871     
   1207.25178973920     
   1241.12000000000     
   844.790000000000     
   696.560000000000     
   696.560000000000     
   696.560000000000     
   925.331276930546     
   1024.13000000000     
   1117.05135635654     
   1451.89892025877     
   1454.47848211404     
   1366.14000000000     
   1341.70736254386     
   1214.06865382237     
   1114.88934880787     
   920.916649654603     
   930.190000000000     
   978.302390141831     
   1024.13000000000     
   1127.46000000000     
   1206.99139389361     
   930.190000000000     
   668.328385162278     
   574.030000000000     
   572.792954546384     
   520.980000000000     
   574.030000000000     
   733.237574884002     
   615.871108439149     
   501.554412623022     
   352.780000000000     
   428.900000000000     
   472.750000000000     
   520.980000000000     
   664.494751941932     
   696.560000000000     
   761.610451227549     
   826.542191693403     
   930.190000000000     
   1105.21928205751     
   1241.12000000000     
   1366.14000000000     
   1366.14000000000     
   1457.06470427251     
   1307.63212991582     
   1324.78912433047     
   1241.12000000000     
   1127.46000000000     
   1366.00942855789     
   1467.54789846050     
   1366.14000000000     
   1449.43559314592     
   1448.90258727506     
   1503.66000000000     
   1574.55442695085     
   1592.98047082836     
   1630.01809490557     
   1617.60356122333     
   1609.76174856990     
   1503.66000000000     
   1366.14000000000     
   993.866948176947     
   736.696016780578     
   574.030000000000     
   605.965665921853     
   901.576051939193     
   1127.46000000000     
   1348.23260578500     
   1482.29178695400     
   1496.52275187673     
   1523.75438870265     
   1532.44290609047     
   1543.32697977011     
   1552.86428409715     
   1559.50996810478     
   1559.20248668186     
   1581.91379477473     
   1626.82437023555     
   1653.30180150533     
   1366.14000000000     
   1420.87516410215     
   1366.14000000000     
   930.190000000000     
   930.190000000000     
   842.914891944379     
   1001.02458068784     
   1198.69633360103     
   1449.35292027103     
   1230.52725020444     
   767.150000000000     
   696.560000000000     
   767.061670800281     
   908.932571249572     
   930.190000000000     
   1127.46000000000     
   1127.46000000000     
   1088.24196190504     
   930.190000000000     
   767.150000000000     
   574.030000000000     
   389.030000000000     
   555.127559434703     
   574.030000000000     
   679.870420697418     
   930.190000000000     
   1024.13000000000     
   1127.46000000000     
   738.336150336849     
   574.030000000000     
   563.890223854068     
   520.980000000000     
   557.402146485751     
   632.380000000000     
   736.661404227260     
   630.135481644109     
   502.947286752326     
   518.468134134991     
   572.777101303157     
   618.271285962993     
   673.749474024868     
   733.637491655472     
   767.150000000000     
   818.719547224327     
   844.790000000000     
   1024.13000000000     
   1127.46000000000     
   1309.05814857704     
   1366.14000000000     
   1366.14000000000     
   1364.51540413014     
   1330.64236966897     
   767.150000000000     
   632.380000000000     
   632.380000000000     
   1024.13000000000     
   1241.12000000000     
   1241.12000000000     
   1321.51766510074     
   1409.68465268792     
   1440.85154893125     
   1452.98023795250     
   1366.14000000000     
   1352.81548316446     
   1451.48782137051     
   1366.14000000000     
   1187.05543224000     
   977.938735244132     
   632.380000000000     
   574.030000000000     
   517.200854468814     
   920.453630716855     
   1204.84973813962     
   1366.14000000000     
   1485.87411582990     
   1463.32717835539     
   1503.66000000000     
   1537.81291022274     
   1544.45613891456     
   1555.41440750019     
   1559.24277177901     
   1562.70658227202     
   1570.49003483735     
   1588.51372623336     
   1614.64000116335     
   1640.97179395369     
   1366.14000000000     
   1454.62311376671     
   1503.66000000000     
   1362.29387989882     
   1024.13000000000     
   979.623465803032     
   920.370866246783     
   1355.12798039137     
   1503.66000000000     
   1456.86674173738     
   930.190000000000     
   739.134069693457     
   844.790000000000     
   1099.43770639820     
   1366.14000000000     
   1127.46000000000     
   1108.49139778678     
   1024.13000000000     
   928.861290707112     
   844.790000000000     
   930.190000000000     
   1013.87406737103     
   1009.28627107184     
   912.624689019502     
   903.854075102770     
   673.757823020953     
   930.190000000000     
   767.150000000000     
   564.187216750206     
   569.719243054582     
   520.980000000000     
   520.980000000000     
   569.778263348893     
   693.465144694740     
   696.560000000000     
   615.894423172355     
   614.287319326822     
   624.729754787884     
   674.717557724811     
   696.560000000000     
   767.150000000000     
   767.150000000000     
   831.454446540734     
   887.706407040949     
   930.190000000000     
   1006.56945212718     
   1127.46000000000     
   1206.83800283853     
   1237.44669113268     
   1212.15799017440     
   1218.99306036810     
   1120.27268064390     
   825.887879476958     
   215.290000000000     
   85.4100000000000     
   512.781170969254     
   844.790000000000     
   1108.65144407542     
   1127.46000000000     
   1241.12000000000     
   1307.14366201090     
   1208.71400492860     
   1024.13000000000     
   1016.50209664884     
   1024.13000000000     
   897.305617566953     
   761.057036941266     
   574.030000000000     
   412.100829624244     
   389.030000000000     
   767.150000000000     
   1127.46000000000     
   1364.62935654593     
   1366.14000000000     
   1460.74903615774     
   1493.62858575608     
   1503.66000000000     
   1537.25308969825     
   1547.57306746032     
   1552.95956566266     
   1556.68000279990     
   1561.78187848636     
   1568.96555040625     
   1584.17424098278     
   1618.75242871276     
   1640.97179395369     
   1497.26825544298     
   1503.66000000000     
   1654.92729916158     
   1654.93000000000     
   1503.66000000000     
   1127.46000000000     
   1235.10154703234     
   1454.87883852322     
   1639.84060121169     
   1584.87742131608     
   1318.61938665426     
   1024.13000000000     
   1024.13000000000     
   1354.05907988836     
   1628.00046216691     
   1611.26956010918     
   1623.81919442017     
   1608.87431785087     
   1366.14000000000     
   1349.11738688813     
   1366.14000000000     
   1366.14000000000     
   1351.05765537809     
   1299.63440476058     
   1189.01273554724     
   991.300955805497     
   844.790000000000     
   692.785241383835     
   632.380000000000     
   574.030000000000     
   574.030000000000     
   677.632184613728     
   725.087744776418     
   696.560000000000     
   696.560000000000     
   632.380000000000     
   680.038580231903     
   696.560000000000     
   751.548635897878     
   767.150000000000     
   816.686469024220     
   825.992199595547     
   825.992199595547     
   927.410291950967     
   903.233915571751     
   844.790000000000     
   1024.13000000000     
   930.190000000000     
   844.790000000000     
   930.190000000000     
   887.888167837429     
   767.150000000000     
   620.716434775331     
   19.9400000000000     
 -9.900000000000000E+015
 -9.900000000000000E+015
   347.938991738228     
   824.641811944241     
   807.123655336423     
   696.560000000000     
   571.737079661616     
   574.030000000000     
   632.380000000000     
   631.408301593719     
   421.699981255788     
   352.780000000000     
   389.030000000000     
   277.256350522116     
   632.380000000000     
   844.790000000000     
   1024.13000000000     
   1241.12000000000     
   1366.14000000000     
   1427.64978833289     
   1469.09026307585     
   1503.66000000000     
   1537.97922143058     
   1542.46360065615     
   1543.74649428576     
   1548.88238333540     
   1563.92108159817     
   1565.88559951020     
   1571.84912218565     
   1580.37282951655     
   1591.38268262766     
   1590.23295339807     
   1497.26825544298     
   1503.66000000000     
   1717.05334699560     
   1740.91998592505     
   1745.30850641878     
   1503.66000000000     
   1503.66000000000     
   1503.66000000000     
   1654.93000000000     
   1654.93000000000     
   1580.19131838548     
   1462.17596653252     
   1452.32356474322     
   1654.93000000000     
   1654.93000000000     
   1596.09651489029     
   1639.24735332021     
   1609.25327941317     
   1625.95614806625     
   1605.52536117329     
   1591.19481674568     
   1366.14000000000     
   1241.12000000000     
   1127.46000000000     
   1024.13000000000     
   979.532813778937     
   767.150000000000     
   696.560000000000     
   629.357018410681     
   664.900346039108     
   767.150000000000     
   809.968970659125     
   742.726983770293     
   696.560000000000     
   574.030000000000     
   693.091485555013     
   767.150000000000     
   803.011707395682     
   798.107446679301     
   806.468994524392     
   814.473086979975     
   813.943891615560     
   696.560000000000     
   632.380000000000     
   618.109709459008     
   520.980000000000     
   472.750000000000     
   428.900000000000     
   262.600000000000     
   237.820000000000     
   215.290000000000     
  -1.73000000000000     
   105.520000000000     
 -9.900000000000000E+015
 -9.900000000000000E+015
 -9.900000000000000E+015
 -9.900000000000000E+015
 -9.900000000000000E+015
 -9.900000000000000E+015
 -9.900000000000000E+015
 -9.900000000000000E+015
 -9.900000000000000E+015
 -9.900000000000000E+015
   33.9793400272344     
   213.640224580160     
   253.962004882803     
   336.639773157380     
   462.479971445805     
   930.190000000000     
   1127.46000000000     
   1313.21801575975     
   1365.95838541510     
   1417.69606743579     
   1445.16038012052     
   1511.82876690948     
   1513.51049926165     
   1503.66000000000     
   1524.48374043378     
   1503.66000000000     
   1503.66000000000     
   1544.42741488118     
   1562.53079954901     
   1572.01909613330     
   1573.32935602891     
   1585.70042146235     
   1590.23295339807     
   1693.03171505439     
   1702.28203965206     
   1739.11401423815     
   1764.18524606576     
   1813.14847789657     
   1821.32000000000     
   1639.35936118140     
   1843.39026534788     
   1806.42223995421     
   1743.90785990407     
   1713.02162674498     
   1701.52242324641     
   1716.23413806126     
   1652.03103009312     
   1498.39559049466     
   1366.14000000000     
   1591.34730176518     
   1654.93000000000     
   1502.49576448576     
   1563.16097318648     
   1348.82495287290     
   1127.46000000000     
   1127.46000000000     
   1024.13000000000     
   930.190000000000     
   831.250058850910     
   767.150000000000     
   743.435864450980     
   820.784665449746     
   920.485010213548     
   842.103680005935     
   829.103160771663     
   767.150000000000     
   671.910740259375     
   632.380000000000     
   747.081376036059     
   788.006550525460     
   801.763452129362     
   794.680594015623     
   767.150000000000     
   767.150000000000     
   696.560000000000     
   632.380000000000     
   472.750000000000     
   172.038575178860     
 -9.900000000000000E+015
 -9.900000000000000E+015
 -9.900000000000000E+015
 -9.900000000000000E+015
 -9.900000000000000E+015
 -9.900000000000000E+015
 -9.900000000000000E+015
 -9.900000000000000E+015
 -9.900000000000000E+015
 -9.900000000000000E+015
 -9.900000000000000E+015
 -9.900000000000000E+015
 -9.900000000000000E+015
 -9.900000000000000E+015
 -9.900000000000000E+015
 -9.900000000000000E+015
 -9.900000000000000E+015
 -9.900000000000000E+015
  0.000000000000000E+000
   287.690070908398     
   498.551991949162     
   758.601301943835     
   930.190000000000     
   1127.46000000000     
   1334.62753983729     
   1366.14000000000     
   1435.03857372836     
   1457.75162990713     
   1471.33250049585     
   1459.98540180721     
   1456.08028027048     
   1468.17871313406     
   1486.77456002902     
   1493.83546785882     
   1503.66000000000     
   1548.54197930277     
   1564.54387450336     
   1578.81927471699     
   1580.30094478631     
   1566.38982046328     
   1547.31469587393     
   1654.93000000000     
   1731.68649326612     
   1774.15739940284     
   1763.10070290697     
   1801.09642519878     
   1821.32000000000     
   1891.74008853584     
   1859.96681516535     
   1808.51886499411     
   1768.29088349179     
   1744.17259402847     
   1503.66000000000     
   1503.66000000000     
   1791.69688731649     
   1654.93000000000     
   1777.58411040131     
   1729.18297367329     
   1640.84544002545     
   1503.66000000000     
   1497.20680039568     
   1220.99073568510     
   1101.61933152508     
   1123.72487813820     
   990.236855017897     
   767.150000000000     
   632.380000000000     
   828.649319375135     
   930.190000000000     
   930.190000000000     
   930.190000000000     
   896.411323778658     
   844.790000000000     
   696.560000000000     
   690.328035073072     
   760.588128034542     
   777.589723365714     
   778.136152185005     
   767.150000000000     
   767.150000000000     
   696.560000000000     
   632.380000000000     
   550.771872972758     
   100.744950881067     
 -9.900000000000000E+015
 -9.900000000000000E+015
 -9.900000000000000E+015
 -9.900000000000000E+015
 -9.900000000000000E+015
 -9.900000000000000E+015
 -9.900000000000000E+015
 -9.900000000000000E+015
 -9.900000000000000E+015
 -9.900000000000000E+015
 -9.900000000000000E+015
 -9.900000000000000E+015
 -9.900000000000000E+015
 -9.900000000000000E+015
 -9.900000000000000E+015
 -9.900000000000000E+015
 -9.900000000000000E+015
 -9.900000000000000E+015
 -9.900000000000000E+015
   49.0700000000000     
   472.750000000000     
   751.213498190721     
   930.190000000000     
   1024.13000000000     
   1127.46000000000     
   1241.12000000000     
   1364.53510777603     
   1360.50460359831     
   1357.61758870695     
   1366.14000000000     
   1420.16464613738     
   1431.44270156672     
   1366.14000000000     
   1366.14000000000     
   1436.95590595390     
   1456.16237970757     
   1477.22158962096     
   1503.66000000000     
   1541.17395472718     
   1560.35501864262     
   1570.54945481972     
   1559.72537384691     
   1547.31469587393     
   1797.91691450358     
   1801.56009166156     
   1787.80699465546     
   1752.98793299252     
   1782.15995991714     
   1821.32000000000     
   1863.73625033312     
   1821.32000000000     
   1821.32000000000     
   1798.15174857602     
   1821.32000000000     
   1782.64456790493     
   1821.32000000000     
   1821.32000000000     
   1821.32000000000     
   1775.95046740661     
   1728.26299082400     
   1503.66000000000     
   1449.61984604469     
   1366.14000000000     
   1203.00765197645     
   1024.13000000000     
   1101.59100600906     
   844.790000000000     
   907.329669262836     
   844.790000000000     
   844.790000000000     
   1016.86060427733     
   1024.13000000000     
   930.190000000000     
   930.190000000000     
   844.790000000000     
   837.449686865388     
   812.598907426989     
   767.150000000000     
   520.980000000000     
   749.951180078692     
   748.764193173571     
   605.067238593801     
   518.437157537167     
   319.820000000000     
   209.336823355085     
 -9.900000000000000E+015
 -9.900000000000000E+015
 -9.900000000000000E+015
 -9.900000000000000E+015
 -9.900000000000000E+015
 -9.900000000000000E+015
 -9.900000000000000E+015
 -9.900000000000000E+015
 -9.900000000000000E+015
 -9.900000000000000E+015
 -9.900000000000000E+015
 -9.900000000000000E+015
 -9.900000000000000E+015
 -9.900000000000000E+015
 -9.900000000000000E+015
   261.873923836243     
   237.820000000000     
   289.850000000000     
   520.980000000000     
   520.980000000000     
   767.150000000000     
   844.790000000000     
   993.850145876528     
   1127.46000000000     
   1241.12000000000     
   1318.75184786262     
   1332.28989923968     
   1306.01605311445     
   1024.13000000000     
   1241.12000000000     
   1127.46000000000     
   1024.13000000000     
   1340.61265201850     
   1350.40505916475     
   1366.14000000000     
   1366.14000000000     
   1418.61729155679     
   1459.46771179671     
   1503.66000000000     
   1503.66000000000     
   1564.56735873132     
   1577.00168506559     
   1565.02875803093     
   1540.62276239954     
   1797.91691450358     
   1810.49516130404     
   1783.09279898386     
   1786.48834476266     
   1760.32545056943     
   1757.03432190353     
   1795.72822425508     
   1816.10186732289     
   1799.08126793273     
   1786.58357082054     
   1840.39500737825     
   1857.97345781442     
   1821.32000000000     
   1878.33535462882     
   1864.54748819683     
   1773.34473768191     
   1615.15672087053     
   1447.62794979538     
   1354.18228805052     
   1195.70224181015     
   1078.41129874554     
   1024.13000000000     
   1004.98628326460     
   823.480673332078     
   885.649922901608     
   923.443045819123     
   1024.13000000000     
   1063.92768278627     
   1051.65932374198     
   1023.24392545872     
   930.190000000000     
   844.790000000000     
   767.150000000000     
   696.560000000000     
   674.538994836035     
   679.156517236037     
   679.156517236037     
   518.896218640973     
   520.980000000000     
   349.165912512893     
   335.221050554418     
 -9.900000000000000E+015
 -9.900000000000000E+015
 -9.900000000000000E+015
 -9.900000000000000E+015
 -9.900000000000000E+015
 -9.900000000000000E+015
 -9.900000000000000E+015
 -9.900000000000000E+015
 -9.900000000000000E+015
 -9.900000000000000E+015
 -9.900000000000000E+015
 -9.900000000000000E+015
 -9.900000000000000E+015
 -9.900000000000000E+015
  -1.68758901452593     
   152.185988455378     
   630.806952973573     
   844.790000000000     
   1013.43865090576     
   1024.13000000000     
   1024.13000000000     
   1024.13000000000     
   1127.46000000000     
   1201.19234618453     
   1241.12000000000     
   1291.89505790959     
   1306.66356095035     
   1308.06290096858     
   1285.43374903479     
   1127.46000000000     
   844.790000000000     
   571.346979332856     
   767.150000000000     
   1127.46000000000     
   1241.12000000000     
   1241.12000000000     
   1241.12000000000     
   1241.12000000000     
   1241.12000000000     
   1235.52222591729     
   1239.72496949247     
   1435.50268355208     
   1455.51246856690     
   1550.28319831728     
   1540.62276239954     
   1924.00952157589     
   1880.72466910636     
   1821.03674713844     
   1779.73714907203     
   1727.31657856559     
   1728.14898573200     
   1753.14928548265     
   1760.74417806855     
   1810.84084011034     
   1821.32000000000     
   1821.32000000000     
   1851.45849720100     
   1863.58077680581     
   1850.09121493706     
   1821.32000000000     
   1654.93000000000     
   1483.42540269103     
   1241.12000000000     
   1127.46000000000     
   918.414024376831     
   767.150000000000     
   616.268175158178     
   696.560000000000     
   673.580617844666     
   763.404481314225     
   740.223137767486     
   696.560000000000     
   1048.12195299172     
   898.663601907005     
   978.031664519150     
   911.016704769926     
   736.169240445732     
   551.481693164487     
   428.900000000000     
   518.975386086763     
   564.038117127546     
   428.900000000000     
   194.800000000000     
   253.233579645447     
   159.230000000000     
   94.9900000000000     
 -9.900000000000000E+015
 -9.900000000000000E+015
 -9.900000000000000E+015
 -9.900000000000000E+015
 -9.900000000000000E+015
 -9.900000000000000E+015
 -9.900000000000000E+015
 -9.900000000000000E+015
 -9.900000000000000E+015
 -9.900000000000000E+015
 -9.900000000000000E+015
 -9.900000000000000E+015
  -1.85000000000000     
   94.9900000000000     
   348.751445717525     
   520.980000000000     
   930.190000000000     
   1024.13000000000     
   1123.75511412352     
   1127.46000000000     
   1209.16278733283     
   1205.69752160282     
   1241.12000000000     
   1273.54607910108     
   1295.23078802722     
   1301.63666054572     
   1294.87988703794     
   1241.12000000000     
   1008.83528675407     
   315.515186177090     
   215.290000000000     
   187.851483269743     
   463.018288878793     
   896.806877589378     
   930.190000000000     
   844.790000000000     
   1024.13000000000     
   1010.99141710964     
   767.150000000000     
   696.560000000000     
   889.660688779711     
   767.150000000000     
   1366.14000000000     
   1451.99154822977     
   1366.14000000000     
   1924.00952157589     
   1895.91932331005     
   1821.32000000000     
   1775.04128719421     
   1795.21357666909     
   1752.23996716126     
   1761.33166741081     
   1803.10124441018     
   1821.32000000000     
   1865.83755092992     
   1853.88415842128     
   1821.32000000000     
   1821.32000000000     
   1813.40189759016     
   1755.90175684594     
   1600.91977060140     
   1352.00327095663     
   1024.13000000000     
   767.150000000000     
   574.030000000000     
   423.829082813109     
   283.278036113804     
   312.380258239420     
   472.750000000000     
   696.560000000000     
   844.790000000000     
   820.049359828421     
   819.986683790862     
   767.150000000000     
   755.584777478387     
   627.518415844555     
   237.820000000000     
   49.0542971370589     
 -9.900000000000000E+015
   8.45721697827110     
   26.4200000000000     
   19.5742716092378     
 -9.900000000000000E+015
   85.4100000000000     
   159.230000000000     
   68.7800000000000     
 -9.900000000000000E+015
 -9.900000000000000E+015
 -9.900000000000000E+015
 -9.900000000000000E+015
 -9.900000000000000E+015
 -9.900000000000000E+015
 -9.900000000000000E+015
 -9.900000000000000E+015
 -9.900000000000000E+015
 -9.900000000000000E+015
 -9.900000000000000E+015
   143.484476001477     
   574.030000000000     
   911.556036900252     
   930.190000000000     
   1024.13000000000     
   1123.38389060023     
   1117.44923110045     
   1198.61136186319     
   1201.75533072356     
   1238.03391371595     
   1237.24216624832     
   1278.97588507136     
   1287.92518724730     
   1307.03499884701     
   1307.73066652163     
   1241.12000000000     
   930.190000000000     
   315.741699909804     
   236.678542811265     
   154.991180403068     
   117.100000000000     
   114.985643285326     
   114.854317852522     
   210.098168647361     
   262.600000000000     
   389.030000000000     
   472.750000000000     
   352.780000000000     
   501.823972232453     
   632.380000000000     
   1077.48698654677     
   1310.98879079512     
   1431.65923780610     
   1366.14000000000     
   2000.84280264265     
   1945.00573311684     
   1918.63458964211     
   1821.32000000000     
   1775.62954186508     
   1774.01983632655     
   1753.44402014004     
   1796.07988828281     
   1885.97009105870     
   1878.75436469518     
   1821.32000000000     
   1821.32000000000     
   1809.41039768776     
   1774.10532571858     
   1654.93000000000     
   1491.31262074078     
   1092.79545128614     
   696.174408524970     
   352.780000000000     
   237.820000000000     
   319.745490911897     
   520.980000000000     
   696.560000000000     
   844.790000000000     
   1112.27027014240     
   1024.13000000000     
   1024.13000000000     
   1004.73243223297     
   930.190000000000     
   826.494972495112     
   558.000398517134     
   68.7800000000000     
 -9.900000000000000E+015
 -9.900000000000000E+015
 -9.900000000000000E+015
 -9.900000000000000E+015
 -9.900000000000000E+015
 -9.900000000000000E+015
   53.8356111456329     
   142.189760008490     
   52.3874844337845     
   10.1277141978382     
 -9.900000000000000E+015
 -9.900000000000000E+015
 -9.900000000000000E+015
 -9.900000000000000E+015
 -9.900000000000000E+015
 -9.900000000000000E+015
 -9.900000000000000E+015
 -9.900000000000000E+015
 -9.900000000000000E+015
   454.859663439803     
   907.635315615897     
   1024.13000000000     
   1092.44019210803     
   1106.43915533484     
   1212.27418180931     
   1241.12000000000     
   1224.71103687046     
   1233.35014931650     
   1231.82155703969     
   1241.12000000000     
   1241.12000000000     
   1292.82074141859     
   1300.72301599595     
   1281.92877933133     
   1094.81094128093     
   808.892254575253     
   427.249644513554     
   210.568345730588     
   124.590376267938     
   29.6329390176956     
 -9.900000000000000E+015
 -9.900000000000000E+015
  -1.84000000000000     
   18.8287279768809     
   105.520000000000     
   138.503344403376     
   259.562743000725     
   428.900000000000     
   682.027676597557     
   1024.13000000000     
   1230.25796912416     
   1366.14000000000     
   1241.12000000000     
   1024.13000000000     
   2000.84280264265     
   1952.92945738407     
   1938.08614407603     
   1821.32000000000     
   1654.93000000000     
   1778.17418014903     
   1777.43819940390     
   1821.32000000000     
   1894.00655114532     
   1889.61916166669     
   1863.24655783469     
   1864.61622438616     
   1846.54375727016     
   1654.93000000000     
   1503.66000000000     
   1223.88704828320     
   809.034487868441     
   417.604301199399     
   428.900000000000     
   614.990565608059     
   762.592283526838     
   918.514617889575     
   997.231589235904     
   1024.13000000000     
   1124.30143786419     
   1127.46000000000     
   1024.13000000000     
   1012.80294183907     
   767.150000000000     
   668.373092573029     
   352.780000000000     
   19.4180349503192     
 -9.900000000000000E+015
 -9.900000000000000E+015
 -9.900000000000000E+015
 -9.900000000000000E+015
 -9.900000000000000E+015
 -9.900000000000000E+015
   8.44485654529017     
   85.4100000000000     
   74.0934146170439     
   43.6500000000000     
   18.4565986207221     
 -9.900000000000000E+015
 -9.900000000000000E+015
 -9.900000000000000E+015
 -9.900000000000000E+015
 -9.900000000000000E+015
   38.2911212134169     
   230.089570751785     
   621.562741412393     
   930.190000000000     
   930.190000000000     
   1127.46000000000     
   1127.46000000000     
   1200.93444156074     
   1241.12000000000     
   1262.78769724536     
   1271.57993711222     
   1262.68328756676     
   1263.52387563306     
   1276.81953542831     
   1282.40470710165     
   1278.68233323760     
   1241.12000000000     
   1127.46000000000     
   632.380000000000     
   284.184073689519     
   125.886328980693     
   53.2805821245741     
 -9.900000000000000E+015
 -9.900000000000000E+015
 -9.900000000000000E+015
 -9.900000000000000E+015
 -9.900000000000000E+015
  0.634892931543874     
   105.520000000000     
   171.064436662784     
   625.450943529285     
   889.527835597670     
   1090.78154487905     
   1241.12000000000     
   1366.14000000000     
   1366.14000000000     
   1241.12000000000     
   1024.13000000000     
   1941.33781164284     
   1906.59339410777     
   1821.32000000000     
   1805.62525458562     
   1788.95721142255     
   1764.36723478738     
   1779.88404624814     
   1910.41183430907     
   1908.69154605076     
   1912.00166057208     
   1821.32000000000     
   1800.60062521221     
   1587.03737778422     
   1241.12000000000     
   1024.13000000000     
   844.790000000000     
   930.190000000000     
   1019.61057159838     
   929.350758106376     
   1024.13000000000     
   1077.14156474116     
   1127.46000000000     
   1185.89408085234     
   1127.46000000000     
   1127.46000000000     
   1111.82408278015     
   909.858241292705     
   696.560000000000     
   428.900000000000     
   191.982266364042     
 -9.900000000000000E+015
 -9.900000000000000E+015
 -9.900000000000000E+015
 -9.900000000000000E+015
 -9.900000000000000E+015
 -9.900000000000000E+015
 -9.900000000000000E+015
 -9.900000000000000E+015
 -0.224108955361150     
   68.7800000000000     
   76.7000000000000     
   74.0172879591394     
   66.7957563848365     
   58.8791453353910     
   90.7918514364074     
   138.976592416002     
   94.9900000000000     
   215.290000000000     
   735.072063892459     
   930.190000000000     
   1088.80903951044     
   1127.46000000000     
   1204.77412025278     
   1221.61135041610     
   1236.98963414244     
   1259.14121401388     
   1263.88244249782     
   1268.24831779311     
   1267.71171747987     
   1271.67151425386     
   1262.95693073731     
   1241.12000000000     
   1222.55553654688     
   1127.46000000000     
   996.863551669854     
   507.194327737682     
   237.820000000000     
   142.867215353024     
  -1.81000000000000     
 -9.900000000000000E+015
 -9.900000000000000E+015
 -9.900000000000000E+015
 -9.900000000000000E+015
 -9.900000000000000E+015
   22.1041992545243     
   85.4100000000000     
   205.605073670453     
   767.150000000000     
   1087.21919534415     
   1127.46000000000     
   1241.12000000000     
   1366.14000000000     
   1366.14000000000     
   1366.14000000000     
   1434.23718995477     
   1366.14000000000     
   1941.33781164284     
   1898.60109857452     
   1821.32000000000     
   1757.20613293425     
   1795.18716528731     
   1771.40743090962     
   1789.44192965767     
   1867.69942736783     
   1906.34912835731     
   1913.77750160182     
   1912.16360403492     
   1654.93000000000     
   1503.66000000000     
   1366.14000000000     
   1444.63152490778     
   1503.66000000000     
   1503.66000000000     
   1366.14000000000     
   1366.14000000000     
   1332.24128624588     
   1310.61028076799     
   1366.14000000000     
   1366.14000000000     
   1440.15747260133     
   1306.05730671368     
   1024.13000000000     
   666.324538973935     
   472.750000000000     
   262.600000000000     
 -9.900000000000000E+015
 -9.900000000000000E+015
 -9.900000000000000E+015
 -9.900000000000000E+015
 -9.900000000000000E+015
 -9.900000000000000E+015
 -9.900000000000000E+015
 -9.900000000000000E+015
 -9.900000000000000E+015
 -9.900000000000000E+015
   61.5800000000000     
   129.830000000000     
   140.761918178000     
   129.830000000000     
   286.327917457264     
   350.870126708939     
   472.750000000000     
   667.227732838064     
   832.042053864141     
   1024.13000000000     
   1127.46000000000     
   1127.46000000000     
   1195.29858654579     
   1236.80697105281     
   1252.22684094446     
   1257.19729249456     
   1262.22647055629     
   1267.40273160947     
   1270.88649973369     
   1241.12000000000     
   1263.78702707643     
   1254.54954808897     
   1127.46000000000     
   1023.91347508325     
   632.380000000000     
   176.170000000000     
   65.5995426984871     
   22.4173214065859     
 -9.900000000000000E+015
 -9.900000000000000E+015
 -9.900000000000000E+015
 -9.900000000000000E+015
 -9.900000000000000E+015
   19.9400000000000     
   52.5897760833086     
   115.578702851306     
   352.780000000000     
   844.790000000000     
   1104.80988322106     
   1199.12254848490     
   1241.12000000000     
   1339.08078826199     
   1366.14000000000     
   1366.14000000000     
   1366.14000000000     
   1400.61516854939     
   1399.48274063149     
   1781.51433200176     
   1805.27162370998     
   1821.32000000000     
   1821.32000000000     
   1748.53216778723     
   1756.21648744137     
   1788.12635261280     
   1821.32000000000     
   1906.69091959126     
   1929.21880583781     
   1821.32000000000     
   1806.80961791147     
   1787.96580284380     
   1654.93000000000     
   1654.93000000000     
   1739.57040958814     
   1654.93000000000     
   1652.35295651781     
   1600.42855236540     
   1503.66000000000     
   1503.66000000000     
   1585.00972108933     
   1503.66000000000     
   1503.66000000000     
   1127.46000000000     
   1013.28145868221     
   520.980000000000     
   104.107013858124     
   116.571645522839     
 -9.900000000000000E+015
 -9.900000000000000E+015
 -9.900000000000000E+015
 -9.900000000000000E+015
 -9.900000000000000E+015
 -9.900000000000000E+015
 -9.900000000000000E+015
 -9.900000000000000E+015
 -9.900000000000000E+015
   54.1753489386440     
   140.716572201265     
   188.621193103902     
   289.850000000000     
   500.110786151353     
   632.380000000000     
   690.971922644286     
   903.924933613710     
   1024.13000000000     
   1126.93527722166     
   1187.11242912443     
   1225.19979539546     
   1255.91259039720     
   1254.48947226043     
   1254.36516390207     
   1256.78789853871     
   1257.54563888478     
   1267.95024355919     
   1260.54286062538     
   1258.30587471167     
   1237.73097019178     
   1127.46000000000     
   502.083283744866     
   282.042202232527     
   152.760236471039     
 -9.900000000000000E+015
 -9.900000000000000E+015
 -9.900000000000000E+015
 -9.900000000000000E+015
 -9.900000000000000E+015
 -9.900000000000000E+015
 -9.900000000000000E+015
   23.0300000000000     
   53.0881210710142     
   76.7000000000000     
   158.152665347732     
   557.210522063645     
   830.949134774115     
   1127.46000000000     
   1213.83719953390     
   1241.12000000000     
   1313.36953738473     
   1348.03181691252     
   1363.03734638788     
   1363.27336922425     
   1361.07231437428     
   1341.36980976744     
   1338.48064670617     
   1781.51433200176     
   1787.85460268856     
   1765.14178010121     
   1803.13698001041     
   1654.93000000000     
   1654.93000000000     
   1654.93000000000     
   1799.85598770217     
   1869.53902715810     
   1887.81754823043     
   1868.50661200400     
   1797.98990124367     
   1862.91549665187     
   1874.54221469907     
   1821.32000000000     
   1794.56933746913     
   1771.14000917939     
   1742.66329135964     
   1719.55550419201     
   1718.79672928827     
   1711.77596987946     
   1684.54136477368     
   1635.34073685256     
   1628.93138042352     
   1327.47153352440     
   744.557241770306     
   757.529559893386     
   622.629940787580     
   520.980000000000     
   428.900000000000     
   428.900000000000     
   61.5800000000000     
   11.8410773021421     
 -9.900000000000000E+015
 -9.900000000000000E+015
 -9.900000000000000E+015
   38.7200000000000     
   104.173083718914     
   155.399922263268     
   472.750000000000     
   687.197984062385     
   835.323278550769     
   923.818764984211     
   920.463882769275     
   979.200749861491     
   1118.30420368597     
   1127.46000000000     
   1227.02519080066     
   1241.12000000000     
   1256.29502936156     
   1259.49867697467     
   1260.47252077243     
   1259.13786691141     
   1258.37675943026     
   1259.97197986902     
   1241.12000000000     
   1223.32347046137     
   1211.05304125984     
   1024.13000000000     
   608.351815205118     
   114.776203266699     
 -9.900000000000000E+015
 -9.900000000000000E+015
 -9.900000000000000E+015
 -9.900000000000000E+015
 -9.900000000000000E+015
 -9.900000000000000E+015
 -9.900000000000000E+015
   25.6800991938256     
   61.5800000000000     
   105.520000000000     
   129.830000000000     
   262.600000000000     
   632.380000000000     
   889.836183733388     
   1124.11768388531     
   1223.16054322939     
   1279.99591515396     
   1313.64388818457     
   1330.36663991432     
   1345.74049761983     
   1352.56738530827     
   1357.20984640838     
   1335.70199484159     
   1332.14261844008     
   1338.48064670617     
   1763.20335213336     
   1756.61352627602     
   1654.93000000000     
   1741.07492196048     
   1503.66000000000     
   1503.66000000000     
   1647.88332572039     
   1743.06121208689     
   1806.49735002793     
   1797.68627311873     
   1821.32000000000     
   1869.62273855912     
   1880.20409744314     
   1876.04663682253     
   1849.61361268760     
   1821.32000000000     
   1785.55933170828     
   1770.12003030832     
   1712.57281702674     
   1654.93000000000     
   1699.87014066970     
   1702.97864226775     
   1654.93000000000     
   1639.35560791832     
   1457.92309433105     
   1334.87296585702     
   1114.76924754436     
   837.998622521363     
   844.790000000000     
   839.326794268144     
   688.976184888479     
   350.554212613739     
   61.5800000000000     
   6.88201870435754     
   30.1400000000000     
   153.629873961070     
   344.004869236477     
   472.750000000000     
   632.380000000000     
   767.150000000000     
   910.211202138489     
   1021.49888798489     
   1084.65515939292     
   1101.43373276299     
   1127.46000000000     
   1207.72873599533     
   1250.78753967470     
   1259.41008519655     
   1261.38902617471     
   1261.49990806442     
   1259.13115997771     
   1255.21633774713     
   1238.90711644946     
   1238.61097932386     
   1208.88141267058     
   1087.60786022921     
   1001.12411739461     
   672.905846678081     
   215.290000000000     
 -9.900000000000000E+015
 -9.900000000000000E+015
 -9.900000000000000E+015
 -9.900000000000000E+015
 -9.900000000000000E+015
 -9.900000000000000E+015
 -9.900000000000000E+015
   5.08277305992139     
   68.7800000000000     
   94.9900000000000     
   153.236002909463     
   289.850000000000     
   307.515178239969     
   505.439277528125     
   930.190000000000     
   1102.14378805435     
   1200.61248200145     
   1241.12000000000     
   1300.11287191789     
   1311.97726556358     
   1323.16203988358     
   1338.06926099507     
   1324.43696516686     
   1343.25072012403     
   1297.54493381520     
   1293.81543244621     
   1322.69377885271     
   1763.20335213336     
   1738.06270178432     
   1654.93000000000     
   1739.49167634837     
   1366.14000000000     
   1314.65233598774     
   1503.66000000000     
   1654.93000000000     
   1654.93000000000     
   1791.28858758607     
   1868.17387189977     
   1881.57720168420     
   1910.38091421726     
   1821.32000000000     
   1796.87232836173     
   1809.92771342702     
   1821.32000000000     
   1809.55180848261     
   1746.15257944567     
   1751.33406019125     
   1726.46646347472     
   1503.66000000000     
   1654.93000000000     
   1503.66000000000     
   1241.12000000000     
   1024.13000000000     
   767.150000000000     
   930.190000000000     
   1020.30961279576     
   994.835274527450     
   765.481792517863     
   389.030000000000     
   465.786213790921     
   457.046120376491     
   564.328423458194     
   748.129591525490     
   615.488725349083     
   844.790000000000     
   930.190000000000     
   1024.13000000000     
   1086.49078897641     
   1109.45972226988     
   1127.46000000000     
   1190.95422789849     
   1222.41814241870     
   1256.08608995190     
   1258.17059122227     
   1260.01059814859     
   1260.17473835025     
   1265.01380301746     
   1255.46467080301     
   1222.32246545742     
   1127.46000000000     
   1078.90467439247     
   844.790000000000     
   472.750000000000     
   176.170000000000     
 -9.900000000000000E+015
 -9.900000000000000E+015
 -9.900000000000000E+015
 -9.900000000000000E+015
 -9.900000000000000E+015
 -9.900000000000000E+015
 -9.900000000000000E+015
  -1.95000000000000     
   46.7301595905923     
   127.781093416060     
   172.452544277144     
   319.820000000000     
   632.380000000000     
   759.977264180567     
   767.150000000000     
   930.190000000000     
   1117.56626314301     
   1127.46000000000     
   1235.41256741597     
   1278.83916549865     
   1298.39939661942     
   1302.35311702933     
   1311.01940628259     
   1309.63868632025     
   1313.76122693438     
   1232.65462253016     
   1192.33204511861     
   1196.84738123280     
   1322.69377885271     
   1748.59578694602     
   1753.22686199797     
   1800.68311965778     
   1654.93000000000     
   1503.66000000000     
   1197.52421872242     
   1488.79094226959     
   1654.93000000000     
   1803.74221814598     
   1854.69758651525     
   1876.20277612372     
   1915.20675307026     
   1931.02260641615     
   1921.73883748765     
   1893.15775693280     
   1930.18818138168     
   1904.46065287026     
   1821.32000000000     
   1821.32000000000     
   1776.26271506868     
   1654.93000000000     
   1468.52076672623     
   1078.35384255195     
   1366.14000000000     
   1366.14000000000     
   1366.14000000000     
   1127.46000000000     
   1229.80812292309     
   844.790000000000     
   767.150000000000     
   684.635029849720     
   767.150000000000     
   696.560000000000     
   767.150000000000     
   899.372582700257     
   914.803013222655     
   930.190000000000     
   1016.38420299913     
   1078.80367577662     
   1127.46000000000     
   1127.46000000000     
   1197.13555443122     
   1223.43945809423     
   1238.56231788014     
   1240.82950018367     
   1241.12000000000     
   1263.33000289039     
   1267.31272308617     
   1241.12000000000     
   1230.40224755852     
   1207.31809239214     
   1127.46000000000     
   1024.13000000000     
   891.508631119848     
   309.070629198740     
 -9.900000000000000E+015
 -9.900000000000000E+015
 -9.900000000000000E+015
 -9.900000000000000E+015
 -9.900000000000000E+015
 -9.900000000000000E+015
  -1.84623874693410     
   3.68584383190943     
   81.2591389500496     
   127.244830614145     
   288.890509183541     
   696.560000000000     
   696.560000000000     
   844.790000000000     
   930.190000000000     
   1019.16879551542     
   1024.13000000000     
   1127.46000000000     
   1209.26346802784     
   1218.47832281406     
   1260.41087015374     
   1274.01107541573     
   1284.19777283162     
   1277.53752271408     
   1290.30858556468     
   1292.41014906581     
   1241.12000000000     
   1193.32640457460     
   1076.91246474852     
   1316.53433309763     
   1709.99768938074     
   1748.59578694602     
   1821.32000000000     
   1884.13577997381     
   1821.32000000000     
   1654.93000000000     
   1241.12000000000     
   1361.93039436017     
   1503.66000000000     
   1654.93000000000     
   1789.15054405734     
   1878.45934219256     
   1896.66197944700     
   1946.17206002077     
   1917.35484175887     
   1940.78678456379     
   1929.58162760149     
   1920.43070502394     
   1888.56857336529     
   1865.12188410685     
   1759.88139015472     
   1350.97112394364     
   1438.26275413784     
   1503.66000000000     
   1503.66000000000     
   1448.65839698594     
   1366.14000000000     
   1241.12000000000     
   1236.49942233702     
   844.790000000000     
   1006.46631828184     
   1103.75911765211     
   1024.13000000000     
   979.346429178773     
   930.190000000000     
   1008.40252876852     
   1015.56090216131     
   1024.13000000000     
   1120.03653523667     
   1127.46000000000     
   1174.99142078928     
   1209.44197170005     
   1231.96975065176     
   1241.12000000000     
   1253.90778049009     
   1241.12000000000     
   1241.12000000000     
   1234.44360016553     
   1223.13968409064     
   1205.69831440327     
   1127.46000000000     
   1095.18294300321     
   930.190000000000     
   666.519406160875     
   227.904044392697     
   30.1400000000000     
 -9.900000000000000E+015
 -9.900000000000000E+015
 -9.900000000000000E+015
 -9.900000000000000E+015
  0.885954321807202     
   60.5638614048191     
   129.830000000000     
   319.820000000000     
   695.742953062183     
   844.790000000000     
   921.504105673280     
   986.500078923388     
   1100.91106231155     
   1108.62687609392     
   1123.50114075520     
   1118.23009217128     
   1127.46000000000     
   1180.99015675316     
   1217.85602427968     
   1227.44078909079     
   1241.12000000000     
   1233.93025855126     
   1227.59640171989     
   1236.45446107861     
   1223.35329941661     
   1241.12000000000     
   1237.76908774996     
   1093.13796284347     
   1092.31287822932     
   1348.01625778777     
   1709.99768938074     
   1902.83104594443     
   1930.32378713391     
   1941.34162263015     
   1821.32000000000     
   1776.57119705538     
   1753.87314629524     
   1366.14000000000     
   1609.58691986221     
   1734.77128774892     
   1795.36284332017     
   1821.32000000000     
   1926.87163633456     
   1968.31366842197     
   1946.93164582876     
   1929.54023866499     
   1920.23303640441     
   1932.02083144908     
   1916.56219021147     
   1654.93000000000     
   1742.47356747412     
   1707.50841786226     
   1654.93000000000     
   1466.05662283666     
   1486.41785116469     
   1465.39746114112     
   1454.89194226886     
   1316.30147354992     
   1127.46000000000     
   1241.12000000000     
   1241.12000000000     
   1241.12000000000     
   1127.46000000000     
   1127.46000000000     
   1076.58701443181     
   1024.13000000000     
   1024.13000000000     
   1127.46000000000     
   1127.46000000000     
   1192.98853635947     
   1197.78997838225     
   1224.41313192460     
   1255.43994640999     
   1264.63602690847     
   1263.18643546661     
   1236.66968835072     
   1209.08660939491     
   1127.46000000000     
   1106.81193219033     
   1024.13000000000     
   1007.74302495661     
   813.058857106467     
   574.030000000000     
   94.9900000000000     
 -9.900000000000000E+015
 -9.900000000000000E+015
 -9.900000000000000E+015
 -9.900000000000000E+015
   34.2300000000000     
   129.830000000000     
   337.231568588025     
   515.687279657244     
   632.380000000000     
   767.150000000000     
   930.190000000000     
   1024.13000000000     
   1118.45306626980     
   1127.46000000000     
   1154.80419318099     
   1152.94115441829     
   1153.02553868185     
   1142.17059136647     
   1127.46000000000     
   1183.20475687740     
   1192.07785375353     
   1194.54419227267     
   1192.67293824400     
   1183.32262252842     
   1127.46000000000     
   1127.46000000000     
   1127.46000000000     
   1192.51941292939     
   1217.37674335025     
   1187.38212378722     
   1654.93000000000     
   1654.93000000000     
   1701.51520011999     
   1902.83104594443     
   1956.76070884291     
   2039.04909262100     
   2025.86712348408     
   1821.32000000000     
   1781.36371225349     
   1310.16522428738     
   1503.66000000000     
   1746.21032391257     
   1821.32000000000     
   1978.24908208976     
   2004.34000000000     
   1951.28384641737     
   1932.00772705679     
   1943.68790085181     
   1942.46512833810     
   1936.18034676056     
   1916.69487358173     
   1814.57335231808     
   1654.93000000000     
   1713.57757586387     
   1654.93000000000     
   1605.47072248400     
   1503.66000000000     
   1503.66000000000     
   1473.19444393962     
   1442.60772712790     
   1366.14000000000     
   1366.05975982870     
   1349.28272369099     
   1241.12000000000     
   1239.82648206495     
   1203.51175815837     
   1024.13000000000     
   1024.13000000000     
   1094.37104074481     
   1181.88015808082     
   1194.35348146165     
   1208.21514617440     
   1219.73208250589     
   1235.58110031657     
   1241.12000000000     
   1267.58715367288     
   1265.80682349080     
   1222.82241658743     
   1122.31633135457     
   978.820353691987     
   895.099408803054     
   767.150000000000     
   627.404112164983     
   237.820000000000     
   65.5331733324361     
 -9.900000000000000E+015
 -9.900000000000000E+015
   3.59825836727008     
   74.6442457811658     
   158.838321025181     
   512.934685923405     
   767.150000000000     
   844.790000000000     
   844.790000000000     
   930.190000000000     
   1024.13000000000     
   1079.21913243061     
   1124.22405514783     
   1150.82818966222     
   1148.96774349486     
   1154.01427571712     
   1150.23912576779     
   1148.97477792436     
   1143.68368218172     
   1127.46000000000     
   1127.46000000000     
   1127.46000000000     
   1120.61377003576     
   1115.74342691339     
   1077.33581264440     
   915.141042158126     
   1015.65575543622     
   1127.46000000000     
   1127.46000000000     
   1215.98873605704     
   1821.32000000000     
   2004.34000000000     
   1821.32000000000     
   1654.93000000000     
   1821.32000000000     
   2001.63758131770     
   1994.04593668537     
   2040.29914710022     
   1821.32000000000     
   1801.83280339730     
   1366.14000000000     
   1610.49843308591     
   1739.09440637226     
   1812.11850419821     
   1985.32462615191     
   1821.32000000000     
   1898.78826396994     
   1941.34402920939     
   1943.34759403132     
   1941.17390651986     
   1940.12458497298     
   1821.32000000000     
   1798.32667514689     
   1738.54635064321     
   1654.93000000000     
   1625.79621973578     
   1503.66000000000     
   1503.66000000000     
   1460.13506259404     
   1437.20708208394     
   1457.40481419407     
   1426.40343205957     
   1401.54544411315     
   1366.14000000000     
   1332.54002758214     
   1241.12000000000     
   1193.31961053947     
   1100.31586173679     
   1024.13000000000     
   1098.36275923835     
   1231.48976101815     
   1240.01671770032     
   1241.12000000000     
   1236.18114932198     
   1241.12000000000     
   1241.12000000000     
   1291.75059120892     
   1241.12000000000     
   1205.53539337332     
   930.190000000000     
   760.823977958228     
   568.134195728595     
   215.290000000000     
   91.2757880592132     
   38.7200000000000     
 -9.900000000000000E+015
   19.6289373967449     
   104.021418456687     
   215.290000000000     
   696.560000000000     
   824.422626779325     
   844.790000000000     
   930.190000000000     
   994.186154089346     
   1024.13000000000     
   1089.14612120790     
   1124.62247616100     
   1140.87985773717     
   1141.68367708279     
   1155.76404497548     
   1153.75092417666     
   1153.86728779970     
   1154.82824071574     
   1127.46000000000     
   1125.35175725872     
   1123.92324568038     
   1115.09914558269     
   1080.60885608010     
   1024.13000000000     
   930.190000000000     
   825.082528786658     
   930.190000000000     
   1108.59746766731     
   1124.59022266025     
   1241.12000000000     
   1815.05888039711     
   2139.38805283522     
   2086.12759652575     
   1654.93000000000     
   1363.17555625574     
   1821.32000000000     
   1821.32000000000     
   1821.32000000000     
   2050.83426794385     
   1821.32000000000     
   1870.73740668320     
   1503.66000000000     
   1602.51461703485     
   1654.93000000000     
   1776.35115471780     
   1793.54871688269     
   1821.32000000000     
   1821.32000000000     
   1891.42754394895     
   1915.19023582340     
   1915.82501641681     
   1821.32000000000     
   1838.03752362041     
   1840.11520763599     
   1748.23762316514     
   1503.66000000000     
   1569.96615280868     
   1503.66000000000     
   1449.73492141994     
   1456.96998832456     
   1485.18479643673     
   1442.94427977063     
   1435.47670409612     
   1415.02280255931     
   1393.47864226293     
   1366.14000000000     
   1241.12000000000     
   1207.33633503921     
   1127.46000000000     
   1127.46000000000     
   1202.53874467405     
   1268.38374756041     
   1268.50101596111     
   1241.12000000000     
   1236.95301996692     
   1300.55924032291     
   1310.47332034633     
   1213.39386204901     
   1241.12000000000     
   930.190000000000     
   691.492708731444     
   372.477766500338     
   314.650816527357     
   156.290969681638     
   237.820000000000     
   94.9900000000000     
   94.9900000000000     
   252.605901046636     
   552.570262073402     
   908.230144390726     
   1005.33257082703     
   1024.13000000000     
   1086.10579704672     
   1099.90705942788     
   1090.41483413344     
   1112.97092457536     
   1136.86526506547     
   1140.11032309477     
   1146.17996000058     
   1127.46000000000     
   1024.13000000000     
   1009.93557965733     
   930.190000000000     
   1107.79665240002     
   1093.84873261281     
   1116.21376592329     
   930.190000000000     
   1113.29324296493     
   898.411389892984     
   930.190000000000     
   820.649931239031     
   1127.46000000000     
   1449.27295625309     
   1583.69424981476     
   1754.04773111085     
   2004.34000000000     
   2199.57698010276     
   2174.14085435365     
   2113.25372209181     
   1654.93000000000     
   1363.17555625574     
   1973.81958709557     
   1821.32000000000     
   1932.13464110272     
   1943.73634521179     
   1813.85024904360     
   1891.35226726916     
   1366.14000000000     
   1495.29946312181     
   1630.56621677574     
   1654.93000000000     
   1788.71726177948     
   1821.32000000000     
   1821.32000000000     
   1821.32000000000     
   1821.32000000000     
   1821.32000000000     
   1795.29897214874     
   1816.17335373767     
   1759.88504244789     
   1741.51005482106     
   1747.63352362222     
   1503.66000000000     
   1503.66000000000     
   1366.14000000000     
   1416.64684670501     
   1437.20995101474     
   1435.16145516658     
   1434.11238979676     
   1435.95014157896     
   1405.05087226929     
   1366.14000000000     
   1339.80029212205     
   1307.61613819739     
   1241.12000000000     
   1325.82961160837     
   1305.73928896992     
   1294.48277825847     
   1269.83572102432     
   1241.12000000000     
   1241.12000000000     
   1311.00953705427     
   1299.48002416191     
   1024.13000000000     
   930.190000000000     
   695.987400325292     
   554.469108905917     
   678.581213530100     
   565.022343075429     
   574.030000000000     
   675.727170071130     
   574.030000000000     
   520.980000000000     
   734.610893514351     
   980.196639292133     
   1076.25566933749     
   1125.05982664324     
   1113.73523545196     
   1126.41250973561     
   1127.46000000000     
   1139.75217877080     
   1136.15574944373     
   1142.42376531710     
   1127.46000000000     
   1155.22411879136     
   1024.13000000000     
   930.190000000000     
   844.790000000000     
   813.594184645347     
   977.825057429918     
   930.190000000000     
   930.190000000000     
   930.190000000000     
   844.790000000000     
   1232.24979027468     
   1366.14000000000     
   1319.52394015476     
   1654.93000000000     
   1943.52342404982     
   2129.00293876648     
   2323.47307045055     
   2281.18035988136     
   2252.68965061230     
   2205.66000000000     
   1821.32000000000     
   1127.46000000000     
   472.750000000000     
   1973.81958709557     
   1944.62053724966     
   1888.92106905294     
   1821.32000000000     
   1812.02377680332     
   1821.32000000000     
   1503.66000000000     
   1499.98787390463     
   1642.44937418087     
   1733.66068342909     
   1797.79324123466     
   1821.32000000000     
   1821.32000000000     
   1821.32000000000     
   1821.26604533065     
   1811.37164090170     
   1800.25378971130     
   1798.54424766155     
   1810.48189257103     
   1654.93000000000     
   1654.93000000000     
   1651.72611606404     
   1503.66000000000     
   1366.14000000000     
   1423.64689461932     
   1423.28437514904     
   1440.90727647737     
   1447.92517062935     
   1429.82836242525     
   1416.46566948717     
   1408.42572027415     
   1366.14000000000     
   1395.35466366378     
   1366.14000000000     
   1346.94695371946     
   1344.68080978108     
   1318.08849729020     
   1241.12000000000     
   1366.14000000000     
   1320.60416289324     
   1357.35183201863     
   1211.32133166309     
   1241.12000000000     
   1241.12000000000     
   1239.16623095132     
   1024.13000000000     
   1024.13000000000     
   992.026048607299     
   990.373689872089     
   979.880325345794     
   997.413266568099     
   1024.13000000000     
   1024.13000000000     
   1148.35301122760     
   1127.46000000000     
   1127.46000000000     
   1127.46000000000     
   1146.87899256196     
   1143.07945720883     
   1145.76810271192     
   1140.39682864278     
   1139.61102405686     
   1145.39589957820     
   1116.92423359379     
   977.650678982060     
   923.754244956407     
   767.150000000000     
   696.560000000000     
   632.380000000000     
   632.380000000000     
   696.560000000000     
   844.790000000000     
   1366.14000000000     
   2093.04871835710     
   2163.35988322564     
   2205.66000000000     
   2325.07173258680     
   2344.70864586169     
   2328.94787068426     
   2320.45659143904     
   2306.46682388294     
   2259.42639039103     
   2172.31050876357     
   1821.32000000000     
   930.190000000000     
   472.750000000000     
   1918.71624167530     
   1947.01257911406     
   1821.32000000000     
   1821.32000000000     
   1747.46686856533     
   1821.32000000000     
   1654.93000000000     
   1503.66000000000     
   1634.08562237906     
   1732.93045904470     
   1794.88697820008     
   1922.84033109831     
   1821.32000000000     
   1803.86314825607     
   1821.32000000000     
   1821.09074432110     
   1810.44687592290     
   1810.44687592290     
   1654.93000000000     
   1629.15884164147     
   1606.48359922948     
   1594.50482154763     
   1503.66000000000     
   1455.06495151895     
   1447.09302265961     
   1426.78432189000     
   1442.87851907858     
   1444.89383743090     
   1442.84429958250     
   1449.50453749674     
   1430.61055204750     
   1424.29403022162     
   1416.72567501762     
   1406.89205246844     
   1366.14000000000     
   1319.42234693913     
   1362.84085824831     
   1415.96778063775     
   1411.83723658956     
   1366.14000000000     
   1357.35183201863     
   1241.12000000000     
   1241.12000000000     
   1460.86597819353     
   1457.11922624229     
   1366.14000000000     
   1310.77636056053     
   1206.62549332609     
   1190.23738340074     
   1127.46000000000     
   1195.55080176137     
   1196.40416293509     
   1173.94600605207     
   1168.16678551587     
   1177.19078647656     
   1127.46000000000     
   1149.77216360009     
   1127.46000000000     
   1118.73143545698     
   1077.73897801579     
   1024.13000000000     
   1092.81680636872     
   1024.13000000000     
   1024.13000000000     
   930.190000000000     
   837.966295905283     
   629.681502802924     
   472.750000000000     
   428.900000000000     
   472.750000000000     
   574.030000000000     
   1018.57375083236     
   1581.49188731188     
   2004.34000000000     
   2285.95715928379     
   2327.29424576940     
   2343.75522946821     
   2358.40924599223     
   2340.63747503686     
   2344.56339678120     
   2333.60246961261     
   2173.82453416410     
   1965.72483357516     
   1583.83275776515     
   1020.58472294310     
   930.190000000000     
   1918.71624167530     
   1821.32000000000     
   1821.32000000000     
   1784.27058843868     
   1821.32000000000     
   1821.32000000000     
   1793.10688043347     
   1503.66000000000     
   1654.93000000000     
   1773.58190617051     
   1802.61041538156     
   1923.77813187051     
   1821.32000000000     
   1821.32000000000     
   1847.88165192104     
   1867.86990305349     
   1899.65096281568     
   1768.65230933307     
   1654.93000000000     
   1618.54447193790     
   1609.79205954625     
   1603.25291289748     
   1606.79449368507     
   1503.66000000000     
   1366.14000000000     
   1425.89454831310     
   1469.37805482009     
   1467.29637516269     
   1465.91413506592     
   1451.80973202861     
   1446.17230567737     
   1435.88057283259     
   1436.33913668979     
   1446.62038872329     
   1366.14000000000     
   1366.14000000000     
   1417.98809128094     
   1461.15589505525     
   1438.49459019007     
   1241.12000000000     
   1233.00971501175     
   1366.14000000000     
   1471.26015398411     
   1469.05971448056     
   1451.19244069459     
   1366.14000000000     
   1329.57238415599     
   1297.08570229647     
   1275.94722576081     
   1241.12000000000     
   1262.79500786954     
   1241.12000000000     
   1198.51780503822     
   1169.41006208233     
   1185.76136679894     
   1127.46000000000     
   1139.67880891122     
   1127.46000000000     
   1119.07706063764     
   1078.03635308169     
   1000.06831571304     
   990.671719401941     
   994.893448109971     
   925.374487801117     
   844.790000000000     
   814.272512162853     
   735.678318214480     
   574.030000000000     
   472.750000000000     
   749.456985608719     
   1319.14031825006     
   1821.32000000000     
   2004.34000000000     
   2205.66000000000     
   2266.82164887340     
   2316.90097556368     
   2347.15394529959     
   2404.17383386248     
   2360.17236664540     
   2409.46198086791     
   2377.74716136613     
   2205.66000000000     
   2004.34000000000     
   1821.32000000000     
   1366.14000000000     
   930.190000000000     
   1821.32000000000     
   1893.80186333554     
   1821.32000000000     
   1821.32000000000     
   1922.64698019732     
   1821.32000000000     
   1821.32000000000     
   1437.72085242189     
   1625.08085221953     
   1790.50241998211     
   1877.42668121277     
   1898.93344022665     
   1895.04173967870     
   1890.35980693756     
   1821.32000000000     
   1852.80560597325     
   1805.96500664844     
   1743.75723893618     
   1654.93000000000     
   1629.13153745439     
   1621.75740889711     
   1597.15309545941     
   1503.66000000000     
   1503.66000000000     
   1366.14000000000     
   1452.32067353230     
   1477.72988549426     
   1482.26414484062     
   1469.11241723107     
   1462.89611493606     
   1454.19707803207     
   1447.76212811485     
   1419.41108663805     
   1450.37671597532     
   1478.34766879544     
   1463.08545206986     
   1453.83688727383     
   1443.21707194375     
   1366.14000000000     
   1489.31682209172     
   1485.17785601250     
   1483.45671430905     
   1483.65199339208     
   1478.34053731253     
   1366.14000000000     
   1344.02903528853     
   1318.92681323633     
   1306.47070878117     
   1302.40160133364     
   1291.02825034015     
   1276.66995492260     
   1261.80678354443     
   1213.79771210425     
   1127.46000000000     
   1158.23946774255     
   1119.92276572583     
   1140.09784328996     
   1152.39649474953     
   1127.46000000000     
   1003.94359324201     
   930.190000000000     
   844.790000000000     
   909.954377370074     
   894.399978868957     
   844.790000000000     
   767.150000000000     
   906.051242897267     
   907.647596852580     
   1016.68877845522     
   1503.66000000000     
   1779.51595403559     
   1964.78994028304     
   2107.98068147491     
   2246.13954280493     
   2285.54358984284     
   2359.14665917525     
   2404.02659645653     
   2422.67672861741     
   2427.11000000000     
   2459.77788279854     
   2469.47788337972     
   2392.89222638018     
   2205.66000000000     
   2166.34163868732     
   1767.74987491494     
   1632.61194859490     
   1821.32000000000     
   1918.28944114384     
   2053.76740680827     
   2001.42786312808     
   2042.63990843418     
   2053.98438335287     
   2063.86647482098     
   2041.54087916776     
   1802.45290984224     
   1821.32000000000     
   1821.32000000000     
   1821.32000000000     
   1920.70100150663     
   1902.21435281544     
   1971.08415654852     
   1821.32000000000     
   1773.97252057900     
   1777.88156993865     
   1643.67943429981     
   1654.93000000000     
   1641.69765993432     
   1624.06393661664     
   1632.31606646676     
   1503.66000000000     
   1492.39511883117     
   1482.52301286593     
   1487.08517449675     
   1493.88988268770     
   1489.90745306289     
   1478.64792043870     
   1471.45233961147     
   1474.81805627786     
   1471.89980978174     
   1478.38492813793     
   1528.09026857244     
   1476.77753347236     
   1448.56787714617     
   1484.95020379022     
   1484.26892644482     
   1483.41207951378     
   1366.14000000000     
   1470.93106867156     
   1366.14000000000     
   1366.14000000000     
   1351.89573120166     
   1353.05316190765     
   1321.02113908163     
   1281.59466527886     
   1240.01045455610     
   1219.52115339574     
   1194.98245634161     
   1241.12000000000     
   1127.46000000000     
   1127.46000000000     
   1127.46000000000     
   1127.46000000000     
   1105.73702293730     
   1119.01376265197     
   1089.89482484571     
   1021.87329843581     
   923.161315538889     
   1024.13000000000     
   1024.13000000000     
   930.190000000000     
   1024.13000000000     
   1127.46000000000     
   1366.14000000000     
   1464.62720246991     
   1503.66000000000     
   1654.93000000000     
   1800.57610850747     
   1981.06031971935     
   2144.11732204790     
   2205.66000000000     
   2314.69080986685     
   2386.54213622337     
   2378.84176458034     
   2493.01521362149     
   2483.86350213383     
   2481.36852757237     
   2460.99611220021     
   2449.15114387766     
   2413.95769540618     
   2159.23766094763     
   1654.93000000000     
   1632.61194859490     
   1654.93000000000     
   1805.45616249315     
   2062.02409919326     
   1983.59221649648     
   1821.32000000000     
   2071.03025417993     
   1980.15826863239     
   2004.34000000000     
   1817.52391355012     
   1817.75201140169     
   1821.32000000000     
   1932.88738606739     
   1968.62921767421     
   1978.14291379244     
   1978.14291379244     
   1821.32000000000     
   1756.52734447084     
   1723.38132764748     
   1654.93000000000     
   1654.93000000000     
   1634.91152657138     
   1642.27313276813     
   1632.31606646676     
   1503.66000000000     
   1439.06864351847     
   1501.57696286808     
   1497.70031120232     
   1503.66000000000     
   1503.66000000000     
   1502.63236600166     
   1503.66000000000     
   1503.66000000000     
   1559.96223806474     
   1503.66000000000     
   1527.57240678241     
   1503.66000000000     
   1366.14000000000     
   1447.60403942900     
   1366.14000000000     
   1497.60560212182     
   1446.11565889031     
   1366.14000000000     
   1358.41348431403     
   1359.77156789446     
   1195.98621011125     
   1127.46000000000     
   1127.46000000000     
   1127.46000000000     
   1127.46000000000     
   1127.46000000000     
   1127.46000000000     
   1127.46000000000     
   1212.75224156873     
   1194.42551134256     
   1216.17216817567     
   1206.18199399887     
   1238.12005034706     
   1228.69037865152     
   1223.24666519116     
   1296.42210581839     
   1313.57010477410     
   1307.46795429044     
   1286.82803899336     
   1241.12000000000     
   1276.99134916435     
   1306.71224190473     
   1319.20321286135     
   1190.65223575057     
   1503.66000000000     
   1654.93000000000     
   1751.77642403214     
   1821.32000000000     
   1962.87009940868     
   2205.66000000000     
   2387.69659889660     
   2427.11000000000     
   2328.57223013905     
   2489.73636949537     
   2485.30242800212     
   2491.48827802981     
   2476.23475333977     
   2469.00320931328     
   2205.66000000000     
   1927.20158396386     
   1923.55542883989     
   1821.32000000000     
   1654.93000000000     
   1814.81670913722     
   2037.30828356558     
   2021.02817323162     
   1739.20902495133     
   1919.54187664199     
   1948.51489328195     
   1971.45944352972     
   1896.76757855414     
   1759.20153322980     
   1993.23538394638     
   1936.83412914367     
   1974.03343286417     
   1999.99100238033     
   1931.89819313851     
   1774.78195067739     
   1654.93000000000     
   1748.12086084590     
   1768.68229183574     
   1654.93000000000     
   1636.71715646804     
   1654.93000000000     
   1633.63568986726     
   1503.66000000000     
   1486.22769493653     
   1503.66000000000     
   1535.04280638314     
   1550.07259117480     
   1528.87149478422     
   1503.66000000000     
   1584.72376230817     
   1642.90576624726     
   1608.10956819114     
   1503.66000000000     
   1537.13688740233     
   1465.48371048119     
   1442.18862184182     
   1453.78862017864     
   1366.14000000000     
   1359.52104697856     
   1366.14000000000     
   1343.05867621958     
   1241.12000000000     
   1239.51060814458     
   1127.46000000000     
   1127.29445739469     
   1024.13000000000     
   1119.02881803954     
   1114.50757671778     
   1313.77539325941     
   1316.21149933405     
   1241.12000000000     
   1241.12000000000     
   1241.12000000000     
   1233.76689385631     
   1234.96626514705     
   1216.14910114391     
   1241.12000000000     
   1318.93399460713     
   1325.97333858605     
   1296.30572715386     
   1241.12000000000     
   1225.34929494024     
   1127.46000000000     
   1190.57732485147     
   1126.60911839985     
   930.190000000000     
   1195.80461784478     
   1366.14000000000     
   1503.66000000000     
   1581.18102298230     
   1654.93000000000     
   1821.32000000000     
   2203.83087767689     
   2360.75107715040     
   2462.96357941198     
   2476.69713796098     
   2488.66499077905     
   2488.51106547579     
   2486.09961427908     
   2499.11033602842     
   2326.26695732761     
   2141.98574960524     
   2163.45876040781     
   2002.43669414653     
   1821.32000000000     
   1654.93000000000     
   1772.45911739931     
   2023.61138040842     
   2004.34000000000     
   1742.16026159879     
   1896.94835198659     
   1821.32000000000     
   1919.56162484827     
   1821.32000000000     
   1654.93000000000     
   1821.32000000000     
   1895.58193659641     
   1946.39007807731     
   2004.34000000000     
   1821.32000000000     
   1783.47662850685     
   1793.11854700101     
   1654.93000000000     
   1768.68229183574     
   1744.98362680663     
   1654.93000000000     
   1641.60837855677     
   1650.47451886989     
   1588.41474612407     
   1503.66000000000     
   1551.71554359399     
   1497.46505086356     
   1556.86754025415     
   1503.66000000000     
   1581.92127300250     
   1691.69550309148     
   1688.03488767495     
   1620.52527105810     
   1503.66000000000     
   1498.78520220357     
   1487.02693293308     
   1457.47455799204     
   1362.69748882787     
   1366.14000000000     
   1366.14000000000     
   1366.14000000000     
   1241.12000000000     
   1228.70449822865     
   1192.18041260708     
   1104.71672243748     
   844.790000000000     
   978.893804457098     
   1459.30490871637     
   1602.38718757044     
   1615.44453877509     
   1503.66000000000     
   1503.66000000000     
   1442.88170392947     
   1366.14000000000     
   1318.76910592291     
   1366.14000000000     
   1348.98726690181     
   1366.14000000000     
   1364.62717400129     
   1364.62717400129     
   1229.81456004980     
   1015.02800318478     
   844.790000000000     
   930.190000000000     
   844.790000000000     
   574.030000000000     
   844.790000000000     
   1107.05778715086     
   1241.12000000000     
   1127.46000000000     
   1325.82424123894     
   1641.73853110981     
   1781.43854270334     
   2122.49131845463     
   2397.70816354230     
   2396.11733284085     
   2508.81040775509     
   2503.86627297192     
   2489.18814037503     
   2491.46277550368     
   2486.41047910217     
   2479.99156481092     
   2408.43190073436     
   2333.29315058807     
   2004.34000000000     
   1943.07434366548     
   1654.93000000000     
   1755.10509291835     
   1993.72696238651     
   2083.01453533647     
   1936.35357758318     
   1821.32000000000     
   2004.34000000000     
   2004.34000000000     
   2004.34000000000     
   1654.93000000000     
   1933.76080791447     
   1952.02470294006     
   1993.23027878111     
   1995.14078686619     
   1821.32000000000     
   1654.93000000000     
   1767.14468239161     
   1654.93000000000     
   1731.08109065778     
   1654.93000000000     
   1650.85110543945     
   1650.85110543945     
   1635.29002218031     
   1624.14951332501     
   1616.17188904115     
   1586.85044205016     
   1576.16680110731     
   1503.66000000000     
   1594.84722107200     
   1719.07630969898     
   1713.54565459391     
   1654.93000000000     
   1639.65459903614     
   1503.66000000000     
   1503.66000000000     
   1473.39463370653     
   1503.66000000000     
   1499.12157064176     
   1493.05130231568     
   1366.14000000000     
   1304.50995989216     
   1217.01685033393     
   1183.24426818714     
   927.565291419184     
   767.150000000000     
   812.018617369708     
   1457.07002902550     
   1607.11380502108     
   1654.93000000000     
   1654.93000000000     
   1808.86883384015     
   1634.42360796497     
   1803.74697518204     
   1503.66000000000     
   1821.32000000000     
   1812.85833269572     
   1654.93000000000     
   1628.45832831790     
   1503.66000000000     
   1127.46000000000     
   825.615465656009     
   631.337776128345     
   420.491499957089     
   574.030000000000     
   472.750000000000     
   319.820000000000     
   617.445778750609     
   1024.13000000000     
   888.135944433082     
   930.190000000000     
   1127.46000000000     
   1503.66000000000     
   1654.93000000000     
   1775.78795385586     
   2205.66000000000     
   2427.11000000000     
   2500.34924054563     
   2498.86462384496     
   2496.15490466134     
   2484.44104264890     
   2474.43469045232     
   2462.80071816760     
   2448.49977478699     
   2396.28495293087     
   2121.27186820762     
   1943.07434366548     
   1366.14000000000     
   1503.66000000000     
   1821.32000000000     
   2097.61915511136     
   2142.53726177696     
   2140.51583933505     
   2004.34000000000     
   2004.34000000000     
   2047.81932076070     
   2042.27817905139     
   1790.66135184950     
   1937.93881181216     
   2004.34000000000     
   1933.14783192282     
   1738.65923046758     
   1769.68192908992     
   1749.02860514348     
   1654.93000000000     
   1734.17816404003     
   1777.98537834908     
   1613.63560410756     
   1625.69239981115     
   1644.86171212176     
   1653.97153960408     
   1603.03312273188     
   1503.66000000000     
   1503.66000000000     
   1630.90541855051     
   1788.33170301438     
   1749.77412394798     
   1741.43401885789     
   1725.08433097723     
   1654.93000000000     
   1503.66000000000     
   1503.66000000000     
   1503.66000000000     
   1503.66000000000     
   1608.31420105339     
   1451.21799929923     
   1435.00562108959     
   1366.14000000000     
   1127.46000000000     
   1024.13000000000     
   930.190000000000     
   1126.38593510321     
   1442.25692241797     
   1821.32000000000     
   1752.76572522248     
   1810.76858179981     
   1654.93000000000     
   1795.42931368488     
   1966.30033881748     
   2004.34000000000     
   2004.34000000000     
   1821.32000000000     
   1797.64218908995     
   1654.93000000000     
   1503.66000000000     
   1366.14000000000     
   1127.46000000000     
   735.528496188566     
   215.290000000000     
   174.711629515303     
   176.170000000000     
   371.791959423831     
   428.900000000000     
   617.445778750609     
   472.750000000000     
   498.133695228461     
   748.442879030617     
   995.268185236907     
   1241.12000000000     
   1503.66000000000     
   1821.32000000000     
   2205.66000000000     
   2475.81391045573     
   2510.70927164657     
   2471.28943903138     
   2468.05335973865     
   2465.63696384432     
   2457.70566027955     
   2461.40397255259     
   2427.05133618659     
   2205.66000000000     
   1989.70307769215     
   1809.41472738279     
   1366.14000000000     
   1632.50953471563     
   1982.91263056016     
   2004.34000000000     
   2187.27770943463     
   2129.05049373561     
   2140.50949841803     
   2004.34000000000     
   2053.43351893718     
   2004.34000000000     
   1799.09552218639     
   1923.52619572296     
   2004.34000000000     
   1762.27398407006     
   1723.63542190836     
   1769.68192908992     
   1821.32000000000     
   1654.93000000000     
   1699.89703826661     
   1654.93000000000     
   1654.93000000000     
   1654.93000000000     
   1634.43563908922     
   1627.44736715086     
   1654.93000000000     
   1643.51990284157     
   1750.53745167878     
   1821.32000000000     
   1811.62932137369     
   1821.32000000000     
   1792.11896685863     
   1654.93000000000     
   1654.93000000000     
   1628.44261684561     
   1639.55589974311     
   1638.18677895398     
   1503.66000000000     
   1557.81694939754     
   1503.66000000000     
   1241.12000000000     
   1214.63195984246     
   1204.69339082559     
   1184.52154400097     
   1342.29588820816     
   1651.44004315907     
   1821.32000000000     
   1821.32000000000     
   1927.38647093634     
   1934.02401324657     
   1927.56716509834     
   2004.34000000000     
   2004.34000000000     
   2004.34000000000     
   2002.92184611248     
   1916.24595405085     
   1799.19672593171     
   1639.25194010000     
   1477.09717131765     
   1317.67337511494     
   908.265906614606     
   277.710953253714     
   159.230000000000     
   142.063303151441     
   159.230000000000     
   237.820000000000     
   389.030000000000     
   289.850000000000     
   262.600000000000     
   237.820000000000     
   461.242806834626     
   696.560000000000     
   1238.47689833547     
   1474.83831105040     
   1821.32000000000     
   2205.66000000000     
   2427.11000000000     
   2427.11000000000     
   2427.11000000000     
   2425.10859517579     
   2205.66000000000     
   2452.08798681765     
   2205.66000000000     
   2205.66000000000     
   2004.34000000000     
   1916.97321497704     
   1809.41472738279     
   1503.66000000000     
   1781.33649803924     
   2165.58797311177     
   2165.58797311177     
   2163.93297878071     
   2165.10128993935     
   2173.84846807840     
   2187.71816999929     
   2097.81864507891     
   2004.34000000000     
   1969.62089306329     
   1966.03054933436     
   2004.34000000000     
   1604.16857305805     
   1733.28848306537     
   1738.59260696113     
   1949.38511005167     
   1818.12651377628     
   1654.93000000000     
   1654.93000000000     
   1654.93000000000     
   1654.93000000000     
   1654.93000000000     
   1654.93000000000     
   1821.32000000000     
   1821.32000000000     
   1821.32000000000     
   1918.57322824863     
   1898.41308939969     
   1821.32000000000     
   1821.32000000000     
   1821.32000000000     
   1802.16424384287     
   1654.93000000000     
   1654.93000000000     
   1591.66152283659     
   1629.49421078235     
   1366.14000000000     
   1356.77786914383     
   1503.66000000000     
   1503.66000000000     
   1503.66000000000     
   1579.96786937668     
   1968.47203452090     
   1967.71038394104     
   1987.53087697255     
   2004.34000000000     
   2004.34000000000     
   1957.74444770707     
   2004.34000000000     
   2004.34000000000     
   2202.74117861202     
   2004.34000000000     
   1945.57898208704     
   1821.32000000000     
   1654.93000000000     
   1503.66000000000     
   1366.14000000000     
   1241.12000000000     
   930.190000000000     
   215.290000000000     
   159.230000000000     
   115.166502392707     
   76.7000000000000     
   61.5800000000000     
   2.50787623211384     
 -9.900000000000000E+015
 -9.900000000000000E+015
   129.830000000000     
   389.030000000000     
   632.380000000000     
   1078.24958254656     
   1503.66000000000     
   1821.32000000000     
   2111.58276850132     
   2349.23367721662     
   2403.25558573284     
   2421.93938120041     
   2417.30811649189     
   2395.43320728876     
   2354.23613223239     
   2205.66000000000     
   2205.66000000000     
   2194.83096790179     
   1821.32000000000     
   1654.93000000000     
   1503.66000000000     
   1754.76016420215     
   2004.34000000000     
   2199.68685123580     
   2142.59254775000     
   2194.54205745783     
   2216.87828127330     
   2227.11414589298     
   2004.34000000000     
   2152.94028193817     
   2139.86756210411     
   2004.34000000000     
   2004.34000000000     
   1654.93000000000     
   1806.92908666686     
   1654.93000000000     
   1889.36672838279     
   1781.81213986934     
   1765.96198852544     
   1654.93000000000     
   1654.93000000000     
   1654.42417917832     
   1788.75839244790     
   1821.32000000000     
   1973.25996147812     
   1821.32000000000     
   1951.61844485862     
   1909.66774011502     
   1934.16035013165     
   1990.50125176940     
   1978.92030674313     
   1948.73610151976     
   1901.77290439611     
   1790.05100918102     
   1651.46453791515     
   1654.93000000000     
   1503.49597522540     
   1601.26937435925     
   1617.23435594882     
   1654.93000000000     
   1366.14000000000     
   1456.92068514624     
   1821.32000000000     
   2205.66000000000     
   2004.34000000000     
   2004.34000000000     
   2004.34000000000     
   2179.22095094576     
   2134.70195640676     
   2158.79150105670     
   2320.89609074743     
   2183.03981603782     
   2004.34000000000     
   1955.46698311451     
   1821.32000000000     
   1594.38866223555     
   1366.14000000000     
   1209.46408066419     
   930.190000000000     
   574.030000000000     
   372.947140247110     
   157.450448470705     
   60.9086109080061     
 -9.900000000000000E+015
 -9.900000000000000E+015
 -9.900000000000000E+015
 -9.900000000000000E+015
   55.0300000000000     
   389.030000000000     
   472.750000000000     
   844.790000000000     
   1184.31397022729     
   1503.66000000000     
   1821.32000000000     
   2153.32058741626     
   2205.66000000000     
   2205.66000000000     
   2205.66000000000     
   2205.66000000000     
   2004.34000000000     
   1993.05695893463     
   1958.96750646288     
   2004.34000000000     
   1631.05664711954     
   1587.97154782856     
   1654.93000000000     
   1654.93000000000     
   1913.21260409946     
   2004.34000000000     
   2004.34000000000     
   2169.15142809680     
   2181.35780439133     
   2193.81971223436     
   2199.10213120773     
   2253.97724683281     
   2205.66000000000     
   2116.67504885307     
   2074.51012985634     
   1759.60260311611     
   1735.44444823037     
   1766.92120276518     
   1817.53435583033     
   1821.32000000000     
   1821.32000000000     
   1821.32000000000     
   2004.34000000000     
   2004.34000000000     
   2004.34000000000     
   2004.34000000000     
   2004.08574590797     
   2004.34000000000     
   1985.25893778268     
   1927.21053418188     
   1919.49587069577     
   1904.49865523625     
   1938.53620131981     
   1981.93927829382     
   1982.67602489844     
   1913.29556142625     
   1821.32000000000     
   1912.88635963557     
   1821.32000000000     
   1940.54940417265     
   1960.07462481734     
   2164.03668223215     
   2149.53540938846     
   2166.82307872768     
   2205.66000000000     
   2427.11000000000     
   2440.22803455442     
   2402.50476463240     
   2389.00523507950     
   2388.18039999722     
   2411.60741012117     
   2384.51219863773     
   2380.30021186127     
   2348.35122570881     
   2311.06532264107     
   2004.34000000000     
   1966.27968985828     
   1597.29568113895     
   1366.14000000000     
   930.190000000000     
   844.790000000000     
   421.811962294286     
   319.820000000000     
   176.170000000000     
   117.100000000000     
 -9.900000000000000E+015
 -9.900000000000000E+015
 -9.900000000000000E+015
 -9.900000000000000E+015
   68.7800000000000     
   215.290000000000     
   671.425173480234     
   751.738609604221     
   1126.50510292288     
   1224.02738822340     
   1366.14000000000     
   1503.66000000000     
   1503.66000000000     
   1582.72829037252     
   1503.66000000000     
   1503.66000000000     
   1366.14000000000     
   1346.82551150524     
   1127.46000000000     
   1024.13000000000     
   822.941837303869     
   767.150000000000     
   627.935399251352     
   767.150000000000     
   1821.04902112944     
   1821.04902112944     
   1990.04112543288     
   1990.04112543288     
   2183.56590300609     
   2183.56590300609     
   2168.04401664527     
   2168.04401664527     
   2294.51627186484     
   2294.51627186484     
   2004.34000000000     
   2004.34000000000     
   1762.25802097300     
   1762.25802097300     
   1781.90674653273     
   1781.90674653273     
   1955.35312464439     
   1955.35312464439     
   2004.34000000000     
   2004.34000000000     
   2126.55688194925     
   2126.55688194925     
   2004.34000000000     
   2004.34000000000     
   2004.34000000000     
   2004.34000000000     
   1913.44535126435     
   1913.44535126435     
   1886.32205146062     
   1886.32205146062     
   1945.02955834317     
   1945.02955834317     
   1810.92598947949     
   1810.92598947949     
   2004.34000000000     
   2004.34000000000     
   2205.66000000000     
   2205.66000000000     
   2418.74459083305     
   2418.74459083305     
   2443.55210174381     
   2443.55210174381     
   2451.29000019200     
   2451.29000019200     
   2460.47289265641     
   2460.47289265641     
   2427.11000000000     
   2427.11000000000     
   2409.01267121613     
   2409.01267121613     
   2367.55425477819     
   2367.55425477819     
   2004.34000000000     
   2004.34000000000     
   1450.70460673385     
   1450.70460673385     
   756.854452160036     
   756.854452160036     
   194.800000000000     
   194.800000000000     
   127.666605578908     
   127.666605578908     
 -9.900000000000000E+015
 -9.900000000000000E+015
   16.9848322579564     
   16.9848322579564     
   143.057819305152     
   143.057819305152     
   567.518305285669     
   567.518305285669     
   1127.46000000000     
   1127.46000000000     
   1201.46321602842     
   1201.46321602842     
   1024.13000000000     
   1024.13000000000     
   889.738009785851     
   889.738009785851     
   844.790000000000     
   844.790000000000     
   896.236592647691     
   896.236592647691     
   574.030000000000     
   574.030000000000     
   696.560000000000     
   696.560000000000     
 <EndGridData2D>
