COMENT1                 : Automatic Generated Grid Data File
COMENT2                 : Based On ../../../GeneralData/Bathymetry/ZLT_Lvl2_4000m_smooth_v01.dat
 
 
 ILB_IUB    :           1         137
 JLB_JUB    :           1         219
 COORD_TIP  :           4
 ORIGIN     :  -33.4979253112033        35.5090909090909     
 GRID_ANGLE :  0.000000000000000E+000
 LATITUDE   :   38.0000000000000     
 LONGITUDE  :  -28.5000000000000     
 FILL_VALUE :  -99.0000000000000     
 
 
 <BeginXX>
  0.000000000000000E+000
  4.564315352696724E-002
  9.128630705394158E-002
  0.136929460580909     
  0.182572614107883     
  0.228215767634850     
  0.273858921161825     
  0.319502074688792     
  0.365145228215766     
  0.410788381742734     
  0.456431535269708     
  0.502074688796682     
  0.547717842323650     
  0.593360995850624     
  0.639004149377591     
  0.684647302904565     
  0.730290456431533     
  0.775933609958507     
  0.821576763485474     
  0.867219917012449     
  0.912863070539416     
  0.958506224066390     
   1.00414937759336     
   1.04979253112033     
   1.09543568464730     
   1.14107883817427     
   1.18672199170124     
   1.23236514522821     
   1.27800829875518     
   1.32365145228216     
   1.36929460580912     
   1.41493775933610     
   1.46058091286307     
   1.50622406639004     
   1.55186721991701     
   1.59751037344398     
   1.64315352697095     
   1.68879668049792     
   1.73443983402489     
   1.78008298755186     
   1.82572614107884     
   1.87136929460581     
   1.91701244813278     
   1.96265560165975     
   2.00829875518672     
   2.05394190871369     
   2.09958506224066     
   2.14522821576763     
   2.19087136929461     
   2.23651452282158     
   2.28215767634855     
   2.32780082987552     
   2.37344398340249     
   2.41908713692946     
   2.46473029045643     
   2.51037344398340     
   2.55601659751037     
   2.60165975103734     
   2.64730290456431     
   2.69294605809128     
   2.73858921161825     
   2.78423236514523     
   2.82987551867220     
   2.87551867219917     
   2.92116182572614     
   2.96680497925311     
   3.01244813278008     
   3.05809128630705     
   3.10373443983402     
   3.14937759336100     
   3.19502074688797     
   3.24066390041494     
   3.28630705394191     
   3.33195020746888     
   3.37759336099585     
   3.42323651452282     
   3.46887966804979     
   3.51452282157676     
   3.56016597510373     
   3.60580912863070     
   3.65145228215767     
   3.69709543568464     
   3.74273858921162     
   3.78838174273859     
   3.83402489626556     
   3.87966804979253     
   3.92531120331950     
   3.97095435684647     
   4.01659751037344     
   4.06224066390041     
   4.10788381742739     
   4.15352697095435     
   4.19917012448133     
   4.24481327800830     
   4.29045643153527     
   4.33609958506224     
   4.38174273858921     
   4.42738589211618     
   4.47302904564315     
   4.51867219917012     
   4.56431535269709     
   4.60995850622406     
   4.65560165975104     
   4.70124481327801     
   4.74688796680498     
   4.79253112033195     
   4.83817427385892     
   4.88381742738589     
   4.92946058091286     
   4.97510373443983     
   5.02074688796680     
   5.06639004149378     
   5.11203319502074     
   5.15767634854772     
   5.20331950207468     
   5.24896265560166     
   5.29460580912863     
   5.34024896265560     
   5.38589211618257     
   5.43153526970954     
   5.47717842323651     
   5.52282157676348     
   5.56846473029045     
   5.61410788381743     
   5.65975103734440     
   5.70539419087137     
   5.75103734439834     
   5.79668049792531     
   5.84232365145228     
   5.88796680497925     
   5.93360995850622     
   5.97925311203319     
   6.02489626556017     
   6.07053941908713     
   6.11618257261411     
   6.16182572614107     
   6.20746887966805     
   6.25311203319502     
   6.29875518672199     
   6.34439834024896     
   6.39004149377593     
   6.43568464730290     
   6.48132780082987     
   6.52697095435684     
   6.57261410788382     
   6.61825726141079     
   6.66390041493776     
   6.70954356846473     
   6.75518672199170     
   6.80082987551867     
   6.84647302904564     
   6.89211618257261     
   6.93775933609958     
   6.98340248962655     
   7.02904564315352     
   7.07468879668050     
   7.12033195020746     
   7.16597510373444     
   7.21161825726141     
   7.25726141078838     
   7.30290456431535     
   7.34854771784232     
   7.39419087136929     
   7.43983402489626     
   7.48547717842323     
   7.53112033195021     
   7.57676348547718     
   7.62240663900415     
   7.66804979253112     
   7.71369294605809     
   7.75933609958506     
   7.80497925311203     
   7.85062240663900     
   7.89626556016597     
   7.94190871369295     
   7.98755186721991     
   8.03319502074689     
   8.07883817427386     
   8.12448132780083     
   8.17012448132780     
   8.21576763485477     
   8.26141078838174     
   8.30705394190871     
   8.35269709543568     
   8.39834024896265     
   8.44398340248962     
   8.48962655601660     
   8.53526970954357     
   8.58091286307054     
   8.62655601659751     
   8.67219917012448     
   8.71784232365145     
   8.76348547717842     
   8.80912863070539     
   8.85477178423236     
   8.90041493775934     
   8.94605809128630     
   8.99170124481328     
   9.03734439834025     
   9.08298755186722     
   9.12863070539419     
   9.17427385892116     
   9.21991701244813     
   9.26556016597510     
   9.31120331950207     
   9.35684647302904     
   9.40248962655601     
   9.44813278008299     
   9.49377593360996     
   9.53941908713693     
   9.58506224066390     
   9.63070539419087     
   9.67634854771784     
   9.72199170124481     
   9.76763485477178     
   9.81327800829875     
   9.85892116182572     
   9.90456431535269     
   9.95020746887967     
   9.99585062240664     
 <EndXX>
 <BeginYY>
  0.000000000000000E+000
  3.636363636363882E-002
  7.272727272727053E-002
  0.109090909090909     
  0.145454545454548     
  0.181818181818180     
  0.218181818181819     
  0.254545454545458     
  0.290909090909089     
  0.327272727272728     
  0.363636363636367     
  0.399999999999999     
  0.436363636363637     
  0.472727272727276     
  0.509090909090908     
  0.545454545454547     
  0.581818181818186     
  0.618181818181817     
  0.654545454545456     
  0.690909090909095     
  0.727272727272727     
  0.763636363636365     
  0.800000000000004     
  0.836363636363636     
  0.872727272727275     
  0.909090909090914     
  0.945454545454545     
  0.981818181818184     
   1.01818181818182     
   1.05454545454545     
   1.09090909090909     
   1.12727272727273     
   1.16363636363636     
   1.20000000000000     
   1.23636363636363     
   1.27272727272727     
   1.30909090909091     
   1.34545454545454     
   1.38181818181818     
   1.41818181818182     
   1.45454545454545     
   1.49090909090909     
   1.52727272727273     
   1.56363636363636     
   1.60000000000000     
   1.63636363636364     
   1.67272727272727     
   1.70909090909091     
   1.74545454545455     
   1.78181818181818     
   1.81818181818182     
   1.85454545454545     
   1.89090909090909     
   1.92727272727273     
   1.96363636363636     
   2.00000000000000     
   2.03636363636364     
   2.07272727272727     
   2.10909090909091     
   2.14545454545455     
   2.18181818181818     
   2.21818181818182     
   2.25454545454546     
   2.29090909090909     
   2.32727272727273     
   2.36363636363637     
   2.40000000000000     
   2.43636363636364     
   2.47272727272728     
   2.50909090909091     
   2.54545454545455     
   2.58181818181819     
   2.61818181818182     
   2.65454545454546     
   2.69090909090909     
   2.72727272727273     
   2.76363636363637     
   2.80000000000000     
   2.83636363636364     
   2.87272727272727     
   2.90909090909091     
   2.94545454545455     
   2.98181818181818     
   3.01818181818182     
   3.05454545454545     
   3.09090909090909     
   3.12727272727273     
   3.16363636363636     
   3.20000000000000     
   3.23636363636363     
   3.27272727272727     
   3.30909090909091     
   3.34545454545454     
   3.38181818181818     
   3.41818181818182     
   3.45454545454545     
   3.49090909090909     
   3.52727272727273     
   3.56363636363636     
   3.60000000000000     
   3.63636363636364     
   3.67272727272727     
   3.70909090909091     
   3.74545454545454     
   3.78181818181818     
   3.81818181818182     
   3.85454545454545     
   3.89090909090909     
   3.92727272727273     
   3.96363636363636     
   4.00000000000000     
   4.03636363636364     
   4.07272727272727     
   4.10909090909091     
   4.14545454545455     
   4.18181818181818     
   4.21818181818182     
   4.25454545454546     
   4.29090909090909     
   4.32727272727273     
   4.36363636363637     
   4.40000000000000     
   4.43636363636364     
   4.47272727272728     
   4.50909090909091     
   4.54545454545455     
   4.58181818181819     
   4.61818181818182     
   4.65454545454546     
   4.69090909090909     
   4.72727272727273     
   4.76363636363637     
   4.80000000000000     
   4.83636363636364     
   4.87272727272727     
   4.90909090909091     
   4.94545454545455     
   4.98181818181818     
 <EndYY>
 <BeginGridData2D>
   2347.84038708272     
   2317.78808942517     
   1932.40094929505     
   2143.28784973008     
   2781.15127380597     
   2833.48501361747     
   2815.62510827582     
   2667.66106496781     
   2719.59678780723     
   2705.03037427977     
   2739.14065348219     
   2670.70000000000     
   2633.36193871394     
   2550.61884462562     
   2746.68324952610     
   2797.98820869374     
   2772.96673059148     
   2740.81080638462     
   2586.90319227771     
   2670.70000000000     
   2608.20328396630     
   2652.88731000719     
   2730.00693023671     
   2748.88612708469     
   2729.89595101942     
   2611.64642924920     
   2769.00888827759     
   2767.37658070110     
   2670.70000000000     
   2670.70000000000     
   2660.87684319849     
   2651.53321819257     
   2586.07240874824     
   2581.55225918261     
   2778.21289517251     
   2813.00470627366     
   2771.38319830677     
   2831.84569648822     
   2928.38670687907     
   2938.64000000000     
   2938.64000000000     
   2844.04498733113     
   2781.38491693780     
   2843.56114293579     
   2670.70000000000     
   2427.11000000000     
   2811.05268437695     
   2904.55284530128     
   2938.64000000000     
   2871.76838804080     
   2878.40536307482     
   2938.64000000000     
   3009.88077974213     
   2938.64000000000     
   2670.70000000000     
   2932.20602829302     
   3313.92069580153     
   3347.26485362185     
   3343.36652140291     
   2938.64000000000     
   3139.48834055812     
   2878.36291280610     
   3138.71709923080     
   3114.52377897127     
   3172.28056595502     
   3177.99565718592     
   3113.42135607256     
   3051.51071094662     
   3069.31770502222     
   3044.04791133615     
   3067.75611904769     
   3033.13673442273     
   3073.25298102517     
   3142.13755322362     
   3128.92752787703     
   2938.64000000000     
   3214.48630159151     
   3337.30508430889     
   3429.04860024056     
   2670.70000000000     
   2670.70000000000     
   3162.80498844624     
   3411.92490480571     
   2670.70000000000     
   3155.86317974332     
   3086.48994650613     
   3199.25506326714     
   2938.64000000000     
   2865.42280600838     
   3233.37000000000     
   3533.68226993670     
   3578.96018311404     
   3578.61740467205     
   3587.46463574498     
   3577.74542311458     
   3579.72684493749     
   3577.91986745865     
   3591.43620816547     
   3592.06977881467     
   3557.57000000000     
   3619.37086811509     
   3610.00305740028     
   3625.62005914956     
   3630.47609421480     
   3632.86105670116     
   3645.07047965616     
   3646.68954273105     
   3639.44078299500     
   3628.44622298437     
   3604.77840964073     
   3618.30749633751     
   3602.94177158265     
   3589.21169694305     
   3557.57000000000     
   3638.48038362085     
   3705.17081461331     
   3654.21048504413     
   3557.57000000000     
   3557.57000000000     
   3510.74549769583     
   3557.57000000000     
   3626.94895021825     
   3611.60975012939     
   3557.57000000000     
   3406.39725965962     
   3233.37000000000     
   3320.40085193506     
   3302.75361075154     
   3287.70544177709     
   2938.64000000000     
   3231.51080793542     
   3435.92215301539     
   2938.64000000000     
   3233.37000000000     
   3540.50775643605     
   3557.57000000000     
   3420.98991110163     
   3709.90912116027     
   3557.57000000000     
   3865.19544433412     
   3794.62026184571     
   3844.80958133304     
   3843.44306275971     
   3914.19000000000     
   3811.49747290947     
   3818.03991920576     
   3737.06710081237     
   3557.57000000000     
   3914.19000000000     
   4523.36203278825     
   4693.53517148212     
   4592.17375821142     
   4487.44130318507     
   4144.75556189304     
   3534.61264240645     
   3233.37000000000     
   3886.52720538756     
   3887.89267577182     
   3857.15066716953     
   3914.19000000000     
   4076.51697381188     
   4078.72519619115     
   4156.29639512780     
   3914.19000000000     
   3914.19000000000     
   3914.19000000000     
   3914.19000000000     
   4258.34597292321     
   4306.47000000000     
   3914.19000000000     
   3233.37000000000     
   4240.15056259011     
   4232.48660304524     
   4177.45182016875     
   4108.34028707970     
   4271.45581100273     
   4306.47000000000     
   4425.65070603739     
   4540.15735079936     
   4634.39750114969     
   4528.00951509114     
   4220.17961693975     
   4605.68418488544     
   4578.27121009102     
   4306.47000000000     
   4450.81221869552     
   4529.26334325124     
   4488.32803510052     
   4255.94813458823     
   3914.19000000000     
   4186.07906813372     
   3914.19000000000     
   4453.71238858446     
   4258.17913425159     
   4260.46983005489     
   4484.48366519210     
   4555.79285207258     
   4562.24375457474     
   4737.97000000000     
   4806.95195677567     
   4777.86949669927     
   4658.38052306844     
   4737.97000000000     
   4820.29549718698     
   4889.63084012895     
   4896.84144619107     
   4953.14959918742     
   4949.60335909490     
   4930.25913567978     
   4934.18510060420     
   4933.92759397687     
   4927.53955204796     
   4927.63908573197     
   4925.11725909942     
   4899.29920772985     
   4577.27934562515     
   4181.80035878033     
   4620.96982505906     
   4664.26672173487     
   2347.84038708272     
   2412.37028164049     
   2190.16404406254     
   2418.61331458201     
   2734.55357446351     
   2666.35540595993     
   2670.70000000000     
   2560.40214990868     
   2572.66947333793     
   2427.11000000000     
   2427.11000000000     
   2427.11000000000     
   2670.70000000000     
   2560.69968426917     
   2746.22790699023     
   2782.19316430106     
   2765.82161716842     
   2721.14566097805     
   2643.50920060054     
   2662.49529416539     
   2555.38733290446     
   2574.90565347210     
   2667.10020570848     
   2715.83712852699     
   2716.37180550094     
   2607.87802121919     
   2575.23683930506     
   2627.21085144585     
   2694.70414277926     
   2686.21261003661     
   2667.69876235538     
   2602.74964050711     
   2523.34066516049     
   2427.11000000000     
   2670.70000000000     
   2847.11443361349     
   2830.81215656470     
   2864.45390625295     
   2929.61006369476     
   2938.64000000000     
   2926.72145454936     
   2878.22362258360     
   2831.08706904871     
   2872.45824041262     
   2798.45393624163     
   2670.70000000000     
   2670.70000000000     
   2862.65331492414     
   2938.64000000000     
   2893.57226010909     
   2893.47343571631     
   2880.01593893425     
   3033.08160994807     
   3084.61512797517     
   2938.64000000000     
   2895.21620577039     
   2938.64000000000     
   3156.04973367782     
   3300.23063189520     
   2938.64000000000     
   3191.18813828282     
   2938.64000000000     
   3159.14014544561     
   3168.27018482957     
   3143.43594000096     
   3167.40320986074     
   3167.68554398842     
   3084.57852402887     
   3036.54214008276     
   3012.65791594429     
   3006.63944016590     
   3053.23928227837     
   3108.09341965131     
   3172.97535432581     
   3224.40178639871     
   3164.96650573864     
   3233.37000000000     
   3408.22723131292     
   3463.38881466215     
   3131.55270848470     
   2883.39588385330     
   3172.12609661843     
   3516.91273341079     
   3159.35060097402     
   3233.37000000000     
   3233.37000000000     
   3430.63729373178     
   3355.86935503940     
   3233.37000000000     
   3435.33338088390     
   3557.57000000000     
   3557.57000000000     
   3556.89949887015     
   3551.33447759804     
   3537.45991622162     
   3533.06506310498     
   3547.71961061121     
   3539.64252744921     
   3557.57000000000     
   3557.57000000000     
   3557.57000000000     
   3543.50528883691     
   3621.52636527399     
   3602.75560655949     
   3609.95153144323     
   3621.45154525706     
   3645.21092024587     
   3631.06409557471     
   3633.41898601520     
   3620.33693227636     
   3606.84077867092     
   3557.57000000000     
   3546.35799730819     
   3553.40945921902     
   3608.94867807354     
   3650.59681069150     
   3614.65658832848     
   3591.98737606321     
   3557.57000000000     
   3550.64435777542     
   3549.71493182211     
   3557.57000000000     
   3557.57000000000     
   3503.42898651846     
   3233.37000000000     
   3233.37000000000     
   3353.04703863406     
   3333.51681366280     
   3294.09074906973     
   3164.60489428250     
   3189.75838593046     
   3470.93455356548     
   3233.37000000000     
   3233.37000000000     
   3557.57000000000     
   3557.57000000000     
   3557.57000000000     
   3789.59626629623     
   3770.41569638368     
   3766.58943691256     
   3864.29804625936     
   3837.74692793474     
   3785.38723692510     
   3810.77751294504     
   3758.84667474602     
   3773.37836629887     
   3738.45509270893     
   3557.57000000000     
   3557.57000000000     
   3914.19000000000     
   3914.19000000000     
   3914.19000000000     
   3914.19000000000     
   3876.45043860689     
   3557.57000000000     
   3446.48228480831     
   3895.38331369621     
   3914.19000000000     
   3914.19000000000     
   3876.41323725166     
   3914.19000000000     
   4018.08852405736     
   4040.02757988378     
   3806.57782169345     
   3914.19000000000     
   3762.49748144515     
   3914.19000000000     
   4172.97525949502     
   4115.08539747584     
   3914.19000000000     
   3546.00470719290     
   4106.03583648985     
   4238.10622455236     
   4205.50604818047     
   4178.85509312439     
   4257.10010800252     
   4306.47000000000     
   4407.43299732799     
   4306.47000000000     
   4306.47000000000     
   4272.64563236462     
   4153.79756951862     
   4268.81431637101     
   4306.47000000000     
   4467.38766446927     
   4476.46902766748     
   4306.47000000000     
   4435.53980254523     
   3914.19000000000     
   4053.17678453923     
   4182.34407957043     
   4161.34951423584     
   4507.11079692060     
   4416.95363142877     
   4438.43855570988     
   4528.91335191180     
   4574.46980192336     
   4306.47000000000     
   4555.89161575055     
   4790.44592652868     
   4737.97000000000     
   4682.52183915906     
   4736.94702074031     
   4737.97000000000     
   4872.94296438804     
   4848.37983939279     
   4929.57239882767     
   4902.23752503341     
   4737.97000000000     
   4897.21400060122     
   4925.32226980607     
   4904.28746242161     
   4911.57590616199     
   4907.91796234940     
   4894.61274274961     
   4717.03891472488     
   4306.47000000000     
   4687.16899242344     
   4664.26672173487     
   2335.43199366283     
   2427.11000000000     
   2746.39603099966     
   2733.10442472639     
   2742.45248784260     
   2427.11000000000     
   2205.66000000000     
   2197.31692809410     
   2205.66000000000     
   2205.66000000000     
   2109.58285562209     
   2404.66748174659     
   2726.68206694333     
   2752.45973032073     
   2755.55146365890     
   2751.93073528724     
   2670.70000000000     
   2602.28738359651     
   2554.92461878815     
   2592.12207484219     
   2427.11000000000     
   2427.11000000000     
   2565.37670738885     
   2618.68009321761     
   2669.28359958955     
   2640.75799572048     
   2427.11000000000     
   2367.29093384696     
   2625.56107430111     
   2647.41078821923     
   2636.99860997112     
   2542.78667667368     
   2544.69987575908     
   2406.03897000902     
   2205.66000000000     
   2868.39529970347     
   2928.90672201818     
   2853.44890599189     
   2932.57555815352     
   2878.90810272185     
   2938.64000000000     
   2938.64000000000     
   2670.70000000000     
   2839.01846555251     
   2866.87235578825     
   2844.92585592112     
   2938.64000000000     
   3072.39423302359     
   3132.95636719134     
   2938.64000000000     
   2837.61651350490     
   2320.20281892875     
   2938.64000000000     
   3122.58326109030     
   3233.37000000000     
   3266.28491023930     
   3270.73979400180     
   2938.64000000000     
   3163.47471286972     
   3100.58286771738     
   3233.37000000000     
   3233.37000000000     
   3230.42711631981     
   3226.17613779011     
   3161.51537397077     
   2882.63980863313     
   3161.53647460649     
   2938.64000000000     
   2865.57268614719     
   2901.36322859472     
   2670.70000000000     
   3037.20991617990     
   3105.51269470281     
   3196.21801046513     
   3233.37000000000     
   3425.90393246668     
   3434.69548737898     
   3498.21360769096     
   3557.57000000000     
   3526.74166203371     
   3233.37000000000     
   3505.11110000815     
   3522.22466745888     
   3557.57000000000     
   3461.48501275755     
   3557.57000000000     
   3557.57000000000     
   3451.07727695047     
   3588.64958891956     
   3591.90219119472     
   3544.24400386459     
   3465.01128586732     
   3467.97828148581     
   3407.95678487210     
   3233.37000000000     
   3233.37000000000     
   3448.61108486113     
   3233.37000000000     
   3479.83690107023     
   3489.85362917104     
   3233.37000000000     
   3467.53258363867     
   3557.57000000000     
   3537.81346403122     
   3557.57000000000     
   3557.57000000000     
   3604.17235396421     
   3595.21293738727     
   3557.57000000000     
   3594.46000000001     
   3586.32691952900     
   3508.52052515597     
   3483.16264603575     
   3498.53131827117     
   3553.85305048406     
   3557.57000000000     
   3629.30052933194     
   3557.57000000000     
   3557.57000000000     
   3557.57000000000     
   3541.21467177883     
   3517.34923565304     
   3455.44018643519     
   3393.25204309794     
   3233.37000000000     
   3233.37000000000     
   3363.34760652611     
   3375.14229409781     
   3314.97051883054     
   3228.10240601440     
   3157.37594689239     
   3233.37000000000     
   3673.49623331172     
   3233.37000000000     
   3810.46587811604     
   3914.19000000000     
   3895.64380006574     
   3808.64257288657     
   3557.57000000000     
   3158.14668229527     
   3912.60044880353     
   3838.64049278774     
   3557.57000000000     
   3557.57000000000     
   3695.88194053182     
   3557.57000000000     
   3775.78531902628     
   3703.17085919332     
   3538.51973296327     
   3495.83281137028     
   3528.70169767164     
   3557.57000000000     
   3557.57000000000     
   3759.78669727134     
   3854.92846931115     
   3914.19000000000     
   4080.95404563020     
   4067.78402332201     
   3910.56086193170     
   3557.57000000000     
   3914.19000000000     
   4041.19940871557     
   3914.19000000000     
   3557.57000000000     
   3763.18367559541     
   3807.45778636225     
   3914.19000000000     
   4097.71102856154     
   4098.33974379015     
   4152.55419158339     
   4136.77521395566     
   3914.19000000000     
   4218.87546608796     
   4182.63365933406     
   4255.39042546985     
   4247.17987494186     
   4217.20673706916     
   4252.55244804498     
   3914.19000000000     
   3914.19000000000     
   4140.46059124206     
   3914.19000000000     
   3894.52023391098     
   3914.19000000000     
   4469.20616219001     
   4501.07422222672     
   4127.69108207146     
   4163.30326414750     
   3886.25448907885     
   4046.17556438818     
   4170.08922347476     
   4162.27874444928     
   4555.72435694960     
   4481.18117375871     
   4563.97237578310     
   4535.06500535492     
   4306.47000000000     
   4306.47000000000     
   4181.69640705367     
   4712.70769676681     
   4737.97000000000     
   4658.59399397660     
   4737.97000000000     
   4925.99946821493     
   4889.45072909879     
   4737.97000000000     
   4737.97000000000     
   4737.97000000000     
   4306.47000000000     
   4306.47000000000     
   4564.83858326970     
   4869.27616598200     
   4870.47312228465     
   4869.11537344638     
   4865.66437740336     
   4852.80595187381     
   4736.14975438759     
   4678.46404680621     
   4605.63466060544     
   2480.05052819628     
   2427.11000000000     
   2717.74270668734     
   2715.42343274625     
   2717.20077499188     
   2596.93727830294     
   2004.34000000000     
   1970.62902503450     
   2362.39034164990     
   2332.50804432377     
   2170.18895308680     
   2427.11000000000     
   2670.70000000000     
   2736.93517981242     
   2749.13362545484     
   2718.88430291503     
   2589.48391530550     
   2427.11000000000     
   2536.45234733301     
   2529.53668012092     
   2427.11000000000     
   2427.11000000000     
   2427.11000000000     
   2612.23528277888     
   2595.65767657844     
   2550.60005614244     
   2394.73033980572     
   2205.66000000000     
   2427.11000000000     
   2594.28115011974     
   2621.30019463114     
   2576.84719055351     
   2427.11000000000     
   2369.72880595510     
   2205.66000000000     
   2427.11000000000     
   2913.82621404648     
   2915.67555470973     
   2938.64000000000     
   2938.64000000000     
   2670.70000000000     
   2670.70000000000     
   2646.30049043025     
   2670.70000000000     
   2670.70000000000     
   2670.70000000000     
   2926.67296588836     
   2938.64000000000     
   3058.00512476574     
   3060.49333757580     
   3069.50703762458     
   2938.64000000000     
   3183.86085779572     
   3199.37045953098     
   3233.37000000000     
   3233.37000000000     
   3296.06121176394     
   3233.37000000000     
   3217.79990763757     
   2938.64000000000     
   3198.91497239674     
   3233.37000000000     
   3233.37000000000     
   3198.98290470955     
   3233.37000000000     
   3346.33387856992     
   3114.63742803925     
   3146.68611076648     
   3202.55871472590     
   3153.17215914051     
   3074.77614216211     
   3087.84226847906     
   3127.36043891115     
   3167.76455827802     
   3233.37000000000     
   3402.86771472073     
   3483.08102532513     
   3497.34936020405     
   3555.62419135796     
   3542.44506276596     
   3450.16506573869     
   3233.37000000000     
   3233.37000000000     
   3557.57000000000     
   3491.32899473066     
   3233.37000000000     
   2551.75059010122     
   2938.64000000000     
   3557.57000000000     
   3485.59059544273     
   3506.51297118917     
   3188.70763857060     
   3233.37000000000     
   3122.18597862157     
   2938.64000000000     
   2938.64000000000     
   3233.37000000000     
   3094.54355456817     
   3233.37000000000     
   3233.37000000000     
   3233.37000000000     
   3233.37000000000     
   3457.65912998683     
   3454.46714995949     
   3538.29602274587     
   3512.07965358398     
   3527.62359692336     
   3551.50878206412     
   3548.05226573946     
   3535.69909305598     
   3513.90389298482     
   3443.08397558883     
   3455.74264423546     
   3437.83436661682     
   3522.37167260734     
   3557.57000000000     
   3603.11655500549     
   3597.76727761577     
   3535.04545974956     
   3536.97048580286     
   3545.98786555983     
   3501.45001893813     
   3467.27926482505     
   3357.13627562013     
   3233.37000000000     
   3299.36629301056     
   3348.68331158879     
   3347.91071045962     
   3307.24370388079     
   3218.44077884480     
   3101.60491660755     
   3205.68314563871     
   3689.62579549186     
   3233.37000000000     
   3867.52243511133     
   3914.19000000000     
   3967.30845100184     
   3959.55492596639     
   3866.08743180376     
   3557.57000000000     
   3823.58457548080     
   3525.06918869330     
   3474.65311364500     
   3557.57000000000     
   3695.66579621735     
   3709.40432397977     
   3822.95299641946     
   3833.88680701151     
   3738.74156517634     
   3684.40090195588     
   3705.42646173169     
   3752.74193871941     
   3804.13801985047     
   3896.89629618210     
   3914.19000000000     
   4019.86689138367     
   4069.21688256479     
   4077.31829263640     
   3896.13940273529     
   3555.98206224671     
   3746.93102968058     
   4038.75838717279     
   3901.57075935794     
   3537.72103110840     
   3838.41875697738     
   3849.42271642371     
   3914.19000000000     
   4018.40272932475     
   4101.09890161093     
   4174.88935658255     
   4216.82271580733     
   4158.74878989549     
   4196.12739893794     
   4087.60632414557     
   4234.72246838360     
   4237.16465888504     
   3914.19000000000     
   4124.14705776959     
   3914.19000000000     
   4108.07344520986     
   4150.99354567277     
   4107.29803991815     
   4068.34217136253     
   3914.19000000000     
   4306.47000000000     
   4490.51085571403     
   4409.06603144548     
   3914.19000000000     
   3974.25090218299     
   3914.19000000000     
   4068.54615966796     
   4163.06286468953     
   4293.99242460278     
   4284.54711605279     
   4306.47000000000     
   4518.66537291331     
   4434.62095671952     
   3914.19000000000     
   3914.19000000000     
   4306.47000000000     
   4660.48934419073     
   4731.35236099417     
   4737.97000000000     
   4737.97000000000     
   4831.46424134128     
   4815.83033337751     
   4306.47000000000     
   4306.47000000000     
   4390.62989056041     
   4456.60257376139     
   4296.32848271942     
   4712.28310302518     
   4737.97000000000     
   4835.71428040564     
   4831.98566907924     
   4835.89343992563     
   4724.79902968350     
   4640.03037970700     
   4529.66574617567     
   2514.38965772052     
   2385.64428369519     
   2670.70000000000     
   2670.70000000000     
   2670.70000000000     
   2591.07253306328     
   2205.66000000000     
   2004.34000000000     
   2381.95514403549     
   2381.95514403549     
   2427.11000000000     
   2670.70000000000     
   2670.70000000000     
   2670.70000000000     
   2713.26133510332     
   2724.70220165922     
   2611.90293489718     
   2366.70236624096     
   2627.15366826390     
   2613.61305142373     
   2573.65502284507     
   2427.11000000000     
   2427.11000000000     
   2427.11000000000     
   2156.19831784867     
   1753.68984113937     
   2205.66000000000     
   1821.32000000000     
   2427.11000000000     
   2579.52196185342     
   2601.49802458257     
   2532.74587065418     
   2407.53579695628     
   2368.70257217092     
   2205.66000000000     
   2330.40226401863     
   2857.46782327985     
   2938.64000000000     
   2938.64000000000     
   2938.64000000000     
   2628.32474661951     
   2663.11833291127     
   2623.75352038509     
   2404.55728356159     
   2670.70000000000     
   2670.70000000000     
   2938.64000000000     
   2938.64000000000     
   2938.64000000000     
   3002.43794964166     
   3027.24600183403     
   2990.73322693895     
   2938.64000000000     
   3150.38886067519     
   3233.37000000000     
   3228.30076751645     
   3233.37000000000     
   3233.37000000000     
   3226.59569229739     
   3110.46779687777     
   3233.37000000000     
   3411.09901374119     
   3233.37000000000     
   3184.40757059904     
   3435.52556301906     
   3438.81454347342     
   3413.42248705364     
   3363.20438930318     
   3233.37000000000     
   3196.82910220525     
   3173.90151122804     
   3102.50211295792     
   3110.36637730467     
   3161.93328232388     
   3201.08880220006     
   3233.37000000000     
   3438.43298819478     
   3520.73176179251     
   3499.50079644029     
   3517.60800000991     
   3430.89433731739     
   3233.37000000000     
   3339.26844768740     
   3433.89896999812     
   3373.52196109159     
   3330.98430207362     
   3386.98205786069     
   3207.28331865283     
   3533.07683003136     
   3515.29722156554     
   3393.22309121481     
   2938.64000000000     
   2844.64285032754     
   2911.90223575141     
   2888.40167286215     
   2809.32052302153     
   2938.64000000000     
   2938.64000000000     
   3153.39045781629     
   3183.33123700976     
   3186.25868502033     
   3088.66796873354     
   3133.52012796192     
   3233.37000000000     
   3505.45489894044     
   3458.32928316670     
   3233.37000000000     
   3467.01888135683     
   3414.44414731196     
   3525.04181024002     
   3388.18621857305     
   3439.52509384682     
   3411.09420608649     
   3389.95008176940     
   3455.79103655027     
   3511.96475451680     
   3532.64125148966     
   3547.72736661090     
   3540.88030455440     
   3502.45638914309     
   3557.57000000000     
   3551.57742888472     
   3549.24973911091     
   3233.37000000000     
   3336.10630258170     
   3302.63630711222     
   3365.29850984288     
   3346.73267553612     
   3233.37000000000     
   3201.45562684135     
   3185.68710345900     
   3233.37000000000     
   3712.57596507265     
   3233.37000000000     
   3871.33372472077     
   3939.91602248883     
   3954.66770810408     
   3864.66395552914     
   3557.57000000000     
   3557.57000000000     
   2938.64000000000     
   2391.80437332368     
   2670.70000000000     
   3497.20772658784     
   3557.57000000000     
   3557.57000000000     
   3837.92668353920     
   3879.14631915109     
   3759.89434721318     
   3557.57000000000     
   3680.70083560899     
   3800.75256483970     
   3906.46270514587     
   3950.67699425539     
   3951.04772753542     
   3914.19000000000     
   4032.12573205808     
   4098.14009900816     
   4068.71402652079     
   4045.29788914505     
   3914.19000000000     
   3914.19000000000     
   3846.10396053082     
   3959.66467387424     
   3991.05409997882     
   3873.62166293380     
   4034.97650213601     
   4036.69119937550     
   3914.19000000000     
   4133.59487780451     
   4144.04086982462     
   4214.72714963461     
   4151.53324879325     
   4081.45851324948     
   4127.04419183453     
   3914.19000000000     
   3914.19000000000     
   3914.19000000000     
   4077.02840619738     
   4160.99936162161     
   4138.94260316971     
   4071.10764133217     
   3914.19000000000     
   3900.87428774377     
   4227.19605319277     
   4480.16219197906     
   4447.24259255129     
   3864.83002584570     
   4027.71978643571     
   4050.91057601504     
   3914.19000000000     
   4111.07122279473     
   4153.90058435584     
   3914.19000000000     
   4152.14405246252     
   4449.28034480926     
   4306.47000000000     
   3865.02142933306     
   3816.35834194212     
   4153.17472941547     
   4306.47000000000     
   4582.53290955697     
   4707.44599781434     
   4737.97000000000     
   4737.97000000000     
   4831.99119452665     
   4306.47000000000     
   4306.47000000000     
   4253.49885734434     
   4284.58532293616     
   4244.52152947503     
   4306.47000000000     
   4692.65801383385     
   4826.07672081959     
   4815.06421081646     
   4806.58453885084     
   4737.97000000000     
   4559.83559276822     
   4306.47000000000     
   2531.87748138986     
   2427.11000000000     
   2427.11000000000     
   2427.11000000000     
   2618.74214384201     
   2604.33084164725     
   2523.35817883890     
   2419.30717611346     
   2004.34000000000     
   1821.32000000000     
   2660.16467262368     
   2694.83743711488     
   2684.85243278492     
   2670.70000000000     
   2658.11507235703     
   2766.15143775996     
   2649.33860777331     
   2556.69863082218     
   2427.11000000000     
   2427.11000000000     
   2427.11000000000     
   2427.11000000000     
   2427.11000000000     
   2205.66000000000     
   1609.49146452807     
   1503.66000000000     
   2004.34000000000     
   2205.66000000000     
   2349.22411555575     
   2539.32304391221     
   2572.45891525182     
   2530.35216985891     
   2401.97938659309     
   2205.66000000000     
   2205.66000000000     
   2364.61651598386     
   2670.70000000000     
   3036.33808069718     
   3064.12628568894     
   2938.64000000000     
   2670.70000000000     
   2858.41919712331     
   2771.80029688913     
   2570.10989256038     
   2427.11000000000     
   2670.70000000000     
   2626.82258556187     
   2938.64000000000     
   2885.96176581283     
   2897.82820087402     
   2920.01083101273     
   2938.64000000000     
   2923.51254833966     
   2938.64000000000     
   2938.64000000000     
   3206.77850390432     
   3174.89435793607     
   3233.37000000000     
   3194.43056863018     
   3198.52068134144     
   3342.29108879545     
   3403.29226912730     
   3444.75306966467     
   3421.26445195499     
   3229.49435555797     
   3463.59684388438     
   3437.21785967269     
   3435.84222964587     
   3233.37000000000     
   3222.51888313251     
   3198.82355441489     
   3153.63810402342     
   3106.28608937600     
   3233.37000000000     
   3295.76403896094     
   3233.37000000000     
   3461.16335459247     
   3489.01745261038     
   3484.58231724256     
   3440.80092721614     
   3390.18704167996     
   3314.03977786361     
   3288.21383471770     
   3233.37000000000     
   3232.96348963698     
   3233.37000000000     
   3378.52512780948     
   3382.87094497172     
   3233.37000000000     
   3233.37000000000     
   3226.85578854808     
   2938.64000000000     
   2911.50139856275     
   2938.64000000000     
   2938.64000000000     
   2847.00700502966     
   2816.71779259738     
   3173.13462607335     
   3138.85252100028     
   3156.94470270335     
   3201.28621309139     
   3131.06558277904     
   2938.64000000000     
   3214.74106514158     
   3233.37000000000     
   3399.19796592894     
   3385.48282319292     
   3350.45813940700     
   3370.19509094438     
   3233.37000000000     
   3385.28048816162     
   3385.75202709702     
   3430.36060739606     
   3398.08527312632     
   3477.33266495615     
   3474.66319105507     
   3452.15141685133     
   3406.26870283287     
   3233.37000000000     
   3557.57000000000     
   3592.79328366811     
   3610.76680790605     
   3557.57000000000     
   3399.78481915111     
   3317.21536893740     
   3233.37000000000     
   3345.23223125451     
   3347.27110575238     
   3222.80362992183     
   3117.14440007847     
   3155.70297718288     
   3233.37000000000     
   3731.96386771390     
   3754.67246390114     
   3557.57000000000     
   3914.19000000000     
   3557.57000000000     
   3233.37000000000     
   3196.94141234802     
   2938.64000000000     
   2670.70000000000     
   2838.04306933654     
   2938.64000000000     
   3518.76993729481     
   3506.87921600876     
   3233.37000000000     
   3557.57000000000     
   3838.79415356674     
   3520.95766542961     
   3233.37000000000     
   3476.55045098129     
   3557.57000000000     
   3835.28381568878     
   3894.43414237763     
   3913.98304599262     
   3914.19000000000     
   3914.19000000000     
   4050.49499947490     
   4081.77906735371     
   4107.06406543406     
   4114.79759669150     
   4092.51735555776     
   3914.19000000000     
   4001.31157020569     
   3968.31750533928     
   3846.63253693042     
   4006.42487116950     
   4015.99498536672     
   3557.57000000000     
   3914.19000000000     
   4097.80611094972     
   4115.15911973258     
   4042.24862693904     
   4048.83827870602     
   4033.85643920945     
   4099.07879161440     
   4041.54918277178     
   3914.19000000000     
   4084.60121412919     
   4143.44915378446     
   4147.38401460466     
   3914.19000000000     
   3851.19429845620     
   3820.13632512272     
   3914.19000000000     
   4306.47000000000     
   4460.03564491546     
   3887.27019111823     
   4017.33693054210     
   4035.08875211118     
   4107.17435235700     
   4190.63187941885     
   4188.84478243351     
   4147.49805898992     
   4238.52773046206     
   4429.19571955244     
   4440.06898419411     
   4168.65812582120     
   3914.19000000000     
   4249.18245074963     
   4306.47000000000     
   4458.89415959318     
   4306.47000000000     
   4570.43041349865     
   4701.95347193408     
   4831.61725010781     
   4586.22499410512     
   4290.92916137100     
   4117.92969393024     
   4211.23609966153     
   4114.94428468424     
   4297.78168388059     
   4810.80495028035     
   4815.47834605563     
   4798.99174996610     
   4779.24699855155     
   4737.62129990653     
   4306.47000000000     
   4306.47000000000     
   2485.00883277673     
   2457.25441329313     
   2380.27312085385     
   2347.05250126916     
   2547.67266334160     
   2602.51311238507     
   2427.11000000000     
   2427.11000000000     
   1926.31609569979     
   2004.34000000000     
   2427.11000000000     
   2685.21023474530     
   2670.70000000000     
   2596.08504106422     
   2427.11000000000     
   2655.65119088109     
   2427.11000000000     
   2205.66000000000     
   2205.66000000000     
   2333.99444791300     
   2369.91468321445     
   2467.45719282941     
   2427.11000000000     
   2187.32401060626     
   2004.34000000000     
   2184.62952072086     
   2416.23096466964     
   2427.11000000000     
   2343.88942230066     
   2514.54756328025     
   2576.28147354739     
   2563.29836100416     
   2501.17921978428     
   2427.11000000000     
   2427.11000000000     
   2427.11000000000     
   2670.70000000000     
   2997.04350740717     
   3028.01709536985     
   3044.30157402762     
   2938.64000000000     
   2919.29252360527     
   2859.79763532234     
   2860.51085997571     
   2668.72828174257     
   2670.70000000000     
   2670.70000000000     
   2935.44048842224     
   2995.65101473601     
   2877.13891469685     
   2887.38946627441     
   2968.02622210953     
   2960.62534044963     
   2976.51886898967     
   2938.64000000000     
   2938.64000000000     
   2938.64000000000     
   3162.03437970397     
   3110.46473149580     
   3206.96846668423     
   3233.37000000000     
   3436.14905958461     
   3504.95902946608     
   3483.87195023537     
   3497.48055401395     
   3476.01688832008     
   3438.39726460622     
   3411.40933796098     
   2938.64000000000     
   3194.80610421893     
   3133.62359470159     
   3225.41194045949     
   3218.83398614434     
   3233.37000000000     
   3347.66596405233     
   3384.31412834773     
   3436.01272074470     
   3434.73455494544     
   3389.03668077810     
   3344.80258667313     
   3233.37000000000     
   3203.09568876650     
   3211.26997728234     
   3199.69679647270     
   3193.86986456157     
   3207.79253871227     
   3218.22118588418     
   3233.37000000000     
   3181.15497510137     
   3096.28246898895     
   2938.64000000000     
   2938.64000000000     
   2938.64000000000     
   2938.64000000000     
   3061.61794040174     
   3052.08049250381     
   2938.64000000000     
   2938.64000000000     
   3233.37000000000     
   3233.37000000000     
   3229.33985744934     
   3193.07117412724     
   2938.64000000000     
   3160.89603901530     
   3186.99830188539     
   3419.93571446166     
   3402.40750673772     
   3340.96416270003     
   3233.37000000000     
   3200.75272697601     
   3233.37000000000     
   3360.36039472426     
   3341.00096737795     
   3391.09325582295     
   3423.89130763031     
   3471.19897635558     
   3426.78040588133     
   3233.37000000000     
   3439.75805109753     
   3607.92792059191     
   3626.01257916668     
   3609.25127680257     
   3557.57000000000     
   3446.31413501470     
   3233.37000000000     
   3233.37000000000     
   3358.69883570208     
   3380.24952408322     
   3233.37000000000     
   3163.11248379297     
   3224.56267074295     
   3233.37000000000     
   3557.57000000000     
   3914.19000000000     
   3967.62017012431     
   3992.08825753527     
   3993.76298232824     
   3989.81428581985     
   3981.17234633195     
   3994.19917261485     
   3981.86270752384     
   3871.53529447136     
   3857.66400410025     
   3770.10097451219     
   3557.57000000000     
   3220.05685604924     
   3233.37000000000     
   3794.42728939890     
   3557.57000000000     
   3233.37000000000     
   3444.23180528555     
   3557.57000000000     
   3880.86906720336     
   3557.57000000000     
   3415.77183360835     
   3855.14939022751     
   3842.49275497608     
   3865.22846874613     
   3914.19000000000     
   4067.39699078670     
   4123.86514193892     
   4028.73896248500     
   3914.19000000000     
   3906.83217187436     
   3863.34693092201     
   3870.25991019233     
   3914.19000000000     
   3885.09440159698     
   3845.01236626416     
   3914.19000000000     
   4194.12006814839     
   4106.25947301752     
   4026.90258893325     
   4041.23524791636     
   4071.04417759464     
   4041.92846521123     
   4024.77056366473     
   4066.31340875364     
   4077.36417269798     
   4102.86055098603     
   4113.90405334117     
   3914.19000000000     
   3913.86204976792     
   3756.32843784311     
   3817.30564169001     
   4159.44387983194     
   4486.84501923034     
   3890.85996120900     
   4022.92561850254     
   3914.19000000000     
   4119.35823243757     
   4201.03333254067     
   4225.70419414885     
   4134.61772619905     
   4306.47000000000     
   4306.47000000000     
   4571.49142751412     
   4488.34963367439     
   4465.18147773124     
   4442.43631405420     
   4447.32959940774     
   4435.88610944905     
   4403.93566506250     
   4306.47000000000     
   4721.23919044276     
   4833.50659565585     
   4527.76942369305     
   3914.19000000000     
   3883.28840918602     
   3914.19000000000     
   4156.55829935113     
   4306.47000000000     
   4797.84288680130     
   4804.23165526684     
   4691.74091491335     
   4676.04721700014     
   4709.36521488150     
   4306.47000000000     
   4306.47000000000     
   2484.16784886588     
   2386.04134570626     
   2205.66000000000     
   2393.71884485133     
   2427.11000000000     
   2573.28044827161     
   2515.30423212528     
   2427.11000000000     
   2205.66000000000     
   2427.11000000000     
   2615.68987087736     
   2651.39853444943     
   2648.08960747460     
   2427.11000000000     
   2324.65482356601     
   2427.11000000000     
   2507.95880585450     
   2150.50978700328     
   2205.66000000000     
   2318.93550585794     
   2382.96246803982     
   2492.63901777881     
   2556.58359025611     
   2511.34974981253     
   2550.61471696131     
   2534.01919356093     
   2507.00633277808     
   2427.11000000000     
   2427.11000000000     
   2530.56305626691     
   2576.66207317902     
   2572.40214183307     
   2565.57388764056     
   2670.70000000000     
   2775.27445959450     
   2800.39433256277     
   2670.70000000000     
   2991.26237228963     
   3014.75864863968     
   3022.84479971091     
   2992.28317120925     
   2808.02980594198     
   2912.44970149315     
   2909.21746056644     
   2938.64000000000     
   2813.53753745601     
   2821.71384075784     
   2904.79227885961     
   3000.92989925448     
   2988.18837584096     
   2938.64000000000     
   2938.64000000000     
   2938.64000000000     
   2938.64000000000     
   2938.64000000000     
   3119.38533738205     
   3182.84075642614     
   3233.37000000000     
   3233.37000000000     
   3291.06422848668     
   3233.37000000000     
   3454.67150225258     
   3504.97146267779     
   3480.01180934467     
   3497.28873849019     
   3478.69027891008     
   3414.79076584565     
   3365.31496082641     
   3216.74175758875     
   3162.49113006009     
   3208.62865194904     
   3360.20892813049     
   3233.37000000000     
   3340.38246925278     
   3357.08423526374     
   3382.79458963911     
   3369.33404925418     
   3335.45836064521     
   3180.14076076465     
   3233.37000000000     
   3320.44618414537     
   3233.37000000000     
   3233.37000000000     
   3156.55431309698     
   3156.12837518457     
   3209.93444759701     
   3190.27911681235     
   3192.81943065627     
   2938.64000000000     
   2670.70000000000     
   2889.97865406825     
   3133.25710261316     
   3225.58751746002     
   3146.55904355077     
   3096.69175031297     
   3068.63453420814     
   2938.64000000000     
   3205.50529640783     
   3233.37000000000     
   3233.37000000000     
   3233.37000000000     
   3207.46858004908     
   2938.64000000000     
   3132.25906792465     
   3158.51938726475     
   3353.48601413698     
   3351.82473767188     
   3406.57265087721     
   3337.89755575539     
   3233.09909185600     
   3233.37000000000     
   3422.91559959415     
   3404.57524308975     
   3346.47711364843     
   3401.39239347573     
   3475.56780328496     
   3460.18022597592     
   3380.27289068663     
   3405.20079913525     
   3554.47270896099     
   3604.10684903358     
   3585.73303870851     
   3557.57000000000     
   3428.19050951473     
   3233.37000000000     
   3233.37000000000     
   3357.32103721805     
   3380.17170610688     
   3322.84457098679     
   3233.37000000000     
   3233.37000000000     
   3409.31562374312     
   3557.57000000000     
   3914.19000000000     
   3967.14694826550     
   3985.13113921122     
   3995.00375809756     
   3980.39344198653     
   3975.70089765928     
   3982.11449222201     
   3973.80610291695     
   3968.14715607422     
   3975.26479335682     
   3988.15439146510     
   3914.19000000000     
   3914.19000000000     
   3557.57000000000     
   3914.19000000000     
   3863.82926612067     
   3557.57000000000     
   3557.57000000000     
   3762.64418466310     
   3794.99311519663     
   2938.64000000000     
   3205.47636478740     
   3818.45138684788     
   3829.03193229751     
   3769.20777544312     
   3914.19000000000     
   4086.17010512833     
   4126.89042204917     
   4096.44290531582     
   3863.52704997124     
   3557.57000000000     
   3852.14361613050     
   4061.72901303346     
   4145.28972419229     
   3914.19000000000     
   3914.19000000000     
   4100.76839944840     
   4189.79620849812     
   4138.62105249008     
   3914.19000000000     
   3914.19000000000     
   4047.36971948111     
   3998.51362331337     
   3914.19000000000     
   4049.93888448858     
   4014.59608848704     
   4013.19268468989     
   4020.21758890238     
   3557.57000000000     
   3819.67488017077     
   3716.40438111673     
   3557.57000000000     
   3905.23974206812     
   4470.38487525670     
   4219.10710718239     
   3914.19000000000     
   3914.19000000000     
   4145.31855639642     
   4182.63748122198     
   4177.88576766338     
   4107.40161529090     
   4270.31230188636     
   4273.12341612687     
   4550.54078287342     
   4584.16350079029     
   4494.53076681873     
   4462.09992115526     
   4491.64106779629     
   4469.88083226663     
   4306.47000000000     
   4306.47000000000     
   4788.69513881890     
   4817.58874634719     
   4737.97000000000     
   3914.19000000000     
   4077.72987749048     
   4176.95772405761     
   4306.47000000000     
   4306.47000000000     
   4731.30688178891     
   4790.59126946409     
   4625.99774250536     
   4306.47000000000     
   4662.46856011075     
   4306.47000000000     
   4242.89548666458     
   2347.86653957070     
   2367.25833636954     
   2352.52967679166     
   2382.21760157219     
   2334.53718076444     
   2347.06763465402     
   2498.05197134501     
   2370.14124450139     
   2130.50031774388     
   2543.20706539586     
   2647.46510915222     
   2624.87394954483     
   2403.72704826366     
   2338.04861254739     
   2184.16862916991     
   2413.22462023821     
   2523.57068176685     
   2383.44298323625     
   2297.12956684867     
   2361.32104256034     
   2407.60150686415     
   2352.21705559973     
   2427.11000000000     
   2554.50459875867     
   2574.62089694274     
   2559.88670520157     
   2530.55310158698     
   2427.11000000000     
   2427.11000000000     
   2555.28649469607     
   2542.11838531467     
   2620.91352535025     
   2667.14874235761     
   2770.60265024872     
   2820.89173262151     
   2829.21319165174     
   2823.47502878279     
   2670.70000000000     
   2981.15416282047     
   2981.09320864881     
   2971.82134616442     
   2863.68864259890     
   2913.75166312579     
   2938.64000000000     
   2938.64000000000     
   2938.64000000000     
   2938.64000000000     
   2915.46621447930     
   3007.11671891330     
   3029.71393298851     
   2988.50428817773     
   3009.86054452304     
   3049.93440211344     
   3077.93242997824     
   2938.64000000000     
   3194.51338628449     
   3233.37000000000     
   3296.16475405827     
   3325.54333182811     
   3343.19257044076     
   3358.50166939822     
   3364.27430743116     
   3440.31931518431     
   3456.39354389296     
   3445.30302156440     
   3426.29246837911     
   3378.25120733300     
   3323.22790274958     
   2938.64000000000     
   3111.66859336092     
   3399.65769732381     
   3422.71509766799     
   3416.76349344313     
   3384.48796096878     
   3367.67809041300     
   3352.85542433581     
   3233.37000000000     
   3193.67723736117     
   3206.14534389139     
   3305.20510706422     
   3320.82623691592     
   3233.37000000000     
   3153.53645029931     
   3135.02242795605     
   3159.97526385470     
   3182.52901056088     
   3160.34047343936     
   3091.78052047275     
   2857.41365954113     
   2670.70000000000     
   2670.70000000000     
   2938.64000000000     
   3192.94441926637     
   3146.86217845571     
   3116.23712413424     
   3153.72068009740     
   3338.97331894813     
   3294.75149335628     
   3275.20700272239     
   3297.40809208556     
   3228.51520845786     
   3186.59673488097     
   2938.64000000000     
   3100.17591651942     
   3088.24397656888     
   3233.37000000000     
   3377.09482729215     
   3436.90766460103     
   3402.35293753662     
   3233.37000000000     
   3323.65961051641     
   3398.31915354815     
   3435.46897625861     
   3233.37000000000     
   3375.09705589402     
   3449.37213718854     
   3435.57973824465     
   3233.37000000000     
   3233.37000000000     
   3538.63058048777     
   3538.76334311429     
   3557.57000000000     
   3557.57000000000     
   3411.60408619779     
   3233.37000000000     
   3297.32796061940     
   3342.84769283112     
   3435.16180806879     
   3371.62317866440     
   3322.24918400321     
   3358.09759438693     
   3233.37000000000     
   3557.57000000000     
   3898.65832160237     
   3914.19000000000     
   3963.87091567423     
   3980.64656398726     
   3965.25465214152     
   3973.13755908681     
   3971.17550205528     
   3959.72733267538     
   3972.13325881248     
   3981.00745473215     
   3982.03016334265     
   4000.17950879626     
   4031.41189899272     
   4029.95385280214     
   4038.03242740668     
   4054.67123737414     
   4033.98045054693     
   3914.19000000000     
   3914.19000000000     
   3914.19000000000     
   3802.38293516096     
   3863.58568586754     
   3914.19000000000     
   3914.19000000000     
   3914.19000000000     
   4176.90902260476     
   4213.96265303409     
   4188.79354759245     
   4257.66688945824     
   3914.19000000000     
   3557.57000000000     
   3914.19000000000     
   4182.05604984241     
   4138.87998880065     
   4131.58799316680     
   4190.19503956524     
   4233.86722726858     
   3914.19000000000     
   4218.31855357810     
   3914.19000000000     
   4026.81721149207     
   3764.00606545700     
   3557.57000000000     
   3865.23888355923     
   3895.02121101396     
   4010.69734251746     
   3914.19000000000     
   3794.50845183790     
   3780.62319597727     
   3839.34082401124     
   3805.32149363918     
   3557.57000000000     
   2938.64000000000     
   4170.97956730776     
   4306.47000000000     
   3914.19000000000     
   3914.19000000000     
   4143.12823408415     
   4197.74248992306     
   4078.77968395138     
   4091.98180652104     
   4159.92424741024     
   4227.32627041805     
   4487.00645241029     
   4447.99894204745     
   4498.49983651805     
   4499.55213389125     
   4504.41045880682     
   4492.49486048187     
   4306.47000000000     
   4306.47000000000     
   4730.59085655144     
   4734.23549113123     
   4306.47000000000     
   3914.19000000000     
   3914.19000000000     
   4306.47000000000     
   4579.52124392064     
   4679.84571954260     
   4731.96683785709     
   4703.88420813293     
   4568.02039265429     
   4482.70521859995     
   4617.58848473423     
   4287.54007764966     
   4271.05586220212     
   2290.48242031031     
   2314.05908342899     
   2293.28204598226     
   2205.66000000000     
   2205.66000000000     
   2398.57789951792     
   2370.16313386875     
   2424.77524551835     
   2386.26009639825     
   2427.11000000000     
   2579.39617875431     
   2427.11000000000     
   2371.99463486732     
   2305.12333017454     
   2205.66000000000     
   2421.16697732130     
   2495.23725225078     
   2427.11000000000     
   2205.66000000000     
   2410.31257902727     
   2427.11000000000     
   2384.68192619647     
   2398.54297663686     
   2561.28543005307     
   2598.78167824017     
   2583.21657778565     
   2427.11000000000     
   2427.11000000000     
   2427.11000000000     
   2596.64686273364     
   2639.55217753831     
   2657.19592356714     
   2623.17773276473     
   2768.98791840249     
   2807.91142267029     
   2834.97695155931     
   2796.31458625862     
   2670.70000000000     
   2883.48146571772     
   2935.07482397594     
   2938.64000000000     
   2908.17096719716     
   2882.58440662627     
   2962.79059246190     
   2970.96672490973     
   2938.64000000000     
   2938.64000000000     
   2923.49835828400     
   2938.64000000000     
   2994.58701695119     
   2938.64000000000     
   3039.40279462159     
   3133.19899259749     
   3187.49729579351     
   3170.81203087377     
   3193.21161523009     
   3233.37000000000     
   3233.37000000000     
   3399.73435121511     
   3396.51199849056     
   3355.69234795718     
   3233.37000000000     
   3233.37000000000     
   3405.58889373497     
   3424.04568832322     
   3379.61239195427     
   3325.23673063395     
   3304.42714385612     
   2938.64000000000     
   3214.45623756913     
   3461.48180548068     
   3460.01888856469     
   3459.29972085899     
   3438.94793587686     
   3233.37000000000     
   3233.37000000000     
   3233.37000000000     
   3186.56549406984     
   2938.64000000000     
   3233.37000000000     
   3287.46070007170     
   3267.62947980013     
   3205.11205712810     
   3120.26315919223     
   3108.55492814594     
   3129.95417639083     
   3129.36119516322     
   3065.44949758773     
   2825.26508745931     
   2670.70000000000     
   2824.94234437267     
   3041.95341961557     
   3106.63947181549     
   3200.49729760770     
   3095.79410204673     
   3129.38860922891     
   3233.37000000000     
   3329.14598972743     
   3297.11024669999     
   3331.63660740844     
   3302.61168245952     
   3202.45303124427     
   3093.05588701888     
   2938.64000000000     
   3233.37000000000     
   3344.09050715764     
   3413.05518264643     
   3452.77668515513     
   3413.84985598325     
   3340.25363704001     
   3387.77450248753     
   3377.90892037179     
   3402.41914192301     
   3233.37000000000     
   3358.20454818503     
   3470.44547530028     
   3475.25832212570     
   3439.19393109462     
   3233.37000000000     
   3538.63058048777     
   3440.61395299917     
   3455.36601960494     
   3506.84644889210     
   3442.15389108385     
   3233.37000000000     
   3339.70905787189     
   3363.51862018323     
   3418.02699515124     
   3394.74160511383     
   3348.66526877775     
   3360.13618114586     
   3233.37000000000     
   3150.63853030547     
   3810.38127767600     
   3896.32875667621     
   3914.19000000000     
   3966.26628513311     
   3889.96345224663     
   3964.89459610801     
   3959.97651984878     
   3859.18349553932     
   3951.76957681174     
   3962.07553614812     
   3971.13388160425     
   3990.63209644275     
   3976.82015579943     
   3914.19000000000     
   4024.00902420444     
   4079.74471389588     
   4102.74136054624     
   4117.22457804298     
   4130.88888059221     
   4142.63132958764     
   4179.60047996462     
   4211.55353316641     
   4241.37487606312     
   4276.68032870085     
   4281.40463909868     
   4195.86710020414     
   4228.15807937536     
   4184.03413098128     
   4159.98118491736     
   4093.68373366713     
   4055.93579583239     
   3914.19000000000     
   3914.19000000000     
   3900.13762517839     
   3914.19000000000     
   4084.33668138163     
   4076.87494438681     
   4020.96946652169     
   3914.19000000000     
   4069.51954980554     
   4008.39423745924     
   3557.57000000000     
   4095.84845862819     
   4053.19417642283     
   3801.28223343441     
   4095.17648887809     
   3804.03567292371     
   3557.57000000000     
   3557.57000000000     
   3522.40737057984     
   3557.57000000000     
   3557.57000000000     
   3557.57000000000     
   3914.19000000000     
   4306.47000000000     
   4240.26666199745     
   3914.19000000000     
   4181.15198708415     
   4232.22686778971     
   3914.19000000000     
   3914.19000000000     
   4200.77104101885     
   4284.59393372618     
   4220.28349140725     
   4298.76038922388     
   4492.87144171725     
   4498.55089992532     
   4504.07142795111     
   4441.84079548090     
   4283.69795349582     
   4549.70441124557     
   4668.70115497340     
   4306.47000000000     
   3901.00869492674     
   4306.47000000000     
   4426.86662284870     
   4544.56867324941     
   4620.32642642892     
   4685.41541893900     
   4697.91591575728     
   4673.00662137052     
   4511.69131058203     
   4524.26697759418     
   4306.47000000000     
   3914.19000000000     
   3914.19000000000     
   2004.34000000000     
   2160.75105490351     
   2205.66000000000     
   2134.63158234791     
   2205.66000000000     
   2401.52429434023     
   2487.07502911831     
   2532.00289660217     
   2559.78092961887     
   2668.83980280226     
   2562.46244352883     
   2384.71904018846     
   2205.66000000000     
   2205.66000000000     
   2205.66000000000     
   2427.11000000000     
   2471.94110956405     
   2427.11000000000     
   2392.24454101322     
   2450.96357143849     
   2465.62209769356     
   2383.41323535972     
   2370.09887110233     
   2571.75261499288     
   2598.69379771937     
   2607.70690865892     
   2427.11000000000     
   2388.14093560016     
   2427.11000000000     
   2611.24791030673     
   2640.77888044030     
   2670.70000000000     
   2647.37298203459     
   2670.70000000000     
   2777.89836757126     
   2793.50929481319     
   2793.63701395231     
   2650.11694350864     
   2670.70000000000     
   2920.42542203192     
   2932.54092165993     
   2927.07231226035     
   2857.38693506346     
   2900.76625083352     
   2938.64000000000     
   2938.64000000000     
   2936.06034227932     
   2922.69860408217     
   2909.50553134184     
   2927.91988910076     
   2938.64000000000     
   2938.64000000000     
   3103.78219960838     
   3121.23718326185     
   3135.33228439811     
   3157.15930213038     
   3146.54654170562     
   3178.49260271029     
   3406.70956424942     
   3422.10400097569     
   3233.37000000000     
   3233.37000000000     
   3222.90198406892     
   3346.29839625000     
   3379.66401399822     
   3362.70357250155     
   3233.37000000000     
   3233.37000000000     
   3170.60503086614     
   3149.25611799454     
   3168.12553606574     
   3233.37000000000     
   3449.60398510623     
   3504.02482121773     
   3427.29226922962     
   3368.89673834252     
   3452.41479889191     
   3348.66627955733     
   3217.18871472833     
   3233.37000000000     
   3263.14688411847     
   3232.16907341972     
   3212.20504641900     
   3174.84280536775     
   2861.47297856915     
   2938.64000000000     
   3056.31517128819     
   3145.43792540415     
   3121.63957323512     
   2670.70000000000     
   2903.14114988123     
   3065.73783949554     
   3118.66058884845     
   3227.61732565860     
   3155.87610486361     
   3136.81135815146     
   3210.21184057987     
   3233.37000000000     
   3286.89544467429     
   3338.62177987902     
   3289.58983324249     
   3157.71845514193     
   3076.37627230094     
   2938.64000000000     
   3233.37000000000     
   3369.01979604556     
   3412.81542580453     
   3418.54627368135     
   3417.25805824047     
   3233.37000000000     
   3321.94784960065     
   3311.06877355074     
   3233.37000000000     
   3233.37000000000     
   3233.37000000000     
   3395.86982236974     
   3439.16756482255     
   3386.85824222964     
   3233.37000000000     
   3229.90203575215     
   2938.64000000000     
   3233.37000000000     
   3541.08384727975     
   3476.77696474493     
   3233.37000000000     
   3355.37879794772     
   3406.49996730752     
   3421.21431382392     
   3398.20118771069     
   3398.35202827030     
   3388.73345818593     
   3233.37000000000     
   3136.95102825557     
   3527.16821188540     
   3796.51699480897     
   3802.08165169315     
   3952.56202197665     
   3557.57000000000     
   3940.40202817770     
   3946.30707123088     
   3760.70546806787     
   3772.66860314192     
   3942.71297395060     
   3861.29998275944     
   3968.63753759261     
   3822.22253494285     
   3557.57000000000     
   3819.33777903073     
   3740.66709270375     
   3880.30986354182     
   4081.42263496812     
   4114.24769653717     
   4121.56244744966     
   4123.09809276162     
   4145.64447147064     
   4180.64847317306     
   4178.20355263592     
   4188.81772502428     
   4185.10525833087     
   4190.51442252937     
   4172.61559361047     
   4144.69552890505     
   4146.88461898962     
   4175.75708828789     
   4163.52869751926     
   4111.95476344035     
   3914.19000000000     
   4078.34614475989     
   4076.31758950496     
   3914.19000000000     
   3914.19000000000     
   3914.19000000000     
   4085.18396998513     
   3906.88729619180     
   3557.57000000000     
   4158.69691011296     
   4151.58439268540     
   4085.72911671912     
   4117.98000372431     
   3858.31183008305     
   3776.65113473585     
   3557.57000000000     
   3501.91451253805     
   3420.14659445987     
   3820.65625201311     
   3914.19000000000     
   3914.19000000000     
   4284.33967044347     
   4294.60546188927     
   3914.19000000000     
   3914.19000000000     
   3794.53629093665     
   3884.88541115175     
   3884.84982952844     
   4206.60795041430     
   4219.95569167461     
   3914.19000000000     
   4157.96560154452     
   4454.98334794905     
   4465.56963249859     
   4306.47000000000     
   3914.19000000000     
   3914.19000000000     
   4457.84157640979     
   4597.68101141936     
   3900.97905066317     
   3914.19000000000     
   4306.47000000000     
   4432.04091317644     
   4492.20824724222     
   4652.76572656612     
   4655.01405960020     
   4288.28539460173     
   4586.69818707611     
   4306.47000000000     
   4511.14388669998     
   4306.47000000000     
   3914.19000000000     
   3914.19000000000     
   1757.97573089371     
   2004.34000000000     
   2004.34000000000     
   2004.34000000000     
   2205.66000000000     
   2205.66000000000     
   2427.11000000000     
   2557.89862082815     
   2589.90260341406     
   2623.09455880252     
   2628.92704063505     
   2340.60023487902     
   2312.77724946260     
   2205.66000000000     
   2329.95847054372     
   2358.13497151575     
   2465.43141694699     
   2502.30043107015     
   2332.25788124961     
   2467.39862099950     
   2503.35313361375     
   2353.54945024090     
   2415.49990950495     
   2546.90852419052     
   2626.72876726886     
   2600.82424451786     
   2360.49493642274     
   2416.36261613859     
   2427.11000000000     
   2588.43676246869     
   2623.23979914740     
   2663.58791575340     
   2670.70000000000     
   2670.70000000000     
   2776.31737316472     
   2670.70000000000     
   2753.98939252890     
   2670.70000000000     
   2825.22151526580     
   2925.79006343339     
   2936.12190185090     
   2910.57016157690     
   2906.28914824919     
   2840.16335151052     
   2892.20242834837     
   2910.15834219637     
   2905.67787734951     
   2875.29057864882     
   2877.70536127097     
   2901.91736154152     
   2938.64000000000     
   2934.06608496465     
   3060.83979087607     
   3076.85640440119     
   3083.59518181736     
   3068.45657779809     
   2938.64000000000     
   3091.21519056032     
   3233.37000000000     
   3233.37000000000     
   3167.38700954943     
   3233.37000000000     
   3233.37000000000     
   3233.37000000000     
   3326.30138959250     
   3351.19489678606     
   3321.83579343567     
   3158.46089735879     
   3154.28667430185     
   3159.04969759964     
   3144.02447011712     
   3087.79054320977     
   2938.64000000000     
   2938.64000000000     
   3442.17624966903     
   3443.24885952495     
   3433.59332707694     
   3233.37000000000     
   3233.37000000000     
   3220.85483417406     
   3233.37000000000     
   3226.85100842227     
   3210.44603765478     
   3159.85548090249     
   2888.87062453494     
   2885.03724465498     
   3092.83862240983     
   3170.25997721478     
   3123.56231414169     
   2935.75579476655     
   3091.21756933302     
   3095.30792253481     
   3103.59180789487     
   3194.17734573761     
   3233.37000000000     
   3233.37000000000     
   3125.63017491375     
   2938.64000000000     
   3233.37000000000     
   3339.96281456009     
   3335.28241950227     
   3348.11458352877     
   3164.81599169849     
   3196.13049108207     
   3233.37000000000     
   3390.74534622500     
   3410.16190851103     
   3414.51787014227     
   3369.19516883236     
   3193.57886884000     
   3334.04889287502     
   3351.00544590961     
   3296.44140306670     
   3213.60566438625     
   3226.27727518133     
   3329.68414384885     
   3411.37214671079     
   3388.15119111687     
   3314.82907654325     
   3310.60116516628     
   2938.64000000000     
   3232.97946942880     
   3401.77868229684     
   3233.37000000000     
   3233.37000000000     
   3233.37000000000     
   3374.81886673088     
   3423.17281732032     
   3416.07518065811     
   3469.61504768250     
   3417.16689221562     
   3335.26975582973     
   3233.37000000000     
   3480.83233380820     
   3774.69563306291     
   3806.26794715738     
   3847.17686236048     
   3773.65883680315     
   3768.58497969953     
   3914.19000000000     
   3557.57000000000     
   3798.13543127168     
   3880.09250582568     
   3557.57000000000     
   3849.22033845138     
   3557.57000000000     
   3448.97882358173     
   3557.57000000000     
   3409.13199591164     
   3233.37000000000     
   3777.03283149261     
   3914.19000000000     
   4096.40531222384     
   3806.68858031997     
   3793.62001453493     
   4139.77149859751     
   4170.10143572291     
   4181.83604065416     
   4183.44722615491     
   4176.20112305928     
   4191.81108131302     
   4235.48461903952     
   4210.18518753817     
   4205.05972433704     
   4182.96498781105     
   4192.84639945865     
   4186.39897317077     
   4177.69202229187     
   4186.80303872633     
   4183.18723962290     
   4155.59713609336     
   4148.60916495609     
   4127.33733934120     
   3914.19000000000     
   3817.86698620820     
   4159.50951306859     
   4174.33630460740     
   4174.24315722642     
   4175.62859061375     
   3914.19000000000     
   3914.19000000000     
   3914.19000000000     
   3557.57000000000     
   3233.37000000000     
   3557.57000000000     
   4074.46397626745     
   4119.56627423025     
   4226.05235446810     
   4306.47000000000     
   3914.19000000000     
   3233.37000000000     
   3557.57000000000     
   3557.57000000000     
   3743.54860672872     
   4157.81293460022     
   4331.10366653269     
   4268.58477657985     
   3914.19000000000     
   4445.61784999588     
   4496.46004590121     
   3914.19000000000     
   4200.87680292204     
   4233.94400548593     
   4600.48601702893     
   4532.62933415390     
   4147.72485447042     
   3840.44395580615     
   3914.19000000000     
   4306.12631175128     
   4237.03833820418     
   4676.52676962454     
   4642.58623552560     
   3853.97086712880     
   4293.90400985131     
   3914.19000000000     
   4306.47000000000     
   4113.41464692078     
   4183.85985227473     
   4164.36494744058     
   1654.93000000000     
   1957.84949978206     
   2196.97782915671     
   2132.59016701371     
   2205.66000000000     
   2205.66000000000     
   2415.48293691870     
   2582.30015663967     
   2565.05291993021     
   2613.74674893387     
   2599.94727215773     
   2205.66000000000     
   2284.66684615456     
   2316.34140510588     
   2338.32848976072     
   2351.66779254388     
   2427.11000000000     
   2508.18476389805     
   2397.41689680121     
   2427.11000000000     
   2537.06938738031     
   2427.11000000000     
   2472.07102961152     
   2427.11000000000     
   2614.14569135474     
   2630.76189476863     
   2529.37584588754     
   2427.11000000000     
   2382.34442098464     
   2427.11000000000     
   2617.82456782095     
   2670.70000000000     
   2777.54669734333     
   2791.29587271320     
   2670.70000000000     
   2630.87583845020     
   2731.35965220879     
   2667.06665723660     
   2836.60634892224     
   2833.33915544213     
   2919.72933424615     
   2938.64000000000     
   2894.59991036211     
   2848.84786679798     
   2810.14568134422     
   2876.85472663545     
   2884.72255206162     
   2670.70000000000     
   2816.94062330055     
   2670.70000000000     
   2904.45545705885     
   2910.69112034820     
   2872.94566412089     
   3060.84351137618     
   2938.64000000000     
   2901.78703907196     
   2658.28553515993     
   2938.64000000000     
   2938.64000000000     
   3233.37000000000     
   3173.98933825038     
   2938.64000000000     
   3233.37000000000     
   3233.37000000000     
   3233.37000000000     
   3324.81404216036     
   3320.14881035146     
   3308.23703192091     
   3233.37000000000     
   3144.23878633527     
   3114.11835590495     
   3071.06544597911     
   3079.25521099728     
   3102.66675151427     
   3233.37000000000     
   3371.67565416540     
   3449.70605407584     
   3441.62498271648     
   3448.32854163774     
   3490.94217594659     
   3233.37000000000     
   3208.65244387452     
   3158.88757635462     
   2938.64000000000     
   3046.73719892592     
   3103.67192033200     
   3142.03585103469     
   3195.34205279789     
   3209.80852979225     
   3160.24136152555     
   3166.88783098352     
   3174.55673743906     
   3061.54260979781     
   3143.44094862504     
   3162.73862019370     
   3226.52145400632     
   3104.05693157289     
   3099.40187067555     
   3233.37000000000     
   3402.16235585440     
   3414.60847231164     
   3362.59811622861     
   3233.37000000000     
   3233.37000000000     
   3233.37000000000     
   3408.87292798373     
   3410.90528546714     
   3379.00970504482     
   3233.37000000000     
   3107.01931309599     
   3311.98756435838     
   3340.49599139818     
   3233.37000000000     
   3159.58997100294     
   3192.51780321336     
   3233.37000000000     
   3386.03315569773     
   3404.37077460401     
   3390.79043046543     
   3233.37000000000     
   3309.15413249692     
   3344.92859033442     
   3362.84363465966     
   3310.36419899524     
   3233.37000000000     
   3233.37000000000     
   3339.17213390766     
   3375.11714021624     
   3421.84444068460     
   3460.34047698931     
   3405.79857249036     
   3416.08261693895     
   3397.73531991582     
   3423.57407702553     
   3711.61447688933     
   3557.57000000000     
   3826.85359480230     
   3715.21187547570     
   3557.57000000000     
   3791.61413683517     
   3713.35653165917     
   3506.83992363022     
   3910.28227642156     
   3418.32906372246     
   3465.15707795707     
   3233.37000000000     
   3233.37000000000     
   3557.57000000000     
   3481.18021269370     
   3198.96845072224     
   3557.57000000000     
   3999.02995728356     
   4059.74670171224     
   3557.57000000000     
   3557.57000000000     
   3764.54376877455     
   3914.19000000000     
   4131.42962869353     
   4147.73560885926     
   3840.02809210008     
   4086.69777623624     
   4173.49217903794     
   4197.60677275901     
   4191.23390973453     
   4187.78112076852     
   4192.50432266216     
   4185.21795310749     
   4190.14907999745     
   4163.84714005708     
   4162.28001822294     
   4161.87929855270     
   4172.04782609019     
   4174.34539783166     
   4123.28903314102     
   4104.12235760383     
   4160.31311154721     
   4133.70495505735     
   4147.65647032670     
   4191.80923226818     
   4251.01199585057     
   4278.50016133269     
   4290.50750139021     
   4194.35786179662     
   3914.19000000000     
   3914.19000000000     
   3914.19000000000     
   4251.94242111925     
   4148.69797182918     
   4293.52414358588     
   4306.47000000000     
   3557.57000000000     
   3914.19000000000     
   3914.19000000000     
   3905.06962265654     
   3914.19000000000     
   4350.69772150011     
   4291.30260853363     
   4137.13016362607     
   4197.19618146565     
   4479.83456312391     
   4477.56525588851     
   4451.01212125996     
   4304.08857795841     
   4601.09094023465     
   4601.42707610153     
   4306.47000000000     
   3914.19000000000     
   4306.47000000000     
   4253.47667487764     
   4306.47000000000     
   4598.67629800400     
   4306.47000000000     
   3914.19000000000     
   4460.97832324665     
   4152.36650134382     
   4159.20900089480     
   4241.84881833550     
   4247.86265102503     
   4233.07451168036     
   1654.93000000000     
   1951.58215213347     
   2004.34000000000     
   2123.33712465063     
   2182.78050214769     
   2157.77137975688     
   2168.68794352067     
   2509.48215377600     
   2499.60734188941     
   2535.28068632511     
   2520.58386661536     
   2205.66000000000     
   2205.66000000000     
   2194.90006198471     
   2306.09343612695     
   2395.32067698219     
   2474.12516672657     
   2494.22711881579     
   2490.71606683412     
   2427.11000000000     
   2579.33975141975     
   2510.75720047508     
   2477.12419572193     
   2427.11000000000     
   2638.35162860950     
   2601.02281274132     
   2530.95758442986     
   2400.87972768333     
   2506.95816939815     
   2551.90479265979     
   2807.86831557636     
   2670.70000000000     
   2829.83710543439     
   2827.82575705826     
   2807.93445129722     
   2670.70000000000     
   2612.89826639751     
   2706.40229311578     
   2620.26968400520     
   2670.70000000000     
   2938.64000000000     
   2998.75528267409     
   2979.95598549002     
   2883.17749884799     
   2670.70000000000     
   2841.85421005278     
   2800.34722418725     
   2670.70000000000     
   2670.70000000000     
   2600.10840419073     
   2823.78198293200     
   2850.48149608951     
   2841.04551595056     
   3030.32490851042     
   2670.70000000000     
   2427.11000000000     
   2845.94278290623     
   2938.64000000000     
   2897.78645005144     
   2938.64000000000     
   2815.47743862645     
   2670.70000000000     
   3188.08244794894     
   3213.60005562757     
   3285.51187579536     
   3285.71623550788     
   3322.42920285571     
   3310.88541477643     
   3178.49945279052     
   3086.65256970445     
   3048.12778001009     
   3134.06815348315     
   3158.65541487243     
   3156.47483360943     
   3131.11348647402     
   3194.69507682185     
   3233.37000000000     
   3375.18169535138     
   3473.98842514556     
   3537.03875912669     
   3537.14469896309     
   3413.24526669275     
   3183.00964895203     
   3144.04890872788     
   3129.00924478687     
   2938.64000000000     
   3158.51479284980     
   3164.03658722785     
   3195.02017689198     
   3201.72908700309     
   3214.09014533975     
   3198.67798795499     
   3136.81335302768     
   3185.05044469667     
   2938.64000000000     
   3134.35969896309     
   3163.85543501543     
   3193.95405929961     
   2938.64000000000     
   3484.15145944895     
   3497.41591255615     
   3485.81134321231     
   3383.50373610788     
   3233.37000000000     
   3329.75677161425     
   3377.17648154175     
   3387.73017444399     
   3348.72483432943     
   3223.73648934459     
   2938.64000000000     
   3233.37000000000     
   3327.31356525332     
   3233.37000000000     
   3213.59447756948     
   3160.41614393415     
   3233.37000000000     
   3376.64652642738     
   3386.42395609948     
   3369.39188836076     
   3228.51037325437     
   3319.44325313901     
   3358.90502196282     
   3394.45272882523     
   3362.28942914241     
   3351.97359157061     
   3352.51523208703     
   3381.92270449478     
   3233.37000000000     
   3388.81394181610     
   3408.17710527314     
   3431.83579594719     
   3412.24535315997     
   3437.88949017798     
   3233.37000000000     
   3557.57000000000     
   3557.57000000000     
   3713.56890653043     
   3664.12664243865     
   3484.53971617391     
   3557.57000000000     
   3557.57000000000     
   3460.82846102835     
   3789.44257288658     
   3419.33580283808     
   3208.47301955344     
   3233.37000000000     
   3233.37000000000     
   3415.93826089829     
   3507.23148773374     
   3423.71779948748     
   3785.36745904996     
   3964.70431626688     
   3914.19000000000     
   3557.57000000000     
   3557.57000000000     
   3885.53618229218     
   3914.19000000000     
   3914.19000000000     
   3819.57176480239     
   3557.57000000000     
   3914.19000000000     
   4149.50973027532     
   4118.08180566281     
   4124.02673008791     
   4193.09300082771     
   4075.37637945831     
   4170.59955371934     
   4180.04126734973     
   3914.19000000000     
   3914.19000000000     
   4059.16405737056     
   4153.64662755349     
   4170.95221382974     
   4180.28064542346     
   4182.91744434896     
   4148.13576799177     
   4181.69821646134     
   4141.26533373059     
   3914.19000000000     
   3914.19000000000     
   4247.19286385687     
   4356.92168945796     
   4336.22399728859     
   4279.53612799778     
   4306.47000000000     
   4306.47000000000     
   4295.04803894536     
   4306.47000000000     
   4306.47000000000     
   4398.01264603575     
   4418.61716731167     
   4400.76160851867     
   4400.89916972714     
   4306.47000000000     
   4130.15691924100     
   4394.22351580401     
   4298.30907334245     
   4141.74548931062     
   3914.19000000000     
   4468.45138966904     
   4487.40654528504     
   4415.74029432749     
   4306.47000000000     
   4502.63381732382     
   4306.47000000000     
   4490.32684402083     
   4286.45504876785     
   4306.47000000000     
   4391.65384858835     
   4389.32196172664     
   4306.47000000000     
   4184.75752462108     
   3914.19000000000     
   4525.01351666802     
   4439.60065779687     
   4306.47000000000     
   4455.17846547120     
   3914.19000000000     
   3891.34953338851     
   1960.12919678298     
   1984.96304714178     
   2004.34000000000     
   2004.34000000000     
   2004.34000000000     
   2135.11369485484     
   2004.34000000000     
   2205.66000000000     
   2385.51447892062     
   2427.11000000000     
   2496.65140475427     
   2205.66000000000     
   2272.02662575521     
   2286.20601154943     
   2287.12172662673     
   2360.38782939549     
   2360.65198605642     
   2492.24821366600     
   2493.31067452503     
   2484.89386510931     
   2530.57727731842     
   2484.97726560132     
   2408.64455745694     
   2427.11000000000     
   2610.76841920784     
   2646.50222310199     
   2427.11000000000     
   2427.11000000000     
   2427.11000000000     
   2611.18924447371     
   2817.35643066121     
   2938.64000000000     
   2837.08865810188     
   2856.23547407481     
   2841.86300804257     
   2670.70000000000     
   2720.09265200734     
   2716.81372075280     
   2670.70000000000     
   2427.11000000000     
   2938.64000000000     
   2938.64000000000     
   2938.64000000000     
   2907.08136928657     
   2670.70000000000     
   2670.70000000000     
   2628.87752611457     
   2427.11000000000     
   2584.54080927309     
   2427.11000000000     
   2645.52365018444     
   2763.57758321872     
   2812.86767472499     
   3017.99736925463     
   2670.70000000000     
   2566.77075847813     
   2823.02832903789     
   2938.64000000000     
   2860.22771649968     
   2670.70000000000     
   2622.92743610802     
   2580.58787788865     
   2938.64000000000     
   2938.64000000000     
   3178.63192294445     
   3320.39303606398     
   3224.65922565460     
   3233.37000000000     
   3185.50258642794     
   2938.64000000000     
   2938.64000000000     
   3137.70603578646     
   3192.02322265126     
   3233.37000000000     
   3209.61371982434     
   3215.96651019487     
   3162.10230912185     
   3233.37000000000     
   3233.37000000000     
   3526.47501131964     
   3498.86166586775     
   3233.37000000000     
   3233.37000000000     
   3205.92308183149     
   3210.41618117468     
   2938.64000000000     
   3141.15104857093     
   3171.02554023475     
   3162.28542626640     
   3192.71827957440     
   3230.11485317280     
   3233.37000000000     
   3210.16669565437     
   3320.13846967642     
   3198.42846815429     
   3223.69517122848     
   3228.66448031010     
   3205.43262624882     
   3233.37000000000     
   3504.51760449212     
   3494.37043632835     
   3473.12339683267     
   3415.07296936404     
   3356.91318182171     
   3356.21544051235     
   3394.40293313458     
   3373.95920956631     
   3233.37000000000     
   3220.44505632324     
   2938.64000000000     
   3191.02149603114     
   3330.51495513116     
   3300.00975936099     
   3177.59051138083     
   3120.05646161491     
   3230.88689052925     
   3323.06429059591     
   3352.55090774136     
   3351.86266967285     
   3233.37000000000     
   3233.37000000000     
   3334.84736998191     
   3377.74715121854     
   3348.98899029427     
   3344.31752343071     
   3386.45458213895     
   3406.08707680439     
   3233.37000000000     
   3233.37000000000     
   3373.95048779399     
   3420.96052134532     
   3391.67071538828     
   3426.69685071735     
   3470.43765660550     
   3557.57000000000     
   3557.57000000000     
   3557.57000000000     
   3557.57000000000     
   3233.37000000000     
   3535.24359454649     
   3487.43471181518     
   3557.57000000000     
   3744.14643483666     
   3450.47874489520     
   3360.87096118259     
   2938.64000000000     
   3233.37000000000     
   3457.38025470038     
   3557.57000000000     
   3557.57000000000     
   3861.01436583128     
   3908.47676666304     
   3778.22290064475     
   3548.15710754647     
   3557.57000000000     
   3869.64299429579     
   3874.64161131626     
   3836.50353311007     
   3724.18381648373     
   3557.57000000000     
   3887.48682600607     
   4039.87975591077     
   3914.19000000000     
   4178.74505269497     
   4164.73952159356     
   3840.77874755214     
   4165.07079246876     
   4053.36166333644     
   3895.70158768007     
   3799.89214388003     
   3808.72579207532     
   3914.19000000000     
   4130.93219625001     
   4137.88341303121     
   3914.19000000000     
   3852.60076316714     
   3914.19000000000     
   4119.72210515829     
   4124.39459696471     
   4028.19640276896     
   3914.19000000000     
   4187.81537662976     
   4165.28705428079     
   4207.69750435611     
   4306.47000000000     
   4306.47000000000     
   4306.47000000000     
   4348.15565068944     
   4370.30197399821     
   4393.25843544293     
   4402.42646806439     
   4402.07365184371     
   4425.50367018620     
   4435.49966487178     
   4439.63519759946     
   4436.28996217592     
   4417.15253235723     
   4435.54762454490     
   4419.73229381604     
   4415.57345162553     
   4494.19091109788     
   4498.02533607489     
   4487.91638147664     
   4494.69330642466     
   4455.66110887168     
   4503.72768189304     
   4485.27577695077     
   4467.62337050834     
   4438.14610039683     
   4443.04748423789     
   4455.28103191399     
   4174.68241428905     
   4528.40545854449     
   4562.94997607056     
   4462.23751818998     
   4539.69046833290     
   4507.09828531012     
   4120.97765483941     
   3819.75206578433     
   1933.65805788377     
   1740.87322238553     
   1995.50893792686     
   2115.16439561031     
   1802.44092014113     
   2004.34000000000     
   2129.11649388975     
   2180.90475583681     
   2205.66000000000     
   2411.08771269349     
   2491.54961306369     
   2320.56023331481     
   2205.66000000000     
   2280.11002336973     
   2353.96200842988     
   2339.79815761608     
   2392.77399834843     
   2501.82949846464     
   2494.71174744887     
   2427.11000000000     
   2498.77568269844     
   2427.11000000000     
   2387.48538582272     
   2205.66000000000     
   2344.12368997368     
   2421.01490121802     
   2366.40793965540     
   2340.83267211176     
   2205.66000000000     
   2369.65282759641     
   2611.58651549001     
   2838.61883257416     
   2909.16796710488     
   2872.03372606594     
   2838.05053618876     
   2768.97317820096     
   2732.58303298225     
   2550.47338508733     
   2405.87888178653     
   2427.11000000000     
   2857.29271657443     
   2895.97101508563     
   2916.30350972348     
   2891.79405169540     
   2857.71060197349     
   2651.41831942627     
   2396.92360807999     
   2375.23852666010     
   2748.07760449508     
   2824.26645356936     
   2670.70000000000     
   2670.70000000000     
   2670.70000000000     
   2938.64000000000     
   2938.64000000000     
   2670.70000000000     
   2840.60926933367     
   2670.70000000000     
   2427.11000000000     
   2567.14397347526     
   2582.72271080921     
   2632.90913613525     
   2670.70000000000     
   3116.13025226874     
   3183.84520206499     
   3233.37000000000     
   3280.32790365981     
   3101.80302273097     
   2908.33398893882     
   2890.13762643679     
   2938.64000000000     
   3134.74485447260     
   3180.91225613765     
   3194.38327222337     
   3230.34620787699     
   3187.89918775327     
   3108.54929155043     
   3196.24959012880     
   3233.37000000000     
   3233.37000000000     
   3233.37000000000     
   3338.37843181214     
   3360.39803663987     
   3359.42758864931     
   3136.76658667508     
   3233.37000000000     
   3233.37000000000     
   3226.08532577438     
   3142.17107199719     
   3170.71790956047     
   3217.32451733489     
   3341.30356960562     
   3360.78637782184     
   3386.72732660883     
   3343.07319233095     
   3372.07781616473     
   3339.79654202318     
   3415.35740910261     
   3371.71459314846     
   3504.51760449212     
   3504.51760449212     
   3233.37000000000     
   3464.54957259895     
   3233.37000000000     
   3395.51118022980     
   3414.41357370112     
   3339.58759731029     
   3233.37000000000     
   3217.82167607135     
   2938.64000000000     
   3205.84696260151     
   3340.89697263540     
   3348.72967871387     
   3208.18250046508     
   3197.92644258865     
   3233.37000000000     
   3297.77764447315     
   3358.04950515016     
   3327.34575122502     
   3288.27805824130     
   3227.13626794021     
   3302.57552144785     
   3368.10464365140     
   3363.58040063891     
   3358.33735139897     
   3421.27612741611     
   3436.79255987205     
   3233.37000000000     
   3233.37000000000     
   3233.37000000000     
   3428.42508965900     
   3394.80637252066     
   3390.43173221016     
   3431.33223323762     
   3233.37000000000     
   3479.75640839103     
   3233.37000000000     
   3557.57000000000     
   3233.37000000000     
   3439.34200800844     
   3233.37000000000     
   3557.57000000000     
   3692.41809463333     
   3557.57000000000     
   3456.72019273954     
   3131.22887336521     
   2938.64000000000     
   3455.46542392144     
   3557.57000000000     
   3741.02080706781     
   3860.20076308199     
   3811.56202258819     
   3512.74204925350     
   3506.05907743322     
   3557.57000000000     
   3784.44603471937     
   3811.84349763909     
   3557.57000000000     
   3557.57000000000     
   3780.44113901709     
   3877.15844839623     
   3858.43250959872     
   4048.78727099774     
   4148.80450902960     
   3914.19000000000     
   3557.57000000000     
   3914.19000000000     
   3815.48637821016     
   3758.42760212700     
   3557.57000000000     
   3715.60503200917     
   3869.02988452396     
   4038.61876259524     
   3557.57000000000     
   3233.37000000000     
   3557.57000000000     
   3779.60256162096     
   3749.94395527394     
   3914.19000000000     
   3978.12022860921     
   3912.15188765149     
   3914.19000000000     
   3914.19000000000     
   3914.19000000000     
   4177.52492671676     
   4279.16168257142     
   3914.19000000000     
   4221.14858656797     
   4227.53643589226     
   4306.47000000000     
   4359.12710735437     
   4359.63663522499     
   4399.79062977850     
   4406.83209109056     
   4414.73669396515     
   4424.48843252419     
   4436.63256985228     
   4445.98494460587     
   4453.64702927994     
   4463.78542728199     
   4482.07234175519     
   4486.45187539400     
   4478.13854886606     
   4479.15917991784     
   4499.03317318247     
   4497.75526945799     
   4487.02970657761     
   4492.05117097057     
   4507.05563431657     
   4530.93243858798     
   4527.38624910588     
   4579.47284769352     
   4566.15779894891     
   4567.09158406254     
   4582.27805762594     
   4590.04980190932     
   4586.35630926989     
   4306.47000000000     
   4291.11387674305     
   1767.03032303185     
   1817.09290121873     
   1992.85278657035     
   2140.64828274144     
   2004.34000000000     
   1821.32000000000     
   2082.47364859781     
   1938.33853642163     
   2161.25995975728     
   2328.05448094747     
   2461.02193886529     
   2452.90043133517     
   2205.66000000000     
   2246.65962962006     
   2205.66000000000     
   2205.66000000000     
   2411.38179232664     
   2486.08485771073     
   2418.50650415639     
   2386.79457475440     
   2205.66000000000     
   2192.40805315688     
   2205.66000000000     
   2403.93331340305     
   2403.93331340305     
   2388.34713618345     
   2205.66000000000     
   2205.66000000000     
   2427.11000000000     
   2566.32105695472     
   2576.79205706505     
   2818.44899996252     
   2596.71529276481     
   2845.79571786882     
   2848.49274494858     
   2787.19854004519     
   2670.70000000000     
   2427.11000000000     
   2004.34000000000     
   2205.66000000000     
   2624.71755349178     
   2670.70000000000     
   2874.77622641526     
   2934.72287200358     
   2885.40344879350     
   2821.28653274848     
   2670.70000000000     
   2427.11000000000     
   2819.15405792417     
   2878.87688532384     
   2670.70000000000     
   2427.11000000000     
   2938.64000000000     
   3034.76089426189     
   2938.64000000000     
   2932.46064725834     
   2918.19995304904     
   2911.81571171078     
   2858.08498204008     
   2774.94336324673     
   2666.26207177325     
   2931.15368480563     
   2938.64000000000     
   3124.10946362873     
   3250.56944127523     
   3267.49129263329     
   3260.93629682310     
   3217.54725314192     
   2616.88921979610     
   2870.27737578625     
   2938.64000000000     
   3091.26909907256     
   3148.05347139429     
   3174.44808841649     
   3144.59421609144     
   3180.92675713489     
   3118.86176488892     
   2938.64000000000     
   3194.51431055378     
   3226.22174233977     
   3151.68794429909     
   3212.87160946933     
   3233.37000000000     
   3398.63237386340     
   3205.96458391473     
   3362.83881601251     
   3348.49541052725     
   3320.89972843327     
   3233.37000000000     
   3194.58178222217     
   3162.97459256782     
   3364.63821530090     
   3416.77634809783     
   3412.26707470454     
   3415.56174543032     
   3377.97345884284     
   3320.69361024828     
   3343.89159486572     
   3436.55173844384     
   3472.26010608329     
   3414.30898311035     
   3523.22946117653     
   3424.88167042880     
   3367.57019761124     
   3407.94606059486     
   3414.00768400405     
   3233.37000000000     
   3308.87699584027     
   3233.37000000000     
   3128.85134799699     
   3193.16123005022     
   3315.28148688851     
   3357.79540072082     
   3233.37000000000     
   3233.37000000000     
   3233.37000000000     
   3295.73834898355     
   3344.96871891607     
   3331.26065098277     
   3233.37000000000     
   3183.53829696580     
   3233.37000000000     
   3388.97935924547     
   3397.85354361167     
   3382.50819591127     
   3461.84890792418     
   3464.91983556489     
   3182.83384725339     
   3233.37000000000     
   3396.82787587938     
   3441.45284952383     
   3348.30261020835     
   3386.83915877455     
   3380.04367244221     
   3121.74005087852     
   3233.37000000000     
   3233.37000000000     
   3403.42896406388     
   3384.15704827512     
   3233.37000000000     
   3232.50189792001     
   3547.66055902212     
   3557.57000000000     
   3643.92809216602     
   3395.71150439227     
   3233.37000000000     
   2938.64000000000     
   3467.89078698977     
   3557.57000000000     
   3675.40627373810     
   3779.04730394141     
   3861.58843447196     
   3806.19509224482     
   3746.39545054661     
   3688.62289685388     
   3681.60344832123     
   3784.46803167752     
   3688.86636472947     
   3557.57000000000     
   3557.57000000000     
   3793.98728257862     
   3858.79647971959     
   4071.43776438166     
   3889.66727229764     
   3914.19000000000     
   3812.64596700230     
   3557.57000000000     
   3418.81450159326     
   3531.62021968813     
   3636.92800346294     
   3557.57000000000     
   3557.57000000000     
   3806.63225396669     
   3233.37000000000     
   3233.37000000000     
   3223.82262477855     
   3429.16503341414     
   3233.37000000000     
   3233.37000000000     
   3755.90060671891     
   3743.31523108435     
   3914.19000000000     
   3783.17296940540     
   3914.19000000000     
   3883.22934992898     
   4222.13831852364     
   4134.45324955938     
   3557.57000000000     
   3914.19000000000     
   3914.19000000000     
   3914.19000000000     
   4249.49703890188     
   4374.40290360570     
   4364.01622093436     
   4291.27411841357     
   4252.48065905518     
   4403.46318709365     
   4410.41065880582     
   4419.81151938362     
   4427.69043401205     
   4451.10720717415     
   4451.46869020464     
   4459.20895779547     
   4477.68959162141     
   4483.53666393132     
   4476.28897791525     
   4480.74726940014     
   4491.24875943208     
   4492.26058059850     
   4516.47504978453     
   4535.94187575497     
   4555.03537422567     
   4563.97981804036     
   4567.48825130224     
   4579.09555222528     
   4586.77177784068     
   4608.76581931918     
   4583.30552478898     
   4571.03014214791     
   1365.63466046516     
   1344.03084002424     
   1503.66000000000     
   1821.32000000000     
   2004.34000000000     
   1821.32000000000     
   1821.32000000000     
   1821.32000000000     
   2004.34000000000     
   2004.34000000000     
   2358.44948032411     
   2205.66000000000     
   2205.66000000000     
   2205.66000000000     
   2205.66000000000     
   2325.68508055039     
   2400.42233951951     
   2427.11000000000     
   2355.10670060606     
   2205.66000000000     
   2145.21906087943     
   2426.87762156473     
   2205.66000000000     
   2205.66000000000     
   2383.44845933461     
   2331.28474936958     
   2190.17492469006     
   2004.34000000000     
   2732.00964095324     
   2732.30394363396     
   2711.14326942285     
   2670.70000000000     
   2661.79341779978     
   2802.20839052310     
   2829.96770371429     
   2832.63588195281     
   2892.94076438583     
   2427.11000000000     
   2557.43922982426     
   2654.90575614054     
   2670.70000000000     
   2799.47126278536     
   2858.22947418467     
   2910.34876602290     
   2895.91519411837     
   2670.70000000000     
   2900.21643143244     
   2926.24760830553     
   2924.58893173454     
   2894.42339477617     
   2823.98467114877     
   2670.70000000000     
   2938.64000000000     
   3079.08449488301     
   3027.29374571702     
   2938.64000000000     
   2915.43997510874     
   2912.35853873996     
   2869.27062552400     
   2834.50447400914     
   2869.08326469177     
   3126.83565813736     
   3233.37000000000     
   3225.87291083145     
   3252.07197473894     
   3256.98190399642     
   3254.82960042140     
   3201.25947858068     
   2938.64000000000     
   2856.90408777358     
   3066.04558897005     
   3135.99382294389     
   3167.79037914887     
   3162.82806241826     
   2938.64000000000     
   3145.25389346990     
   3159.12572924985     
   3156.94141786873     
   3190.81811678667     
   3168.80147572800     
   3058.09627798067     
   3134.28383237480     
   3233.37000000000     
   3233.37000000000     
   3354.52299216570     
   3429.49945417094     
   3357.31208733393     
   3233.37000000000     
   3233.37000000000     
   3233.37000000000     
   3343.49172935284     
   3402.57893079676     
   3434.08505607724     
   3438.62508444328     
   3446.94569906572     
   3233.37000000000     
   3319.87688908557     
   3368.62242022074     
   3495.11219799902     
   3491.38064576770     
   3439.81575541459     
   3418.86739213092     
   3403.96949233842     
   3493.53579963599     
   3377.25399396917     
   3411.63826023113     
   3391.62635580660     
   3330.61026360552     
   3299.80899818828     
   3224.42250285604     
   3298.48830090910     
   3333.76840016257     
   3356.03814743291     
   3233.37000000000     
   3262.67570382301     
   3257.92584753778     
   3281.80949679285     
   3233.37000000000     
   3307.15070978670     
   3233.37000000000     
   3168.98067379736     
   3365.60954776612     
   3408.58271487270     
   3429.96421518297     
   3405.80014706969     
   3459.86249428572     
   3386.50124426900     
   3233.37000000000     
   3363.26315330603     
   3406.77641844339     
   3429.94001446890     
   3233.37000000000     
   3395.93724334919     
   3357.54666613325     
   2938.64000000000     
   3233.37000000000     
   3384.17172726626     
   3446.97268306973     
   3374.05852339565     
   3233.37000000000     
   3233.37000000000     
   3455.28488765432     
   3557.57000000000     
   3602.13812885392     
   3608.82448705215     
   3557.57000000000     
   3503.25944873412     
   3553.95631239767     
   3557.57000000000     
   3662.10091684322     
   3718.23813023291     
   3871.89961452248     
   3743.60415376308     
   3736.20011732697     
   3724.49288018312     
   3711.99132614372     
   3700.39361703202     
   3557.57000000000     
   3734.82312082794     
   3897.78724408279     
   3901.39160128613     
   3914.19000000000     
   4058.88226905890     
   3851.73415960856     
   3557.57000000000     
   3734.36467470488     
   3451.03444576761     
   3414.20295650244     
   3478.70497787593     
   3678.69398037314     
   3557.57000000000     
   3914.19000000000     
   4029.49464871751     
   3980.29312078661     
   3233.37000000000     
   3176.98612297681     
   2938.64000000000     
   3121.08991445573     
   3467.65416548815     
   3557.57000000000     
   3557.57000000000     
   3557.57000000000     
   3233.37000000000     
   3453.22104833095     
   3433.24792724030     
   3557.57000000000     
   3857.12647462890     
   3233.37000000000     
   3778.89508568336     
   3557.57000000000     
   3557.57000000000     
   3554.72509542922     
   4132.50748941639     
   4175.90407237111     
   4207.56501016777     
   3914.19000000000     
   4265.01284753218     
   4306.47000000000     
   4250.30033525269     
   3914.19000000000     
   3914.19000000000     
   4260.80386624955     
   4283.16975273856     
   4408.06482444373     
   4416.53265999505     
   4448.26080559332     
   4460.13641462472     
   4463.35549733329     
   4454.24946319600     
   4432.39779488519     
   4476.16160625685     
   4306.47000000000     
   4525.55029850343     
   4504.01809883352     
   4562.38320461643     
   4583.26305487569     
   4600.89881282629     
   4596.45404503591     
   4618.80312362577     
   1466.68467900832     
   1241.12000000000     
   1197.32232591711     
   1241.12000000000     
   1938.42703973911     
   1961.99291381007     
   1821.32000000000     
   1970.74632249293     
   2147.69971320313     
   2299.54630396999     
   2323.11973349752     
   2390.76455786090     
   2205.66000000000     
   2205.66000000000     
   2201.77676753012     
   2205.66000000000     
   2205.66000000000     
   2341.59023921829     
   2427.11000000000     
   2159.43225347184     
   2205.66000000000     
   2427.11000000000     
   2427.11000000000     
   2134.92218057362     
   2205.66000000000     
   2423.15917859807     
   2391.63881129944     
   2427.11000000000     
   2743.34186462174     
   2772.19002503023     
   2427.11000000000     
   2416.87028349130     
   2670.70000000000     
   2831.38490385360     
   2846.13535342426     
   2827.26306271041     
   2886.00429675152     
   2928.45418171355     
   2910.70160818130     
   2891.87755757008     
   2863.02934995869     
   2858.71926088741     
   2811.09857544981     
   2833.82862226575     
   2816.06253836174     
   2670.70000000000     
   2878.67355241392     
   2911.09589159035     
   2930.19862322635     
   2927.82852954634     
   2876.47594335405     
   2909.47212563553     
   2981.49622578594     
   2938.64000000000     
   2990.01283867581     
   2932.82507674353     
   2938.64000000000     
   2909.75800077838     
   2885.95889426646     
   2886.31116260383     
   3094.95468504024     
   3190.43660871107     
   3212.49070045488     
   3225.87291083145     
   3225.63025107770     
   3213.99417284278     
   3223.09251822449     
   3177.03976037816     
   3108.56110457984     
   3101.73471474624     
   3050.83181829299     
   3130.25006278249     
   3118.94622423915     
   3088.11756460585     
   2938.64000000000     
   3118.72936938054     
   3070.96098050295     
   3155.85610233782     
   3202.77255791746     
   3233.37000000000     
   2938.64000000000     
   3131.77603723777     
   3233.37000000000     
   3229.97422740947     
   3336.61716836481     
   3399.97478660489     
   3233.37000000000     
   3195.55926971965     
   2938.64000000000     
   3090.57360897851     
   3309.74900609362     
   3381.27683313452     
   3439.37007680119     
   3436.06168431045     
   3440.71617456960     
   3428.39857251691     
   3233.37000000000     
   3389.19820707844     
   3476.82518464177     
   3497.38967126211     
   3503.16093306382     
   3435.84351045384     
   3498.36239124509     
   3546.06313237211     
   3486.89546032132     
   3233.37000000000     
   3372.23452730020     
   3355.04181490711     
   3339.25480349038     
   3109.97182367999     
   3233.37000000000     
   3363.39848185431     
   3354.38398582516     
   3172.77013211015     
   3258.50533351993     
   3272.79210356710     
   3268.76539285553     
   3233.37000000000     
   3286.76854732076     
   3233.37000000000     
   3188.51300362090     
   3303.85472195304     
   3351.10187355067     
   3388.53312268883     
   3420.30861659847     
   3407.07065744619     
   3377.86995344508     
   3403.44912001211     
   3408.57319495715     
   3434.32743169583     
   3470.05053330293     
   3449.89484585266     
   3365.99959623193     
   3349.12649783870     
   3152.12025190927     
   3233.37000000000     
   3371.17177927056     
   3388.10134919168     
   3233.37000000000     
   3219.41999772611     
   3232.25671682895     
   3233.37000000000     
   3552.73153848753     
   3605.71531624468     
   3617.41450922768     
   3617.45890088428     
   3557.57000000000     
   3557.57000000000     
   3797.46382980192     
   3754.54472718869     
   3738.51028650836     
   3754.23346746039     
   3676.65298351651     
   3672.14902661633     
   3782.41743529423     
   3786.34199758642     
   3785.85094473254     
   3557.57000000000     
   3557.57000000000     
   3897.48239122666     
   3908.06554140553     
   3905.99916986967     
   4037.56105858289     
   3821.47834092481     
   3779.12300414453     
   3557.57000000000     
   3769.46855151477     
   3536.65175813688     
   3557.57000000000     
   3773.51087799816     
   3914.19000000000     
   4018.53912728939     
   4014.30716187579     
   3914.19000000000     
   3402.79153012777     
   3220.34111841083     
   3109.15319366932     
   3233.37000000000     
   3498.54055811120     
   3557.57000000000     
   3528.88475537548     
   3489.08863692561     
   3233.37000000000     
   3149.83150429722     
   2938.64000000000     
   3216.85829496921     
   3465.67986572758     
   3233.37000000000     
   3527.44817259531     
   3412.57824352559     
   3126.66261668535     
   2938.64000000000     
   3557.57000000000     
   3466.80880070950     
   3825.41436688068     
   3914.19000000000     
   3457.11407236751     
   3903.15584909968     
   3914.19000000000     
   3453.23523870294     
   3233.37000000000     
   3786.63895547855     
   3914.19000000000     
   4142.31693976963     
   3914.19000000000     
   4306.47000000000     
   4306.47000000000     
   4394.63490941633     
   4400.99864086842     
   4399.58898155737     
   4306.47000000000     
   4401.50039728706     
   4491.26792467976     
   4487.30800774691     
   4455.19090931616     
   4521.47024196318     
   4542.95586357481     
   4536.62221232668     
   4589.39966658706     
   2177.26951149710     
   1821.32000000000     
   1497.55645049688     
   1503.66000000000     
   1582.77706771754     
   1821.32000000000     
   1821.32000000000     
   1654.93000000000     
   2004.34000000000     
   2185.72175311299     
   2330.28794875099     
   2205.66000000000     
   2205.66000000000     
   2192.23735552696     
   2201.77676753012     
   2199.07444169301     
   2383.95651357643     
   2403.30769745272     
   2395.64846397684     
   2317.56861579540     
   2499.05674470476     
   2541.17161548302     
   2554.95198323923     
   2427.11000000000     
   2337.41559175901     
   2427.11000000000     
   2534.55835810278     
   2611.85533171138     
   2709.29971220112     
   2746.25803345218     
   2736.96624300757     
   2670.70000000000     
   2368.82479342312     
   2798.96931141173     
   2797.28490106384     
   2903.95681970099     
   2938.64000000000     
   2845.25414800264     
   2936.93200192315     
   2909.63105710029     
   2874.33377309493     
   2831.95016017459     
   2773.82881257459     
   2782.12123801414     
   2834.87871774050     
   2670.70000000000     
   2839.15330671508     
   2888.19337632174     
   2934.02383244232     
   2980.05318270395     
   2986.77502385716     
   2978.43165792809     
   3003.00429947040     
   3012.05357833344     
   2978.45393256796     
   2900.15285899392     
   2938.64000000000     
   2938.64000000000     
   2899.37847255878     
   2938.64000000000     
   3160.11203500106     
   3220.16626293116     
   3219.80150701859     
   3211.48301932313     
   3191.42753976914     
   3181.58254023755     
   2938.64000000000     
   3134.51925578198     
   3122.71052671195     
   3098.90993287855     
   3065.46858752830     
   3102.53763818818     
   3108.79885341825     
   2938.64000000000     
   2938.64000000000     
   3098.86185837207     
   2938.64000000000     
   3216.00172844249     
   3257.53132780924     
   3233.37000000000     
   2938.64000000000     
   3186.76455853486     
   3233.37000000000     
   3304.49038682152     
   3356.74879993537     
   3356.96899624812     
   3363.35778061296     
   3345.59450938029     
   3119.84059752500     
   2938.64000000000     
   2938.64000000000     
   3150.29223301555     
   3408.41962001493     
   3338.32194470443     
   3354.00255825537     
   3384.51789630032     
   3429.81818355573     
   3383.55640761507     
   3458.65297775015     
   3430.02167969309     
   3449.99155547424     
   3233.37000000000     
   3525.87262308402     
   3557.57000000000     
   3552.30339627602     
   3454.47444498741     
   3346.80399875717     
   3356.47642741989     
   3367.05455880012     
   3350.65700527213     
   3427.61591436191     
   3391.34139614793     
   3355.25891824692     
   3233.37000000000     
   3233.37000000000     
   3266.97624846675     
   3274.19022978335     
   3230.70429928321     
   3289.65875020973     
   3233.37000000000     
   3176.54882733671     
   3233.37000000000     
   3385.60865805475     
   3415.73149411433     
   3380.76598004762     
   3326.38888928769     
   3233.37000000000     
   3233.37000000000     
   3398.32992621266     
   3382.77653977356     
   3466.81039140981     
   3467.57763168190     
   3415.10752416819     
   3373.34277648574     
   2938.64000000000     
   3115.48027693514     
   3316.20461408237     
   3362.74864312610     
   3233.37000000000     
   3208.61513014609     
   3233.37000000000     
   3405.23008698007     
   3536.04385795921     
   3587.68219579517     
   3610.27501747898     
   3613.47508424885     
   3628.51904256998     
   3557.57000000000     
   3804.87929914405     
   3557.57000000000     
   3724.85318132623     
   3484.86953357379     
   3772.53418216124     
   3557.57000000000     
   3849.08700079931     
   3855.47077468286     
   3825.12122845349     
   3734.06399447467     
   3557.57000000000     
   3885.04829659709     
   3894.11303881986     
   3903.76407565007     
   3997.61875969001     
   3997.64989638689     
   4042.63467410769     
   3914.19000000000     
   4121.81178742990     
   4087.48961002231     
   3914.19000000000     
   3914.19000000000     
   4090.31591128521     
   4049.18828196526     
   4012.70942710792     
   3853.11519970018     
   3233.37000000000     
   3399.20888270310     
   3482.23170230038     
   3557.57000000000     
   3661.23416483968     
   3645.53954578663     
   3557.57000000000     
   3497.76217008128     
   3435.77361515521     
   3233.37000000000     
   3201.99971196164     
   2938.64000000000     
   3233.37000000000     
   3467.03551772125     
   3532.67070326479     
   3233.37000000000     
   2938.64000000000     
   3199.27315790712     
   3233.37000000000     
   2938.64000000000     
   3233.37000000000     
   3737.53348379511     
   3485.45296150672     
   3532.00755870570     
   3557.57000000000     
   2938.64000000000     
   2845.44709288119     
   3446.30383149041     
   3868.67068990857     
   3905.00168630592     
   3524.00161053255     
   3914.19000000000     
   3914.19000000000     
   4110.55869876920     
   4262.44106767559     
   4292.66346907681     
   4232.70490943233     
   4298.06338947235     
   4444.09176767475     
   4494.27858680724     
   4306.47000000000     
   4414.07266536786     
   4306.47000000000     
   4484.74753184161     
   4557.81050652454     
   2230.10408321802     
   2229.77417158585     
   2189.09335996130     
   1962.85113288862     
   1821.32000000000     
   1821.32000000000     
   1821.32000000000     
   1954.35154562890     
   1654.93000000000     
   1821.32000000000     
   2179.17538929147     
   2205.66000000000     
   2203.40594037062     
   2164.46586258902     
   2126.39334148492     
   2205.66000000000     
   2205.66000000000     
   2365.70596263031     
   2427.11000000000     
   2427.11000000000     
   2527.26043734694     
   2614.92465363726     
   2586.05396285750     
   2617.00068058854     
   2560.86646594133     
   2427.11000000000     
   2427.11000000000     
   2634.93396612603     
   2670.70000000000     
   2670.70000000000     
   2784.98615837937     
   2772.64458169204     
   2785.73599279363     
   2768.19953438336     
   2804.19824121768     
   2937.00559075557     
   2981.22224283874     
   2427.11000000000     
   2670.70000000000     
   2899.53276757901     
   2868.51417359437     
   2830.36903858472     
   2762.27978066200     
   2670.70000000000     
   2803.81270359433     
   2806.32608527769     
   2802.31867671108     
   2670.70000000000     
   2883.50271649062     
   2938.64000000000     
   2938.64000000000     
   2997.96029336255     
   2975.82414785653     
   3008.32684218331     
   3013.73507632621     
   2926.72561049126     
   3075.24353329639     
   3056.84671995547     
   2938.64000000000     
   3037.39901178549     
   3135.04951899555     
   3178.64688668578     
   3225.18586183564     
   3145.24308404820     
   3123.31778584328     
   3143.86956077462     
   3161.26552159446     
   2840.00561596663     
   2867.18902282184     
   2938.64000000000     
   3010.84257191281     
   3060.21715022205     
   3083.42068908506     
   3012.82966157539     
   3083.21515892665     
   3150.30760167844     
   2938.64000000000     
   3204.10335887751     
   3268.62916377408     
   3290.99737445228     
   3306.86514035643     
   3275.59705729175     
   3222.67012248031     
   3299.69057971544     
   3342.72804713538     
   3377.58914234801     
   3359.54827134678     
   3373.89278328761     
   3367.75829590787     
   3408.63631706050     
   2938.64000000000     
   3425.22108979616     
   3376.52631511163     
   2938.64000000000     
   3122.95314555198     
   3233.37000000000     
   3373.55503327576     
   3440.99288786052     
   3233.37000000000     
   3334.87805754985     
   3355.70856709012     
   3454.80932948874     
   3541.79955787694     
   3557.57000000000     
   3590.53765988793     
   3440.14244306239     
   3233.37000000000     
   3345.61731639995     
   3338.38062766369     
   3201.10270523241     
   3482.92955227076     
   3233.37000000000     
   3369.10091250176     
   3304.94846336122     
   3233.37000000000     
   3271.17560353523     
   3275.51069997083     
   3232.78461020381     
   3266.55032367951     
   3254.21429640334     
   3090.94117245463     
   3233.37000000000     
   3383.30692060696     
   3447.46099201275     
   3233.37000000000     
   3225.83735483115     
   3109.21480382986     
   3143.57708473846     
   3233.37000000000     
   3392.72165137473     
   3490.19771547295     
   3461.67678413498     
   3407.90869510450     
   3233.37000000000     
   2923.60342208266     
   2938.64000000000     
   3233.37000000000     
   3212.09378256007     
   3231.36828861566     
   3208.48506021249     
   3227.81868950988     
   3462.54673846573     
   3533.49310116434     
   3557.57000000000     
   3611.73618184338     
   3627.63540787139     
   3644.34981519890     
   3522.65850239283     
   3500.22264595384     
   3557.57000000000     
   3557.57000000000     
   3557.57000000000     
   3814.88266773102     
   3727.88181484325     
   3842.37741854043     
   3874.54103150732     
   3880.83746276966     
   3756.88421592385     
   3732.39515618684     
   3833.52930853205     
   3799.44589908939     
   3777.28670129869     
   4015.69404910261     
   4048.28779987395     
   4053.98645848586     
   4055.18297414800     
   4059.64307590388     
   4018.08745271626     
   4079.13205605047     
   4124.31527213451     
   4180.40951808470     
   4062.65185243003     
   3764.88777918054     
   3477.98834736999     
   3410.67364938887     
   3557.57000000000     
   3736.25345510836     
   3857.74595731830     
   3731.35897388805     
   3557.57000000000     
   3557.57000000000     
   3515.09170074457     
   3435.21556314961     
   3389.12905556714     
   3233.37000000000     
   3340.11337511831     
   3192.26758707929     
   3461.73691267862     
   3456.95546429471     
   3233.37000000000     
   3233.37000000000     
   3169.65532847560     
   3193.46473894793     
   2936.54890169280     
   3088.32167056705     
   3233.37000000000     
   3447.47782002110     
   3424.67718864321     
   3233.37000000000     
   2938.64000000000     
   2938.64000000000     
   3385.80479105010     
   3499.74605667734     
   3557.57000000000     
   3233.37000000000     
   3478.91651727257     
   3557.57000000000     
   3557.57000000000     
   3902.66746659284     
   3557.57000000000     
   3823.23879626278     
   4217.78768701963     
   4217.89313001964     
   4306.47000000000     
   3914.19000000000     
   3914.19000000000     
   4235.36314804954     
   4306.47000000000     
   4306.47000000000     
   2004.34000000000     
   2205.66000000000     
   2202.20639495767     
   2147.24473914765     
   2004.34000000000     
   1773.30240122859     
   1957.25030107731     
   1952.90813518502     
   1654.93000000000     
   1632.53059161374     
   1821.32000000000     
   2205.66000000000     
   2125.28748136444     
   2004.34000000000     
   2004.34000000000     
   2004.34000000000     
   2004.34000000000     
   2191.04900102119     
   2411.64134701801     
   2532.02980480689     
   2598.79097509177     
   2589.41112571550     
   2624.03155902554     
   2627.80014351066     
   2656.55212146202     
   2588.79218769308     
   2427.11000000000     
   2568.63938570577     
   2427.11000000000     
   2427.11000000000     
   2427.11000000000     
   2349.02254944135     
   2570.72299187171     
   2670.70000000000     
   2924.39836368024     
   2938.64000000000     
   2976.51675151619     
   2826.21211095724     
   2600.72150674343     
   2833.98873232912     
   2821.44755843257     
   2826.24784733188     
   2788.87088296906     
   2670.70000000000     
   2837.37807912568     
   2972.49277102584     
   2879.49006929429     
   2794.10118466121     
   2886.12494934822     
   2938.15944557696     
   2938.64000000000     
   2989.54396327892     
   3000.73142270682     
   2994.96254831780     
   2998.75934824506     
   2938.64000000000     
   2814.31236037986     
   3114.04718684784     
   3093.05825408685     
   3070.84982877896     
   3094.95391031101     
   3140.42089082614     
   3166.08342973445     
   3088.46742806276     
   2938.64000000000     
   2938.64000000000     
   3073.76336884137     
   2835.73522293394     
   2581.37302272275     
   2937.25543393001     
   3024.49867157518     
   3041.84328569375     
   3102.09808830717     
   3044.29409022275     
   3108.19792750002     
   3188.20810702504     
   2938.64000000000     
   3210.92510233622     
   3294.16298469517     
   3293.70352754126     
   3315.68926900350     
   3301.82634958065     
   3233.37000000000     
   3362.93804814714     
   3315.83917412917     
   3350.31213818390     
   3213.21574581464     
   3307.97352819922     
   3349.23083951106     
   3404.92703384089     
   3428.13623128787     
   3389.27997595749     
   3342.33066606996     
   2670.70000000000     
   2670.70000000000     
   2938.64000000000     
   3233.37000000000     
   3462.75987492556     
   3462.49824930607     
   3433.52964772000     
   3447.24365344197     
   3529.23707901231     
   3557.57000000000     
   3576.50510452015     
   3584.37017065367     
   3233.37000000000     
   3233.37000000000     
   3310.08209777502     
   3336.46731519613     
   3233.37000000000     
   2829.02686421235     
   3233.37000000000     
   3233.37000000000     
   3303.70500651818     
   3198.65239641344     
   3270.97357214770     
   3233.37000000000     
   3200.06591896779     
   3257.47715143644     
   3250.81072252631     
   3098.22002576424     
   3233.37000000000     
   3374.93614901307     
   3428.56580266277     
   3343.02188366055     
   3233.37000000000     
   2938.64000000000     
   2938.64000000000     
   3233.37000000000     
   3401.59945534801     
   3467.67882761021     
   3443.20624455609     
   3439.13379160861     
   3188.86081888808     
   2938.64000000000     
   3111.08174531514     
   3200.28244605842     
   2938.64000000000     
   3124.06747166609     
   3181.09952729936     
   3233.37000000000     
   3457.81993738455     
   3521.52674181010     
   3527.87239945341     
   3591.12091302712     
   3557.57000000000     
   3648.67559033221     
   3557.57000000000     
   3433.43729414073     
   3557.57000000000     
   3557.57000000000     
   3737.84275678622     
   3820.97816535173     
   3805.50965226589     
   3823.55186465109     
   3842.40433739831     
   3836.68411270285     
   3775.54213441319     
   3735.97162031144     
   3778.89785833813     
   3688.30762503225     
   3557.57000000000     
   3914.19000000000     
   3557.57000000000     
   4045.96051090468     
   4042.82966270259     
   4053.02462940762     
   4044.80573183848     
   4053.16603766669     
   4181.15047365206     
   4246.25008497167     
   4113.55720469888     
   4019.27427724049     
   3914.19000000000     
   3959.36527813684     
   3791.17598982637     
   3776.59438383497     
   3836.00693446421     
   3717.19189000423     
   3557.57000000000     
   3557.57000000000     
   3516.48025978099     
   3233.37000000000     
   3346.28739448063     
   3354.77524446231     
   3352.08705492062     
   3233.37000000000     
   3454.41430870139     
   3417.47611693025     
   3344.87442952262     
   3165.75171954743     
   2938.64000000000     
   3233.37000000000     
   3233.37000000000     
   3233.37000000000     
   3411.62655635214     
   3399.21712745526     
   3490.40222663331     
   3455.25221875670     
   3396.80310148871     
   3143.29571140705     
   3348.23427489326     
   3366.83014271424     
   3490.72533897333     
   3211.82747477784     
   3213.99223177889     
   3233.37000000000     
   3190.54867650763     
   3557.57000000000     
   3233.37000000000     
   3557.57000000000     
   3861.34939268087     
   3914.19000000000     
   3914.19000000000     
   3914.19000000000     
   3757.62224983255     
   3914.19000000000     
   4156.26267196103     
   4149.33348587798     
   1654.93000000000     
   1800.12323422546     
   1968.82615878042     
   2140.94705784735     
   2004.34000000000     
   2145.70938514978     
   2176.45294123576     
   1960.87075579646     
   1941.58644365930     
   1802.94603929954     
   1609.96689110788     
   1957.29707441914     
   1821.32000000000     
   1654.93000000000     
   2067.46966349041     
   1999.80920339829     
   2004.34000000000     
   2004.34000000000     
   2004.34000000000     
   2427.11000000000     
   2569.76365159146     
   2599.26502191026     
   2622.88015635652     
   2631.39801497552     
   2627.30002120666     
   2670.70000000000     
   2670.70000000000     
   2649.81746032019     
   2004.34000000000     
   2427.11000000000     
   2631.79834280426     
   2786.77295633209     
   2790.09443854049     
   2614.56025612445     
   2916.72764451624     
   3004.70093464550     
   2982.44015425565     
   2892.76047437010     
   2824.20129311263     
   2670.70000000000     
   2803.83589648067     
   2829.97104420707     
   2811.85257838265     
   2670.70000000000     
   2614.36381566600     
   2987.46443267741     
   2930.57835158977     
   2877.09580499943     
   2938.64000000000     
   2956.10451698888     
   2958.11492853890     
   2966.76468798397     
   2986.00891223390     
   2968.43382753249     
   2938.64000000000     
   2923.99706827893     
   2670.70000000000     
   2938.64000000000     
   3105.52212463185     
   3098.01252419494     
   3113.48912917385     
   3126.89142921254     
   3139.85784413153     
   3099.67880983973     
   2938.64000000000     
   2938.64000000000     
   2888.76037030837     
   2799.51076068115     
   2427.11000000000     
   2892.41076401385     
   2938.64000000000     
   3085.97758286007     
   3135.53256095945     
   3118.89064260971     
   3160.62278081828     
   3175.90340753762     
   2938.64000000000     
   3220.30025425958     
   3303.08796447350     
   3318.79180623320     
   3325.82464163300     
   3328.21000701803     
   3322.60976494082     
   3397.65717322153     
   3233.37000000000     
   3316.20878723230     
   3220.94634138610     
   3232.02257620451     
   3330.59933548268     
   3381.33065562905     
   3417.91446677236     
   3233.37000000000     
   3233.37000000000     
   3428.46162866270     
   3419.29852522583     
   2563.96418756919     
   3233.37000000000     
   3505.46235432560     
   3518.08124949075     
   3463.18050544054     
   3466.94052670732     
   3505.20317446656     
   3540.29000710599     
   3557.57000000000     
   3233.37000000000     
   3209.51887007070     
   2938.64000000000     
   3306.11798500303     
   3320.59940365078     
   3342.50795508000     
   3233.37000000000     
   3152.59762493130     
   3233.37000000000     
   2938.64000000000     
   2938.64000000000     
   3160.85567741929     
   3232.96120827184     
   3222.16456713546     
   3233.37000000000     
   3251.72718305667     
   3120.76519008705     
   3233.37000000000     
   3353.96989112284     
   3434.66920880108     
   3418.37855900759     
   3233.37000000000     
   2938.63040115791     
   2890.62004482050     
   2938.64000000000     
   3233.37000000000     
   3437.36773653793     
   3457.44599002075     
   3460.80117978263     
   3214.51829979192     
   2938.64000000000     
   3091.14229266902     
   3106.69200381545     
   3112.83787632862     
   3157.60813171918     
   3221.38315413790     
   3202.10272667769     
   3381.20032542139     
   3487.47265841446     
   3477.05607907307     
   3530.05351835968     
   3557.57000000000     
   3619.35940686529     
   3553.89528375653     
   3233.37000000000     
   3557.57000000000     
   3697.67986077540     
   3732.85069341898     
   3821.46172852230     
   3842.29898592601     
   3879.81083893771     
   3879.81083893771     
   3837.20434117393     
   3713.99319695844     
   3718.35203426381     
   3744.11943172660     
   3721.04549286685     
   3722.16789704091     
   3557.57000000000     
   3557.57000000000     
   3994.93262249107     
   4013.51649307909     
   4047.81852296244     
   4047.15418651757     
   4048.93149725446     
   3914.19000000000     
   4120.55646610258     
   4092.99582764322     
   4009.00560642838     
   4004.35734695817     
   3992.10189818296     
   3914.19000000000     
   3914.19000000000     
   3909.29191170076     
   3862.43214818437     
   3789.88777198040     
   3557.57000000000     
   3441.50812771598     
   3233.37000000000     
   3233.37000000000     
   3349.91903069280     
   3317.41421507986     
   3226.29993190964     
   3395.69094166566     
   3340.37274459300     
   3224.08312881551     
   2938.64000000000     
   2938.64000000000     
   3233.37000000000     
   3353.26187313796     
   3405.55298322482     
   3452.38162381200     
   3484.21410211932     
   3492.99704718447     
   3509.87219125286     
   3505.35443446235     
   3210.05271197601     
   3442.51629910403     
   3487.83016302150     
   3515.16982430355     
   3425.56772457950     
   2938.64000000000     
   3233.37000000000     
   2938.64000000000     
   3462.36806539373     
   3615.23893747350     
   3479.82017778690     
   3742.49359184108     
   3758.61129109169     
   4086.30776142038     
   4187.65347058785     
   3914.19000000000     
   3557.57000000000     
   3878.61931427083     
   4082.57058987897     
   1798.77655001179     
   1749.07695932967     
   1779.04434865467     
   1776.26431114938     
   1654.93000000000     
   1808.03222040396     
   2125.03867536185     
   2137.79790906639     
   2102.46515971147     
   2196.80648135045     
   2109.73332351376     
   1920.47091097756     
   1952.73456911969     
   2059.92265581255     
   2082.25024512831     
   1992.25848366110     
   1939.03391048102     
   1977.09244110604     
   2004.34000000000     
   2004.34000000000     
   2427.11000000000     
   2657.44409485321     
   2666.92667380851     
   2668.26157504285     
   2411.81660169105     
   2708.98462363309     
   2739.85702110691     
   2768.63009739638     
   2427.11000000000     
   2395.49876443057     
   2400.26826071194     
   2851.91532879330     
   2837.89405288578     
   2874.46167000663     
   2858.00747400955     
   2878.07172090123     
   2923.63740101664     
   2907.42575887105     
   2895.01574091420     
   2828.31800604102     
   2804.27545410183     
   2790.48877309795     
   2782.38774878991     
   2756.32484508347     
   2670.70000000000     
   2852.74032814202     
   2935.49356386376     
   2935.49356386376     
   2935.45603008024     
   2938.64000000000     
   2937.71533468743     
   2930.30692095545     
   2932.26832924507     
   2875.47116735599     
   2837.39496250165     
   2871.01035768658     
   2670.70000000000     
   2938.64000000000     
   3067.89722824689     
   3096.03850913011     
   3085.64521774467     
   3085.66486434417     
   3096.56762169416     
   2938.64000000000     
   2937.67296792708     
   2922.58527746900     
   2884.46997002915     
   2796.30134309460     
   2818.41047982379     
   2938.64000000000     
   2938.64000000000     
   3200.18642662817     
   3155.17575829564     
   3165.24851077892     
   3187.69228688159     
   3185.13711719612     
   2938.64000000000     
   3208.74758339817     
   3233.37000000000     
   3312.23783797160     
   3341.83028220585     
   3356.35126213555     
   3366.11353059163     
   3419.38160491998     
   3225.25141379921     
   3233.37000000000     
   3111.69753265176     
   3233.37000000000     
   3319.54300794116     
   3330.30949583222     
   3411.35299258034     
   3428.45560107854     
   3449.24510742526     
   3122.79332778624     
   3222.52027474996     
   3233.37000000000     
   3474.74650372599     
   3546.41975380594     
   3552.49192355071     
   3446.33198359333     
   3233.37000000000     
   3517.89941513918     
   3498.80316073179     
   3492.72658854588     
   3233.37000000000     
   3339.48622682495     
   3233.37000000000     
   3203.09337654339     
   3282.59342375363     
   3324.94045404800     
   3319.18623997404     
   3233.37000000000     
   3394.11365250217     
   3206.91519093514     
   2938.64000000000     
   3134.70892558053     
   3232.96120827184     
   3229.74547303012     
   3229.48301525368     
   3223.28364457599     
   3133.85546004367     
   3212.22413261719     
   3355.52316370426     
   3408.62046595419     
   3420.68187116822     
   3430.15977348081     
   2938.64000000000     
   2670.70000000000     
   2427.11000000000     
   2938.64000000000     
   3233.37000000000     
   3418.51296102917     
   3372.87233155532     
   3168.96639411550     
   3102.64100341086     
   3133.31654642822     
   3192.54526064502     
   3143.40376243364     
   3164.86834908878     
   3159.83552888123     
   3212.10645576763     
   3233.37000000000     
   3389.34647128072     
   3230.43102953928     
   3387.67553769734     
   3506.12442385748     
   3595.61762492013     
   3536.41995706936     
   3438.10246871301     
   3728.02048902143     
   3764.15796345194     
   3782.22512299428     
   3849.14553023747     
   3843.83221097892     
   3546.40230866061     
   3557.57000000000     
   3736.84262817683     
   3795.53312223242     
   3759.20919125529     
   3726.41039193233     
   3688.43283801740     
   3557.57000000000     
   3233.37000000000     
   3781.80389468815     
   4008.10582997774     
   3968.17958554315     
   4021.97390454745     
   4033.56354479354     
   4050.03041698251     
   4053.77396291534     
   4051.50174590887     
   4038.20861126873     
   4018.85414935468     
   4004.11469978771     
   3998.98240964593     
   3984.55653518656     
   3965.34927195562     
   3946.57893594475     
   3969.87138318759     
   3979.38215195454     
   3778.66314889241     
   2938.64000000000     
   2865.84297021679     
   3233.37000000000     
   3233.37000000000     
   3170.91571622052     
   3135.20860408928     
   3222.10467603206     
   3154.40880720144     
   3087.48169970042     
   2938.64000000000     
   3109.26138051544     
   3167.09488536420     
   3218.12569468302     
   3353.14455549660     
   3461.41693352589     
   3494.12492742361     
   3500.90979819349     
   3518.58751821442     
   3510.96674164440     
   3500.93860935602     
   3501.21219580582     
   3502.31029973852     
   3557.57000000000     
   3557.57000000000     
   3485.65009230866     
   3408.46552496979     
   3476.82736800764     
   3557.57000000000     
   3624.60208885614     
   3557.57000000000     
   3557.57000000000     
   3557.57000000000     
   3914.19000000000     
   4334.62422529319     
   4352.24580627860     
   3914.19000000000     
   4021.50245718228     
   4067.14545370833     
   1798.77655001179     
   1587.85165622576     
   1654.93000000000     
   1503.66000000000     
   1360.03839345984     
   1366.14000000000     
   1503.66000000000     
   2004.34000000000     
   1767.74584791566     
   2004.34000000000     
   2118.26203391202     
   2177.26867357946     
   1814.62596168685     
   2067.60539358538     
   2004.34000000000     
   2004.34000000000     
   1962.63962578922     
   1946.52985526318     
   1821.32000000000     
   1973.01307625761     
   2205.66000000000     
   2616.94828569436     
   2670.70000000000     
   2670.70000000000     
   2427.11000000000     
   2670.70000000000     
   2799.16929502408     
   2796.99874943077     
   2800.68049332048     
   2803.75726506754     
   2829.31084093088     
   2833.22924149844     
   2860.65245073846     
   2854.19024474019     
   2805.80165814575     
   2793.78132210058     
   2879.55166054574     
   2904.46120184366     
   2852.33194098242     
   2780.96116223798     
   2756.15307907899     
   2758.25135083143     
   2766.92234379884     
   2763.48243747094     
   2670.70000000000     
   2784.76292056041     
   2873.58786903033     
   2898.32301899852     
   2928.20327815728     
   2936.36355748790     
   2934.62587146250     
   2907.97555979610     
   2855.49879671633     
   2670.70000000000     
   2670.70000000000     
   2670.70000000000     
   2567.77776124172     
   2670.70000000000     
   2938.64000000000     
   3052.56927426123     
   3038.36887904762     
   3057.45839103387     
   3058.77939845416     
   3018.28475640122     
   2899.37695644666     
   2848.19598149550     
   2833.57343563191     
   2806.45561406322     
   2862.09342892244     
   2908.19808349502     
   2922.65344947092     
   3128.37477117477     
   3162.69845400980     
   3172.49500000000     
   3180.32450193228     
   3188.98183614171     
   3102.80949190602     
   3204.38548708632     
   3194.90771872962     
   3183.80579886463     
   3336.45808248700     
   3346.19813219214     
   3387.47307946301     
   3398.84404251020     
   3233.37000000000     
   3147.49557109757     
   3233.37000000000     
   3293.33382567659     
   3336.19392297327     
   3233.37000000000     
   3403.48551883053     
   3458.72420429572     
   3493.89160808669     
   2938.64000000000     
   3417.43428372099     
   2938.64000000000     
   3233.37000000000     
   3540.78580859805     
   3544.67078663522     
   3233.37000000000     
   3405.59595398580     
   3487.17684643140     
   3228.58623736933     
   3233.37000000000     
   3343.51604793255     
   3359.75854785053     
   3386.20188744876     
   3327.87182092000     
   3186.42136166880     
   3233.37000000000     
   3362.57132714060     
   3351.03781146633     
   3380.52780978633     
   3233.37000000000     
   2938.64000000000     
   2670.70000000000     
   3105.43724820318     
   3221.54197080697     
   3204.91868240082     
   3207.91356874357     
   3149.38433976569     
   3191.94535238143     
   3328.09750267746     
   3403.31308090300     
   3399.02246777547     
   3431.61542806185     
   3415.10250232800     
   2832.10544807163     
   2427.11000000000     
   2938.64000000000     
   3233.37000000000     
   3213.95665560169     
   3087.60328218928     
   3104.71627477755     
   3102.24674006172     
   3132.50442506241     
   3214.11692053699     
   3148.87774244673     
   3112.79649578711     
   3108.78793882724     
   3123.22512313691     
   3224.18626581214     
   3345.51728210828     
   3419.49764349179     
   3233.37000000000     
   3531.75556975940     
   3557.57000000000     
   3536.53691949941     
   3557.57000000000     
   3766.96147526432     
   3765.71064408565     
   3798.03649449115     
   3835.89598588348     
   3811.08839508132     
   3688.24346973264     
   3557.57000000000     
   3506.12482358798     
   3557.57000000000     
   3554.55322480273     
   3557.57000000000     
   3557.57000000000     
   3217.19089227327     
   3212.08032147739     
   3812.16254756594     
   3874.01316436512     
   3405.33788537164     
   3233.37000000000     
   3775.35293668955     
   3914.19000000000     
   4031.84972126187     
   4045.39895206744     
   4045.16023889245     
   4018.22916371916     
   4006.20936579794     
   3996.73008281129     
   3988.66753107253     
   3974.10440953158     
   3914.19000000000     
   3752.02255483380     
   3861.24013771826     
   3827.22577825328     
   3786.84178713866     
   3557.57000000000     
   3233.37000000000     
   3233.37000000000     
   2938.64000000000     
   3121.47422759965     
   3130.07021313767     
   2938.64000000000     
   3211.71230457726     
   3233.37000000000     
   3233.37000000000     
   3233.37000000000     
   3233.37000000000     
   3233.37000000000     
   3423.79446255088     
   3415.60290203247     
   3507.14282259174     
   3515.75600659851     
   3508.06207484215     
   3503.47622122621     
   3540.30240229533     
   3557.57000000000     
   3746.10708894357     
   3746.10708894357     
   3516.69808674064     
   3422.59398127776     
   3460.56461946378     
   3545.68301806752     
   3557.57000000000     
   3750.61731201720     
   3557.57000000000     
   3557.57000000000     
   3914.19000000000     
   4360.04173136757     
   4382.25054443079     
   4162.27700181230     
   4102.59587340121     
   4028.82412234549     
   1769.54956665317     
   1590.38899590522     
   1241.12000000000     
   1503.66000000000     
   1503.66000000000     
   1240.56740470720     
   1597.50302971555     
   1775.36564762245     
   1503.66000000000     
   1366.14000000000     
   2063.85628826474     
   2004.34000000000     
   2004.34000000000     
   2119.81495067948     
   2004.34000000000     
   2004.34000000000     
   1821.32000000000     
   1907.88205955043     
   1922.71729725659     
   1821.32000000000     
   2004.34000000000     
   2427.11000000000     
   2642.81447146355     
   2670.70000000000     
   2725.18332647929     
   2745.98576714931     
   2776.04262356476     
   2807.68076760210     
   2794.17142246017     
   2808.04877219308     
   2818.74176988100     
   2822.93551745191     
   2838.41290207720     
   2836.19933743231     
   2819.67945508633     
   2792.48120122371     
   2790.18767514825     
   2791.91106781094     
   2670.70000000000     
   2614.33005649550     
   2569.86489526975     
   2652.81256296087     
   2732.69998802048     
   2727.65821118914     
   2750.57137652661     
   2797.01808317408     
   2836.96382916050     
   2814.65831410184     
   2908.99391600631     
   2922.41619384460     
   2918.50232706484     
   2880.65312587784     
   2782.80263388445     
   2427.11000000000     
   2427.11000000000     
   2427.11000000000     
   2427.11000000000     
   2670.70000000000     
   2938.64000000000     
   2938.64000000000     
   2938.64000000000     
   2927.92036865335     
   2938.64000000000     
   2938.64000000000     
   2893.31143785861     
   2670.70000000000     
   2670.70000000000     
   2800.53926543295     
   2878.32223683830     
   2938.64000000000     
   2931.30075839327     
   3130.69879200036     
   3172.97005433838     
   3188.47144942709     
   3167.79616907013     
   3160.30430506175     
   3135.12498394589     
   3100.72423891732     
   3179.40321425915     
   3138.90592605618     
   3320.90835810429     
   3233.37000000000     
   3349.95925937882     
   3233.37000000000     
   3127.36505338362     
   3175.41437489345     
   3289.13326753071     
   3335.22808969737     
   3361.85417427129     
   3233.37000000000     
   3402.41666907384     
   3482.49349838937     
   3499.17818621688     
   3548.11962243016     
   3586.41923464413     
   3501.59597071485     
   3233.37000000000     
   3544.14917313129     
   3548.06363031448     
   3406.18451242419     
   3233.37000000000     
   3509.31460514126     
   3233.37000000000     
   3322.83210147751     
   3379.64948223135     
   3385.08676962964     
   3390.62769246472     
   3377.70435759559     
   3149.62561945854     
   3400.92113692000     
   3396.51471080089     
   3354.25743458463     
   3307.99846120461     
   2938.64000000000     
   3230.00306748255     
   3230.00306748255     
   3105.64868018073     
   3133.63763551699     
   3087.36631294942     
   3233.37000000000     
   3233.37000000000     
   3233.37000000000     
   3233.37000000000     
   3386.98462170728     
   3403.50366574100     
   3433.82460213940     
   3431.70315694423     
   3408.99733224961     
   3369.84627170741     
   3207.18343946673     
   3199.02174406171     
   2938.64000000000     
   2938.64000000000     
   3202.15640644980     
   2938.64000000000     
   3113.50027248600     
   3233.37000000000     
   3233.37000000000     
   2938.64000000000     
   2938.64000000000     
   3230.76287717670     
   3157.21938924801     
   3358.53289748882     
   3399.65685845977     
   3537.34724252953     
   3557.57000000000     
   3535.09189999202     
   3513.26208386852     
   3672.35734453158     
   3744.72387054364     
   3754.83759408465     
   3761.75350439645     
   3761.18932115630     
   3807.95295912044     
   3687.83464831443     
   3485.94641451329     
   3119.45342211527     
   3233.37000000000     
   3233.37000000000     
   3542.51955811906     
   3495.69289131567     
   3140.65830241579     
   3142.30315120215     
   3557.57000000000     
   3870.80266802423     
   3557.57000000000     
   2670.70000000000     
   3119.70327059378     
   2938.64000000000     
   3105.83255113460     
   3557.57000000000     
   3914.19000000000     
   4033.70016759709     
   4012.80780435551     
   4017.82212331227     
   3980.55025716613     
   3957.82733029268     
   3964.88604389521     
   3952.29376612121     
   3824.28948795174     
   3803.98735621010     
   3793.97294606508     
   3723.80271908186     
   3557.57000000000     
   3474.24755932543     
   3532.02118110872     
   3557.57000000000     
   3694.27867654505     
   3700.36924973747     
   3649.94448734689     
   3644.09331871155     
   3650.35694511965     
   3631.25167714221     
   3601.81153557359     
   3555.18798185897     
   3233.37000000000     
   3429.71612592128     
   3496.02698120517     
   3502.38428856547     
   3483.34240064571     
   3533.73918031909     
   3557.57000000000     
   3557.57000000000     
   3557.57000000000     
   3557.57000000000     
   3554.59723736169     
   3517.17171391511     
   3527.77955618529     
   3557.57000000000     
   3557.57000000000     
   3873.16059123737     
   3868.78223271473     
   3914.19000000000     
   4140.04592026583     
   4250.28420914079     
   4306.47000000000     
   4257.10577109432     
   3914.19000000000     
   3885.60668142272     
   1794.13729695975     
   1798.00956525755     
   1366.14000000000     
   1503.66000000000     
   1654.93000000000     
   1366.14000000000     
   1756.68251931044     
   2175.80458640443     
   1925.56138354466     
   1966.27893938561     
   1925.15648574474     
   2004.34000000000     
   1821.32000000000     
   1972.32363443890     
   2004.34000000000     
   1978.97132255389     
   1821.32000000000     
   1878.95424372327     
   1821.32000000000     
   1821.32000000000     
   1821.32000000000     
   2205.66000000000     
   2611.33068750329     
   2644.26242288305     
   2700.54148821947     
   2723.51957786657     
   2739.80360831167     
   2782.26030506941     
   2791.54657091286     
   2791.57388359540     
   2806.11576770396     
   2800.84682640901     
   2831.32605908657     
   2822.24614994829     
   2828.47208914954     
   2796.34906443282     
   2768.70540264942     
   2623.07683669707     
   2566.56959596529     
   2629.70779984372     
   2353.67670534624     
   2757.97919178219     
   2739.10882071276     
   2706.96950434521     
   2670.70000000000     
   2765.99110610211     
   2831.82837254252     
   2821.98579614268     
   2860.43524595907     
   2909.11259821858     
   2903.63402497511     
   2875.66605406949     
   2781.90430906835     
   2427.11000000000     
   2205.66000000000     
   2004.34000000000     
   2205.66000000000     
   2670.70000000000     
   2938.64000000000     
   2903.24557523944     
   2848.30734090355     
   2670.70000000000     
   2863.69960123499     
   2818.82890613789     
   2802.72493636200     
   2759.15738249971     
   2670.70000000000     
   2829.51467618173     
   2931.63067162980     
   2994.56547768695     
   2938.64000000000     
   3139.11841777658     
   3184.42968042419     
   3181.07598222279     
   3149.83005890264     
   3120.05454378231     
   3114.09384932512     
   3076.19025994691     
   3104.13739533007     
   3194.41728101795     
   3304.64639187546     
   3233.37000000000     
   3233.37000000000     
   3269.36669288078     
   3284.92128635635     
   3233.37000000000     
   3341.79411486203     
   3346.87902081513     
   3362.17238811699     
   3233.37000000000     
   3439.37660190005     
   3482.35821486578     
   3521.10591165445     
   3553.94832479275     
   3579.38962771333     
   3538.90529294005     
   3449.34259971177     
   3557.57000000000     
   3547.25093540376     
   3478.14644508076     
   3503.99982467775     
   3494.99903346231     
   3364.38694059023     
   3233.37000000000     
   3432.93294383946     
   3405.96148896797     
   3401.94083870833     
   3413.81202153238     
   3343.32320286146     
   3410.57363656000     
   3372.71674831697     
   3303.07288230289     
   3111.83293678651     
   2852.28430904386     
   2938.64000000000     
   2938.64000000000     
   2938.64000000000     
   2670.70000000000     
   2589.41371093150     
   3233.37000000000     
   3233.37000000000     
   3313.47223055275     
   3285.10761460936     
   3331.77553721398     
   3387.60846214210     
   3365.84671643352     
   3366.59224284613     
   3415.79473489831     
   3419.74467284828     
   3464.32815858133     
   3199.85182179400     
   3195.42585482626     
   3191.36740027322     
   3208.53755007326     
   3099.85967345522     
   3208.16668178683     
   3233.37000000000     
   3440.96081986282     
   3443.06390521543     
   3518.99297308504     
   3528.06352356133     
   3557.57000000000     
   3442.72453512301     
   3233.37000000000     
   3758.30731944533     
   3665.31946526102     
   3226.23385332481     
   2938.64000000000     
   3484.56829286649     
   3689.98955257937     
   3722.33375242344     
   3723.77452615347     
   3446.71216710741     
   3557.57000000000     
   3640.06065164713     
   2938.64000000000     
   2670.70000000000     
   2938.64000000000     
   3233.37000000000     
   3411.23582418760     
   3408.11962430272     
   3172.58825998929     
   2935.17142144344     
   3233.37000000000     
   3717.64609595728     
   3233.37000000000     
   2938.64000000000     
   2869.29556331085     
   2897.78312078765     
   2938.64000000000     
   2920.79764001654     
   3233.37000000000     
   3984.64127136431     
   4004.84574794705     
   3914.19000000000     
   3957.42758399178     
   3914.19000000000     
   3914.19000000000     
   3557.57000000000     
   3557.57000000000     
   3746.58437528250     
   3735.34238880201     
   3708.47301609192     
   3677.52600843252     
   3679.94960350738     
   3673.31095753540     
   3680.11279278548     
   3663.05374117298     
   3656.49633856692     
   3645.41778944993     
   3616.40469166364     
   3605.54410678476     
   3606.47180474251     
   3592.41280645595     
   3594.32746726907     
   3583.46075523951     
   3233.37000000000     
   3482.81693776734     
   3473.36673498884     
   3467.29047845739     
   3481.68782448493     
   3503.81010497404     
   3535.29912383819     
   3557.57000000000     
   3557.57000000000     
   3557.57000000000     
   3586.33648824244     
   3557.57000000000     
   3647.49835486251     
   3557.57000000000     
   3875.45837619370     
   3914.19000000000     
   4099.88232093372     
   4188.16835390148     
   4258.14681149739     
   4294.26643604951     
   4246.70384984365     
   3914.19000000000     
   3874.68914095032     
   2004.34000000000     
   2205.66000000000     
   2670.70000000000     
   2004.34000000000     
   2205.66000000000     
   2150.90328764478     
   2194.43976324102     
   2398.94621615181     
   2427.11000000000     
   2427.11000000000     
   2493.08783371539     
   2527.19744091693     
   1987.95923393506     
   1784.97214875948     
   1930.29759236706     
   1957.21776040590     
   1821.32000000000     
   1821.32000000000     
   1796.73694758303     
   1654.93000000000     
   1773.79631890262     
   1969.55213858477     
   2423.50485444858     
   2427.11000000000     
   2554.71448332097     
   2751.16518219370     
   2773.14883397175     
   2795.65212540151     
   2780.83418102348     
   2789.10207992085     
   2801.52946877257     
   2811.64802631758     
   2814.63261917631     
   2837.49652761395     
   2847.18762493993     
   2771.17463678465     
   2754.97518192306     
   2630.00353627775     
   2543.66649145196     
   2427.11000000000     
   2557.36293050401     
   2613.99119489457     
   2670.70000000000     
   2695.20346803943     
   2670.70000000000     
   2670.70000000000     
   2801.54427879693     
   2828.59806708786     
   2670.70000000000     
   2887.65252464182     
   2847.90957004766     
   2799.82011060471     
   2858.14306480905     
   2670.70000000000     
   2205.66000000000     
   2427.11000000000     
   2501.43129382790     
   2205.66000000000     
   2627.92007955649     
   2846.84785093527     
   2631.07617614442     
   2633.59016116677     
   2771.02775492558     
   2842.72491664659     
   2670.70000000000     
   2806.26038371721     
   2867.24213818770     
   2889.56405467275     
   2907.69463523125     
   2980.85897946517     
   2938.64000000000     
   3135.43826493119     
   3189.91367817983     
   3178.32915976067     
   3134.36694486932     
   3102.28466336165     
   3083.03356270199     
   3029.18910771635     
   3047.43165957704     
   2938.64000000000     
   3233.37000000000     
   3233.37000000000     
   3233.37000000000     
   3299.88956640560     
   3318.89026267327     
   3322.17196520025     
   3361.71259704876     
   3233.37000000000     
   3319.01446054062     
   3161.46274691387     
   3443.76649505015     
   3461.57975239573     
   3512.78823219046     
   3546.69325081536     
   3557.57000000000     
   3543.96545620086     
   3491.40988626106     
   3521.93220900274     
   3530.42442424815     
   3557.57000000000     
   3557.57000000000     
   3530.97067133699     
   3481.02934750054     
   3167.67693338812     
   3403.16931288068     
   3420.16430963139     
   3430.94333219667     
   3457.42777560030     
   3439.30584840877     
   3441.90863664291     
   3233.37000000000     
   3122.64157217715     
   3094.43905558897     
   2670.70000000000     
   2929.37480917030     
   3079.16511582319     
   3152.69146178988     
   2938.64000000000     
   2847.50365295415     
   2842.71403651622     
   2933.82964872299     
   3348.86685764208     
   3225.02971421950     
   3233.37000000000     
   3332.25768143198     
   3233.37000000000     
   2911.07947442014     
   3086.41758485496     
   3233.37000000000     
   3575.42024885637     
   3586.79094761168     
   3501.06403847283     
   3464.87227218745     
   3410.24041342536     
   2938.64000000000     
   3212.51676166667     
   3233.37000000000     
   3233.37000000000     
   3557.57000000000     
   3582.31294178797     
   3594.51875993799     
   3614.73469445476     
   3526.86317774580     
   3233.37000000000     
   3731.44358555303     
   3482.40746732354     
   2670.70000000000     
   2205.66000000000     
   2670.70000000000     
   3548.11173940720     
   3461.98783487535     
   3145.45862585911     
   2938.64000000000     
   2912.41996414293     
   3557.57000000000     
   3140.36298337129     
   2427.11000000000     
   2670.70000000000     
   3209.30491217990     
   3213.12463141227     
   3157.25214696169     
   2938.64000000000     
   2816.59396526778     
   2670.70000000000     
   2892.25120576653     
   2938.64000000000     
   2844.01180025969     
   2670.70000000000     
   2393.89546588783     
   2589.82826261529     
   2427.11000000000     
   2938.64000000000     
   3538.91894812224     
   3538.22169085422     
   3557.57000000000     
   3896.71494124071     
   3914.19000000000     
   3557.57000000000     
   3530.03607977062     
   3557.57000000000     
   3716.26012756303     
   3695.14803756096     
   3680.53521302037     
   3663.37147801056     
   3670.17312771696     
   3672.36908707423     
   3677.79292806541     
   3681.62252921163     
   3647.83037555355     
   3649.51959631803     
   3642.53205207194     
   3634.35869649199     
   3557.57000000000     
   3557.57000000000     
   3557.57000000000     
   3554.63773521905     
   3542.88454450881     
   3543.00225791524     
   3457.06628684166     
   3426.16406244628     
   3430.96217628131     
   3519.90777968465     
   3468.81238242108     
   3525.43320082563     
   3538.05867300877     
   3592.87761915164     
   3614.17130357722     
   3557.57000000000     
   3690.09487092357     
   3557.57000000000     
   3882.35494955285     
   4142.37665636450     
   4148.30869951382     
   4188.14864834520     
   4225.40358635054     
   4230.80024492414     
   4245.62448478882     
   3914.19000000000     
   3768.09084595485     
   1821.32000000000     
   2164.97236954777     
   2938.64000000000     
   2915.37251359590     
   2938.64000000000     
   2670.70000000000     
   2577.93322687664     
   2620.92189851690     
   2427.11000000000     
   2427.11000000000     
   2205.66000000000     
   2480.08066040871     
   2205.66000000000     
   2289.45572755174     
   2004.34000000000     
   1957.00845250573     
   1911.01915965346     
   1878.74672363304     
   1805.43378542362     
   1654.93000000000     
   1503.66000000000     
   1654.93000000000     
   2196.40837766872     
   2347.33847102854     
   2373.30235915265     
   2409.46285705606     
   2668.96551778645     
   2769.60172050713     
   2785.74274376493     
   2805.20439656921     
   2810.02789319779     
   2809.57477392063     
   2759.64162018940     
   2809.93666110645     
   2819.96336906117     
   2758.26619665228     
   2670.70000000000     
   2427.11000000000     
   2571.32541968478     
   2575.63985636032     
   2557.24701217161     
   2602.61056071815     
   2670.70000000000     
   2670.60364045814     
   2670.70000000000     
   2648.89328845943     
   2670.70000000000     
   2786.53097793674     
   2831.74764032296     
   2840.65004529150     
   2670.70000000000     
   2670.70000000000     
   2784.08477520514     
   2752.08360365982     
   2670.70000000000     
   2427.11000000000     
   2564.12852144921     
   2205.66000000000     
   2205.66000000000     
   2759.23183730058     
   2670.70000000000     
   2670.70000000000     
   2803.14674785688     
   2839.02498831882     
   2848.72711817936     
   2875.20097211138     
   2908.07222794441     
   2930.62140456698     
   2938.64000000000     
   2938.64000000000     
   2938.64000000000     
   3116.20011081273     
   3163.11643704491     
   3141.88221372701     
   2938.64000000000     
   2938.64000000000     
   2817.51544189076     
   2938.64000000000     
   2938.64000000000     
   3136.45475869509     
   3180.10657704106     
   3233.37000000000     
   3173.35416549190     
   3233.37000000000     
   3352.97576061850     
   3385.74946536441     
   3328.12860204831     
   3227.28708739138     
   3233.37000000000     
   3233.37000000000     
   3399.15912575951     
   3414.27943508602     
   3480.01210917776     
   3509.56277519756     
   3594.01872676526     
   3582.50507902190     
   3533.85202271728     
   3502.86360579943     
   3533.89415048043     
   3535.20212950753     
   3527.93333113597     
   3504.43245487619     
   3493.06978884012     
   3178.97430163975     
   3368.32534855998     
   3451.26733484589     
   3460.78924852061     
   3454.65133678790     
   3454.66722735843     
   3441.83863641600     
   3164.23217489794     
   2938.64000000000     
   3079.09636338640     
   3065.67115160617     
   2670.70000000000     
   3028.64355884282     
   3113.59784903408     
   3187.93001880054     
   3164.81781541303     
   2938.64000000000     
   2938.64000000000     
   3113.01199170633     
   3149.38593385801     
   3141.74266009910     
   3233.37000000000     
   2938.64000000000     
   2647.80239293998     
   2906.53650018510     
   2937.80756175247     
   3554.45634961668     
   3587.67617646280     
   3546.79659611337     
   3557.57000000000     
   3557.57000000000     
   3512.72888504075     
   3405.40189718884     
   3430.26683001701     
   3233.37000000000     
   3557.57000000000     
   3599.87387477882     
   3599.24046020427     
   3609.46684750188     
   3598.01991369512     
   3605.04457872829     
   3544.19158547868     
   2670.70000000000     
   2550.09983707241     
   2205.66000000000     
   2205.66000000000     
   2849.87862490468     
   2587.88091363110     
   2205.66000000000     
   2427.11000000000     
   2004.34000000000     
   2640.92514759973     
   2938.64000000000     
   2670.26062198099     
   2386.56121702410     
   2664.60916660625     
   2938.64000000000     
   2657.82378796144     
   2938.64000000000     
   2900.53756427996     
   2670.70000000000     
   2403.54645458570     
   2427.11000000000     
   2918.85825167626     
   2670.70000000000     
   2601.47958603163     
   2427.11000000000     
   2343.09946948424     
   2859.04070344325     
   3215.93881515586     
   3233.37000000000     
   3194.02923069182     
   3233.37000000000     
   3557.57000000000     
   3501.88802219274     
   3510.67327262232     
   3557.57000000000     
   3557.57000000000     
   3653.60705960631     
   3653.83100379750     
   3673.60877362325     
   3685.00371791972     
   3695.12198558365     
   3719.41009914895     
   3744.24958704829     
   3727.55733288565     
   3722.74323583309     
   3702.54721553387     
   3677.30090463318     
   3683.91064396252     
   3647.41183218804     
   3557.57000000000     
   3557.57000000000     
   3550.49710727195     
   3494.00738199227     
   3455.91894312095     
   3429.99715397498     
   3391.68261889313     
   3403.54044171771     
   3474.27792386923     
   3459.47487631144     
   3514.90820659491     
   3557.57000000000     
   3557.57000000000     
   3630.57019905234     
   3557.57000000000     
   3914.19000000000     
   3914.19000000000     
   4151.08552783329     
   4164.82281728539     
   4208.08221655737     
   4181.87402240450     
   3909.95843339017     
   3914.19000000000     
   4054.10564294783     
   3873.01758511535     
   2139.99622527042     
   2205.66000000000     
   2938.64000000000     
   3112.67302144138     
   2938.64000000000     
   2670.70000000000     
   2670.70000000000     
   2609.03088420886     
   2427.11000000000     
   2408.49179649621     
   2205.66000000000     
   2318.56668427695     
   2181.70156054980     
   2311.09793017754     
   2282.11665857994     
   2189.79321484059     
   1821.32000000000     
   1821.32000000000     
   1821.32000000000     
   1654.93000000000     
   1599.05415217420     
   1503.66000000000     
   1821.32000000000     
   2149.18041441985     
   2205.66000000000     
   2205.66000000000     
   2341.43945831316     
   2664.56120625962     
   2733.23134927314     
   2766.86739384169     
   2771.91175120732     
   2773.74104305708     
   2785.59862437566     
   2780.59558752675     
   2755.19923339574     
   2670.70000000000     
   2637.74626375007     
   2427.11000000000     
   2580.45134972076     
   2563.55762207701     
   2427.11000000000     
   2592.91701699317     
   2668.25408297378     
   2695.28288484233     
   2707.06143889425     
   2670.70000000000     
   2670.70000000000     
   2670.70000000000     
   2813.18208007483     
   2799.73916912937     
   2670.70000000000     
   2702.66078592675     
   2670.70000000000     
   2606.31778239377     
   2580.10578759061     
   2553.65338114328     
   2576.51678573158     
   2336.40784965481     
   2205.66000000000     
   2670.70000000000     
   2731.93214591266     
   2743.92195930243     
   2790.52413688521     
   2855.44529138978     
   2879.13956606992     
   2903.61188619608     
   2938.64000000000     
   2938.64000000000     
   2938.64000000000     
   2917.32890009847     
   2867.48027134035     
   2938.64000000000     
   3133.18019912433     
   3121.88653169630     
   2938.64000000000     
   2670.70000000000     
   2131.29807782141     
   2670.70000000000     
   2884.00371611669     
   3232.10733938726     
   3233.37000000000     
   3187.55981080853     
   2868.59350590463     
   3329.60349438618     
   3350.12087530062     
   3364.03924373373     
   3348.69715036830     
   3133.65172309152     
   3184.85093502343     
   3318.69834866234     
   3359.65363042605     
   3356.59540233067     
   3442.95355498974     
   3504.79576096840     
   3555.63139849268     
   3590.46814981290     
   3547.27157431004     
   3557.57000000000     
   3585.60676640791     
   3549.53490244877     
   3481.38925671102     
   3469.00145903869     
   3448.63052247351     
   3452.93700743078     
   3233.37000000000     
   3453.78396589117     
   3505.77856341935     
   3503.86120799274     
   3233.37000000000     
   3407.09204424801     
   2938.64000000000     
   2938.64000000000     
   3107.44981161604     
   3146.68399553621     
   3059.37169814862     
   2864.77716310539     
   2938.64000000000     
   3110.69474279173     
   3144.73488285877     
   2930.68121020417     
   2938.64000000000     
   3045.43522991143     
   3090.30873040689     
   3043.27557360693     
   3106.83260276087     
   2859.46925541480     
   2938.64000000000     
   3233.37000000000     
   3156.45809849525     
   3468.10464259161     
   3557.57000000000     
   3557.57000000000     
   3557.57000000000     
   3547.48230239731     
   3557.57000000000     
   3555.10751770890     
   3519.14420314593     
   3464.94806500339     
   3547.40477494230     
   3604.70694185773     
   3556.30196319499     
   3113.47303329389     
   2938.64000000000     
   2863.42399722401     
   2938.64000000000     
   2938.64000000000     
   3139.70716791651     
   3233.37000000000     
   3196.66398198470     
   2938.64000000000     
   2004.34000000000     
   2938.64000000000     
   2847.55930698984     
   2666.36736762979     
   2938.64000000000     
   2903.74318894219     
   2923.41188809749     
   2427.11000000000     
   2427.11000000000     
   2400.00254096717     
   2670.70000000000     
   2622.20779937535     
   2869.81112033309     
   2670.70000000000     
   2557.77417810224     
   2427.11000000000     
   2899.93881936801     
   2670.70000000000     
   2666.48412677271     
   2427.11000000000     
   2205.66000000000     
   2427.11000000000     
   2888.79217950379     
   2670.70000000000     
   2670.70000000000     
   2938.64000000000     
   3233.37000000000     
   3484.77227106461     
   3482.01492432265     
   3506.20408569113     
   3544.74081909624     
   3557.57000000000     
   3614.26989261416     
   3630.85991849768     
   3655.44869747813     
   3667.86033149719     
   3691.85807952822     
   3725.18987980643     
   3700.77086347762     
   3726.35249635604     
   3686.97978285127     
   3699.49403696092     
   3697.33462216243     
   3674.78709224076     
   3620.57876546982     
   3593.29598455095     
   3525.36467848550     
   3472.82063231467     
   3415.55556797049     
   3350.63869634666     
   3345.85865482426     
   3397.58264119331     
   3440.96713634118     
   3486.98120184919     
   3537.61363600348     
   3557.57000000000     
   3486.85546390286     
   3633.26671010253     
   3557.57000000000     
   3863.87522442466     
   3914.19000000000     
   3914.19000000000     
   4192.72872359198     
   4162.31382354969     
   4089.66013917605     
   3557.57000000000     
   3795.05860000234     
   4091.60951822463     
   4121.61606633370     
   2205.66000000000     
   2205.66000000000     
   2670.70000000000     
   3080.99938870775     
   2670.70000000000     
   2607.62377502248     
   2562.68788366712     
   2386.22469705595     
   2177.80106937073     
   2143.67034328401     
   2195.14142636614     
   1821.32000000000     
   2004.34000000000     
   1969.03646333559     
   2004.34000000000     
   2165.80110350470     
   2085.49299412579     
   2063.04051321084     
   1821.32000000000     
   1803.88722377166     
   1654.93000000000     
   1366.14000000000     
   1614.09379054035     
   1925.76465624362     
   2004.34000000000     
   2142.33440949598     
   2205.66000000000     
   2409.94654295690     
   2595.98534831006     
   2638.07534236453     
   2670.70000000000     
   2760.84677762843     
   2758.14972020683     
   2747.95117089476     
   2670.70000000000     
   2614.13902388074     
   2427.11000000000     
   2543.42986260272     
   2555.54377843970     
   2570.87252781448     
   2576.81472788392     
   2605.68952179810     
   2650.36857695868     
   2670.70000000000     
   2691.68985883817     
   2670.70000000000     
   2588.14527116576     
   2622.44463292491     
   2746.43316019690     
   2772.02885339383     
   2750.18001063648     
   2721.69858331727     
   2736.18478539667     
   2739.89033713966     
   2706.56642302161     
   2637.08145289407     
   2568.52026264121     
   2205.66000000000     
   2190.18830622760     
   2576.02231831096     
   2670.70000000000     
   2780.07656702180     
   2808.64065036128     
   2857.13486301062     
   2885.14776778164     
   2910.82257649131     
   2925.00546552426     
   2927.71241593488     
   2841.19077009973     
   2617.18613512523     
   2891.15514507960     
   2924.97574301956     
   3105.33447007058     
   3133.04014307173     
   3078.51019520377     
   2938.64000000000     
   2427.11000000000     
   2632.30511109400     
   2938.64000000000     
   3232.63014503611     
   3233.37000000000     
   3233.37000000000     
   2884.66602884564     
   3359.34483178344     
   3366.62453290003     
   3408.41763930217     
   3361.61488138086     
   3115.73189147026     
   3173.22440338526     
   3233.37000000000     
   3233.37000000000     
   3228.22214534495     
   3386.97254395098     
   3403.28895074471     
   3518.65669300460     
   3557.57000000000     
   3511.01360583341     
   3548.99682871536     
   3584.19608791273     
   3548.85820843980     
   3233.37000000000     
   3430.04387257036     
   3431.54666072750     
   3448.25748107489     
   3136.19335694146     
   3233.37000000000     
   3493.93831193883     
   3505.18074444579     
   3467.46330436052     
   3400.04158664801     
   3344.01717110512     
   2938.64000000000     
   2938.64000000000     
   3057.84414133882     
   3058.03783663550     
   3025.32393453868     
   3060.54527066054     
   3105.02614422970     
   2938.64000000000     
   2670.70000000000     
   2910.99021329803     
   2938.64000000000     
   3068.20697892165     
   2938.64000000000     
   2670.70000000000     
   2670.70000000000     
   3160.58927951808     
   3328.09137391071     
   3371.97156517091     
   3233.37000000000     
   3122.32432905146     
   3215.22345775045     
   3425.32723915446     
   3503.74822026285     
   3524.26086066060     
   3539.57747167588     
   3534.31789893837     
   3505.49992602487     
   3233.37000000000     
   3632.57374347046     
   3622.90081659969     
   2644.62809550333     
   2670.70000000000     
   2630.80164447816     
   3114.22971196614     
   3557.57000000000     
   3557.57000000000     
   3662.76623294144     
   3663.98723668883     
   3663.87253412250     
   3661.48063881824     
   3656.19641954342     
   3660.78781250535     
   3657.34690833328     
   3660.51369301713     
   3654.27071250170     
   3650.53707463586     
   3652.08870428109     
   3640.65194124702     
   3621.16144711653     
   3623.72229189534     
   3612.47647189667     
   3591.27421435406     
   3557.57000000000     
   3470.77664952235     
   3204.11872625334     
   3233.37000000000     
   3489.64645546485     
   2814.65954620583     
   2004.34000000000     
   2205.66000000000     
   2205.66000000000     
   2565.14243662198     
   2583.90408370475     
   2582.32070948161     
   2427.11000000000     
   2670.70000000000     
   2932.25733345106     
   3375.55730652666     
   3501.14475086850     
   3542.87228308284     
   3557.57000000000     
   3612.23995687490     
   3607.91116162433     
   3608.62873439952     
   3557.57000000000     
   3629.95440107188     
   3701.36605139444     
   3726.72052301922     
   3692.36690046387     
   3714.92550071276     
   3672.91970756948     
   3684.00238211255     
   3694.80372111852     
   3657.78439233240     
   3557.57000000000     
   3541.63333927667     
   3438.34726517883     
   3383.17141519062     
   3233.37000000000     
   3319.48431547935     
   3375.59484301946     
   3419.65109501828     
   3458.27243367187     
   3529.22693015923     
   3539.95491387547     
   3486.17792232087     
   3509.64378040209     
   3233.37000000000     
   3557.57000000000     
   3882.08164780065     
   3771.25183523778     
   3557.57000000000     
   3436.22452090536     
   3447.05981963067     
   3499.50705958400     
   3557.57000000000     
   3914.19000000000     
   4233.62222455104     
   2143.71410436739     
   1983.93653858362     
   2205.66000000000     
   2670.70000000000     
   2670.70000000000     
   2427.11000000000     
   2332.27337683830     
   2004.34000000000     
   1963.32155381031     
   1821.32000000000     
   2001.72821235280     
   1591.79690720879     
   1821.32000000000     
   1633.09641365735     
   2004.34000000000     
   2004.34000000000     
   1821.32000000000     
   2004.34000000000     
   1916.08434992775     
   1821.09393032363     
   1654.93000000000     
   1615.54725476150     
   1654.93000000000     
   1610.51417323163     
   1821.32000000000     
   1913.14260444048     
   2004.34000000000     
   2004.34000000000     
   2205.66000000000     
   2542.09044950840     
   2633.16012038239     
   2660.96872669032     
   2670.70000000000     
   2670.70000000000     
   2670.70000000000     
   2606.07284354806     
   2518.29158433302     
   2499.63940603723     
   2547.03417554300     
   2548.83302179670     
   2554.67223670018     
   2558.53914150717     
   2620.76397772530     
   2650.54192489929     
   2670.70000000000     
   2641.39650503881     
   2608.91737799314     
   2652.34676121266     
   2723.47365896346     
   2744.94265130178     
   2730.53120669700     
   2746.94156387472     
   2741.69344350649     
   2718.92530755195     
   2715.52052913951     
   2655.90105917135     
   2593.59033961610     
   2427.11000000000     
   2140.60349399162     
   2327.38351174992     
   2591.82990823292     
   2670.70000000000     
   2831.05792631830     
   2864.08755434932     
   2899.60466681376     
   2914.59077948062     
   2925.47999990400     
   2924.09427143726     
   2916.58118676174     
   2427.11000000000     
   2575.22845995794     
   3042.07426364560     
   3077.01619532543     
   3083.89452474768     
   3101.68943810246     
   3192.72924086805     
   2938.64000000000     
   2937.11211764951     
   2938.64000000000     
   3393.40875409278     
   3354.96705626569     
   3373.03883324358     
   3233.37000000000     
   3386.45220846133     
   3396.14293068906     
   3431.57582988783     
   3415.30234920445     
   3144.59623118822     
   3164.99705712206     
   3157.32417464038     
   2938.64000000000     
   3144.97723381114     
   2938.64000000000     
   3093.11451723016     
   3441.40149778315     
   3514.14363344535     
   3525.99936242896     
   3554.28074269558     
   3484.47820434935     
   3233.37000000000     
   3211.88953616768     
   3233.37000000000     
   3356.49007316306     
   3420.38082110233     
   3223.38812473248     
   3405.54791525190     
   3445.22918641967     
   2890.18332904977     
   3371.77166864635     
   3402.29818150400     
   3337.20901765389     
   2938.64000000000     
   2880.19621327749     
   2938.64000000000     
   3035.57297387664     
   3064.89882045664     
   3100.07505518828     
   3100.12762743214     
   2938.64000000000     
   2670.70000000000     
   2658.23393706607     
   2580.36511327197     
   3037.32516601524     
   2938.64000000000     
   2634.71061611710     
   2670.70000000000     
   3221.09972894786     
   3324.15508789325     
   3404.72536379138     
   3465.38834281286     
   3543.36610050821     
   3149.92962054864     
   2938.64000000000     
   3233.37000000000     
   3483.35777033595     
   3479.03205996850     
   3535.60097227613     
   3233.37000000000     
   2938.64000000000     
   3557.57000000000     
   3663.73287226167     
   3452.27864911606     
   3505.81131665165     
   3656.19012998403     
   3668.87281063523     
   3661.41055897616     
   3668.76597737333     
   3666.10337496207     
   3669.97456550589     
   3670.28778466224     
   3668.56477881520     
   3664.79824867559     
   3662.78639512151     
   3662.10868981887     
   3660.72855366323     
   3658.32740925321     
   3657.39849172012     
   3650.94768264121     
   3643.50236039538     
   3639.57756756749     
   3637.65532949182     
   3634.13820734987     
   3622.71816747406     
   3614.21643170495     
   3597.90095806002     
   3557.57000000000     
   3538.76252523352     
   3507.34793735449     
   3233.37000000000     
   2584.68640634431     
   2004.34000000000     
   2004.34000000000     
   2427.11000000000     
   2569.45450027623     
   2572.57503337719     
   2624.06640340936     
   2670.70000000000     
   2870.74064638855     
   2938.64000000000     
   3471.75794635247     
   3233.37000000000     
   3233.37000000000     
   3586.66910250657     
   3512.25047922978     
   2938.64000000000     
   2886.39916528703     
   2938.64000000000     
   3167.53542400666     
   3655.24174220026     
   3714.54659134550     
   3715.81772142111     
   3689.22240669628     
   3638.00899775768     
   3557.57000000000     
   3557.57000000000     
   3557.57000000000     
   3514.69194404720     
   3388.15897696829     
   3360.94271848714     
   3311.48514308381     
   3342.50685725070     
   3401.57141046778     
   3465.58039096524     
   3503.95764761239     
   3539.96445439022     
   3557.57000000000     
   3825.54599706594     
   3509.71336943492     
   3518.77182564009     
   3463.29187915445     
   3879.76654971671     
   3914.19000000000     
   3914.19000000000     
   3557.57000000000     
   3416.91444835578     
   3411.25841153880     
   3557.57000000000     
   3914.19000000000     
   4201.19369594509     
   1791.00082178206     
   1783.03076679524     
   2182.85632207527     
   2578.45742005197     
   2427.11000000000     
   2205.66000000000     
   2184.73734260633     
   2188.37109670268     
   1821.32000000000     
   1746.01340712583     
   1821.32000000000     
   1366.14000000000     
   1654.93000000000     
   1361.43853674304     
   1503.66000000000     
   1781.36636528237     
   1503.66000000000     
   1354.11599577220     
   1761.58967484748     
   1807.29970143844     
   1654.93000000000     
   1645.41138757095     
   1611.83166724241     
   1654.93000000000     
   1503.66000000000     
   1654.93000000000     
   1766.01476514348     
   1816.33909400557     
   1956.38360094293     
   2131.70289856490     
   2205.66000000000     
   2195.77611911097     
   2427.11000000000     
   2427.11000000000     
   2623.06690200150     
   2606.25774928693     
   2553.03072793468     
   2520.17013270734     
   2507.90452978481     
   2504.97083427606     
   2522.26912316215     
   2541.43087411062     
   2601.83849265459     
   2633.20350028051     
   2665.06857097192     
   2655.52992964232     
   2670.70000000000     
   2658.94840831041     
   2656.83336691616     
   2718.35792034575     
   2670.70000000000     
   2711.79873151249     
   2726.84326763575     
   2718.58764539519     
   2670.70000000000     
   2766.90545612890     
   2756.53630109740     
   2731.46699041220     
   2427.11000000000     
   2399.27680004583     
   2669.85046699572     
   2783.45358496504     
   2859.59353121632     
   2888.90098824025     
   2891.77462103549     
   2874.32616734386     
   2911.44698281091     
   2928.50637114134     
   2928.50637114134     
   2833.49932554373     
   2605.19071652135     
   2932.63620163062     
   3056.64034202804     
   3038.59190037111     
   3067.46294874793     
   2938.64000000000     
   3089.46690684991     
   3226.77593598603     
   3309.78237587899     
   3347.89103867653     
   3316.66995949390     
   3379.21978365606     
   3324.97833874058     
   3233.37000000000     
   3428.27593901945     
   3454.01393697847     
   3463.89207211089     
   3416.75711775463     
   3168.51228645934     
   3359.87186170669     
   2816.31462556172     
   3339.89393624735     
   3200.08328832897     
   3233.37000000000     
   3233.37000000000     
   3438.61068118065     
   3512.92372690615     
   3554.28074269558     
   3490.05627919597     
   3233.37000000000     
   3230.56940110238     
   3285.15069731240     
   3233.37000000000     
   3388.22188760423     
   3233.37000000000     
   3393.96932828256     
   3429.34434634840     
   2938.64000000000     
   3145.36379295780     
   3369.84522604218     
   3372.63485924668     
   3352.50102638245     
   3165.79321465542     
   2879.97769737204     
   2938.64000000000     
   3009.76071827721     
   3056.07981434871     
   3051.09778979571     
   2831.42219378623     
   2670.70000000000     
   2670.70000000000     
   2670.70000000000     
   2938.64000000000     
   3228.72788946090     
   2607.08731188827     
   2670.70000000000     
   2938.64000000000     
   3190.57686920880     
   3233.37000000000     
   3233.37000000000     
   3627.43122328197     
   3233.37000000000     
   2938.64000000000     
   3233.37000000000     
   3551.69029710022     
   3548.41804221771     
   3668.19860177338     
   3666.77877274884     
   3534.13114618527     
   3668.63600525127     
   3669.34919026206     
   3673.26551586459     
   3672.76393375565     
   3674.08327150115     
   3673.06898992372     
   3669.54481432839     
   3667.80885895991     
   3667.88273994448     
   3671.07269702895     
   3671.52733928048     
   3670.34491762197     
   3669.57971819506     
   3663.06807745586     
   3660.96756782151     
   3662.11623985045     
   3661.11559814148     
   3638.53231941625     
   3629.61804740271     
   3629.00823442106     
   3621.72152760726     
   3625.92555650542     
   3623.80643227035     
   3618.21670977046     
   3604.75597402368     
   3590.07387629303     
   3557.57000000000     
   3549.20345774173     
   3412.50169714254     
   2938.64000000000     
   2324.91111841695     
   1241.12000000000     
   1586.90495165925     
   2414.02965407345     
   2532.44840008347     
   2611.81238620675     
   2670.70000000000     
   2670.70000000000     
   2848.80688247274     
   2938.64000000000     
   2938.64000000000     
   2870.09816302877     
   2670.70000000000     
   2670.70000000000     
   2670.70000000000     
   2427.11000000000     
   2419.17906677368     
   2324.80195728683     
   2172.09213861094     
   2643.09747879509     
   3233.37000000000     
   3546.48458847265     
   3557.57000000000     
   3233.37000000000     
   3153.89909652142     
   2938.64000000000     
   2938.64000000000     
   3402.08968042444     
   3233.37000000000     
   3233.13757225657     
   3233.37000000000     
   3395.31782756158     
   3426.78695602586     
   3449.43999240652     
   3517.26518140750     
   3557.57000000000     
   3780.46975120321     
   3859.50953432293     
   3914.19000000000     
   3914.19000000000     
   3914.19000000000     
   4121.25989776779     
   4208.64670603347     
   3914.19000000000     
   3914.19000000000     
   3557.57000000000     
   3557.57000000000     
   3775.51134280290     
   4076.25483931187     
   4124.77440041928     
   1652.21816936741     
   1654.93000000000     
   2004.34000000000     
   2159.54622599671     
   2427.11000000000     
   1913.54076460835     
   1821.32000000000     
   2004.34000000000     
   1654.93000000000     
   1435.97128699435     
   1654.93000000000     
   1632.86817430970     
   1366.14000000000     
   1241.12000000000     
   1108.95063154414     
   1331.34835127826     
   1239.26704716861     
   1127.46000000000     
   1198.62087317267     
   1503.66000000000     
   1654.93000000000     
   1654.93000000000     
   1653.97951615337     
   1595.19891940325     
   1605.41849775860     
   1503.66000000000     
   1503.66000000000     
   1629.77310308148     
   1654.93000000000     
   1654.93000000000     
   1821.32000000000     
   1973.42511755477     
   1984.68028349871     
   2205.66000000000     
   2205.66000000000     
   2427.11000000000     
   2500.28950287182     
   2486.63160140449     
   2497.85956786769     
   2427.11000000000     
   2521.65216190020     
   2427.11000000000     
   2596.86640443873     
   2628.48535058339     
   2650.14032747346     
   2653.91566204121     
   2662.78784699501     
   2670.70000000000     
   2704.04920762756     
   2697.24055688468     
   2685.32603831498     
   2641.72328984693     
   2712.21826371377     
   2708.44059208099     
   2691.00560545982     
   2670.70000000000     
   2670.70000000000     
   2427.11000000000     
   2670.70000000000     
   2664.98508062691     
   2588.89205056541     
   2834.84409956784     
   2846.99339143517     
   2903.84549321959     
   2881.02799858752     
   2874.94408034755     
   2892.39842230482     
   2907.72957312638     
   2923.57996941270     
   2863.86612040229     
   2810.56010859288     
   2634.10933818029     
   2848.04420135061     
   2994.16779263162     
   2938.64000000000     
   3053.91294540509     
   2938.64000000000     
   3193.29175686637     
   3233.37000000000     
   3351.02701406397     
   3356.70412217494     
   3372.55337174115     
   3404.23809287194     
   3400.51105952372     
   3411.85856337964     
   3431.93116161947     
   3449.89139089868     
   3407.64557780445     
   3435.55204455267     
   3485.82540889956     
   3233.37000000000     
   3422.55767346624     
   3404.54397573249     
   3420.75201907460     
   3163.43325173889     
   3404.70875514561     
   3450.20138041716     
   3540.28860784726     
   3492.24805605223     
   3452.21739345673     
   3233.37000000000     
   3324.56955116342     
   3192.31470867021     
   3332.81565130496     
   3152.28569290153     
   2809.33618118389     
   3233.37000000000     
   3165.71965496465     
   3298.31822973529     
   3341.89136583999     
   3374.78910652023     
   3387.48807881114     
   3233.37000000000     
   2938.64000000000     
   2670.70000000000     
   2912.44572500053     
   2938.64000000000     
   2867.97100932290     
   2582.89695942300     
   2670.70000000000     
   2938.64000000000     
   2670.70000000000     
   2806.39031523877     
   3454.75139059332     
   3453.76491571788     
   3233.37000000000     
   3516.39821660294     
   3671.72341038907     
   3674.91469668361     
   3673.76227607908     
   3672.84663085724     
   3672.45921380303     
   3672.21383808457     
   3672.77636608641     
   3674.22430130698     
   3672.97877861507     
   3679.23581088119     
   3678.73350599212     
   3675.17250722588     
   3682.19766383237     
   3673.95569082870     
   3673.48039237178     
   3673.58008548791     
   3672.89423936519     
   3669.65845713182     
   3669.39365233992     
   3655.95374921760     
   3665.43246900730     
   3667.91451305111     
   3671.02716957987     
   3668.12707539698     
   3664.84418595581     
   3663.50246277384     
   3662.51266675546     
   3663.58623312561     
   3644.57028213939     
   3630.84309325473     
   3628.93242910021     
   3622.01790143262     
   3620.06151704080     
   3613.56630789798     
   3603.71328968306     
   3601.66773892725     
   3597.66011287714     
   3587.94933706196     
   3557.57000000000     
   3554.86255040042     
   3486.54351601097     
   2938.64000000000     
   2400.07137965845     
   1241.12000000000     
   1925.01829715832     
   2427.11000000000     
   2524.01492029446     
   2574.62115805881     
   2626.72814370876     
   2633.70983951645     
   2795.14959507214     
   2670.70000000000     
   2670.70000000000     
   2669.48299744571     
   2569.60608811002     
   2427.11000000000     
   2427.11000000000     
   2400.92144312863     
   2427.11000000000     
   2613.36086731622     
   2640.92795214448     
   2670.70000000000     
   2670.70000000000     
   2840.62432783084     
   2917.73583434844     
   2938.64000000000     
   2938.64000000000     
   3092.31102197575     
   3111.57901466791     
   3222.90635359928     
   3201.88582366009     
   3198.25112302773     
   3175.28100987534     
   3320.80481097513     
   3389.44086048187     
   3434.41366908722     
   3535.27663111471     
   3557.57000000000     
   3818.71231288654     
   3896.66342465788     
   3914.19000000000     
   4107.67745046961     
   4142.13551889588     
   4148.30695150240     
   4159.53698673996     
   4159.22725303149     
   4143.55442959986     
   3914.19000000000     
   3914.19000000000     
   4061.14196744744     
   4106.92525393218     
   4096.79877711019     
   1366.14000000000     
   1348.34750027911     
   1992.90840033689     
   1976.83681289495     
   2427.11000000000     
   2004.34000000000     
   1821.32000000000     
   1821.32000000000     
   1654.93000000000     
   1241.12000000000     
   1241.12000000000     
   1635.87473674132     
   1503.66000000000     
   1366.14000000000     
   844.790000000000     
   1010.78361725881     
   1024.13000000000     
   916.814707733546     
   844.790000000000     
   844.790000000000     
   1474.72539064102     
   1638.87611808761     
   1627.54442852788     
   1574.67453577050     
   1490.57236324546     
   1609.77953355641     
   1580.78115315183     
   1503.66000000000     
   1585.74951071644     
   1610.23429513260     
   1503.66000000000     
   1761.06712865777     
   1821.32000000000     
   1955.43724808168     
   2203.88506363469     
   2205.66000000000     
   2179.95826631771     
   2377.01803545889     
   2354.38858838287     
   2427.11000000000     
   2503.82700747697     
   2556.88242926639     
   2571.10738934892     
   2612.88849123163     
   2617.25254514541     
   2628.53600533220     
   2633.02214575803     
   2670.00833322853     
   2689.81499133811     
   2686.93886396168     
   2649.55040340475     
   2670.70000000000     
   2696.14371483273     
   2670.70000000000     
   2670.70000000000     
   2669.97258317832     
   2670.70000000000     
   2632.80663835267     
   2670.70000000000     
   2755.48714553046     
   2809.86364270126     
   2863.24002306280     
   2845.67112069326     
   2938.64000000000     
   2917.15597472512     
   2909.00191560076     
   2917.44104072028     
   2915.53517837862     
   2909.07792625691     
   2903.08584340331     
   2916.54133135402     
   2670.70000000000     
   2864.26393076124     
   3030.63540376923     
   3121.81102138833     
   3066.57542757595     
   2938.64000000000     
   3233.37000000000     
   3297.77015614823     
   3358.36105648742     
   3353.51123512159     
   3370.38832817995     
   3365.96843514764     
   3385.39666583077     
   3398.91269430496     
   3409.88927098620     
   3441.68386257759     
   3451.84591258866     
   3500.73629347771     
   3525.18343369891     
   3539.10546468919     
   3482.88148348071     
   3448.29973188341     
   3475.08998393065     
   3233.37000000000     
   3167.42023135902     
   3402.90083458712     
   3425.97084536119     
   3384.39396359036     
   3398.60943092961     
   3233.37000000000     
   3292.54622101351     
   3233.37000000000     
   3208.19554733025     
   2900.82308790516     
   2427.11000000000     
   2427.11000000000     
   2938.64000000000     
   3113.83046630431     
   2921.27610452010     
   3233.37000000000     
   3318.30526947360     
   3352.62749072067     
   3348.55516138784     
   3423.89506390573     
   2938.64000000000     
   2938.60125265926     
   2821.11967214392     
   2864.10866717453     
   3164.14933294739     
   3557.57000000000     
   3233.37000000000     
   3439.25695210266     
   3679.02579400785     
   3680.78676447244     
   3677.83390641798     
   3675.58109399753     
   3674.29851428765     
   3676.90823809032     
   3676.85510664639     
   3678.16771940613     
   3678.15643286534     
   3678.55414935738     
   3678.23317096949     
   3678.31497059530     
   3680.68680514978     
   3670.20267555040     
   3681.11061474279     
   3680.74799603943     
   3678.14222271333     
   3682.67817822921     
   3678.64342451233     
   3679.29064349349     
   3671.44932736357     
   3666.08013184663     
   3655.15318037231     
   3664.31432544653     
   3650.94503348784     
   3667.80688105406     
   3664.33220120631     
   3648.16081544487     
   3623.47982686937     
   3415.24560882007     
   3552.40187962836     
   3641.21442181337     
   3634.10878413971     
   3624.04858605619     
   3618.22117585981     
   3621.30742434873     
   3611.60918003790     
   3606.33494587530     
   3601.21877672097     
   3582.60035829447     
   3584.23597852153     
   3557.57000000000     
   3556.58241834928     
   3541.39421544000     
   3415.25232465114     
   3209.81190382146     
   2660.40411079480     
   2004.34000000000     
   2411.72467931659     
   2427.11000000000     
   2571.59656064050     
   2556.88954347702     
   2615.94858211401     
   2639.21384796178     
   2670.70000000000     
   2670.70000000000     
   2670.70000000000     
   2577.36025915021     
   2427.11000000000     
   2390.47732859612     
   2372.90431705825     
   2427.11000000000     
   2567.04851946983     
   2670.70000000000     
   2714.55116776912     
   2721.92049678140     
   2742.08213651025     
   2777.54226232158     
   2859.06278106081     
   2924.84177956900     
   2990.20315746313     
   2938.64000000000     
   2938.64000000000     
   3110.57079345217     
   3179.40089521035     
   3202.40958945803     
   3233.37000000000     
   3233.37000000000     
   3445.28531943766     
   3533.15650948150     
   3754.08051594888     
   3891.28501727048     
   3895.40230951506     
   3914.19000000000     
   4125.20642038283     
   4199.81629387004     
   4202.19094707928     
   4245.22103034908     
   4306.47000000000     
   4306.47000000000     
   4306.47000000000     
   4280.13915308513     
   4220.31435247926     
   4199.83015937489     
   4161.31191346624     
   4132.41571971341     
   1503.66000000000     
   1241.12000000000     
   1800.28676459415     
   1821.32000000000     
   2327.76754972940     
   2364.87883995874     
   1755.32566621908     
   1821.32000000000     
   1590.27432406969     
   1477.37859491242     
   1125.79700687151     
   1634.91225534462     
   1654.93000000000     
   1127.46000000000     
   913.795847435699     
   1012.58590226602     
   1127.46000000000     
   1241.12000000000     
   1115.44627321634     
   985.808394505280     
   574.030000000000     
   1330.92692926824     
   1594.26848563113     
   1503.66000000000     
   1305.20539353373     
   1366.14000000000     
   1565.10000000001     
   1552.65996375434     
   1503.66000000000     
   1469.11265428113     
   1366.14000000000     
   1318.85955233791     
   1503.66000000000     
   1821.32000000000     
   1821.32000000000     
   1799.13528047666     
   1821.32000000000     
   2125.75144955754     
   2306.46099432101     
   2391.64045150207     
   2466.46806365474     
   2427.11000000000     
   2553.77013321690     
   2581.77925425925     
   2603.16225006469     
   2596.51701975366     
   2622.80745740740     
   2650.83755238703     
   2668.10829752830     
   2657.31595809269     
   2641.59749406147     
   2670.70000000000     
   2687.75352487968     
   2670.70000000000     
   2670.70000000000     
   2670.70000000000     
   2670.70000000000     
   2648.19626557210     
   2670.70000000000     
   2780.61161182011     
   2779.43527183667     
   2858.35269679270     
   2834.91618252084     
   2938.64000000000     
   2846.61772179106     
   2972.72860390955     
   2980.17719886421     
   2894.44012961693     
   2668.98211466013     
   2938.64000000000     
   2938.64000000000     
   2938.64000000000     
   2938.64000000000     
   3022.98972010991     
   3089.43104787449     
   3023.19681225890     
   2891.14217853318     
   3346.12534168800     
   3347.39625243071     
   3354.50963619463     
   3345.98129664435     
   3351.87442966493     
   3358.83153510480     
   3381.67814362347     
   3391.43239594490     
   3393.27233440142     
   3440.25493939095     
   3516.75137878364     
   3506.06138918905     
   3505.99242749743     
   3503.71295642208     
   3485.95364019014     
   3464.91456609274     
   3469.14042359785     
   3470.58929376929     
   3467.46817411969     
   3382.97677401428     
   3233.37000000000     
   2938.64000000000     
   3233.37000000000     
   3191.69400127261     
   3233.37000000000     
   3161.32367027799     
   2938.64000000000     
   2670.70000000000     
   2634.94468266414     
   2578.87076593095     
   2670.70000000000     
   2670.70000000000     
   2812.42250000012     
   2895.56401350202     
   3146.22463064779     
   3233.37000000000     
   3407.01450308427     
   3451.66861036561     
   3475.74030171947     
   3524.69409778012     
   3532.42467171713     
   3552.06674335700     
   3557.57000000000     
   3625.25362433635     
   3650.78436177651     
   3672.56505082755     
   3667.71827802981     
   3665.18580961381     
   3663.85793637925     
   3662.47697045205     
   3668.21316374466     
   3671.25153524880     
   3672.72439849640     
   3672.60665972973     
   3674.08997875718     
   3673.56707457407     
   3672.98709541298     
   3674.26860029611     
   3673.57672259419     
   3671.50766627058     
   3670.99635846585     
   3668.50204295393     
   3674.77031398633     
   3673.65054439335     
   3678.14950721227     
   3665.00013483964     
   3233.37000000000     
   3199.11984351376     
   3233.37000000000     
   3478.86018202805     
   3117.98956306465     
   2882.12481332661     
   2670.70000000000     
   2592.08104065769     
   2670.70000000000     
   2670.70000000000     
   2905.08835763572     
   2938.64000000000     
   3233.37000000000     
   3197.07645555755     
   3233.37000000000     
   3233.37000000000     
   3520.24773226550     
   3587.14765536266     
   3595.26419087396     
   3557.57000000000     
   3557.57000000000     
   3546.48945935065     
   3531.61686780787     
   3519.33874468930     
   3470.21410914758     
   3115.70356566894     
   2670.70000000000     
   2168.48250018144     
   2003.75845491127     
   2427.11000000000     
   2427.11000000000     
   2502.02328095780     
   2427.11000000000     
   2427.11000000000     
   2563.76430251786     
   2427.11000000000     
   2427.11000000000     
   2376.81536184087     
   2366.57392201329     
   2305.04309955384     
   2205.66000000000     
   2327.88412115609     
   2427.11000000000     
   2549.38830756607     
   2668.08449887087     
   2714.77779212230     
   2720.10557100160     
   2761.01578870680     
   2815.16747575720     
   2890.05274141241     
   2966.07405333852     
   2938.64000000000     
   3233.37000000000     
   3233.37000000000     
   3543.39816667962     
   3544.58112169357     
   3524.43511857696     
   3513.73102158515     
   3557.57000000000     
   3914.19000000000     
   4306.47000000000     
   4306.47000000000     
   4306.47000000000     
   4306.47000000000     
   4542.10713004775     
   4594.14931410029     
   4722.90878569751     
   4306.47000000000     
   4306.47000000000     
   4306.47000000000     
   4306.47000000000     
   4306.47000000000     
   4275.77268121485     
   4215.62211570055     
   4212.60107184801     
   4235.14180122948     
   1503.66000000000     
   1479.68794254707     
   1597.17559204211     
   1654.93000000000     
   2350.79651914623     
   2670.70000000000     
   1821.32000000000     
   2004.34000000000     
   1821.32000000000     
   1821.32000000000     
   1466.05758718267     
   1654.93000000000     
   1654.93000000000     
   1366.14000000000     
   1349.40535752351     
   1503.66000000000     
   1622.53852667615     
   1881.58818838265     
   1654.93000000000     
   1503.66000000000     
   1102.89428747914     
   928.681251473339     
   1118.25264872497     
   1503.66000000000     
   1219.17593457146     
   1366.14000000000     
   1331.96122261172     
   1450.89539843128     
   1366.14000000000     
   1241.12000000000     
   1241.12000000000     
   1241.12000000000     
   1228.92353061648     
   1503.66000000000     
   1654.93000000000     
   1654.93000000000     
   1742.63266097205     
   1780.51387274450     
   2004.34000000000     
   2168.03622355391     
   2479.75246714028     
   2490.40946577737     
   2520.31653263198     
   2590.20295861130     
   2591.94400535694     
   2588.66161831195     
   2604.91088107752     
   2627.39694937384     
   2624.50296981838     
   2612.01837292746     
   2622.36508855345     
   2643.68355703448     
   2641.16620762146     
   2641.86485384933     
   2609.38689250596     
   2667.68708513160     
   2658.77974480141     
   2633.47650679441     
   2729.15002588864     
   2777.39760285635     
   2670.70000000000     
   2670.70000000000     
   2871.27494285582     
   2938.64000000000     
   2656.03699217367     
   2670.70000000000     
   2824.70666006046     
   2670.70000000000     
   2578.45108287705     
   2670.70000000000     
   2938.64000000000     
   3104.11298821493     
   3100.14725350772     
   3101.01479293084     
   3097.24014941590     
   2938.64000000000     
   2938.64000000000     
   3233.37000000000     
   3364.41929817554     
   3318.53496253510     
   3330.82606908640     
   3340.17084465248     
   3349.50632216204     
   3382.45617617732     
   3344.32806516339     
   3391.27093476899     
   3420.29334074701     
   3468.73651513655     
   3480.12145255976     
   3498.81666570503     
   3495.99617786679     
   3481.78332148544     
   3467.33867828401     
   3460.44424750828     
   3478.64924239730     
   3478.21329965934     
   3474.23866129626     
   3427.07214902933     
   3233.37000000000     
   3153.21139518996     
   3211.76162090530     
   3167.39413785358     
   2841.27112839853     
   3058.41077954715     
   3067.50295731399     
   3055.70374158256     
   2876.03945356365     
   3105.32454742407     
   3149.43746696118     
   3184.46590996800     
   3310.04055465459     
   3324.88494632310     
   3361.03231663861     
   3410.83170447582     
   3433.47100490752     
   3456.46090188632     
   3481.48134360723     
   3502.00534409945     
   3557.57000000000     
   3627.08840910564     
   3643.71719600713     
   3666.06058250544     
   3668.57826960345     
   3670.61618509330     
   3673.87726265918     
   3672.19725085688     
   3672.85067087912     
   3672.13928253890     
   3675.21668984374     
   3678.12447750402     
   3677.44989435089     
   3671.75918189824     
   3659.63229901707     
   3233.37000000000     
   3408.11301750595     
   3642.38077739620     
   3233.37000000000     
   3233.37000000000     
   3233.37000000000     
   3233.37000000000     
   3233.37000000000     
   3485.26091244646     
   3233.37000000000     
   2938.64000000000     
   2670.70000000000     
   2938.64000000000     
   2921.67435627502     
   2670.70000000000     
   2597.91176906532     
   2427.11000000000     
   2380.90521928976     
   2390.37065069469     
   2414.91525604354     
   2670.70000000000     
   2915.51078979754     
   2938.64000000000     
   2938.64000000000     
   3156.03285383108     
   3233.37000000000     
   3233.37000000000     
   3557.57000000000     
   3510.30969772573     
   3500.24937949765     
   3526.30308705154     
   3534.33803218547     
   3521.70722819649     
   3504.67089897523     
   3233.37000000000     
   2938.64000000000     
   2427.11000000000     
   1757.33388892602     
   1100.30141430871     
   2205.66000000000     
   2427.11000000000     
   2427.11000000000     
   2427.11000000000     
   2413.01663165151     
   2205.66000000000     
   2205.66000000000     
   2205.66000000000     
   2205.66000000000     
   2169.09835131479     
   2184.31061033667     
   2004.34000000000     
   2137.31355060293     
   2157.78947192794     
   2205.66000000000     
   2427.11000000000     
   2621.50678041729     
   2712.08691274477     
   2670.70000000000     
   2824.26895068291     
   2922.09770586638     
   2938.64000000000     
   3088.85480025676     
   3914.19000000000     
   3914.19000000000     
   4251.96160903959     
   4416.86311113647     
   4399.14388307564     
   4162.45049030570     
   4182.04823887182     
   4306.47000000000     
   4714.99475798441     
   4737.97000000000     
   4902.71672428856     
   4909.45611898341     
   5001.19054155799     
   5099.83558810675     
   5184.02315555969     
   5212.62000000000     
   5049.31116310320     
   4737.97000000000     
   4306.47000000000     
   4286.60943664548     
   4254.36133055374     
   4306.47000000000     
   4263.79361053922     
   4233.71735373853     
   1654.93000000000     
   1654.93000000000     
   1241.12000000000     
   1819.13827119326     
   2205.66000000000     
   2912.50496215970     
   2427.11000000000     
   2147.49276617467     
   1644.18146796761     
   1640.66464876498     
   1503.66000000000     
   2326.96573160863     
   2004.34000000000     
   2205.66000000000     
   2004.34000000000     
   2204.71547653641     
   2004.34000000000     
   1928.98278536150     
   1821.32000000000     
   1979.18711185800     
   1503.66000000000     
   1241.12000000000     
   1366.14000000000     
   1317.23315842121     
   1464.86341538462     
   1357.41508834983     
   1328.78217938037     
   1127.46000000000     
   1241.12000000000     
   1225.20860789395     
   1099.57913686405     
   1088.58659405701     
   1085.53878949716     
   1097.01349886779     
   1239.33058433465     
   1599.86649683655     
   1654.93000000000     
   1654.93000000000     
   1821.32000000000     
   2167.35588443967     
   2205.66000000000     
   2489.29858605268     
   2546.29318338719     
   2563.88325886816     
   2568.25613374610     
   2562.24084137100     
   2565.61247589972     
   2555.57898539599     
   2602.56785929098     
   2563.31737261585     
   2575.69211061312     
   2578.53217661219     
   2608.74617410913     
   2597.05736053356     
   2621.72897277627     
   2630.10413040797     
   2642.11532923905     
   2643.79496485556     
   2670.70000000000     
   2752.78853872685     
   2562.66070585093     
   2205.66000000000     
   2573.86278136622     
   2938.64000000000     
   2670.70000000000     
   2427.11000000000     
   2670.70000000000     
   3010.99201522420     
   3000.77600403756     
   2670.70000000000     
   2938.64000000000     
   3145.82991316553     
   3163.51123601111     
   3210.95160672399     
   3224.32668649664     
   3175.93125664515     
   3180.18129025777     
   3233.37000000000     
   3318.59557519133     
   3395.18979699578     
   3328.02042361612     
   3333.19948239486     
   3360.74985167566     
   3362.32997477545     
   3233.37000000000     
   3196.21577495008     
   3387.09407051326     
   3403.00753833682     
   3482.65092641620     
   3486.07436728965     
   3491.00498609648     
   3482.65450712443     
   3482.03525649016     
   3477.90928341047     
   3477.72416487731     
   3477.81555312566     
   3475.96645768093     
   3449.43380892768     
   3405.22610347901     
   3230.96720246629     
   3171.23164390588     
   2938.64000000000     
   2898.41984285643     
   3081.78487301422     
   3070.25065289626     
   3049.90376901342     
   3059.28174368155     
   3096.84081402202     
   3125.27790520958     
   3233.37000000000     
   3309.00516981241     
   3334.62949697911     
   3370.45532241093     
   3380.95750833559     
   3385.12657197808     
   3383.84091437479     
   3233.37000000000     
   3086.69922483816     
   3233.37000000000     
   3233.37000000000     
   3466.79244780547     
   3233.37000000000     
   3521.16831884464     
   3516.90763863182     
   3557.57000000000     
   3653.22340006004     
   3669.62936960119     
   3674.58211549385     
   3674.81111174683     
   3672.21949794319     
   3233.37000000000     
   3150.87112933053     
   2670.70000000000     
   2200.87888626428     
   2427.11000000000     
   2670.70000000000     
   2670.70000000000     
   2670.70000000000     
   2612.54819237479     
   2427.11000000000     
   2566.21238281319     
   2670.70000000000     
   2834.80928529870     
   2627.99494974249     
   2563.88615355853     
   2572.37908067602     
   2427.11000000000     
   2427.11000000000     
   2427.11000000000     
   2380.18195036987     
   2388.24927337853     
   2375.29685105138     
   2427.11000000000     
   2427.11000000000     
   2670.70000000000     
   2938.64000000000     
   3058.30419355569     
   3119.41640772811     
   3233.26611023895     
   3233.37000000000     
   3233.37000000000     
   3413.84959888052     
   3419.62852158347     
   3476.17231152185     
   3470.70038077650     
   3491.97657407338     
   3493.00876626669     
   3424.50048799594     
   3135.62870507280     
   2321.19336726901     
   1488.68481435322     
   1821.32000000000     
   2427.11000000000     
   2518.90964160193     
   2424.71664798356     
   2376.46378731668     
   2322.07571953316     
   2205.66000000000     
   2004.34000000000     
   2004.34000000000     
   1994.36431050168     
   1741.01631329095     
   1485.67699752338     
   1654.93000000000     
   1503.66000000000     
   1127.46000000000     
   1435.70547673631     
   2190.99036535465     
   2427.11000000000     
   2606.37853570170     
   2670.70000000000     
   2670.70000000000     
   2670.70000000000     
   2915.62697713730     
   3233.37000000000     
   3914.19000000000     
   4306.47000000000     
   4502.15479269774     
   4430.13199932761     
   4306.47000000000     
   4467.03587165911     
   4550.52347894373     
   4716.73919600356     
   4972.78596434043     
   5051.58391270486     
   4667.88298162036     
   4524.76337617762     
   4697.91428226367     
   5155.70636739101     
   5324.76132708885     
   5357.30681020992     
   5334.43471654512     
   5212.62000000000     
   4737.97000000000     
   4565.16405625233     
   4306.47000000000     
   4306.47000000000     
   4306.47000000000     
   4255.71727102978     
   1821.32000000000     
   1821.32000000000     
   1592.79912618976     
   2004.34000000000     
   2189.39039013415     
   2836.74397747629     
   2670.70000000000     
   2670.70000000000     
   2420.64141682392     
   2205.66000000000     
   2646.89174466846     
   2854.55824865410     
   2660.79987264900     
   2329.52715997399     
   2205.66000000000     
   2205.66000000000     
   2205.66000000000     
   2004.34000000000     
   1821.32000000000     
   2205.66000000000     
   2167.08634375580     
   2087.59140190053     
   1811.00013144218     
   1769.11540684415     
   1654.93000000000     
   1452.51611780102     
   1119.05491394069     
   995.012526928293     
   930.190000000000     
   1127.46000000000     
   1010.09431960780     
   1024.13000000000     
   1085.53878949716     
   1082.98976693891     
   1024.13000000000     
   1127.46000000000     
   1620.16926871241     
   1654.93000000000     
   1777.50696270584     
   1980.60794696227     
   2205.66000000000     
   2545.72742632234     
   2504.49310103640     
   2534.43672024116     
   2554.47528807142     
   2553.34076683589     
   2555.00587101674     
   2530.66914874694     
   2586.39798145509     
   2548.38255383742     
   2427.11000000000     
   2539.31227388244     
   2529.51947285669     
   2566.36828601706     
   2589.81649184446     
   2631.47155092267     
   2629.29249971135     
   2618.49083917957     
   2649.75195867805     
   2603.20288478455     
   2655.59723259824     
   2670.70000000000     
   2785.56349495353     
   2897.55500720221     
   2839.14330763548     
   2670.70000000000     
   2427.11000000000     
   2670.70000000000     
   2938.64000000000     
   2933.93723477875     
   3103.07540645500     
   3216.11191614266     
   3233.37000000000     
   3233.37000000000     
   3233.09748636205     
   3270.48624691478     
   3283.18020532585     
   3299.36644205003     
   3315.05769580922     
   3233.37000000000     
   3373.99261214453     
   3337.53854613399     
   3306.84233754230     
   3335.21905109881     
   3233.37000000000     
   3350.72695272829     
   3387.30846919666     
   3401.65240209286     
   3453.00663622526     
   3476.80650253879     
   3473.28758145098     
   3460.37893349356     
   3424.64936528761     
   3449.88025919653     
   3476.67315901445     
   3476.35006841014     
   3471.85489004247     
   3458.60783462143     
   3435.94956925236     
   3233.37000000000     
   3184.58412043202     
   3126.84479120063     
   3077.04065462207     
   3074.07649132943     
   3049.15477057827     
   3035.20785868424     
   3052.55962029796     
   3068.53047141853     
   3113.40734058430     
   3155.61864432297     
   3233.37000000000     
   3233.37000000000     
   2938.64000000000     
   2938.64000000000     
   2929.23272144934     
   2925.66646320798     
   2938.64000000000     
   3052.97732484227     
   2938.64000000000     
   2938.64000000000     
   2938.64000000000     
   3137.15095776660     
   3438.39674144910     
   3514.30248294001     
   3233.37000000000     
   3500.04424452141     
   3557.57000000000     
   3448.46200187188     
   3233.37000000000     
   2938.64000000000     
   2427.11000000000     
   2321.87774176521     
   1654.93000000000     
   1821.32000000000     
   2004.34000000000     
   2205.66000000000     
   2138.05706451643     
   2205.66000000000     
   2150.49347873042     
   2151.97502415031     
   2427.11000000000     
   2628.25990456670     
   2670.70000000000     
   2427.11000000000     
   2501.85697963846     
   2516.62503076660     
   2427.11000000000     
   2465.19049747137     
   2483.90660873087     
   2337.25283314257     
   2367.51652581518     
   2427.11000000000     
   2642.52211591167     
   2670.70000000000     
   2848.38081984442     
   2938.64000000000     
   3040.69692998719     
   3069.95322487262     
   3165.82283609400     
   3233.37000000000     
   3233.37000000000     
   3233.37000000000     
   3233.37000000000     
   3233.37000000000     
   3407.61428906324     
   3367.22458210453     
   3485.86957850823     
   3378.46725873952     
   2938.64000000000     
   2427.11000000000     
   2670.70000000000     
   2670.70000000000     
   2656.12549823068     
   2608.17189844461     
   2561.88043474923     
   2360.94555291238     
   2205.66000000000     
   2004.34000000000     
   1742.23762737062     
   1590.57133833681     
   1503.66000000000     
   1239.47122535428     
   520.980000000000     
   755.087271224490     
   674.508830879161     
   143.830000000000     
   767.150000000000     
   1998.08702370020     
   2346.23683057272     
   2427.11000000000     
   2427.11000000000     
   2427.11000000000     
   2427.11000000000     
   2921.97679168519     
   2938.64000000000     
   3914.19000000000     
   4514.49047233002     
   4499.11003676186     
   4194.89483646018     
   4186.71188380566     
   4482.32705349480     
   4600.57381686714     
   4857.09759685694     
   4902.91492235152     
   4681.26631497957     
   3914.19000000000     
   3091.10999193374     
   3557.57000000000     
   3914.19000000000     
   4306.47000000000     
   4669.35005044559     
   4659.75990538603     
   5029.46110967971     
   5167.14747814679     
   5058.28715228585     
   4737.97000000000     
   4737.97000000000     
   4306.47000000000     
   4204.81283817823     
   2004.34000000000     
   2004.34000000000     
   1654.93000000000     
   2073.60369789158     
   2138.91588137704     
   2670.70000000000     
   3078.25814920461     
   3039.30669090685     
   2670.70000000000     
   2871.70666323655     
   2924.62926447113     
   2816.86348273216     
   2789.54458553881     
   2409.01751438178     
   1967.42517295916     
   1654.93000000000     
   1821.32000000000     
   2187.98934043677     
   2114.65836799830     
   1958.16003090722     
   1921.10363945318     
   2004.34000000000     
   2205.66000000000     
   1998.07511485246     
   2004.34000000000     
   1943.33956874278     
   1821.32000000000     
   1654.93000000000     
   1024.13000000000     
   1241.12000000000     
   753.537964200855     
   814.186210528449     
   996.944947978315     
   1110.55618357125     
   1110.55618357125     
   1024.13000000000     
   1366.14000000000     
   1654.93000000000     
   1727.59353193180     
   1654.93000000000     
   1985.46510674816     
   2205.66000000000     
   2205.66000000000     
   2321.05009671650     
   2427.11000000000     
   2490.87287148524     
   2516.27022132463     
   2540.72208951177     
   2547.14546241654     
   2535.66911769202     
   2427.11000000000     
   2427.11000000000     
   2427.11000000000     
   2530.38875792913     
   2619.25740383165     
   2598.86529523435     
   2608.36439689003     
   2581.19499871671     
   2593.03579034662     
   2615.23842325291     
   2660.22025839488     
   2670.70000000000     
   2670.70000000000     
   2813.39918270649     
   2769.17579056497     
   2670.70000000000     
   2569.68575981755     
   2670.70000000000     
   2938.64000000000     
   3186.62836471502     
   3209.23294106727     
   3203.97708397581     
   3192.65353463617     
   3233.37000000000     
   3233.37000000000     
   3287.89327673605     
   3233.37000000000     
   3278.04388973955     
   3293.21631797950     
   3291.76329588732     
   3233.37000000000     
   3338.43941509918     
   3233.37000000000     
   3233.37000000000     
   3320.52117056825     
   3355.96454538115     
   3388.72265858144     
   3440.49826144494     
   3424.41412488712     
   3484.85234088868     
   3435.33830684757     
   3407.48330726582     
   3233.37000000000     
   3233.37000000000     
   3468.69249101644     
   3472.14637015546     
   3466.54939867932     
   3385.11525216322     
   3364.43541551334     
   3233.37000000000     
   2938.64000000000     
   2938.64000000000     
   3035.95601592651     
   2907.40036612079     
   3029.79631456313     
   3014.97471243885     
   2938.64000000000     
   2901.35248474839     
   2838.04271198747     
   2845.03545409600     
   2886.72934570548     
   2938.64000000000     
   2938.64000000000     
   2935.45272488439     
   2910.92314559263     
   2885.75651798550     
   3096.64340182029     
   3142.45089805917     
   3233.37000000000     
   3388.19156147024     
   3470.33318690275     
   3484.98890521868     
   3502.64012649912     
   3415.05242746972     
   3411.66595943373     
   3440.37823610321     
   3145.96241318082     
   2848.91344759843     
   2670.70000000000     
   2566.12220127717     
   2205.66000000000     
   1752.79779892053     
   1766.19612174848     
   1990.18088507911     
   2090.92085326678     
   2004.34000000000     
   2004.34000000000     
   2004.34000000000     
   2004.34000000000     
   2123.52506156020     
   2348.11461691604     
   2586.06179586417     
   2573.42456788172     
   2516.60197725286     
   2397.28209725358     
   2411.17541127682     
   2423.99328547666     
   2471.34046111136     
   2493.14091828648     
   2373.83581501961     
   2414.29059476404     
   2417.95118836440     
   2632.26410443531     
   2650.16796761305     
   2841.49263906079     
   2861.90632327357     
   2938.64000000000     
   3012.64316142737     
   3063.93664651677     
   3131.56162557028     
   3124.54368952914     
   2938.64000000000     
   2938.64000000000     
   3101.32504776862     
   2938.64000000000     
   3191.12632271293     
   3233.37000000000     
   3320.10279063921     
   3215.18553114290     
   2938.64000000000     
   2938.64000000000     
   2869.42196540216     
   2809.82325641411     
   2670.70000000000     
   2636.11453713085     
   2413.43233758807     
   2142.73658528974     
   1751.26858245662     
   1241.12000000000     
   1024.13000000000     
   1091.97760910350     
   839.926705925097     
  -2.05000000000000     
 -9.900000000000000E+015
 -9.900000000000000E+015
 -9.900000000000000E+015
   568.809958923848     
   1973.32368764128     
   2205.66000000000     
   2318.81585634453     
   2350.42341109157     
   2322.46979216468     
   2341.34875082443     
   2670.70000000000     
   2938.64000000000     
   3914.19000000000     
   4207.06255572333     
   3914.19000000000     
   3557.57000000000     
   3914.19000000000     
   4306.47000000000     
   4306.47000000000     
   4737.97000000000     
   4737.97000000000     
   3914.19000000000     
   3400.71893528889     
   3468.40718761947     
   3557.57000000000     
   3107.04979237306     
   2839.83376237667     
   3512.69947213908     
   3557.57000000000     
   3798.09252423212     
   4150.75152841817     
   4306.47000000000     
   4302.24344092934     
   4235.62019483884     
   3914.19000000000     
   3914.19000000000     
   2205.66000000000     
   2205.66000000000     
   2205.66000000000     
   2119.08342616787     
   2427.11000000000     
   2645.10742348062     
   2670.70000000000     
   2670.70000000000     
   2427.11000000000     
   2205.66000000000     
   2427.11000000000     
   2845.45184618282     
   2845.45184618282     
   2427.11000000000     
   1739.87773943830     
   1461.52749848917     
   1366.14000000000     
   1821.32000000000     
   1955.65925022291     
   2204.42425533758     
   1821.32000000000     
   2004.34000000000     
   2205.66000000000     
   1918.09359717604     
   2004.34000000000     
   2170.23127414224     
   1949.66725192498     
   2004.34000000000     
   2166.28816712376     
   2182.84580480741     
   1615.75501324226     
   910.378965851435     
   621.898592748594     
   1024.13000000000     
   1366.14000000000     
   1241.12000000000     
   844.790000000000     
   1127.46000000000     
   1612.44122447959     
   1654.93000000000     
   1478.27529354428     
   1503.66000000000     
   1821.32000000000     
   1988.77354316401     
   2205.66000000000     
   2425.37255172547     
   2427.11000000000     
   2427.11000000000     
   2487.68272114910     
   2489.07708414865     
   2427.11000000000     
   2427.11000000000     
   2425.35516971869     
   2427.11000000000     
   2547.72462215596     
   2567.61072355009     
   2560.91134650969     
   2581.59792464742     
   2590.22411615055     
   2640.43089920170     
   2668.42042071711     
   2670.70000000000     
   2795.44234475689     
   2752.37924799719     
   2759.49856021042     
   2670.70000000000     
   2670.70000000000     
   2670.70000000000     
   2938.64000000000     
   3162.44468755102     
   3169.75832024847     
   3184.23114882811     
   3179.38701481268     
   3233.37000000000     
   3283.36851162975     
   3333.22413635807     
   3355.15630032679     
   3310.22800702247     
   3284.58317328041     
   3297.30337093652     
   3289.97675537926     
   3199.95844471081     
   2938.64000000000     
   2938.64000000000     
   3320.68725932159     
   3372.45186907406     
   3400.64784338940     
   3419.99692089651     
   3408.98983227558     
   3423.94102780702     
   3233.37000000000     
   2938.64000000000     
   2875.65975277752     
   2427.11000000000     
   2670.70000000000     
   2908.14338151359     
   2809.80058699094     
   2659.68607978599     
   2641.94966626979     
   2663.01195325288     
   2670.70000000000     
   2670.70000000000     
   2670.70000000000     
   2862.53814269645     
   2912.26120834744     
   2938.64000000000     
   2909.74928734950     
   2860.18191861113     
   2856.44909964399     
   2800.36979757592     
   2873.14847154294     
   2887.41118247307     
   2912.16339354158     
   2896.84108767093     
   2878.21650629002     
   2938.64000000000     
   3192.39886906624     
   3233.37000000000     
   3469.56776536330     
   3494.31390909502     
   3491.05261597319     
   3499.74480506120     
   3392.99294841833     
   2893.40660908777     
   3114.87094339383     
   3169.50507559647     
   2835.72099562744     
   2841.47385176690     
   2670.70000000000     
   2427.11000000000     
   1821.32000000000     
   1654.93000000000     
   1821.32000000000     
   2004.34000000000     
   2105.48693434837     
   2088.38753354267     
   2004.34000000000     
   1940.67619466241     
   2004.34000000000     
   2178.18449907313     
   2205.66000000000     
   2527.23119449599     
   2555.37620789106     
   2512.19155228875     
   2356.25707367950     
   2205.66000000000     
   2418.54453390174     
   2476.61550296749     
   2516.47918036998     
   2427.11000000000     
   2401.55128037305     
   2404.64030915613     
   2625.78786575942     
   2660.09573930478     
   2620.98721521437     
   2670.70000000000     
   2891.07939083519     
   2938.64000000000     
   2926.41741568151     
   2938.64000000000     
   2885.48527128587     
   2670.70000000000     
   2670.70000000000     
   2670.70000000000     
   2670.70000000000     
   2905.89528502932     
   3193.64570071543     
   3198.56474663454     
   3212.57229933096     
   3091.09818266176     
   2938.64000000000     
   2670.70000000000     
   2670.70000000000     
   2670.70000000000     
   2670.70000000000     
   2427.11000000000     
   2201.91613546263     
   1614.44436916404     
   930.190000000000     
   760.682929374272     
   930.190000000000     
   606.328509498233     
 -9.900000000000000E+015
 -9.900000000000000E+015
 -9.900000000000000E+015
   61.5800000000000     
   930.190000000000     
   1654.93000000000     
   2001.76974343712     
   2183.04261039379     
   2205.66000000000     
   2205.66000000000     
   2205.66000000000     
   2427.11000000000     
   2938.64000000000     
   3557.57000000000     
   3557.57000000000     
   3557.57000000000     
   3233.37000000000     
   3557.57000000000     
   3914.19000000000     
   4130.90634555583     
   4584.88467410856     
   3914.19000000000     
   3409.76550539907     
   3557.57000000000     
   3557.57000000000     
   3445.93869505617     
   2938.64000000000     
   3481.87387536585     
   3557.57000000000     
   3914.19000000000     
   4141.07193741670     
   4272.82000705724     
   3914.19000000000     
   3443.31836143774     
   3457.63095570071     
   3557.57000000000     
   3803.13782450307     
   2205.66000000000     
   2205.66000000000     
   2325.31350397653     
   2365.48037869004     
   2394.81173382620     
   2564.40484570744     
   2205.66000000000     
   1821.32000000000     
   1759.26665731588     
   1654.93000000000     
   1821.32000000000     
   2427.11000000000     
   2807.13865803685     
   2670.70000000000     
   2205.66000000000     
   2004.34000000000     
   2670.70000000000     
   2368.83906920724     
   2427.11000000000     
   2119.56049745941     
   2205.66000000000     
   2415.27919962979     
   2648.04316881928     
   2427.11000000000     
   2553.20589416860     
   2427.11000000000     
   2544.10723398702     
   2508.13534663966     
   2370.77560698262     
   2351.29994697992     
   2303.71083522819     
   2205.66000000000     
   1930.97130145095     
   1495.77218301515     
   1503.66000000000     
   1653.52323644112     
   1361.09798420150     
   1024.13000000000     
   929.092767303111     
   1105.27550722860     
   1478.27529354428     
   1366.14000000000     
   1127.46000000000     
   1366.14000000000     
   1813.51101502317     
   2205.66000000000     
   2205.66000000000     
   2138.64897183515     
   2339.43672557556     
   2425.46274111391     
   2423.79641807288     
   2396.76487753482     
   2410.89534678806     
   2427.11000000000     
   2508.08445137137     
   2545.54142495857     
   2532.12500026068     
   2566.67129830937     
   2560.06657481367     
   2627.08857288492     
   2663.76605369835     
   2733.34516231770     
   2748.71342657697     
   2728.64361777541     
   2761.63759206034     
   2724.54083078289     
   2739.14567583903     
   2771.96600584609     
   2858.44162850193     
   3077.11941483503     
   3091.72706898377     
   3156.53298627989     
   3172.56059362569     
   3211.77552407091     
   3233.37000000000     
   3302.18443392446     
   3313.98771567858     
   3299.11439095348     
   3233.37000000000     
   3212.25730802795     
   3233.37000000000     
   3206.73237729486     
   3099.09372187369     
   2938.64000000000     
   3233.37000000000     
   3361.23336176259     
   3352.99048043949     
   3233.37000000000     
   3392.49609867932     
   3123.36745983145     
   2915.18501774668     
   2670.70000000000     
   2620.98226416977     
   2584.53433294186     
   1953.99576575152     
   2419.66847666286     
   2427.11000000000     
   2427.11000000000     
   2427.11000000000     
   2602.67474765058     
   2635.87837821142     
   2670.70000000000     
   2670.70000000000     
   2833.43265688199     
   2876.66120784997     
   2921.21327806709     
   2889.42750686204     
   2873.40115789402     
   2829.57582324028     
   2810.44794264804     
   2786.55217415445     
   2670.70000000000     
   2670.70000000000     
   2574.47391823834     
   2645.31713615254     
   2857.81301561672     
   3092.43510087777     
   3404.40104867335     
   3491.35152351698     
   3485.44154980626     
   3495.08315512483     
   3485.53953210784     
   2891.87945537982     
   2840.90521478823     
   2670.70000000000     
   2670.70000000000     
   2787.74454545874     
   2812.36611294485     
   2427.11000000000     
   1968.18681475796     
   1503.66000000000     
   1760.52083938970     
   1918.83589071015     
   2004.34000000000     
   2092.27720968827     
   2103.37181239611     
   1821.32000000000     
   2004.34000000000     
   2142.29043620746     
   2205.66000000000     
   2427.11000000000     
   2516.92538390095     
   2530.90099506519     
   2486.82823565419     
   2334.82076835483     
   2205.66000000000     
   2423.09960445625     
   2427.11000000000     
   2523.89934645330     
   2410.18190618277     
   2393.29810764355     
   2427.11000000000     
   2695.30375490293     
   2714.80939693478     
   2573.21260288123     
   2670.70000000000     
   2798.12969710606     
   2825.79945443238     
   2670.70000000000     
   2604.27502972253     
   2427.11000000000     
   2366.50277868857     
   2193.59915118934     
   1992.53541957363     
   1951.06134646284     
   2670.70000000000     
   3132.66891303315     
   2915.45459909702     
   2860.65352894831     
   2827.55641156745     
   2670.70000000000     
   2670.70000000000     
   2360.79488942633     
   2427.11000000000     
   2554.36565480703     
   2427.11000000000     
   2168.32739838311     
   1503.66000000000     
   1127.46000000000     
   1365.79097638328     
   630.262246602098     
   289.850000000000     
   38.7200000000000     
   38.1214325395076     
   22.0496993239360     
   421.799569136514     
   1196.66966712367     
   1584.87170975672     
   1915.53526322999     
   2004.34000000000     
   2004.34000000000     
   2004.34000000000     
   1947.70232120272     
   2205.66000000000     
   2427.11000000000     
   3233.37000000000     
   3233.37000000000     
   3233.37000000000     
   2938.64000000000     
   3233.37000000000     
   3865.71604831378     
   4291.09046383751     
   4242.01942097506     
   4251.28687603283     
   3914.19000000000     
   3829.08811696605     
   3557.57000000000     
   3444.91445822893     
   3557.57000000000     
   3557.57000000000     
   3914.19000000000     
   3914.19000000000     
   3914.19000000000     
   3140.54514927702     
   3133.10194127357     
   3233.37000000000     
   3370.72352169381     
   3233.37000000000     
   3233.37000000000     
   2128.66842226696     
   2186.75530808293     
   2175.06532761225     
   2294.36341583972     
   2205.66000000000     
   2205.66000000000     
   1963.16158897846     
   2002.91503901023     
   1973.27221303536     
   1585.63993246459     
   1654.93000000000     
   1821.32000000000     
   2861.74247139580     
   2928.69524851178     
   2906.45291843105     
   2670.70000000000     
   2670.70000000000     
   2805.22156704929     
   2809.23786722341     
   2427.11000000000     
   2847.35974136337     
   2890.17166170941     
   2890.17166170941     
   2844.14728777746     
   2808.25420763482     
   2663.15025428831     
   2596.20887218661     
   2427.11000000000     
   2408.98588663393     
   2394.03044912865     
   2329.32686961868     
   2205.66000000000     
   2171.74791657149     
   2150.62740652392     
   2160.89704027751     
   2134.59926980877     
   2071.38596352254     
   1938.73491256983     
   987.603996632325     
   1024.13000000000     
   1127.46000000000     
   1241.12000000000     
   905.779674561554     
   926.003252082126     
   1222.54204756054     
   1503.66000000000     
   1465.97499214641     
   1366.14000000000     
   2198.70652642472     
   2355.80761505662     
   2416.09960532919     
   2345.65234861539     
   2370.43748907000     
   2427.11000000000     
   2509.32183459857     
   2502.23066233596     
   2512.83075562944     
   2530.29004056998     
   2562.03573977997     
   2638.72797633064     
   2649.75703197172     
   2670.70000000000     
   2670.70000000000     
   2725.26243079618     
   2740.77516392401     
   2731.09869993511     
   2742.41756156677     
   2752.80399905967     
   2670.70000000000     
   2670.70000000000     
   2875.02117545949     
   3075.18094999663     
   3088.98888016239     
   3198.45004641809     
   3232.15082787984     
   3233.37000000000     
   3233.37000000000     
   3233.37000000000     
   3233.37000000000     
   3139.80878445138     
   2938.64000000000     
   2938.64000000000     
   2868.98715063806     
   2920.50702210721     
   2919.09367184350     
   2670.70000000000     
   2938.64000000000     
   2935.84705201368     
   2847.58404549254     
   2205.66000000000     
   2427.11000000000     
   2372.57171391470     
   2349.58637751160     
   2339.05094579944     
   2360.06231397554     
   2346.07389922046     
   2340.70791582028     
   2394.04614312012     
   2427.11000000000     
   2543.22356835243     
   2615.26861258733     
   2668.28751998447     
   2759.71341387960     
   2806.18342504173     
   2846.42475700922     
   2909.86773240368     
   2872.44011232865     
   2860.73713031619     
   2852.80051583852     
   2847.09249992800     
   2800.72885606681     
   2770.11316214905     
   2670.70000000000     
   2427.11000000000     
   2607.20721116398     
   2609.67684341194     
   2937.23925351040     
   3165.96723386167     
   3471.55576913751     
   3482.20301922801     
   3502.98912909402     
   3233.37000000000     
   2921.20682810662     
   2911.45088296654     
   2631.91658505702     
   2628.48928823161     
   2670.70000000000     
   2427.11000000000     
   1972.19893283663     
   1595.76929495919     
   1621.14593595497     
   1821.32000000000     
   1928.14922961545     
   2004.34000000000     
   2091.05369160593     
   2004.34000000000     
   2004.34000000000     
   2202.86273473306     
   2205.66000000000     
   2321.04182622784     
   2406.54871544423     
   2501.57240688643     
   2546.28515567630     
   2540.64307284772     
   2484.88606242568     
   2542.59060208285     
   2342.87697197581     
   2532.46794145089     
   2585.42203028226     
   2557.03673186865     
   2583.39812503815     
   2704.38651889936     
   2705.62083942791     
   2715.86350468751     
   2709.55108751266     
   2670.04812468487     
   2670.70000000000     
   2670.70000000000     
   2427.11000000000     
   2331.51851781534     
   2004.34000000000     
   1819.23556504330     
   1503.66000000000     
   1127.46000000000     
   2004.34000000000     
   2670.70000000000     
   2902.64605598282     
   2670.70000000000     
   2670.70000000000     
   2612.63245562214     
   2427.11000000000     
   2205.04196028885     
   1811.67942538692     
   2359.01565578421     
   2427.11000000000     
   2427.11000000000     
   2139.99009556779     
   1654.93000000000     
   2004.34000000000     
   2004.34000000000     
   1366.14000000000     
   457.997429019210     
   347.573859850132     
   93.2509533035775     
   76.7000000000000     
   459.234909669510     
   1241.12000000000     
   1654.93000000000     
   1821.32000000000     
   1941.32942109858     
   1821.32000000000     
   1821.32000000000     
   1792.55292433423     
   2004.34000000000     
   2347.78650698691     
   2670.70000000000     
   2861.89166514648     
   2887.63450799436     
   2849.53833722753     
   3233.37000000000     
   3799.10295549936     
   4149.14397767825     
   4171.10251169567     
   4179.15618869499     
   3889.96305258624     
   3803.96204636882     
   3557.57000000000     
   3557.57000000000     
   3692.60555526573     
   3807.01499549446     
   3897.72782598663     
   3769.98713529443     
   2888.81098238587     
   2670.70000000000     
   3211.89783250324     
   3101.04139103414     
   3352.97400079802     
   3308.13373959698     
   3382.51840735607     
   2004.34000000000     
   1821.32000000000     
   1503.66000000000     
   2157.98577495399     
   1774.21349726533     
   1956.78949273349     
   1503.66000000000     
   1654.93000000000     
   1493.35279401647     
   1914.84430325198     
   1949.13454301099     
   2179.24052033836     
   2823.79188503621     
   2928.69524851178     
   2670.70000000000     
   2670.70000000000     
   3001.36401650305     
   3005.84189560414     
   2670.70000000000     
   2427.11000000000     
   2421.66916141618     
   2328.99608852724     
   2427.11000000000     
   2670.70000000000     
   2825.31298852526     
   2862.97789233431     
   2559.75351427852     
   2427.11000000000     
   2427.11000000000     
   2371.28571493493     
   2297.66643688334     
   2205.66000000000     
   2153.49989974674     
   2084.69044063068     
   2141.83324422208     
   2114.28557118811     
   2076.38868335375     
   1977.89916270102     
   1935.39278441477     
   1459.33040364944     
   889.103662761392     
   1127.46000000000     
   930.190000000000     
   688.801298854280     
   574.030000000000     
   696.560000000000     
   832.523538774480     
   930.190000000000     
   1771.67140317580     
   2286.02107000955     
   2205.66000000000     
   2308.50717855265     
   2356.23898836251     
   2403.78752099633     
   2427.11000000000     
   2497.68323728676     
   2520.71879110914     
   2527.34855477121     
   2551.85921194518     
   2552.02299160546     
   2629.69448920990     
   2663.64920565554     
   2648.01327123392     
   2726.30847162110     
   2670.70000000000     
   2720.33715902295     
   2747.80204321901     
   2728.25982146576     
   2713.56507313832     
   2607.31916463724     
   2670.70000000000     
   2629.54454529505     
   2670.70000000000     
   2887.10063416229     
   2851.12689842978     
   2670.70000000000     
   2938.64000000000     
   3228.43964132729     
   3223.96426441708     
   3135.59491270461     
   2845.87559971401     
   2670.70000000000     
   2554.95668847625     
   2427.11000000000     
   2427.11000000000     
   2381.06371408105     
   2427.11000000000     
   2427.11000000000     
   2327.32173498019     
   2330.82089361227     
   2205.66000000000     
   2290.30265014652     
   2205.66000000000     
   2276.61175672057     
   2310.36909482159     
   2305.46507342118     
   2314.08453503986     
   2379.33715755399     
   2427.11000000000     
   2554.16231542876     
   2646.75721497727     
   2670.70000000000     
   2745.05020461106     
   2782.50537341610     
   2806.10500243552     
   2854.07629640035     
   2843.23839911533     
   2837.03270157131     
   2842.79258403045     
   2834.49818091054     
   2762.47323991468     
   2770.35973222396     
   2670.70000000000     
   2670.70000000000     
   2632.88005504758     
   2555.02183172239     
   1922.70390166520     
   2670.70000000000     
   3442.59091306154     
   3493.25084496907     
   3452.28900328431     
   3233.37000000000     
   2938.64000000000     
   2849.08357863947     
   2427.11000000000     
   2205.66000000000     
   2004.34000000000     
   1801.26697133320     
   1644.20878390578     
   1654.93000000000     
   1771.49487691836     
   1821.32000000000     
   2004.34000000000     
   2004.34000000000     
   2134.97850144977     
   2187.38809480116     
   2205.66000000000     
   2205.66000000000     
   2590.04797746446     
   2427.11000000000     
   2373.46948964273     
   2427.11000000000     
   2519.16848527825     
   2400.94698305573     
   2427.11000000000     
   2580.13551941241     
   2577.87410747585     
   2598.25938898006     
   2670.70000000000     
   2597.47758785661     
   2670.70000000000     
   2705.85985819864     
   2709.24121680743     
   2707.13252177743     
   2708.17604222564     
   2701.01696350272     
   2427.11000000000     
   2329.06943604179     
   2205.66000000000     
   2004.34000000000     
   1762.37748676991     
   1365.37464310138     
   923.173894356063     
   1647.93397685389     
   2427.11000000000     
   2670.70000000000     
   2670.70000000000     
   2651.62056664678     
   2427.11000000000     
   2205.66000000000     
   1952.44208360981     
   1441.30893379536     
   1241.12000000000     
   2152.24526219685     
   2205.66000000000     
   2373.30864546537     
   2365.40278921365     
   2205.66000000000     
   2205.66000000000     
   2173.01604399789     
   1646.21934375734     
   1127.46000000000     
   888.051874858274     
   352.780000000000     
   451.489521683839     
   1127.46000000000     
   1503.66000000000     
   1654.93000000000     
   1780.12989915432     
   1779.70869247543     
   1654.93000000000     
   1654.93000000000     
   1786.09713032485     
   1654.93000000000     
   1955.76985408892     
   2376.89966974053     
   2406.62870406769     
   2821.08920105345     
   2850.55390515955     
   3233.37000000000     
   3557.57000000000     
   4155.86074298445     
   3810.82020585458     
   3811.34152818703     
   3557.57000000000     
   3731.86621578835     
   3731.92293225787     
   3707.85519662609     
   3688.10157893202     
   3754.32956524618     
   3557.57000000000     
   3165.31761158493     
   2938.64000000000     
   2851.05964210662     
   2938.64000000000     
   2938.64000000000     
   3391.79127443195     
   3233.37000000000     
   3423.75378899678     
   1998.94989667537     
   1963.10385217743     
   1821.32000000000     
   1821.32000000000     
   1813.05472617612     
   1821.32000000000     
   1436.97250071549     
   1241.12000000000     
   1304.84036955054     
   1351.25553820510     
   2004.34000000000     
   2205.66000000000     
   2405.39926893193     
   2621.35296637959     
   2404.82435875595     
   2337.12329189767     
   2670.70000000000     
   2932.95076699302     
   2938.64000000000     
   2938.64000000000     
   2427.11000000000     
   2205.66000000000     
   1778.87713150415     
   2004.34000000000     
   2851.97646555225     
   2813.15971165135     
   2568.42953233700     
   2410.47384882741     
   2369.00465985094     
   2333.91167967406     
   2205.66000000000     
   2138.52375154904     
   2121.38284958663     
   2080.78659251616     
   2106.42358290648     
   2076.82289595900     
   2004.34000000000     
   1949.94392294243     
   1921.88840469104     
   1503.66000000000     
   1127.46000000000     
   987.274951137552     
   767.150000000000     
   668.169685624419     
   514.905936993993     
   497.323271823100     
   608.613966769895     
   996.048869731673     
   1651.45517168085     
   2115.04601644858     
   2195.87425687224     
   2205.66000000000     
   2363.44223917248     
   2427.11000000000     
   2494.02919687906     
   2484.29338639447     
   2506.14613879414     
   2513.34602607423     
   2427.11000000000     
   2427.11000000000     
   2427.11000000000     
   2595.38071966629     
   2427.11000000000     
   2618.56022697069     
   2628.93538051180     
   2696.28013869295     
   2719.56018518021     
   2670.70000000000     
   2638.95050542612     
   2602.76738129632     
   2427.11000000000     
   2406.77064749208     
   2427.11000000000     
   2653.97119579067     
   2427.11000000000     
   2647.70282987083     
   2670.70000000000     
   2938.64000000000     
   2938.64000000000     
   3126.67573740531     
   2893.92134002448     
   2427.11000000000     
   2200.70272692450     
   2205.66000000000     
   2205.66000000000     
   2205.66000000000     
   2205.66000000000     
   2205.66000000000     
   2311.95132664589     
   2271.05545001240     
   2324.45754370436     
   2205.66000000000     
   2239.24772209428     
   2252.36103775900     
   2281.79308115225     
   2299.66629077827     
   2310.12977508876     
   2360.89816668964     
   2427.11000000000     
   2584.97835543328     
   2626.04900182156     
   2670.70000000000     
   2741.86793086524     
   2769.38940368027     
   2834.50008748419     
   2813.33321647522     
   2820.43728264207     
   2816.52671784412     
   2834.31332132212     
   2817.49727312000     
   2759.49072337435     
   2765.04399298852     
   2780.35572713096     
   2761.61584470943     
   2626.77131447860     
   2366.89130821564     
   930.190000000000     
   2427.11000000000     
   3233.37000000000     
   3169.81060870122     
   2850.78871970720     
   2670.70000000000     
   2867.62917064794     
   2670.70000000000     
   2318.07997044057     
   2004.34000000000     
   1654.93000000000     
   1462.98061949113     
   1366.14000000000     
   1633.31497354097     
   1821.32000000000     
   2004.34000000000     
   2205.66000000000     
   2205.66000000000     
   2322.48759661060     
   2427.11000000000     
   2427.11000000000     
   2556.46428909164     
   2651.86057173632     
   2642.85471591644     
   2560.60151492257     
   2338.68180396343     
   2427.11000000000     
   2427.11000000000     
   2427.11000000000     
   2590.99177220943     
   2642.48391448267     
   2629.30218700499     
   2701.69883534247     
   2704.66080570769     
   2693.45929902840     
   2699.19397621273     
   2697.04664523011     
   2702.14946909433     
   2670.70000000000     
   2427.11000000000     
   2427.11000000000     
   2335.73123353405     
   2004.34000000000     
   1819.60038036012     
   1366.14000000000     
   1024.13000000000     
   1366.14000000000     
   2205.66000000000     
   2427.11000000000     
   2647.35741858598     
   2622.55758938035     
   2563.97850580620     
   2205.66000000000     
   2004.34000000000     
   1503.66000000000     
   1001.85221747667     
   1241.12000000000     
   2004.34000000000     
   2196.61537878318     
   2205.66000000000     
   2305.93799474298     
   2205.66000000000     
   2205.66000000000     
   2184.18728717095     
   2136.24557878676     
   1638.14691721828     
   1366.14000000000     
   930.190000000000     
   1127.46000000000     
   1485.42150702572     
   1654.93000000000     
   1787.11189599945     
   1774.85525408750     
   1654.93000000000     
   1503.66000000000     
   1481.51606853432     
   1480.63434853883     
   1366.14000000000     
   1654.93000000000     
   1821.32000000000     
   2004.34000000000     
   2670.70000000000     
   2670.70000000000     
   2938.64000000000     
   3431.44432413579     
   3914.19000000000     
   3557.57000000000     
   2938.64000000000     
   3399.69404656303     
   3692.67267274038     
   3715.33582774120     
   3706.51576109238     
   3557.57000000000     
   3790.45778549125     
   3557.57000000000     
   3198.69782710333     
   3097.37679770397     
   2923.76006642054     
   2938.64000000000     
   2938.64000000000     
   3428.92602892751     
   3210.85912551604     
   3539.70818126174     
   1094.37702690943     
   1366.14000000000     
   1646.03141438751     
   1874.20303477801     
   1880.05459916495     
   1821.32000000000     
   1785.21268620605     
   1654.93000000000     
   1627.33300573824     
   1645.98942500974     
   1977.97399011298     
   2178.77312453748     
   2116.31890124751     
   2195.74643422128     
   2355.49346722742     
   2205.66000000000     
   2139.24820757908     
   2670.70000000000     
   2427.11000000000     
   2591.85886917249     
   2670.70000000000     
   2402.79837807527     
   2121.51833218431     
   1944.30334467048     
   2648.55120015403     
   2557.23124375442     
   2610.94785015559     
   2205.66000000000     
   2004.34000000000     
   2192.48964581859     
   2004.34000000000     
   2109.19208650615     
   2004.34000000000     
   1949.95965024613     
   1946.90957489076     
   2004.34000000000     
   2001.70524478315     
   1821.32000000000     
   1654.93000000000     
   1654.93000000000     
   1336.39953700789     
   1101.10341431270     
   902.253912684971     
   676.912450944046     
   507.948071719171     
   428.900000000000     
   571.468077806238     
   1229.25609565262     
   1816.12127939203     
   2004.34000000000     
   2004.34000000000     
   2193.33173425922     
   2387.91737183009     
   2427.11000000000     
   2404.25627116038     
   2427.11000000000     
   2468.46006200712     
   2480.17585777091     
   2465.41447142092     
   2427.11000000000     
   2416.35247859780     
   2404.98412163455     
   2427.11000000000     
   2410.11731567445     
   2427.11000000000     
   2427.11000000000     
   2627.06266288158     
   2650.19199621223     
   2577.30519834291     
   2537.42992635698     
   2409.94986003064     
   2347.43163443286     
   2383.10844403016     
   2394.38237650768     
   2353.97041960776     
   2340.88986197379     
   2641.96431176440     
   2427.11000000000     
   2205.66000000000     
   2397.26823992764     
   2427.11000000000     
   2317.02662935875     
   2267.81855683006     
   2205.66000000000     
   2185.37214625406     
   2173.98994884248     
   2168.05144037256     
   2169.79218956605     
   2205.66000000000     
   2176.27516952818     
   2154.66254461809     
   2165.98763702695     
   2227.44888484299     
   2239.01818898302     
   2257.40528468343     
   2265.39042128981     
   2205.66000000000     
   2205.66000000000     
   2427.11000000000     
   2694.29635406184     
   2711.95821094107     
   2729.59105824774     
   2770.97762924572     
   2794.36555534064     
   2793.51734120716     
   2793.19135881470     
   2806.54796203294     
   2820.86185973904     
   2819.06126488355     
   2794.54454580800     
   2808.23406198792     
   2806.37275119907     
   2804.18819615732     
   2807.79147320431     
   2670.70000000000     
   2427.11000000000     
   1462.04266462694     
   2390.03689774226     
   2427.11000000000     
   2132.94631560897     
   1966.81703073963     
   2193.17103217946     
   2337.19476849238     
   2205.66000000000     
   2111.53218452572     
   2084.21652181954     
   1484.28774721616     
   1494.73402545810     
   1654.91413827954     
   1804.78761817163     
   2004.34000000000     
   2205.66000000000     
   2398.79088304297     
   2427.11000000000     
   2601.64577506601     
   2631.89317199814     
   2655.33933811452     
   2656.99511534245     
   2705.82953124886     
   2692.73018231366     
   2573.70294029375     
   2169.12845596097     
   2205.66000000000     
   2427.11000000000     
   2427.11000000000     
   2662.13207103749     
   2661.17989919284     
   2586.36914171527     
   2693.35816194201     
   2704.07038598700     
   2670.70000000000     
   2670.70000000000     
   2691.36368774225     
   2573.37615693151     
   2609.33490032104     
   2583.35211234324     
   2554.18195470853     
   2205.66000000000     
   2109.36529923387     
   1230.73699755858     
   1366.14000000000     
   1443.11241728752     
   2137.39118090550     
   2473.64054790762     
   2519.66739592442     
   2538.37423432727     
   2577.88501385650     
   2510.20873373281     
   1654.93000000000     
   1241.12000000000     
   1024.13000000000     
   410.476915019052     
   930.190000000000     
   2004.34000000000     
   2130.60727187551     
   2205.66000000000     
   2272.30566203085     
   2205.66000000000     
   2205.66000000000     
   2190.77988871630     
   2145.95209360663     
   2004.34000000000     
   1821.32000000000     
   1603.35096430914     
   1654.93000000000     
   1762.39340764623     
   1784.12649218975     
   1804.58886231200     
   1781.60021991611     
   1606.20484494953     
   1311.78280720267     
   1127.46000000000     
   1092.34931052031     
   1241.12000000000     
   1358.39897984724     
   1654.93000000000     
   1968.75369257746     
   2370.19186023829     
   2670.70000000000     
   2670.70000000000     
   3175.06670124057     
   3233.37000000000     
   3427.50785803450     
   2895.29172048222     
   3226.32214176234     
   3557.57000000000     
   3730.93634521562     
   3804.04187404997     
   3814.24779343082     
   3777.11085195693     
   3557.57000000000     
   2938.64000000000     
   3047.28829741219     
   2938.64000000000     
   3197.92905178011     
   3233.37000000000     
   3413.89102290291     
   3233.37000000000     
   3602.70073548282     
   825.020392669573     
   844.790000000000     
   918.598260968720     
   1366.14000000000     
   1821.32000000000     
   1801.34834087832     
   1745.00995655436     
   1782.37189600218     
   1654.93000000000     
   1821.32000000000     
   1997.08838422840     
   2104.19749406146     
   1915.44248938410     
   1967.35349851332     
   2004.34000000000     
   2205.66000000000     
   2205.66000000000     
   2615.17118815780     
   2422.79174471205     
   2205.66000000000     
   2134.45567743037     
   2144.04468518708     
   2004.34000000000     
   2004.34000000000     
   2427.11000000000     
   2205.66000000000     
   2427.11000000000     
   2166.64334389717     
   1821.32000000000     
   1930.41058087897     
   1821.32000000000     
   1821.32000000000     
   1821.32000000000     
   1769.89958569958     
   1654.93000000000     
   1792.31245193290     
   1806.25043109633     
   1654.93000000000     
   1623.78610749612     
   1597.07967163485     
   1209.56786802649     
   1085.62967595485     
   1004.85082619288     
   696.560000000000     
   558.452081695579     
   497.480606825819     
   574.030000000000     
   1127.46000000000     
   1743.19860797609     
   1963.08678046667     
   2004.34000000000     
   2205.66000000000     
   2331.00663930290     
   2327.23545724536     
   2316.81659681725     
   2396.79521447102     
   2426.11203775208     
   2459.43049782769     
   2412.94190194186     
   2390.32572573876     
   2374.83879047637     
   2332.44420555422     
   2381.54336117708     
   2377.08486267495     
   2361.65846379120     
   2395.33406927302     
   2427.11000000000     
   2427.11000000000     
   2410.67058078857     
   2406.64833729427     
   2341.95950025230     
   2319.34989642489     
   2351.98342269756     
   2347.30774600987     
   2205.66000000000     
   2004.34000000000     
   1821.32000000000     
   1946.47618545942     
   1775.75591704124     
   2397.26823992764     
   2205.66000000000     
   2205.66000000000     
   2246.59292410184     
   2205.66000000000     
   2177.29251680011     
   2159.47406423305     
   2133.63339726335     
   2163.19251194431     
   2205.66000000000     
   2121.93361977366     
   2004.34000000000     
   2004.34000000000     
   2106.75477448895     
   2187.05788363218     
   2205.66000000000     
   2205.66000000000     
   2399.44931640433     
   2534.76274490590     
   2624.96468778968     
   2658.27475966525     
   2670.70000000000     
   2670.70000000000     
   2729.83274927386     
   2740.89504176564     
   2773.25992682542     
   2783.58359920555     
   2804.01266742257     
   2816.17955434333     
   2825.61513411835     
   2824.98000000001     
   2856.80258187529     
   2848.26661695608     
   2834.95817671169     
   2670.70000000000     
   2638.35091165291     
   2635.24527801809     
   2623.21781084233     
   2427.11000000000     
   2205.66000000000     
   1626.43498120500     
   1603.65723350474     
   1756.30477406749     
   1958.89696024691     
   2109.65878775092     
   2101.99577940529     
   2143.37110322412     
   1654.93000000000     
   1654.93000000000     
   1821.32000000000     
   2004.34000000000     
   2205.66000000000     
   2483.36211895983     
   2497.47899301749     
   2517.96341238814     
   2427.11000000000     
   2630.17379374035     
   2667.08782163173     
   2694.21402370602     
   2710.81413923091     
   2650.17521317508     
   2427.11000000000     
   2205.66000000000     
   2298.57947080696     
   2361.06144328011     
   2427.11000000000     
   2656.40246611978     
   2668.73231311061     
   2670.70000000000     
   2701.24978172637     
   2670.70000000000     
   2670.70000000000     
   2655.61832890486     
   2635.51888369288     
   2619.10805951618     
   2605.77700781225     
   2598.65877320576     
   2561.30406620102     
   2427.11000000000     
   2143.69704091110     
   1585.61106064254     
   1654.93000000000     
   1932.53590243874     
   2427.11000000000     
   2427.11000000000     
   2427.11000000000     
   2485.83498983448     
   2427.11000000000     
   2416.62302247297     
   1997.18246856190     
   767.150000000000     
   352.780000000000     
   389.030000000000     
   1241.12000000000     
   2004.34000000000     
   2145.37709877297     
   2205.66000000000     
   2244.99800888113     
   2230.77881824717     
   2199.00009499269     
   2180.64640041045     
   2153.21265536265     
   2106.71784402655     
   2057.41389909046     
   1999.52594152696     
   1920.04823636017     
   1881.40916947917     
   1821.32000000000     
   1817.12046406749     
   1785.76314427765     
   1654.93000000000     
   1024.13000000000     
   813.608388776944     
   518.715005039915     
   834.565121986059     
   844.790000000000     
   1241.12000000000     
   1503.66000000000     
   2205.66000000000     
   2329.72204770447     
   2421.67139959441     
   3079.53400459036     
   2938.64000000000     
   2427.11000000000     
   2645.79109828004     
   3118.17848809541     
   3511.52966837824     
   3715.99761908094     
   3779.35481356660     
   3770.13770964619     
   3712.47062461265     
   3214.35236751653     
   3129.96943637983     
   3100.44773805245     
   2938.64000000000     
   3211.01153288629     
   3324.38906025960     
   3233.37000000000     
   3233.37000000000     
   3591.73854367450     
   930.190000000000     
   760.586154953207     
   466.545843770651     
   1024.13000000000     
   1593.19298386210     
   1654.93000000000     
   1503.66000000000     
   1807.46221792434     
   1821.32000000000     
   1821.32000000000     
   1961.72081778468     
   2004.34000000000     
   1821.32000000000     
   1757.42723066359     
   1654.93000000000     
   1503.66000000000     
   1635.58055212353     
   1654.93000000000     
   1654.93000000000     
   1241.12000000000     
   1821.32000000000     
   1764.88456799534     
   1794.38612857996     
   1756.93356258780     
   2205.66000000000     
   2180.96622263795     
   2109.00561532006     
   2004.34000000000     
   1654.93000000000     
   1585.27321569441     
   1366.14000000000     
   1366.14000000000     
   1503.66000000000     
   1503.66000000000     
   1321.23580880774     
   1580.07752456983     
   1503.66000000000     
   1470.76460365326     
   1331.68739484671     
   1487.88230480610     
   1241.12000000000     
   1102.19607763005     
   1084.70907691120     
   914.105484000879     
   632.380000000000     
   574.030000000000     
   696.560000000000     
   1024.13000000000     
   1241.12000000000     
   1749.60956479634     
   1918.40825608516     
   2118.36059847178     
   2205.66000000000     
   2205.66000000000     
   2299.78369883825     
   2360.47751992540     
   2427.11000000000     
   2376.06622811194     
   2370.13176368481     
   2360.60821100781     
   2337.58783347172     
   2311.98193774008     
   2324.33115963859     
   2205.66000000000     
   2304.83350559038     
   2362.50636970260     
   2378.48195003307     
   2381.76627585654     
   2315.15076684547     
   2205.66000000000     
   2316.98643302120     
   2286.98590838215     
   2336.73913638651     
   2344.91168378648     
   2327.58056816353     
   2182.00368621069     
   1241.12000000000     
   2338.59344109073     
   1654.93000000000     
   1821.32000000000     
   2244.53338318426     
   2242.16749257159     
   2229.06452417541     
   2196.70187020356     
   2155.97950010092     
   2004.34000000000     
   1943.35013450172     
   1775.92309069665     
   2004.34000000000     
   2004.34000000000     
   1995.80564929438     
   2004.34000000000     
   2004.34000000000     
   2004.34000000000     
   2107.56477523386     
   2205.66000000000     
   2478.93117704704     
   2526.78658808316     
   2564.27739840608     
   2574.86300981851     
   2670.70000000000     
   2670.70000000000     
   2727.80083918103     
   2738.82504650762     
   2770.52055530790     
   2783.98137761203     
   2813.31662227475     
   2820.55669953903     
   2835.59116105065     
   2884.44546239998     
   2874.98191263743     
   2861.92546528273     
   2836.29616262483     
   2670.70000000000     
   2670.70000000000     
   2427.11000000000     
   2427.11000000000     
   2427.11000000000     
   2204.87071940511     
   1439.05938722040     
   1366.14000000000     
   1615.17255843191     
   1821.32000000000     
   2133.70419809349     
   2167.39309032673     
   2004.34000000000     
   2004.34000000000     
   1996.53529034238     
   2004.34000000000     
   2177.47845025868     
   2363.92125608478     
   2467.62752554549     
   2485.62780508723     
   2504.72587037207     
   2533.69295789157     
   2583.51046299208     
   2621.21937401098     
   2655.56612052183     
   2423.62825313254     
   2427.11000000000     
   2427.11000000000     
   2417.25296459919     
   2205.66000000000     
   2427.11000000000     
   2617.22450358408     
   2670.70000000000     
   2670.70000000000     
   2670.70000000000     
   2670.70000000000     
   2670.70000000000     
   2670.70000000000     
   2647.30312777823     
   2633.45373857455     
   2604.63758345957     
   2587.04775308135     
   2586.92353724632     
   2553.32654066422     
   2427.11000000000     
   2395.15250000419     
   1654.93000000000     
   2205.66000000000     
   2386.04393202891     
   2427.11000000000     
   2427.11000000000     
   2427.11000000000     
   2427.11000000000     
   2413.13533424469     
   2205.66000000000     
   2004.34000000000     
   1024.13000000000     
   319.820000000000     
   844.790000000000     
   1924.70045349339     
   2004.34000000000     
   2147.47466824666     
   2201.02429776203     
   2205.66000000000     
   2199.60173948687     
   2184.58697012097     
   2164.29636405604     
   2142.53969044738     
   2109.72174245219     
   2064.13163867086     
   1992.18247798842     
   1960.36535377334     
   1939.49613133342     
   1821.32000000000     
   1800.27337118881     
   1772.01790685881     
   1654.93000000000     
   907.709714469963     
   117.100000000000     
   117.100000000000     
   632.380000000000     
   844.790000000000     
   930.190000000000     
   1322.35652686378     
   1778.74815659866     
   1998.39592730943     
   2190.42071001291     
   2849.01563641046     
   2819.74453628522     
   2004.34000000000     
   2427.11000000000     
   2938.64000000000     
   3233.37000000000     
   3233.37000000000     
   3557.57000000000     
   3557.57000000000     
   3233.37000000000     
   3233.37000000000     
   3132.35209654542     
   3059.66072343953     
   2938.64000000000     
   3157.98562559661     
   3343.85354393224     
   3417.13962840681     
   3415.48400164749     
   3557.57000000000     
   1102.28316235987     
   917.632802411137     
   503.852655280057     
   428.900000000000     
   632.380000000000     
   930.190000000000     
   930.190000000000     
   1503.66000000000     
   1583.85224893810     
   1821.32000000000     
   1952.08797641390     
   2001.87016995264     
   1932.51619835369     
   1503.66000000000     
   1606.27913975236     
   1466.10227039954     
   1199.40739132544     
   1437.08290621433     
   1366.14000000000     
   1503.66000000000     
   1759.44567980595     
   1654.93000000000     
   1821.32000000000     
   1241.12000000000     
   1821.32000000000     
   2004.34000000000     
   1796.95935547406     
   2004.34000000000     
   1366.14000000000     
   1184.87971315147     
   1222.73548309349     
   1024.13000000000     
   1241.12000000000     
   1241.12000000000     
   1366.14000000000     
   1654.93000000000     
   1623.86136834134     
   1320.05793408437     
   1230.67640508544     
   1216.71629080404     
   1366.14000000000     
   1096.09209258351     
   1082.91843628763     
   991.934837537820     
   767.150000000000     
   696.560000000000     
   930.190000000000     
   1084.75794622991     
   1196.93153818951     
   1495.78261722142     
   1821.32000000000     
   2004.34000000000     
   2004.34000000000     
   2192.73516815339     
   2205.66000000000     
   2379.98700850154     
   2329.05833263328     
   2328.43613772784     
   2370.11911038216     
   2332.22985994595     
   2302.88138760579     
   2295.77439573123     
   2298.03222685908     
   2296.05400291480     
   2266.58333535065     
   2288.88583963249     
   2309.72415489479     
   2334.12620639717     
   2205.66000000000     
   2205.66000000000     
   2298.54703360313     
   2205.66000000000     
   2329.99231961418     
   2309.46325653525     
   2341.71030376221     
   2316.29032469401     
   1654.93000000000     
   2337.44776979188     
   2004.34000000000     
   1996.37240641089     
   2159.55264489012     
   2189.18681680085     
   2175.52984339007     
   2159.42459600818     
   2146.84715330325     
   2146.84715330325     
   2004.34000000000     
   758.374093605693     
   1944.44004008373     
   1821.32000000000     
   1821.32000000000     
   1913.72943435912     
   1983.70732378221     
   2004.34000000000     
   2004.34000000000     
   2205.66000000000     
   2427.11000000000     
   2489.43213280514     
   2507.85282025891     
   2375.06339511270     
   2601.08659642087     
   2670.59515241328     
   2670.70000000000     
   2724.75221143363     
   2738.80788973350     
   2765.44323095284     
   2789.87034179821     
   2799.10162233235     
   2831.11852212750     
   2837.32727360000     
   2839.77487609040     
   2840.94144874430     
   2793.26821752042     
   2745.48943810077     
   2427.11000000000     
   2427.11000000000     
   2427.11000000000     
   2427.11000000000     
   1782.82471200854     
   1594.90733278064     
   1790.27999331497     
   1821.32000000000     
   2003.11669161524     
   2128.53675459664     
   2175.39916553427     
   2152.28323420839     
   2188.77138238560     
   2205.66000000000     
   2317.46437372132     
   2418.34929960404     
   2205.66000000000     
   2427.11000000000     
   2427.11000000000     
   2426.61899216296     
   2427.11000000000     
   2418.76637722516     
   2372.97662271002     
   2427.11000000000     
   2394.80005635237     
   2427.11000000000     
   2500.92762750148     
   2427.11000000000     
   2409.66983999212     
   2427.11000000000     
   2670.70000000000     
   2670.70000000000     
   2670.70000000000     
   2670.70000000000     
   2668.36884215003     
   2653.47626808496     
   2641.31893639567     
   2636.37166139314     
   2612.88195575919     
   2575.08430043064     
   2562.23081938482     
   2427.11000000000     
   2511.44388857410     
   2487.47834137504     
   2427.11000000000     
   2401.58218040851     
   2427.11000000000     
   2427.11000000000     
   2427.11000000000     
   2427.11000000000     
   2427.11000000000     
   2421.24818007292     
   2205.66000000000     
   1935.53959090985     
   1654.93000000000     
   1445.69390897153     
   509.418268906014     
   844.790000000000     
   1967.55418611840     
   2004.34000000000     
   2152.65691779781     
   2188.29717069416     
   2181.20028732465     
   2168.23811609486     
   2150.24934342568     
   2142.02411219981     
   2114.68603440491     
   2108.89917203828     
   2004.34000000000     
   2004.34000000000     
   1928.17708553197     
   1654.93000000000     
   1777.32169908910     
   1785.02958076597     
   1758.73378433436     
   1654.93000000000     
   767.150000000000     
   68.7800000000000     
   519.445462657768     
   930.190000000000     
   1024.13000000000     
   930.190000000000     
   1127.46000000000     
   1127.46000000000     
   1654.93000000000     
   1966.20684308316     
   2205.66000000000     
   1788.38439856547     
   1821.32000000000     
   2317.17505807384     
   2670.70000000000     
   2938.64000000000     
   3201.06469676380     
   3434.31936608791     
   3414.16512195816     
   3233.37000000000     
   3233.37000000000     
   3142.83597658935     
   3057.34760437131     
   3075.10846425495     
   2938.64000000000     
   3176.22700402524     
   3226.89605098279     
   3502.67051571448     
   3708.19540362163     
   1103.45495914008     
   930.190000000000     
   619.294288742189     
   514.441961442335     
   453.844139255635     
   428.900000000000     
   547.694449248253     
   979.005142094069     
   993.184712462070     
   1477.59831222858     
   1821.32000000000     
   1821.32000000000     
   1821.32000000000     
   1438.96674217361     
   930.190000000000     
   892.518934074793     
   1241.12000000000     
   1503.66000000000     
   1503.66000000000     
   1503.66000000000     
   1616.18512279196     
   1614.32573141259     
   1821.32000000000     
   1366.14000000000     
   1748.09140467691     
   2086.07237276214     
   1821.32000000000     
   1970.51343257801     
   1484.19489484669     
   1241.12000000000     
   1241.12000000000     
   930.190000000000     
   1127.46000000000     
   1651.42612976679     
   1654.93000000000     
   2004.34000000000     
   2004.34000000000     
   1821.32000000000     
   1503.56675362359     
   1491.68336190820     
   1366.14000000000     
   1222.69662771105     
   1127.46000000000     
   988.596421137589     
   988.596421137589     
   844.790000000000     
   1092.24948732963     
   1120.60139830380     
   1192.91352659557     
   1337.41017945414     
   1612.88051721465     
   1797.62716951933     
   1968.04555980826     
   2004.34000000000     
   2130.39612685341     
   2178.67222673549     
   2205.66000000000     
   2275.33180044167     
   2313.16496172652     
   2306.82275226147     
   2262.56294135335     
   2205.66000000000     
   2205.66000000000     
   2168.67633018881     
   2245.25688990250     
   2252.86990808589     
   2270.99853439905     
   2269.93387444099     
   2205.66000000000     
   2205.66000000000     
   2252.45466889500     
   2205.66000000000     
   2295.90523667829     
   2375.62396698385     
   2205.66000000000     
   2277.22107572488     
   2264.26562346523     
   2205.66000000000     
   2205.66000000000     
   1938.21021390833     
   2097.43246303633     
   2131.43380485617     
   2151.70481998111     
   2125.89570367995     
   2112.02634456016     
   2004.34000000000     
   1821.32000000000     
   1219.59221112068     
   1944.44004008373     
   1786.83328517558     
   1821.32000000000     
   1821.32000000000     
   1821.32000000000     
   1945.87932451379     
   2004.34000000000     
   2205.66000000000     
   2205.66000000000     
   2205.66000000000     
   2339.39769408181     
   2351.91623883671     
   2385.42220848537     
   2593.82560494322     
   2637.22392428999     
   2670.70000000000     
   2670.70000000000     
   2800.60673594393     
   2747.27153498121     
   2670.70000000000     
   2755.86281200010     
   2670.70000000000     
   2670.70000000000     
   2670.70000000000     
   2613.83607952515     
   2205.66000000000     
   2352.77211429740     
   2422.70632098294     
   2427.11000000000     
   2372.12326996233     
   1932.43545315296     
   1821.32000000000     
   1991.45104917658     
   2142.48830671885     
   2172.08230192657     
   2205.66000000000     
   2205.66000000000     
   2334.41810328131     
   2370.88828185548     
   2330.19726898641     
   2323.44649103777     
   2372.31978078620     
   2402.90293926167     
   2334.75964091899     
   2205.66000000000     
   2195.85129996652     
   2205.66000000000     
   2360.69897465680     
   2205.66000000000     
   2205.66000000000     
   2381.29641581930     
   2394.44447721285     
   2509.45305466582     
   2566.95267154804     
   2544.14454950833     
   2617.91441952380     
   2670.70000000000     
   2670.05327856614     
   2670.70000000000     
   2670.70000000000     
   2652.53652337749     
   2643.00562093835     
   2614.32278869554     
   2590.73114175669     
   2582.01548598571     
   2569.80019117454     
   2510.64612756664     
   2482.86179712742     
   2475.14482845185     
   2478.44332906885     
   2479.11477905583     
   2427.11000000000     
   2427.11000000000     
   2422.78765355598     
   2426.73434853268     
   2427.11000000000     
   2413.35792983476     
   2368.83501015131     
   2205.66000000000     
   1797.01438909375     
   1485.99273525993     
   1213.35758182386     
   428.900000000000     
   685.521813798570     
   1972.50164571094     
   2096.92484648393     
   2133.25466576709     
   2157.81773514604     
   2150.33038351131     
   2139.65861226451     
   2127.51700184267     
   2111.97747994955     
   2096.90172087098     
   2086.14929486479     
   2004.34000000000     
   1928.12917778759     
   1650.62875910852     
   1317.68440280544     
   1654.93000000000     
   1758.31928091436     
   1774.40250069907     
   1651.82542431030     
   1127.46000000000     
   673.972593447077     
   1024.13000000000     
   1241.12000000000     
   1127.46000000000     
   930.190000000000     
   914.736412537699     
   844.790000000000     
   827.924310345902     
   1127.46000000000     
   1503.66000000000     
   1089.91628656037     
   1748.02547511234     
   2205.66000000000     
   2670.70000000000     
   2852.23560530511     
   2938.64000000000     
   3223.63666712318     
   3193.78046168912     
   3233.37000000000     
   2938.64000000000     
   2938.64000000000     
   3020.22597480862     
   2938.64000000000     
   2938.64000000000     
   3233.37000000000     
   3233.37000000000     
   3557.57000000000     
   3757.79186304847     
   1120.98461140496     
   1024.13000000000     
   767.150000000000     
   632.380000000000     
   549.810036998735     
   472.750000000000     
   467.777917554466     
   414.374806844855     
   389.030000000000     
   377.769926084661     
   632.380000000000     
   1241.12000000000     
   1366.14000000000     
   1206.06644985696     
   825.356641353514     
   1024.13000000000     
   1342.73777585669     
   1621.69796696644     
   1503.66000000000     
   1366.14000000000     
   1366.14000000000     
   1451.93487782928     
   1366.14000000000     
   1503.66000000000     
   1631.08495580486     
   2121.37714509389     
   2004.34000000000     
   2343.86077121120     
   1821.32000000000     
   1241.12000000000     
   1127.46000000000     
   921.478888925374     
   1241.12000000000     
   1654.93000000000     
   1654.93000000000     
   2334.42068165143     
   2427.11000000000     
   1984.71383281522     
   2004.34000000000     
   2205.66000000000     
   2205.66000000000     
   1503.66000000000     
   1503.66000000000     
   1366.14000000000     
   978.233682128477     
   1127.46000000000     
   1127.46000000000     
   1127.46000000000     
   1109.91830576938     
   1231.04589526570     
   1339.45955970010     
   1503.66000000000     
   1654.93000000000     
   1629.58372990841     
   1754.18230616348     
   1965.36869486719     
   1927.57740644597     
   2004.34000000000     
   2131.02938433431     
   2121.04012345906     
   2112.62324572890     
   2004.34000000000     
   2111.34840076592     
   2191.70412797373     
   2196.00234322794     
   2199.71182436165     
   2195.81938908005     
   2205.66000000000     
   2205.66000000000     
   2196.72122810316     
   2201.25713040561     
   2205.66000000000     
   2284.04121216363     
   2205.66000000000     
   2205.66000000000     
   2205.66000000000     
   2200.98351959696     
   2149.06930096331     
   2144.39334782524     
   1465.67963639217     
   2004.29004356800     
   2114.99015556531     
   2004.34000000000     
   2075.65097003676     
   2067.48665790033     
   1991.39437337256     
   1821.32000000000     
   1746.69394236051     
   1763.40017337677     
   1821.32000000000     
   1821.32000000000     
   1781.99008507609     
   1808.37933038624     
   1821.32000000000     
   1945.73456507096     
   2004.34000000000     
   2004.34000000000     
   2004.34000000000     
   2148.60250740580     
   2175.07429425085     
   2407.99546513250     
   2406.61616392092     
   2205.66000000000     
   2319.55494581136     
   2378.55837395127     
   2555.92801619795     
   2427.11000000000     
   2427.11000000000     
   2427.11000000000     
   2205.66000000000     
   2205.66000000000     
   2405.16329254731     
   2199.58206752647     
   2205.66000000000     
   2004.34000000000     
   2331.25696044867     
   2427.11000000000     
   2510.18104825490     
   2004.34000000000     
   2004.34000000000     
   2205.66000000000     
   2311.03494371713     
   2205.66000000000     
   2359.04540091532     
   2427.11000000000     
   2450.73892518121     
   2400.21518450454     
   2368.00242882270     
   2299.63011014079     
   2297.50155395035     
   2341.02676703478     
   2373.07746644609     
   2295.35999407241     
   2205.66000000000     
   2205.66000000000     
   2385.94771608186     
   2205.66000000000     
   2205.66000000000     
   2205.66000000000     
   2387.13485427888     
   2522.52131403727     
   2562.73547208425     
   2516.37629322680     
   2584.44513458057     
   2647.28698660972     
   2649.42769457636     
   2657.98679784031     
   2653.54008796637     
   2644.70808059709     
   2603.68869278374     
   2598.81595952090     
   2548.53566346225     
   2427.11000000000     
   2205.66000000000     
   2177.98752476441     
   2466.12019251155     
   2456.80969766654     
   2467.23123051927     
   2471.81685644000     
   2427.11000000000     
   2371.97345722297     
   1939.99842885573     
   2380.30846838821     
   2412.74470352678     
   2392.07128045202     
   2352.73863346449     
   2307.75348311922     
   1604.85880426008     
   1208.91785233454     
   696.560000000000     
   352.780000000000     
   746.548080583313     
   1981.95201620624     
   2072.51420125171     
   2094.43867327860     
   2096.22987031106     
   2104.87107448274     
   2110.46959261357     
   2098.74615981706     
   2076.63580107576     
   2069.38142119611     
   2047.76531760123     
   1956.10467992853     
   1654.93000000000     
   993.086703809654     
   930.190000000000     
   1366.14000000000     
   1725.66477667970     
   1654.93000000000     
   1503.66000000000     
   1456.65640566017     
   1366.14000000000     
   1602.58204191910     
   1503.66000000000     
   930.190000000000     
   930.190000000000     
   909.654742982742     
   520.980000000000     
   520.980000000000     
   987.312574715009     
   760.927331447322     
   1127.46000000000     
   1821.32000000000     
   2205.66000000000     
   2654.28423752318     
   2643.46245525774     
   2888.53887908664     
   3081.14914592924     
   3178.10801248262     
   2938.64000000000     
   2938.64000000000     
   3026.03224096469     
   3088.89351533161     
   3119.48948147386     
   3203.04093969817     
   3233.37000000000     
   3233.37000000000     
   3557.57000000000     
   3841.54664900036     
   1120.98461140496     
   1117.63298432015     
   912.320203402440     
   811.607862079103     
   696.560000000000     
   625.989458651646     
   567.706534182478     
   508.631393625693     
   472.750000000000     
   428.900000000000     
   428.900000000000     
   574.030000000000     
   915.577204500476     
   603.710638647872     
   811.820559947431     
   918.062015861547     
   1241.12000000000     
   1649.31468894746     
   1607.35424063220     
   1364.35589026489     
   1234.97357202098     
   1305.76528084331     
   1219.45499202782     
   1929.49998807483     
   1654.93000000000     
   2205.66000000000     
   2329.58415168315     
   2670.70000000000     
   2109.62870432491     
   1654.93000000000     
   1127.46000000000     
   696.560000000000     
   844.790000000000     
   1626.60034359799     
   1312.11953698492     
   1951.30447787049     
   2427.11000000000     
   2582.07173151034     
   2004.34000000000     
   2004.34000000000     
   2205.66000000000     
   2004.34000000000     
   1645.17712484747     
   1654.93000000000     
   1654.93000000000     
   1654.93000000000     
   1241.12000000000     
   1024.13000000000     
   930.190000000000     
   632.380000000000     
   767.150000000000     
   920.875268524481     
   1123.92724985652     
   1232.47816092488     
   844.790000000000     
   1359.43927966214     
   1503.66000000000     
   1626.25887700067     
   1821.32000000000     
   1821.32000000000     
   1654.93000000000     
   1585.75181581847     
   1739.01156499083     
   1821.32000000000     
   2004.34000000000     
   2004.34000000000     
   2149.60117723107     
   2171.87387170695     
   2151.22380388697     
   2106.96102798033     
   2152.04156919779     
   2162.95805114820     
   2187.33334175811     
   2198.13569418733     
   2153.06781569599     
   2141.68410429681     
   2152.51755472725     
   2126.27969020690     
   2106.67257395294     
   2121.60283187652     
   2004.34000000000     
   2004.34000000000     
   1921.94986522478     
   1821.32000000000     
   1821.32000000000     
   1821.32000000000     
   1743.91020151376     
   1654.93000000000     
   1597.51809549761     
   1629.38270728971     
   1654.93000000000     
   1748.94702174036     
   1795.48374567126     
   1821.32000000000     
   1926.82026900860     
   1970.52842640584     
   1955.42533501886     
   1947.23343492416     
   1993.35274674815     
   2004.34000000000     
   2004.34000000000     
   2004.34000000000     
   2004.34000000000     
   2134.66385714275     
   2194.79427172783     
   2205.66000000000     
   2205.66000000000     
   2164.87749705882     
   2181.09204474532     
   2004.34000000000     
   2157.81409990654     
   2173.31871443861     
   2187.15741080888     
   2205.66000000000     
   2133.32732015049     
   2205.66000000000     
   2503.58981070282     
   2517.97007561312     
   2118.48208941467     
   2205.66000000000     
   2450.79628158734     
   2351.62244459817     
   2423.94234294847     
   2500.89394422821     
   2510.42670082553     
   2473.48902481493     
   2403.96831185548     
   2323.43506716479     
   2319.92101473023     
   2334.12592955340     
   2367.87962437145     
   2345.79527889337     
   2319.83163016368     
   2321.68285695389     
   2324.14158888575     
   2363.75439700202     
   2382.62687963576     
   2410.73370367572     
   2424.64061452361     
   2521.34592191280     
   2537.12958634283     
   2550.38341446830     
   2557.81882172854     
   2599.25615012828     
   2631.01481317432     
   2640.90111841955     
   2646.25116580297     
   2627.13557187918     
   2582.99339138189     
   2542.66574537462     
   2427.11000000000     
   2415.96127016566     
   2325.13656996202     
   1366.14000000000     
   1986.07753037720     
   2449.67237095316     
   2427.11000000000     
   2449.45738050176     
   2427.11000000000     
   2427.11000000000     
   2107.43297082926     
   2334.74027149315     
   2395.02085290596     
   2407.01762603398     
   2374.38531526698     
   2349.17136434967     
   2296.25247077338     
   1198.32171349185     
   767.150000000000     
   679.270268225069     
   346.019933349348     
   696.560000000000     
   1821.32000000000     
   2042.21922804861     
   1986.46435791249     
   2004.34000000000     
   2061.07335749450     
   2065.45772065686     
   2004.34000000000     
   2004.34000000000     
   2004.34000000000     
   2004.34000000000     
   1821.32000000000     
   739.153853857813     
   285.798348991182     
   574.030000000000     
   1127.46000000000     
   1654.93000000000     
   1503.66000000000     
   1503.66000000000     
   2004.34000000000     
   2205.66000000000     
   2004.34000000000     
   1769.61449390760     
   1326.24037635254     
   1100.08627339297     
   757.700898509344     
   377.680973717491     
   766.629360894572     
   844.790000000000     
   987.406259406710     
   1184.65188171291     
   1654.93000000000     
   2205.66000000000     
   2427.11000000000     
   2632.46977687449     
   2822.94205603653     
   2938.64000000000     
   2938.64000000000     
   3033.63067725556     
   3082.78639944077     
   3055.30091042022     
   3085.82117656960     
   3121.62532847668     
   3233.37000000000     
   3233.37000000000     
   3499.16562275307     
   3776.25871449410     
   3877.08266719999     
   1099.66353168818     
   1120.55192400643     
   1094.93851411407     
   989.824520507211     
   891.047579103740     
   767.150000000000     
   696.560000000000     
   632.380000000000     
   574.030000000000     
   618.234824528968     
   609.500063294547     
   570.735328755796     
   832.169012509557     
   520.980000000000     
   632.380000000000     
   1024.13000000000     
   1366.14000000000     
   1612.50134534683     
   1654.93000000000     
   1654.93000000000     
   1503.66000000000     
   1447.33834317745     
   1503.66000000000     
   1937.33919873412     
   1821.32000000000     
   2205.66000000000     
   2427.11000000000     
   2850.65595748399     
   2670.70000000000     
   2412.75257536133     
   2385.38445842844     
   1815.15684223219     
   696.560000000000     
   1127.46000000000     
   2205.66000000000     
   1448.19216029132     
   1757.96977545184     
   2582.07173151034     
   1503.66000000000     
   1466.37770785090     
   2004.34000000000     
   2341.89435918786     
   2114.04545971836     
   1929.28448325667     
   2281.64849639058     
   2243.94062825758     
   2004.34000000000     
   1749.83278969170     
   1654.93000000000     
   1093.35715248505     
   1024.13000000000     
   696.560000000000     
   684.106727118285     
   830.855213441773     
   844.790000000000     
   844.790000000000     
   892.942195411858     
   1241.12000000000     
   1366.14000000000     
   1366.14000000000     
   1488.50150539261     
   1366.14000000000     
   1336.73113341120     
   1503.66000000000     
   1503.66000000000     
   1814.19336103974     
   1928.66120265722     
   1821.32000000000     
   2004.34000000000     
   1953.47137665224     
   2004.34000000000     
   2004.34000000000     
   2004.34000000000     
   2135.36704902648     
   2004.34000000000     
   2004.34000000000     
   2004.34000000000     
   1922.98579380848     
   1983.56465663900     
   1821.32000000000     
   1821.32000000000     
   1821.32000000000     
   1654.93000000000     
   1654.93000000000     
   1303.77070586624     
   1649.24089532521     
   1599.44235411135     
   1503.66000000000     
   1581.75399383835     
   1634.56772339611     
   1762.14766151574     
   1821.32000000000     
   1876.56293032296     
   1914.18235983025     
   1929.02394122518     
   1929.34016529116     
   1913.09447020571     
   1893.80881934723     
   1821.32000000000     
   1821.32000000000     
   1821.32000000000     
   2004.34000000000     
   2065.77689521116     
   2004.34000000000     
   2004.34000000000     
   2004.34000000000     
   2004.34000000000     
   2004.34000000000     
   2004.34000000000     
   2059.98544684804     
   2084.53718867038     
   1994.29256776634     
   2132.15450567868     
   2155.67056853297     
   2161.44743110951     
   2205.66000000000     
   2394.70146310292     
   2004.34000000000     
   2158.92306501339     
   2382.48559180384     
   2457.37772976823     
   2427.11000000000     
   2514.05802728521     
   2524.64365945835     
   2534.58458811740     
   2507.91137349186     
   2408.78172035316     
   2371.72156211812     
   2347.52584192522     
   2411.96776259172     
   2366.05522966763     
   2356.19797785317     
   2375.24991859494     
   2357.09476440821     
   2364.51917783078     
   2384.80195447166     
   2399.62640942136     
   2418.48391399045     
   2427.11000000000     
   2575.90713889869     
   2597.67277143990     
   2599.22724257908     
   2618.83982354827     
   2610.73889300216     
   2614.62497804920     
   2606.18136557262     
   2594.35272967711     
   2567.22574378887     
   2427.11000000000     
   2004.34000000000     
   2377.74632400592     
   2205.66000000000     
   1821.32000000000     
   924.076557893288     
   2300.36126312832     
   2393.33804397435     
   2425.08209841834     
   2421.86697358618     
   2397.90396550587     
   2205.66000000000     
   2205.66000000000     
   2371.99442674840     
   2398.98868271887     
   2372.20739239905     
   2336.12539296535     
   2285.23053341606     
   1958.08783128902     
   930.190000000000     
   413.488367504261     
   507.744001024791     
   609.438103589881     
   696.560000000000     
   1814.66249528582     
   1976.62568794100     
   1821.32000000000     
   1972.33696587844     
   1981.83961863319     
   1994.16429575297     
   1994.37385719963     
   1965.32604177387     
   1914.16673072963     
   1821.32000000000     
   1650.20709300810     
   467.444958264753     
   451.320987989801     
   1127.46000000000     
   1456.08977419281     
   1597.33418090720     
   1758.42746284139     
   1941.28185935373     
   2427.11000000000     
   2670.70000000000     
   2205.66000000000     
   2135.48588706300     
   1821.32000000000     
   1328.00815958678     
   1100.38616070244     
   1127.46000000000     
   1241.12000000000     
   1100.03827275373     
   1127.46000000000     
   1366.14000000000     
   1821.32000000000     
   2205.66000000000     
   2427.11000000000     
   2616.48260206365     
   2670.70000000000     
   2892.25679443208     
   2938.64000000000     
   3053.64648546706     
   3090.38495071740     
   3104.10461969341     
   3146.50601674841     
   3207.87111456950     
   3233.37000000000     
   3374.95692826671     
   3488.90409791006     
   3731.07116246219     
   3837.53261374658     
   1024.13000000000     
   1104.06558135783     
   1127.46000000000     
   1127.46000000000     
   1082.07138871092     
   1000.90462352554     
   907.624920673418     
   835.039943358141     
   767.150000000000     
   1121.78643276862     
   1023.50233655824     
   844.790000000000     
   767.150000000000     
   844.790000000000     
   767.150000000000     
   1127.46000000000     
   1366.14000000000     
   1366.14000000000     
   1654.93000000000     
   1954.61806302466     
   1821.32000000000     
   1503.66000000000     
   1654.93000000000     
   1821.32000000000     
   2162.03892751648     
   2176.55410611708     
   2663.31230019848     
   2938.64000000000     
   2938.64000000000     
   3147.86925478200     
   2665.05848182926     
   2342.84627133286     
   1654.93000000000     
   1654.93000000000     
   2205.66000000000     
   2004.34000000000     
   2004.34000000000     
   2392.08120650857     
   2560.45783774658     
   1777.86940617375     
   1611.93435744649     
   2297.05851729854     
   2325.90174308770     
   2205.66000000000     
   2161.32981492608     
   2233.50810399224     
   2227.27112154838     
   2217.45166145846     
   2176.08532341775     
   2133.25018945095     
   1793.94639948954     
   1189.20559422290     
   1103.12927786139     
   1024.13000000000     
   844.790000000000     
   1209.95352097486     
   767.150000000000     
   844.790000000000     
   1127.46000000000     
   1241.12000000000     
   1127.46000000000     
   930.190000000000     
   1024.13000000000     
   1114.77125533070     
   1241.12000000000     
   1316.35634077620     
   1493.68034523729     
   1464.97097157178     
   1503.66000000000     
   1653.98500237806     
   1654.36519826782     
   1604.62597269113     
   1913.60679661348     
   1972.14133540468     
   1988.89422716024     
   1819.89608058675     
   1783.44507370696     
   1654.93000000000     
   1769.90049821212     
   1750.24100639555     
   1654.93000000000     
   1654.93000000000     
   1615.48077689169     
   1586.55086730717     
   1442.92799708364     
   1596.90428050386     
   1489.81858599463     
   1503.66000000000     
   1603.85498912667     
   1654.93000000000     
   1821.32000000000     
   1891.84979942446     
   1919.78829869663     
   1925.22271369191     
   1919.03508947708     
   1900.29174546441     
   1882.74335958126     
   1821.32000000000     
   1821.32000000000     
   1821.32000000000     
   1821.32000000000     
   2060.99272070901     
   2073.81343058583     
   2046.53049732461     
   2087.66847224861     
   2004.34000000000     
   1998.38689952676     
   2004.34000000000     
   2004.34000000000     
   2102.82613543200     
   2118.79419236232     
   2004.34000000000     
   2086.32383108107     
   2134.53331932546     
   2133.98395839669     
   2205.66000000000     
   2390.80429227445     
   2157.79388428904     
   2168.92517483323     
   2396.71894563293     
   2427.11000000000     
   2527.77629062309     
   2544.67073570309     
   2540.87142203338     
   2539.01864798192     
   2517.97183792938     
   2373.12247750539     
   2298.58443438654     
   2327.36681988743     
   2321.56836450096     
   2318.99435765295     
   2321.71477180066     
   2325.93245321330     
   2350.36789080489     
   2364.45369850049     
   2371.96634740827     
   2419.53400729504     
   2427.11000000000     
   2427.11000000000     
   2557.42257253946     
   2550.13451579351     
   2570.11836852534     
   2589.91776042299     
   2583.64844328511     
   2572.19610583105     
   2568.71090024981     
   2523.81253235022     
   2427.11000000000     
   2205.66000000000     
   2150.04449729981     
   2326.04022053423     
   2004.34000000000     
   1241.12000000000     
   1654.93000000000     
   2321.88458888353     
   2369.17605989213     
   2403.60811750415     
   2414.96177365187     
   2397.78025096818     
   2377.86155319979     
   2351.07536780297     
   2340.04093700912     
   2386.12097907233     
   2348.81374150883     
   2319.32011031789     
   2193.05585788168     
   1460.78651899258     
   472.750000000000     
   472.750000000000     
   574.030000000000     
   696.560000000000     
   844.790000000000     
   1654.93000000000     
   1769.94750331924     
   1821.16216216879     
   1821.32000000000     
   1821.32000000000     
   1821.32000000000     
   1821.32000000000     
   1821.32000000000     
   1817.94897427182     
   1821.32000000000     
   1593.47126098608     
   547.719470767401     
   898.628209084864     
   1503.66000000000     
   1604.49048468962     
   1821.32000000000     
   1945.92143020295     
   2188.30644698031     
   2670.70000000000     
   2670.70000000000     
   2625.61866594285     
   2392.66009183028     
   1965.64377089486     
   1503.66000000000     
   1358.07514496093     
   1503.66000000000     
   1489.41596481520     
   1224.44977128301     
   1205.54586350345     
   1503.66000000000     
   1934.31819373460     
   2205.59418846307     
   2427.11000000000     
   2599.71773675664     
   2670.70000000000     
   2917.31416384442     
   2938.64000000000     
   3114.50659296095     
   3184.64399455765     
   3197.05310070295     
   3233.37000000000     
   3287.92790107533     
   3336.49610660761     
   3394.03204409956     
   3516.91689406064     
   3709.25539201052     
   3772.09202905798     
   1127.46000000000     
   1114.20459386651     
   1000.75812479174     
   1338.82665612609     
   1293.07701478709     
   1127.46000000000     
   1024.13000000000     
   1024.13000000000     
   1006.27193251004     
   1241.12000000000     
   1241.12000000000     
   1127.46000000000     
   998.161107710154     
   1024.13000000000     
   1102.08197782469     
   1127.46000000000     
   1305.86548771529     
   1501.28328804170     
   1648.83418621271     
   2004.34000000000     
   2004.34000000000     
   1821.32000000000     
   1805.85388419943     
   1944.46218880460     
   2326.55387396592     
   2205.66000000000     
   2670.70000000000     
   2938.64000000000     
   3111.67311678761     
   3147.86925478200     
   2938.64000000000     
   2004.34000000000     
   2352.40972026443     
   2313.83846705271     
   2004.34000000000     
   2152.14791325613     
   2349.67208233766     
   2329.19195331657     
   2560.45783774658     
   2184.60592132611     
   1449.15574248080     
   1974.79648691473     
   2298.48443456058     
   2254.65269236169     
   1821.32000000000     
   2165.65767644123     
   2234.69603067983     
   2198.65575077685     
   2191.40023465799     
   2177.78055212152     
   2157.01606478778     
   1821.32000000000     
   1503.66000000000     
   1219.38963480191     
   1366.14000000000     
   1503.66000000000     
   1503.66000000000     
   988.505330844123     
   696.560000000000     
   930.190000000000     
   930.190000000000     
   930.190000000000     
   1013.61757322919     
   930.190000000000     
   767.150000000000     
   979.489374034970     
   1086.34080526311     
   1241.12000000000     
   1197.40225427951     
   1463.27561378001     
   1503.66000000000     
   1503.66000000000     
   1503.66000000000     
   1594.20730020410     
   1654.93000000000     
   1654.93000000000     
   1650.05848356888     
   1632.36453532352     
   1625.33033897297     
   1620.29724459734     
   1618.50409897110     
   1503.66000000000     
   1503.66000000000     
   1503.66000000000     
   1493.08893603631     
   1449.52795838207     
   1435.21496734065     
   1503.66000000000     
   1653.17333781702     
   1739.27751605168     
   1821.32000000000     
   1910.48409447156     
   1928.65432357060     
   1923.55324524685     
   1922.27469996240     
   1902.15845045632     
   1819.49424279466     
   1780.92666019092     
   1739.28256751498     
   1759.81473603889     
   1821.32000000000     
   1962.21931074022     
   1988.41305056143     
   2004.34000000000     
   2004.34000000000     
   1980.49063538854     
   1960.24761810408     
   1975.03286568792     
   2054.26226295090     
   2097.50909928729     
   2098.79983561315     
   2112.72443070463     
   2144.08349157945     
   2131.27681218204     
   2134.21825330885     
   2205.66000000000     
   2400.50629162791     
   2146.43959617986     
   2161.73932891465     
   2427.11000000000     
   2427.11000000000     
   2527.72515849288     
   2542.97746128117     
   2541.12975557547     
   2427.11000000000     
   2205.66000000000     
   2205.66000000000     
   2327.90034482892     
   2337.92568375084     
   2311.61111682831     
   2313.95864692039     
   2297.24379987512     
   2330.33121800780     
   2324.05080009578     
   2322.58560943541     
   2361.67719164796     
   2418.63271429295     
   2420.84647675768     
   2427.11000000000     
   2502.18072125754     
   2517.35342505255     
   2518.82578526924     
   2427.11000000000     
   2348.47762460459     
   2559.06827064759     
   2540.66485931135     
   2427.11000000000     
   1821.32000000000     
   1366.14000000000     
   2284.73956147575     
   2295.14394983631     
   1797.31628975432     
   1127.46000000000     
   2161.34441093635     
   2205.66000000000     
   2290.58163307342     
   2359.20470883416     
   2411.05304310785     
   2401.81817960404     
   2399.86517928974     
   2358.24243400694     
   2328.54313825401     
   2342.25520701667     
   2319.77984137199     
   2322.16029885739     
   2155.84569447049     
   1346.69963334400     
   352.780000000000     
   472.750000000000     
   632.380000000000     
   766.491174545866     
   997.363177848670     
   1217.59963981898     
   1639.71389213272     
   1742.75965485554     
   1503.66000000000     
   1503.66000000000     
   1597.16792685660     
   1590.52571232143     
   1608.11188416033     
   1781.22337678184     
   1761.78717441878     
   1304.12555812990     
   767.150000000000     
   1366.14000000000     
   1654.93000000000     
   1821.32000000000     
   2004.34000000000     
   2129.97626318202     
   2157.12781755132     
   2924.88350785581     
   2823.34694861366     
   2851.97032480403     
   2574.90605823951     
   2004.34000000000     
   1978.63055336523     
   2127.13756649450     
   2004.34000000000     
   1501.06562971317     
   1127.46000000000     
   1127.46000000000     
   1503.66000000000     
   2004.34000000000     
   2380.05255827583     
   2427.11000000000     
   2645.87661075113     
   2808.52359033097     
   2931.89379043968     
   3011.21466651416     
   3037.11127432036     
   3113.25887560513     
   3233.37000000000     
   3233.37000000000     
   3320.46483217560     
   3369.89224851068     
   3414.53096508412     
   3480.52864914776     
   3557.57000000000     
   3833.99904319539     
   1241.12000000000     
   1127.46000000000     
   930.190000000000     
   1023.54632241484     
   1304.63257406684     
   1322.88843236916     
   1241.12000000000     
   1127.46000000000     
   1116.38791962137     
   1360.87360895291     
   1503.66000000000     
   1483.36024649401     
   1241.12000000000     
   1240.35769179582     
   1366.14000000000     
   1127.46000000000     
   977.917834480058     
   1635.66997484567     
   1754.39403445947     
   1929.13528344452     
   2205.66000000000     
   2004.34000000000     
   2004.34000000000     
   2145.75695471807     
   2334.49521488057     
   2334.49521488057     
   2670.70000000000     
   3167.16175284270     
   3233.37000000000     
   3390.10064878036     
   3133.70469030356     
   2549.68870835565     
   2549.68870835565     
   2185.59868943704     
   2109.33853496070     
   2205.66000000000     
   2670.70000000000     
   2670.70000000000     
   2562.81432206553     
   2172.29354351436     
   1503.66000000000     
   1654.93000000000     
   2126.85710171613     
   2004.34000000000     
   1989.25707487477     
   1654.93000000000     
   2189.76482801382     
   2179.52027667649     
   2176.82200180780     
   2175.67492250396     
   2153.72022612437     
   2130.81985341144     
   2004.34000000000     
   1366.14000000000     
   1241.12000000000     
   1629.85829386208     
   1605.74870744785     
   1241.12000000000     
   622.417662194073     
   500.351112822905     
   345.604017575033     
   500.216040487255     
   632.380000000000     
   605.116167750276     
   758.929846350373     
   1127.46000000000     
   1127.46000000000     
   1024.13000000000     
   1089.35340439316     
   1194.67176947676     
   1325.44042652780     
   1347.83519215238     
   1366.14000000000     
   1462.55941765255     
   1503.66000000000     
   1503.66000000000     
   1599.38761584333     
   1503.66000000000     
   1503.66000000000     
   1503.66000000000     
   1503.66000000000     
   1500.84603011893     
   1477.59485078269     
   1473.45616991598     
   1366.14000000000     
   1366.14000000000     
   1492.13985395539     
   1503.66000000000     
   1503.66000000000     
   1607.22302076100     
   1654.93000000000     
   1804.02583051079     
   1821.32000000000     
   1892.67229872554     
   1821.32000000000     
   1805.01656608684     
   1744.89911060602     
   1729.06391809267     
   1645.16104848308     
   1641.68237050877     
   1634.57165801975     
   1609.86011239949     
   1801.83097931343     
   1921.81189935202     
   1917.59304255233     
   1937.60139814408     
   1910.04405489429     
   1952.38956025676     
   2082.26970726642     
   2125.97272160004     
   2152.01593017183     
   2188.51552069745     
   2164.71508475293     
   2147.84694310832     
   2146.52513468309     
   2205.66000000000     
   2410.14473125250     
   2169.40327695605     
   2329.30903921759     
   2427.11000000000     
   2427.11000000000     
   2527.21075175069     
   2537.46727472579     
   2205.66000000000     
   2164.43933543095     
   2184.79001948815     
   2319.08222822593     
   2302.54116629295     
   2316.61157807099     
   2289.90653941460     
   2292.20050360202     
   2289.93997047839     
   2302.35200998513     
   2301.00777281821     
   2334.36598814704     
   2356.44321410956     
   2399.63350651913     
   2427.11000000000     
   2422.59532562338     
   2393.05966216832     
   2422.08589216500     
   2004.34000000000     
   2128.98778527391     
   2427.11000000000     
   2539.66744656311     
   2427.11000000000     
   1962.91583850816     
   1366.14000000000     
   2184.77633846170     
   2327.08671736245     
   2205.66000000000     
   1241.12000000000     
   1462.32488052220     
   2198.79199341388     
   2205.66000000000     
   2341.02593217692     
   2368.63330185291     
   2382.53254336445     
   2375.84366581420     
   2359.87437966523     
   2326.76829862738     
   2294.81282949957     
   2310.44546121704     
   2293.03929683808     
   2266.04820120803     
   2004.34000000000     
   1241.12000000000     
   472.750000000000     
   574.030000000000     
   696.560000000000     
   844.790000000000     
   1101.70378839619     
   1366.14000000000     
   1502.24079353474     
   1241.12000000000     
   1241.12000000000     
   1321.83258325423     
   1335.90898202930     
   1497.20120247374     
   1503.66000000000     
   1654.93000000000     
   1654.93000000000     
   1227.78870356664     
   1604.36637862797     
   1805.71162636521     
   2004.34000000000     
   2205.66000000000     
   2427.11000000000     
   2322.30594952569     
   2427.11000000000     
   2925.69427360244     
   2882.32736052783     
   2869.85870700579     
   2670.70000000000     
   2580.06077028959     
   2545.36495444951     
   2205.66000000000     
   1747.29256780229     
   1241.12000000000     
   984.191428475797     
   1503.66000000000     
   1821.32000000000     
   2203.42937877155     
   2369.37836651497     
   2584.55188559664     
   2670.70000000000     
   2806.85270037628     
   2872.78009212125     
   2938.64000000000     
   2938.64000000000     
   2938.64000000000     
   3305.35864962905     
   3356.98250738022     
   3385.80792483797     
   3408.20610526646     
   3481.19560185047     
   3538.91461577766     
   3557.57000000000     
   3557.57000000000     
   1366.14000000000     
   1203.82024411454     
   844.790000000000     
   908.841856525111     
   1222.74668437115     
   1337.20710270721     
   1298.71905631263     
   1127.46000000000     
   1196.61258251844     
   1241.12000000000     
   1638.32654304289     
   1654.93000000000     
   1503.66000000000     
   1482.68260090547     
   1579.53057248410     
   1486.09465134830     
   1238.64521144422     
   1654.93000000000     
   1821.32000000000     
   1975.57260229043     
   2205.66000000000     
   2201.72460444314     
   2130.02576852979     
   2268.76826893787     
   2205.66000000000     
   2670.70000000000     
   2670.70000000000     
   3233.37000000000     
   3233.37000000000     
   3503.98934270901     
   3388.88450929930     
   2670.70000000000     
   2388.54934920616     
   2205.66000000000     
   2427.11000000000     
   2427.11000000000     
   2427.11000000000     
   2815.67175043151     
   2624.07154530040     
   2180.51892620647     
   2306.36366153515     
   2168.00683184756     
   2197.99157577691     
   1997.55346423766     
   1927.24658194651     
   1579.98750722450     
   2004.34000000000     
   2166.73039899405     
   2155.07451693478     
   2140.88494384817     
   2186.26577084185     
   2004.34000000000     
   2004.34000000000     
   1960.43510408730     
   1816.91755421106     
   1629.85829386208     
   1654.93000000000     
   1654.93000000000     
   1615.66812726951     
   1366.14000000000     
   913.397438936328     
   679.045806062923     
   1363.60410172085     
   1503.66000000000     
   1503.66000000000     
   1366.14000000000     
   1188.87893096888     
   1112.40806873212     
   992.574790760857     
   1002.77225934212     
   1127.46000000000     
   1215.48258199831     
   1241.12000000000     
   1366.14000000000     
   1437.79147300211     
   1503.66000000000     
   1503.66000000000     
   1561.54696546808     
   1560.73093398591     
   1545.45363855584     
   1503.66000000000     
   1482.69798177574     
   1475.70432360834     
   1462.39684839036     
   1428.82689795999     
   1366.14000000000     
   1333.15440346885     
   1241.12000000000     
   1366.14000000000     
   1477.59140873310     
   1503.66000000000     
   1654.93000000000     
   1756.49829097804     
   1779.84857773810     
   1781.52131332600     
   1736.00111137207     
   1654.93000000000     
   1615.03398907817     
   1347.77320072431     
   930.190000000000     
   1024.13000000000     
   1346.83236829185     
   1503.66000000000     
   1654.93000000000     
   1813.45348836017     
   1821.32000000000     
   1821.32000000000     
   1913.64570701861     
   2004.34000000000     
   2004.34000000000     
   2120.35969189107     
   2205.66000000000     
   2205.66000000000     
   2164.37320840279     
   2147.45662508094     
   2403.52095408018     
   2400.02646419672     
   2127.33264328719     
   2378.15091897425     
   2503.72347053769     
   2519.14891145538     
   2523.84638296372     
   2512.08661692613     
   2205.66000000000     
   2311.13032518150     
   2294.23080745242     
   2205.66000000000     
   2195.88677519162     
   2203.47734438648     
   2205.66000000000     
   2205.66000000000     
   2254.33704147461     
   2295.86648089442     
   2321.67730584184     
   2336.08320162762     
   2404.83174430169     
   2417.00658979115     
   2417.00658979115     
   2320.43938407497     
   2205.66000000000     
   1821.32000000000     
   1593.43876518589     
   2378.00264291380     
   2521.52917071298     
   2526.00845117040     
   2418.84914646359     
   1963.43186929597     
   2155.56169303762     
   2288.37905412312     
   2269.61743153216     
   2177.40883490469     
   1503.66000000000     
   1366.14000000000     
   2205.66000000000     
   2317.04440083811     
   2345.03743931899     
   2361.04732763391     
   2351.49566730362     
   2333.32627461178     
   2310.73165528495     
   2205.66000000000     
   2205.66000000000     
   2270.22498790627     
   2205.66000000000     
   2138.27392761315     
   1503.66000000000     
   767.150000000000     
   389.030000000000     
   574.030000000000     
   696.560000000000     
   844.790000000000     
   1024.13000000000     
   1127.46000000000     
   1076.27872778780     
   1024.13000000000     
   1104.56590732764     
   1185.92659489297     
   1241.12000000000     
   1366.09842991439     
   1503.66000000000     
   1612.26522630255     
   1629.72060945971     
   1503.66000000000     
   1821.32000000000     
   2205.66000000000     
   2427.11000000000     
   2589.72213168083     
   2632.11562264994     
   2913.38064287766     
   2927.77817844379     
   2878.60034678642     
   2819.06600818003     
   2670.70000000000     
   2642.98793338833     
   2427.11000000000     
   2427.11000000000     
   1984.46192241480     
   1503.66000000000     
   1229.84574511750     
   1307.42411540952     
   1654.93000000000     
   2004.34000000000     
   2205.66000000000     
   2427.11000000000     
   2608.28964508652     
   2670.70000000000     
   2843.99715905640     
   2917.55741607702     
   2938.64000000000     
   2912.32905397467     
   2938.64000000000     
   3198.98461321908     
   3378.41416221345     
   3415.17020270976     
   3457.08291429120     
   3499.35668030555     
   3557.57000000000     
   3611.08284523395     
   3603.94362470238     
   1816.63405391302     
   1488.50794160063     
   993.609428843881     
   999.040843691676     
   1186.63021445472     
   1317.53229236979     
   1324.13049782772     
   1282.84086771850     
   1241.12000000000     
   1241.12000000000     
   1616.29096612846     
   1654.93000000000     
   1654.93000000000     
   1707.22951892544     
   1703.08857858672     
   1503.66000000000     
   1444.02245264703     
   1503.66000000000     
   1821.32000000000     
   2004.34000000000     
   2205.66000000000     
   2311.20417656424     
   2205.66000000000     
   2323.86410157407     
   2427.11000000000     
   2811.66081000008     
   2836.00000000002     
   2670.70000000000     
   2670.70000000000     
   2427.11000000000     
   2163.04205517169     
   2004.17336683077     
   2205.66000000000     
   2474.38203754947     
   2465.68796194211     
   2427.11000000000     
   2670.70000000000     
   2779.25680002957     
   2670.70000000000     
   2351.46139555196     
   2339.31740717016     
   1959.56428314704     
   2133.66848083122     
   1821.32000000000     
   1795.94231871602     
   1366.14000000000     
   1794.82320082305     
   1813.19066777036     
   2004.34000000000     
   1953.05644607463     
   2133.39793043785     
   1919.93697257704     
   1950.68776193531     
   1940.28569511575     
   1821.32000000000     
   1813.42053839336     
   1818.21245973253     
   1792.66470941652     
   1757.28741981739     
   1654.93000000000     
   1654.93000000000     
   1198.07474491251     
   1630.58485226044     
   1654.93000000000     
   1654.93000000000     
   1649.71368906217     
   1589.98525393506     
   1366.14000000000     
   1366.14000000000     
   1006.09854900245     
   1024.13000000000     
   1111.40684555685     
   1127.46000000000     
   1241.12000000000     
   1366.14000000000     
   1366.14000000000     
   1487.60200226353     
   1503.66000000000     
   1565.97903110737     
   1559.31227552097     
   1503.66000000000     
   1488.36991521991     
   1479.18402750739     
   1449.78028635952     
   1424.68776853781     
   1362.70435779237     
   1221.59375477359     
   1241.12000000000     
   1336.29937567546     
   1366.14000000000     
   1366.14000000000     
   1503.66000000000     
   1654.93000000000     
   1723.26285806930     
   1654.93000000000     
   1654.93000000000     
   1588.50248580248     
   1503.66000000000     
   696.560000000000     
   507.609129969188     
   520.980000000000     
   664.522890331971     
   749.569266224526     
   1221.88753270706     
   1654.93000000000     
   1748.90766448411     
   1787.74772088961     
   1821.32000000000     
   2004.34000000000     
   2004.34000000000     
   2148.37000824540     
   2181.93898276574     
   2205.66000000000     
   2205.66000000000     
   2391.80258391609     
   2396.82247911718     
   2004.34000000000     
   2327.79591242090     
   2497.99856957332     
   2527.16558002058     
   2520.86635965281     
   2491.24164513779     
   2384.33410753665     
   2205.66000000000     
   2287.07912124362     
   2183.52093605496     
   2152.85896267493     
   2144.30923661627     
   2124.35048756632     
   2193.76054780657     
   2205.66000000000     
   2251.30824681357     
   2282.27219579215     
   2335.23404495818     
   2371.38576329827     
   2406.07564652749     
   2381.07122438247     
   2205.66000000000     
   2324.05536534137     
   2205.66000000000     
   1229.39018632101     
   2312.71623814786     
   2401.38042523390     
   2474.60411808409     
   2427.11000000000     
   2403.38070960509     
   2314.74241682873     
   2281.34622410623     
   2262.26428490666     
   2176.86178328811     
   1654.93000000000     
   1024.13000000000     
   2004.34000000000     
   2205.66000000000     
   2296.07675481842     
   2315.43443110495     
   2310.37498940260     
   2279.25032798432     
   2205.66000000000     
   2180.53813312208     
   2173.46302727306     
   2131.02791475250     
   2205.66000000000     
   2202.01415746031     
   1821.32000000000     
   1225.58991562520     
   416.929193129935     
   262.600000000000     
   675.056960468042     
   696.560000000000     
   814.647636653125     
   930.190000000000     
   844.790000000000     
   767.150000000000     
   752.945248348701     
   930.190000000000     
   1024.13000000000     
   1210.47577842728     
   1241.12000000000     
   1366.14000000000     
   1488.30302938505     
   1503.66000000000     
   1503.66000000000     
   1503.66000000000     
   2205.66000000000     
   2624.41416755909     
   2670.70000000000     
   2865.89483959886     
   2918.65742288940     
   2894.31200181227     
   2670.70000000000     
   2630.25173765558     
   2564.33963077072     
   2205.66000000000     
   2205.66000000000     
   2004.34000000000     
   1778.59845733240     
   1503.66000000000     
   1327.95926269674     
   1654.93000000000     
   1969.70004087511     
   2205.66000000000     
   2427.11000000000     
   2644.36083579027     
   2670.70000000000     
   2929.75842202096     
   2938.64000000000     
   2938.64000000000     
   3081.03044518087     
   2938.64000000000     
   3294.26828879244     
   3314.86501937080     
   3347.61445872662     
   3437.28681554031     
   3466.24782091175     
   3516.43198868142     
   3556.71678595979     
   3557.57000000000     
   3557.57000000000     
   1940.54453081060     
   1654.93000000000     
   1366.14000000000     
   1241.12000000000     
   1321.45029369309     
   1366.14000000000     
   1366.14000000000     
   1313.97201314651     
   1295.47983921550     
   1319.83412491463     
   1503.66000000000     
   1708.61887952900     
   1730.78001690675     
   1727.46851628351     
   1731.61031703606     
   1623.51428386082     
   1577.72001325398     
   1217.83629587365     
   1821.32000000000     
   1994.03215858457     
   2004.34000000000     
   2394.53375845364     
   2387.57155098029     
   2337.95090642574     
   2427.11000000000     
   2606.88152344154     
   2670.70000000000     
   2004.34000000000     
   1366.14000000000     
   1127.46000000000     
   1081.17807953121     
   1366.14000000000     
   1937.59362576535     
   2110.13559961512     
   2205.66000000000     
   2205.66000000000     
   2575.51124419672     
   2205.66000000000     
   2624.72672657162     
   2205.66000000000     
   2339.31740717016     
   1983.10223681623     
   1801.40456764180     
   1821.32000000000     
   1654.93000000000     
   1742.26605054306     
   1794.53143844523     
   1821.32000000000     
   1821.32000000000     
   1943.28759362435     
   2117.01811707328     
   2072.82294448550     
   1780.42069199269     
   1821.32000000000     
   1801.03908894668     
   1821.26221774840     
   1803.75682142333     
   1818.31250987816     
   1818.31250987816     
   1794.82485903102     
   1784.87273671797     
   1804.26876877257     
   1791.13730590774     
   1745.88007932671     
   1722.92688267612     
   1712.43939717362     
   1654.93000000000     
   1637.74851699385     
   1503.66000000000     
   1127.46000000000     
   1007.41797576817     
   1024.13000000000     
   987.021119605808     
   1024.13000000000     
   1127.46000000000     
   1193.82555386061     
   1366.14000000000     
   1496.95741976720     
   1570.15097717257     
   1550.46879813956     
   1465.33214607931     
   1460.04133256487     
   1479.55769459228     
   1448.93761234717     
   1366.14000000000     
   1366.14000000000     
   1114.35714930671     
   993.445826060681     
   1127.46000000000     
   1093.30689430058     
   1125.21334653685     
   1442.28738481505     
   1622.92996287965     
   1610.63872446488     
   1503.66000000000     
   1601.71841280624     
   1476.85382366237     
   1241.12000000000     
   574.030000000000     
   389.030000000000     
   412.194222661226     
   520.980000000000     
   696.560000000000     
   1241.12000000000     
   1600.85892433434     
   1654.93000000000     
   1768.90350913351     
   1821.32000000000     
   1975.75307391154     
   2004.34000000000     
   2192.22950150327     
   2205.66000000000     
   2284.37154272361     
   2355.51521912014     
   2390.29462809764     
   2384.61137227552     
   2132.73391601794     
   2004.34000000000     
   2424.30474463954     
   2520.07957773874     
   2519.50431841219     
   2418.95110725198     
   2320.15708951692     
   2205.66000000000     
   2322.37450359838     
   2184.54496999339     
   2165.38219166856     
   2131.18177496713     
   2129.20200521523     
   2125.12355743731     
   2148.56464321045     
   2205.66000000000     
   2293.59254918142     
   2330.71437924673     
   2341.87084544586     
   2348.33440175217     
   2335.97312060261     
   2291.61092560689     
   2336.75273789599     
   1995.92469617839     
   2004.34000000000     
   2326.08104435353     
   2427.11000000000     
   2427.11000000000     
   2413.62538501110     
   2340.77238366199     
   2309.73924362175     
   2266.40305463423     
   2188.17520337655     
   2004.34000000000     
   1024.13000000000     
   1926.23192003228     
   2004.34000000000     
   2149.60637124407     
   2197.74769492332     
   2205.66000000000     
   2205.66000000000     
   2169.02422759465     
   2004.34000000000     
   2122.01218160208     
   2097.70590752798     
   2004.34000000000     
   2004.34000000000     
   1633.17610000077     
   1127.46000000000     
   930.190000000000     
   262.600000000000     
   617.867338628796     
   607.388234095642     
   632.380000000000     
   756.798527258312     
   767.150000000000     
   562.304762297304     
   428.900000000000     
   352.780000000000     
   696.560000000000     
   926.558167561796     
   1024.13000000000     
   1088.77100123564     
   1241.12000000000     
   1321.00050361791     
   1359.19173494257     
   1217.32888077333     
   1327.06128871125     
   2418.04479971739     
   2670.70000000000     
   2823.44934083357     
   2895.43480846009     
   2907.12621230290     
   2824.70851696051     
   2628.56883777790     
   2418.80270553522     
   2205.04590972833     
   1913.32557126512     
   2004.34000000000     
   1991.11276692251     
   1654.93000000000     
   1640.25459153040     
   1654.93000000000     
   1971.52315839059     
   2151.57472422036     
   2332.78996944232     
   2427.11000000000     
   2670.70000000000     
   2845.98674898675     
   2938.64000000000     
   3079.28001664650     
   3142.03306538681     
   3181.68429550494     
   3226.50267641076     
   3334.74482897880     
   3361.18860374525     
   3376.27470703435     
   3389.77807917859     
   3448.25698417309     
   3460.61281942473     
   3233.37000000000     
   3695.21246238587     
   3828.88158426509     
   1975.69875750614     
   1821.32000000000     
   1613.76139387258     
   1503.66000000000     
   1366.14000000000     
   1417.26966548020     
   1337.32142606263     
   1024.13000000000     
   1328.12295983561     
   1323.48194538229     
   1503.66000000000     
   1713.67397626325     
   1733.72618613693     
   1749.34306261666     
   1741.76505832964     
   1654.93000000000     
   1480.76467467020     
   844.790000000000     
   1755.75598803908     
   2004.34000000000     
   2165.13944881256     
   2405.83224252663     
   2427.11000000000     
   2392.32285159238     
   2205.66000000000     
   2004.34000000000     
   1778.00222433969     
   1366.14000000000     
   1496.01825278591     
   1366.14000000000     
   1445.97643990147     
   1654.93000000000     
   1950.73589673981     
   1987.24958214618     
   2004.34000000000     
   1366.14000000000     
   1438.48450436740     
   2004.34000000000     
   2004.34000000000     
   1821.32000000000     
   1741.63320653672     
   1777.59913110683     
   1654.93000000000     
   1821.32000000000     
   1821.32000000000     
   1654.93000000000     
   1763.17314817883     
   1795.54971245377     
   1654.93000000000     
   1821.32000000000     
   1821.32000000000     
   1975.77661750108     
   1654.93000000000     
   1755.77163222033     
   1654.93000000000     
   1654.93000000000     
   1654.93000000000     
   1766.64541622839     
   1816.28451533971     
   1796.86855439966     
   1817.93538500114     
   1768.23604502571     
   1654.93000000000     
   1763.97202563699     
   1654.93000000000     
   1590.99171572111     
   1654.93000000000     
   1599.43442344239     
   1630.12069981435     
   1127.46000000000     
   1127.46000000000     
   986.706705370758     
   923.463305421676     
   1024.13000000000     
   1024.13000000000     
   1024.13000000000     
   1024.13000000000     
   1352.65564818592     
   1454.77006367411     
   1476.82490984942     
   1366.14000000000     
   1413.16436447485     
   1366.14000000000     
   1366.14000000000     
   1366.14000000000     
   1241.12000000000     
   1241.12000000000     
   1012.71412930847     
   632.380000000000     
   890.987554229196     
   930.190000000000     
   1024.13000000000     
   1202.10726336282     
   1366.14000000000     
   1366.14000000000     
   1366.14000000000     
   986.660675532555     
   574.030000000000     
   428.900000000000     
   289.850000000000     
   340.612209299184     
   472.750000000000     
   696.560000000000     
   1084.29249078760     
   1503.66000000000     
   1654.93000000000     
   1741.12941856599     
   1821.32000000000     
   1977.50860474651     
   2166.71368239986     
   2157.29929269309     
   2166.03859225244     
   2309.03185894396     
   2205.66000000000     
   2322.62129908356     
   2205.66000000000     
   2124.74721444562     
   2486.33747399939     
   2466.45691676972     
   2487.79503864174     
   2427.11000000000     
   2205.66000000000     
   2205.66000000000     
   2205.66000000000     
   2145.21948469771     
   2118.06762830644     
   2004.34000000000     
   2004.34000000000     
   2004.34000000000     
   2004.34000000000     
   2139.19026453096     
   2258.55856852889     
   2279.81155138668     
   2313.85603490643     
   2292.93329629868     
   2283.99225457122     
   2193.48743146183     
   2291.01250927580     
   2205.66000000000     
   2350.06636429961     
   2366.87205104519     
   2395.32906842125     
   2424.70431089278     
   2422.26267677741     
   2400.16107701754     
   2340.95894534741     
   2289.48152006855     
   2205.66000000000     
   2205.66000000000     
   1964.74963514713     
   2004.34000000000     
   1987.51672794704     
   2048.44787582833     
   2088.59745386909     
   2004.34000000000     
   2004.34000000000     
   2004.34000000000     
   2004.34000000000     
   1976.90841894239     
   1938.87123805872     
   1941.88987691761     
   1821.32000000000     
   1749.86912607779     
   1503.66000000000     
   1363.16635279422     
   1024.13000000000     
   520.980000000000     
   632.380000000000     
   574.030000000000     
   574.030000000000     
   428.900000000000     
   520.980000000000     
   386.615159629494     
   307.444919355531     
   319.820000000000     
   428.900000000000     
   378.404161311549     
   520.980000000000     
   767.150000000000     
   977.672031197957     
   1024.13000000000     
   1024.13000000000     
   767.150000000000     
   1654.93000000000     
   2205.66000000000     
   2427.11000000000     
   2795.90981243487     
   2829.15976569856     
   2670.70000000000     
   2381.06487160544     
   2380.24384902150     
   2107.45780209797     
   1810.00675089813     
   2004.34000000000     
   2004.34000000000     
   1821.32000000000     
   1821.32000000000     
   1821.32000000000     
   2144.65045642180     
   2205.66000000000     
   2400.42200162069     
   2427.11000000000     
   2634.31324839041     
   2670.70000000000     
   2876.05719321625     
   3024.36722333057     
   3108.94651540244     
   3166.31100293948     
   3217.50493736198     
   3233.37000000000     
   3346.12065343262     
   3356.71607494978     
   3376.85533930528     
   3399.48158609213     
   3418.64230412401     
   3400.33244636035     
   3233.37000000000     
   3729.04320400335     
   3855.19295357477     
   2162.88467829639     
   2107.29002382912     
   1821.32000000000     
   1654.93000000000     
   1648.73995526678     
   1467.49831175396     
   1366.14000000000     
   1366.14000000000     
   1358.30536042545     
   1342.40361273375     
   1470.55825827024     
   1654.93000000000     
   1756.75129136470     
   1743.70153819080     
   1733.06590136076     
   1705.00555782402     
   1241.12000000000     
   1241.12000000000     
   1627.28448646848     
   2004.34000000000     
   2157.85191510293     
   2339.74139826295     
   2387.36325211642     
   2323.86397606890     
   2004.34000000000     
   1450.99624955332     
   1503.66000000000     
   1503.66000000000     
   1446.42588251555     
   1406.51665631960     
   1024.13000000000     
   1241.12000000000     
   1654.93000000000     
   1933.90465150641     
   1918.29072924747     
   1503.66000000000     
   1241.12000000000     
   1366.14000000000     
   1366.14000000000     
   1434.91520945057     
   1726.66486656545     
   1489.33617721312     
   1503.66000000000     
   1654.93000000000     
   1794.88556503138     
   1503.66000000000     
   1503.66000000000     
   1654.93000000000     
   1503.66000000000     
   1585.07041724923     
   1366.14000000000     
   1746.98205396094     
   1349.83185836054     
   1588.44759493699     
   1503.66000000000     
   1434.96508904121     
   1503.66000000000     
   1127.46000000000     
   1654.93000000000     
   1744.04027112896     
   1654.93000000000     
   922.898994229482     
   980.115896532858     
   1654.93000000000     
   1894.60328129883     
   1503.66000000000     
   1813.84556764252     
   1503.66000000000     
   1654.93000000000     
   1503.66000000000     
   1241.12000000000     
   930.190000000000     
   905.595664563012     
   930.190000000000     
   1127.46000000000     
   1127.46000000000     
   1127.46000000000     
   1195.38207390631     
   1310.11652898640     
   1366.14000000000     
   1366.14000000000     
   1127.46000000000     
   1127.46000000000     
   1324.25074305813     
   1241.12000000000     
   1241.12000000000     
   1194.88929775993     
   1127.46000000000     
   923.169276922637     
   884.118561843514     
   906.508646895429     
   930.190000000000     
   1110.86810018387     
   1086.11813981526     
   1127.46000000000     
   812.615872328159     
   520.980000000000     
   520.980000000000     
   377.055098427754     
   289.850000000000     
   389.030000000000     
   567.980991901899     
   767.150000000000     
   1241.12000000000     
   1606.30072453749     
   1642.07265479863     
   1744.04924929091     
   1821.32000000000     
   1965.65733711799     
   2157.60347607342     
   2192.43721460309     
   2004.34000000000     
   2205.66000000000     
   2398.89332269324     
   2379.51640607788     
   2427.11000000000     
   2502.14812853765     
   2527.17214069962     
   2427.11000000000     
   2488.10067184153     
   2205.66000000000     
   2199.59858233357     
   2004.34000000000     
   1986.14914045310     
   1983.56208160352     
   1941.42127199663     
   1821.32000000000     
   1944.79379938677     
   1965.67183927783     
   2004.34000000000     
   2099.37291774343     
   2184.24814289724     
   2258.93484684768     
   2299.36872492472     
   2304.59965403993     
   2292.66924405379     
   2274.64589915530     
   2305.85140551013     
   2335.21596500522     
   2347.75094008099     
   2357.09049645684     
   2391.10906289489     
   2399.83202939829     
   2403.36982238394     
   2358.65305154046     
   2323.39443696230     
   2273.00360257853     
   2191.01055947222     
   2113.55419159846     
   2063.26108689686     
   2004.34000000000     
   2003.82626206292     
   1999.26243804238     
   2004.34000000000     
   1974.21865954178     
   1951.58051129607     
   1821.32000000000     
   1821.32000000000     
   1241.12000000000     
   1117.99095133909     
   1241.12000000000     
   1503.66000000000     
   1476.56951215624     
   1366.14000000000     
   1365.42919607423     
   767.150000000000     
   807.198388160180     
   807.198388160180     
   574.030000000000     
   389.030000000000     
   311.161834996816     
   280.417051145239     
   317.996086879914     
   115.564403560803     
   47.2899173013824     
   29.1015171943240     
   6.34719921295087     
   111.339523617373     
   231.725422560046     
   277.466635606718     
   574.030000000000     
   319.820000000000     
   472.750000000000     
   1195.22706327959     
   1759.66120915205     
   2204.40193047031     
   2427.11000000000     
   2369.48936064394     
   2169.35114672103     
   2111.48443552618     
   2004.34000000000     
   1366.14000000000     
   1821.32000000000     
   2004.34000000000     
   1950.12256519762     
   1990.59185393601     
   2142.56348131295     
   2205.66000000000     
   2364.70261342515     
   2427.11000000000     
   2580.51266607326     
   2577.58169509021     
   2751.26819054076     
   2670.70000000000     
   2938.64000000000     
   3052.77289115383     
   3130.26363741092     
   3192.02206365825     
   3222.27157623550     
   3233.37000000000     
   3354.77577057781     
   3380.47951634002     
   3398.50450896073     
   3412.69204003971     
   3386.73145143359     
   3413.29137616544     
   3233.37000000000     
   3751.73721672215     
   3861.32232210706     
   2392.04252861437     
   2325.02366150440     
   2004.34000000000     
   1821.32000000000     
   1793.82412577862     
   1654.93000000000     
   1490.78517230496     
   1436.28211152518     
   1366.14000000000     
   1330.24270938987     
   1477.98440936448     
   1654.93000000000     
   1768.29735634748     
   1755.72910584949     
   1733.55044988735     
   1740.07704159393     
   1241.12000000000     
   1449.13566274044     
   1241.12000000000     
   2097.77714262311     
   2154.42146610566     
   2338.08296055193     
   2314.62667708805     
   2349.07370972113     
   1648.81643975656     
   1503.66000000000     
   1503.66000000000     
   1503.66000000000     
   1344.39711642826     
   1222.39278779568     
   1010.09285519507     
   1464.92633324562     
   1755.74901325542     
   1366.14000000000     
   1878.66848244569     
   1443.59346419747     
   1636.59360122201     
   1654.93000000000     
   1503.66000000000     
   1503.66000000000     
   1654.93000000000     
   1503.66000000000     
   1366.14000000000     
   1241.12000000000     
   1626.48834755144     
   1503.66000000000     
   1366.14000000000     
   1366.14000000000     
   1503.66000000000     
   1366.14000000000     
   978.260532429140     
   1598.46819540144     
   1024.13000000000     
   1326.95648618909     
   1503.66000000000     
   1127.46000000000     
   1127.46000000000     
   1078.02189923677     
   1024.13000000000     
   1455.16516114654     
   1503.66000000000     
   824.195620905664     
   930.190000000000     
   1366.14000000000     
   1907.36598069585     
   1952.27255125998     
   1944.74715035265     
   1928.63664711522     
   1938.19356140840     
   1619.32573414931     
   1621.14983606332     
   1471.64904542483     
   1024.13000000000     
   916.676528422641     
   1127.46000000000     
   1241.12000000000     
   1091.57406481008     
   985.472616544365     
   1197.44322013774     
   1241.12000000000     
   1241.12000000000     
   844.790000000000     
   767.150000000000     
   1216.72564709575     
   1127.46000000000     
   1127.46000000000     
   1024.13000000000     
   1012.31934569512     
   922.001897508847     
   844.790000000000     
   844.790000000000     
   929.072703185432     
   984.089533403520     
   930.190000000000     
   757.385893233444     
   472.750000000000     
   472.347233638860     
   389.030000000000     
   276.280525186567     
   341.807147207103     
   470.422659887314     
   632.380000000000     
   1241.12000000000     
   1503.66000000000     
   1576.62411979697     
   1635.31700013979     
   1654.93000000000     
   1821.32000000000     
   2193.77859704220     
   2205.66000000000     
   2338.37438415791     
   2348.95898340898     
   2205.66000000000     
   2427.11000000000     
   2499.30497494879     
   2495.99085299900     
   2490.20508963780     
   2479.01700235102     
   2427.11000000000     
   2381.79957114021     
   2205.66000000000     
   2183.39520862792     
   2004.34000000000     
   1821.32000000000     
   1821.32000000000     
   1914.49661209186     
   1871.29068200202     
   1821.32000000000     
   1945.65261208680     
   1997.21598522273     
   2105.33157211266     
   2165.93648937189     
   2205.66000000000     
   2278.76135142256     
   2281.47036244582     
   2306.05850117948     
   2298.92039609656     
   2316.51602870193     
   2316.06962119595     
   2338.36789222404     
   2376.68529920192     
   2391.40926349337     
   2382.33670229304     
   2382.94197683793     
   2334.19798002379     
   2300.88667942981     
   2254.29571412540     
   2203.84074902654     
   2121.78008173866     
   2004.34000000000     
   1999.67485968461     
   1980.75343393014     
   1929.69540322637     
   1821.32000000000     
   1769.60522105875     
   1761.49575554352     
   1777.59517624641     
   1127.46000000000     
   825.292695996713     
   930.190000000000     
   1024.13000000000     
   1503.66000000000     
   1464.15553346680     
   1417.54405190259     
   1241.12000000000     
   1224.52660204856     
   1127.46000000000     
   574.030000000000     
   194.240032344080     
   114.806105021901     
   10.5235354626324     
 -9.900000000000000E+015
   13.0998503051064     
 -9.900000000000000E+015
 -9.900000000000000E+015
 -9.900000000000000E+015
 -9.900000000000000E+015
 -9.900000000000000E+015
 -9.900000000000000E+015
 -9.900000000000000E+015
 -9.900000000000000E+015
 -9.900000000000000E+015
 -9.900000000000000E+015
   215.290000000000     
   1097.53503336865     
   1619.41508986066     
   1744.89424366919     
   1654.93000000000     
   1633.11881552190     
   1654.93000000000     
   1503.66000000000     
   1654.93000000000     
   1929.36719365720     
   1937.65813635954     
   2004.34000000000     
   2205.66000000000     
   2365.52808445191     
   2427.11000000000     
   2563.60711095738     
   2639.88390421685     
   2667.05339085649     
   2670.70000000000     
   2807.72800097254     
   2915.87965601837     
   2938.64000000000     
   3090.67023388195     
   3142.74889754601     
   3233.37000000000     
   3302.11063767395     
   3310.43111537331     
   3310.62642033364     
   3233.37000000000     
   3414.54440561068     
   3440.63924548158     
   3429.31374843811     
   3450.88869896704     
   3233.37000000000     
   3739.92007659655     
   3815.78973847370     
   2414.98775909532     
   2389.67957452389     
   2205.66000000000     
   2268.35090428221     
   2003.35116463816     
   1821.32000000000     
   1654.93000000000     
   1589.18421055504     
   1503.06448344451     
   1484.65363548772     
   1468.97493676666     
   1449.42525720529     
   1778.19893604590     
   1763.24856684581     
   1778.21125622611     
   1776.99684386867     
   1503.66000000000     
   1503.66000000000     
   1503.66000000000     
   2004.34000000000     
   2164.24459133297     
   2161.90834876720     
   2383.53728820447     
   2110.02061416129     
   2074.66742296573     
   1821.32000000000     
   1759.37681493983     
   1581.02195453659     
   1241.12000000000     
   1024.13000000000     
   1010.10154087755     
   1634.16021404031     
   1884.24476528197     
   1602.28952097436     
   1821.32000000000     
   1654.93000000000     
   1580.38661554921     
   1654.93000000000     
   1503.66000000000     
   1366.14000000000     
   1654.93000000000     
   1503.66000000000     
   1124.56695887244     
   1020.62447534110     
   1366.14000000000     
   1503.66000000000     
   1366.14000000000     
   1127.46000000000     
   1503.66000000000     
   1127.46000000000     
   1024.13000000000     
   1554.54264102567     
   1353.80511216238     
   1241.12000000000     
   1366.14000000000     
   1237.26976128418     
   1366.14000000000     
   887.924732279200     
   632.380000000000     
   1003.30949627282     
   1127.46000000000     
   1503.66000000000     
   1450.69824543154     
   1821.32000000000     
   1902.03442455333     
   1972.28231877711     
   1954.14174110852     
   2004.34000000000     
   2024.57583994411     
   2026.41743889209     
   2035.86664264290     
   1807.19142527927     
   1738.69160394817     
   1654.93000000000     
   1503.66000000000     
   1503.66000000000     
   1127.46000000000     
   1121.27348242676     
   984.334380784533     
   1024.13000000000     
   1117.78951096436     
   1124.67832093911     
   1124.67832093911     
   1024.13000000000     
   889.148482627192     
   930.190000000000     
   930.190000000000     
   844.790000000000     
   844.704991067277     
   828.089986650901     
   833.365280177113     
   844.790000000000     
   844.790000000000     
   520.980000000000     
   418.186124590418     
   491.739530413821     
   503.744598159380     
   472.750000000000     
   457.885051285222     
   557.651294603798     
   887.781634592331     
   1127.46000000000     
   1454.23599633216     
   1503.66000000000     
   1552.06314171897     
   1597.83540192148     
   1743.20199695958     
   1821.32000000000     
   2231.59307881124     
   2253.53636607999     
   2205.66000000000     
   2205.66000000000     
   2427.11000000000     
   2452.98775716249     
   2427.11000000000     
   2465.52866597118     
   2427.11000000000     
   2427.11000000000     
   2422.16788326059     
   2191.70718332113     
   2121.75137023574     
   2004.34000000000     
   1821.32000000000     
   1812.85749627997     
   1821.32000000000     
   1808.14389411388     
   1813.65722681425     
   1821.32000000000     
   1917.97671369528     
   1977.82070708424     
   2058.09537315505     
   2109.83210107929     
   2156.70008278666     
   2205.66000000000     
   2264.12240327413     
   2257.10253308456     
   2294.53561783956     
   2314.31840051549     
   2315.66438555784     
   2328.95478722251     
   2357.36747857769     
   2369.21405355749     
   2365.66656010294     
   2363.87098461133     
   2331.69017550389     
   2302.14598912339     
   2256.13902763032     
   2205.63058421538     
   2155.16163629121     
   2004.34000000000     
   1946.49055183238     
   1821.32000000000     
   1761.74120267722     
   1742.45156250858     
   1633.14662422985     
   1502.58863422266     
   1503.66000000000     
   1024.13000000000     
   1340.50223169405     
   1366.14000000000     
   1305.11174608062     
   1366.14000000000     
   1467.72759477293     
   1366.14000000000     
   1503.66000000000     
   1440.08937394216     
   930.190000000000     
   192.640923632958     
   105.520000000000     
 -9.900000000000000E+015
 -9.900000000000000E+015
 -9.900000000000000E+015
 -9.900000000000000E+015
 -9.900000000000000E+015
 -9.900000000000000E+015
 -9.900000000000000E+015
 -9.900000000000000E+015
 -9.900000000000000E+015
 -9.900000000000000E+015
 -9.900000000000000E+015
 -9.900000000000000E+015
 -9.900000000000000E+015
 -9.900000000000000E+015
   82.6209202610796     
   844.790000000000     
   1024.13000000000     
   1192.83478203225     
   1337.19581235960     
   1317.15762606701     
   1437.61453884760     
   1654.93000000000     
   1800.75197166452     
   1821.32000000000     
   1972.70105065554     
   2205.66000000000     
   2427.11000000000     
   2541.63120256650     
   2629.99590318036     
   2670.70000000000     
   2670.70000000000     
   2801.43672744283     
   2834.68629517083     
   2899.49431247085     
   2938.64000000000     
   3046.13648914636     
   3134.46970615748     
   3196.08237306753     
   3233.37000000000     
   3312.57253777818     
   3347.92054615235     
   3350.24082811151     
   3341.36792649018     
   3233.37000000000     
   3443.62955496865     
   3452.20872830749     
   3435.59046674229     
   3233.37000000000     
   3739.11593265790     
   3814.94358430568     
   2427.11000000000     
   2422.45788481105     
   2352.91269152730     
   2285.92105249404     
   2201.42233916107     
   2004.34000000000     
   1979.14076151369     
   1821.32000000000     
   1654.93000000000     
   1653.20102988750     
   1646.27395490125     
   1602.35535251228     
   1735.42071551783     
   1765.05270030531     
   1801.12962254663     
   1806.86107080632     
   1814.93323617184     
   1503.66000000000     
   1654.93000000000     
   1821.32000000000     
   2162.48417620014     
   2191.93388326972     
   2149.98242908672     
   1790.24952862751     
   1654.93000000000     
   1775.01334641172     
   1654.93000000000     
   1609.12440418757     
   1435.86807103457     
   1185.23417944150     
   1127.46000000000     
   1633.74455353602     
   1925.49381689481     
   1811.53648914468     
   1821.32000000000     
   1796.46925329828     
   1366.14000000000     
   1366.14000000000     
   1503.66000000000     
   1241.12000000000     
   1503.66000000000     
   1495.46920059149     
   844.790000000000     
   767.150000000000     
   1127.46000000000     
   1460.62745796332     
   1241.12000000000     
   1203.51364652131     
   1503.66000000000     
   844.790000000000     
   1127.46000000000     
   1366.14000000000     
   1366.14000000000     
   1654.93000000000     
   1786.66780849757     
   1821.32000000000     
   1503.66000000000     
   1654.93000000000     
   1583.22949055555     
   1357.11498360872     
   1503.66000000000     
   1654.93000000000     
   1820.19011601281     
   1821.32000000000     
   1931.65003804248     
   1940.17664162872     
   1981.67348565584     
   1987.81844389045     
   2034.65683035047     
   2040.49082249875     
   2042.11156959929     
   2004.34000000000     
   1821.32000000000     
   1821.32000000000     
   1811.26692567899     
   1654.93000000000     
   1366.14000000000     
   1366.14000000000     
   1222.02993416459     
   844.790000000000     
   1018.64209334706     
   997.173865600579     
   889.195482148882     
   746.973837840848     
   832.869838022027     
   696.560000000000     
   767.150000000000     
   767.150000000000     
   736.123011478668     
   696.560000000000     
   610.880189507056     
   688.622248015017     
   389.030000000000     
   389.030000000000     
   428.900000000000     
   452.899020532943     
   499.738754032986     
   623.624696850674     
   696.560000000000     
   895.985125017188     
   1241.12000000000     
   1366.14000000000     
   1473.89769359991     
   1495.98629735312     
   1529.65037860426     
   1495.06638126173     
   1465.48991425030     
   1503.66000000000     
   2106.90053844077     
   2205.66000000000     
   2389.24667168933     
   2411.54871387662     
   2455.77719561174     
   2447.86676399853     
   2425.86110871281     
   2405.10233214963     
   2427.11000000000     
   2205.66000000000     
   2004.34000000000     
   1944.21977062541     
   1956.45600459749     
   1821.32000000000     
   1820.09244975397     
   1790.29349767119     
   1763.41178034026     
   1803.58080545242     
   1802.49151835328     
   1856.94221128811     
   1891.34082653655     
   1952.61882854761     
   2002.22446650738     
   2004.34000000000     
   2134.00280227195     
   2177.17062950182     
   2184.63337751715     
   2205.66000000000     
   2205.66000000000     
   2261.84852050252     
   2292.09596894327     
   2308.39063039461     
   2312.04536039253     
   2353.53556197018     
   2368.70554390935     
   2356.86607067227     
   2341.49973459175     
   2292.61546553901     
   2205.66000000000     
   2118.62326338062     
   1971.89680292812     
   1821.32000000000     
   1821.32000000000     
   1654.93000000000     
   1643.00125075449     
   1441.15398356959     
   1366.14000000000     
   1241.12000000000     
   1744.40842173187     
   1821.32000000000     
   1654.93000000000     
   1471.11606546255     
   1471.11606546255     
   1241.12000000000     
   1654.93000000000     
   2325.22888434684     
   1977.25724761044     
   1366.14000000000     
   389.030000000000     
   65.1916039941901     
 -9.900000000000000E+015
 -9.900000000000000E+015
 -9.900000000000000E+015
 -9.900000000000000E+015
 -9.900000000000000E+015
  -2.19000000000000     
 -9.900000000000000E+015
 -9.900000000000000E+015
 -9.900000000000000E+015
 -9.900000000000000E+015
 -9.900000000000000E+015
 -9.900000000000000E+015
 -9.900000000000000E+015
 -9.900000000000000E+015
 -9.900000000000000E+015
   60.8365846564680     
   548.091705368947     
   733.545255941869     
   1024.13000000000     
   1241.12000000000     
   1241.12000000000     
   1478.93148121281     
   1654.93000000000     
   1772.80771138037     
   1654.93000000000     
   2194.98487162969     
   2338.60836459086     
   2525.81195509385     
   2603.24244050126     
   2670.70000000000     
   2824.52611395214     
   2880.80241703582     
   2911.25662840151     
   2938.64000000000     
   2938.64000000000     
   3053.66888704503     
   3117.13294818604     
   3159.89413382835     
   3220.35139081421     
   3233.37000000000     
   3233.37000000000     
   3402.31520244023     
   3425.24608214696     
   3407.64342728132     
   3233.37000000000     
   3472.00910630768     
   3467.67366242378     
   3457.19810273508     
   3513.47621904862     
   3717.64614479793     
   3804.78494454618     
   2427.11000000000     
   2427.11000000000     
   2388.20452956095     
   2353.41297879853     
   2378.19017468693     
   2352.76414574285     
   2129.41341978103     
   2004.34000000000     
   2004.34000000000     
   2004.34000000000     
   1821.32000000000     
   1810.65453107043     
   1747.14536963056     
   1731.25540532939     
   1802.23235047178     
   1821.32000000000     
   1821.32000000000     
   1654.93000000000     
   1503.66000000000     
   1821.32000000000     
   1983.38187432003     
   2164.05892029920     
   2103.38738057424     
   1992.39056149863     
   1654.93000000000     
   1628.49689117961     
   1598.56771611082     
   1650.09180737215     
   1503.66000000000     
   1336.02118419740     
   1024.13000000000     
   1654.93000000000     
   1946.69796207936     
   1965.06061958217     
   1654.93000000000     
   1814.62807332579     
   1308.42733911562     
   1116.99553116783     
   1348.48463122201     
   1360.28337240869     
   1503.66000000000     
   1480.02189552173     
   1024.13000000000     
   1024.13000000000     
   1079.73506658287     
   1451.73437674423     
   1080.58450342946     
   1189.88251025984     
   1308.98401275024     
   930.190000000000     
   696.560000000000     
   1187.81286648983     
   1241.12000000000     
   1654.93000000000     
   2080.42255530219     
   2004.34000000000     
   1962.18181247379     
   1904.48218347409     
   1588.91379816562     
   1588.91379816562     
   1482.93872419771     
   1654.93000000000     
   1821.32000000000     
   1738.31811433835     
   1924.44264881985     
   1926.11007059359     
   2004.34000000000     
   2004.34000000000     
   2004.34000000000     
   2037.89780158223     
   2037.54713029214     
   2029.66110945002     
   1991.71974827336     
   1958.46997833658     
   1821.32000000000     
   1821.32000000000     
   1654.93000000000     
   1366.14000000000     
   1241.12000000000     
   918.623521666424     
   842.992843553409     
   1127.46000000000     
   930.190000000000     
   767.150000000000     
   696.560000000000     
   696.560000000000     
   696.560000000000     
   767.150000000000     
   668.411916117580     
   632.380000000000     
   562.445036224873     
   381.878168389779     
   352.780000000000     
   380.386310414445     
   376.521072395873     
   428.900000000000     
   574.030000000000     
   568.576671973600     
   844.790000000000     
   1230.04698929795     
   1411.73097135429     
   1427.67553119609     
   1423.63322638110     
   1366.14000000000     
   1127.46000000000     
   767.150000000000     
   806.923699479949     
   1503.66000000000     
   2129.77012575189     
   2269.24091280005     
   2314.09996496173     
   2205.66000000000     
   2004.34000000000     
   2004.34000000000     
   2205.66000000000     
   2004.34000000000     
   1802.07087790939     
   1816.96281949474     
   1821.32000000000     
   1821.32000000000     
   1821.32000000000     
   1821.32000000000     
   1793.01117734774     
   1773.06897376604     
   1734.54183063308     
   1748.57559764379     
   1821.06354640440     
   1821.32000000000     
   1876.07272460493     
   1892.77087633291     
   1821.32000000000     
   1953.43469759983     
   2004.34000000000     
   1978.66892772595     
   2157.68994647880     
   2004.34000000000     
   2127.02113044806     
   2186.73398114253     
   2282.33354864927     
   2292.28492246734     
   2275.12029564864     
   2303.21995095760     
   2326.46828345249     
   2326.63442583115     
   2306.63310020550     
   2205.66000000000     
   2143.16233845939     
   2004.34000000000     
   1790.42618494085     
   1749.38672233673     
   1654.93000000000     
   1503.66000000000     
   1366.14000000000     
   1241.12000000000     
   1441.01289602234     
   1920.29670988964     
   2205.66000000000     
   2337.59957327533     
   2195.66663105862     
   1939.56331967775     
   1459.94474298740     
   1919.30380123336     
   2900.07092320607     
   2670.70000000000     
   2004.34000000000     
   1123.95739981113     
   278.369901537068     
  -2.06000000000000     
 -9.900000000000000E+015
 -9.900000000000000E+015
 -9.900000000000000E+015
   176.170000000000     
   232.670218390973     
   235.094047087356     
   83.9691500009240     
   94.8688646250907     
   104.760792933549     
   92.1789530053220     
   19.9400000000000     
 -9.900000000000000E+015
 -9.900000000000000E+015
 -9.900000000000000E+015
 -9.900000000000000E+015
   94.9900000000000     
   159.230000000000     
   176.170000000000     
   1024.13000000000     
   1127.46000000000     
   1366.14000000000     
   1654.93000000000     
   1654.93000000000     
   1921.24245010134     
   2186.84856580245     
   2362.43534409727     
   2427.11000000000     
   2551.91168818517     
   2641.81596186563     
   2670.08582279832     
   2837.89572857228     
   2924.96301465513     
   2990.69348766402     
   3026.36837956934     
   3087.92954488937     
   3107.21759885790     
   3200.68254582225     
   3229.68867951217     
   3233.37000000000     
   3299.39592914191     
   3341.49000523457     
   3366.65384886094     
   3440.42798922757     
   3473.14270591548     
   3441.29296246713     
   3475.18090304055     
   3461.51543998307     
   3233.37000000000     
   3419.06341433755     
   3718.59083185775     
   3783.32540061933     
   2427.11000000000     
   2385.71670917939     
   2352.22695952942     
   2325.26194295251     
   2385.99022266748     
   2334.59835819577     
   2301.45197485442     
   2205.66000000000     
   2205.66000000000     
   2202.61670681966     
   2168.81938692211     
   2004.34000000000     
   1813.18874918614     
   1746.71164875265     
   1781.56985783812     
   1847.31317813143     
   1858.75387189206     
   1821.32000000000     
   1654.93000000000     
   1969.03910050015     
   1969.03910050015     
   2116.41138833404     
   2151.30982861949     
   2122.39327668732     
   1821.32000000000     
   1654.93000000000     
   1654.93000000000     
   1821.32000000000     
   1821.32000000000     
   1654.93000000000     
   1489.30655741612     
   1770.30186801919     
   1943.67872396054     
   1965.52312448532     
   1654.93000000000     
   1654.93000000000     
   1587.55633293257     
   1228.34616240626     
   1609.34212665645     
   1366.14000000000     
   1503.66000000000     
   1503.66000000000     
   1241.12000000000     
   1366.14000000000     
   1366.14000000000     
   1503.66000000000     
   1361.97038335922     
   1503.66000000000     
   1445.55232213048     
   1920.27357619559     
   1654.93000000000     
   1635.44341399447     
   1654.93000000000     
   1787.14662830189     
   2044.62905670523     
   1918.79175328771     
   1821.32000000000     
   1654.93000000000     
   1503.66000000000     
   1366.14000000000     
   1503.66000000000     
   1503.66000000000     
   1821.32000000000     
   2142.38398601255     
   1963.93681862337     
   1968.09144026147     
   1932.78768118053     
   1998.88987327618     
   1654.93000000000     
   2027.39504619779     
   2042.99097250614     
   2033.70822822389     
   2004.34000000000     
   1991.68371588765     
   1978.74678746845     
   1821.32000000000     
   1946.03268946470     
   1795.33027334986     
   1794.21475018057     
   1024.13000000000     
   1024.13000000000     
   1503.66000000000     
   1127.46000000000     
   767.150000000000     
   632.380000000000     
   632.380000000000     
   632.380000000000     
   669.071690676301     
   669.071690676301     
   572.449139046301     
   428.900000000000     
   374.292501537169     
   339.848463528845     
   319.820000000000     
   352.780000000000     
   456.733947346112     
   696.560000000000     
   993.754054095343     
   1202.81893453418     
   1230.04698929795     
   930.190000000000     
   1319.98525200265     
   1077.41546496960     
   567.501238485008     
   423.333769606741     
   389.030000000000     
   1215.78348724090     
   1654.93000000000     
   2004.34000000000     
   2205.66000000000     
   2205.66000000000     
   1821.32000000000     
   1790.36792385850     
   1973.82863461244     
   1654.93000000000     
   1654.93000000000     
   1654.93000000000     
   1654.93000000000     
   1654.93000000000     
   1654.93000000000     
   1654.93000000000     
   1821.32000000000     
   1801.80543168651     
   1799.17636490748     
   1771.82513580828     
   1795.17115943660     
   1804.81686425771     
   1821.32000000000     
   1880.72805719486     
   1821.32000000000     
   1821.32000000000     
   1821.32000000000     
   1654.93000000000     
   1241.12000000000     
   1654.93000000000     
   1654.93000000000     
   2004.34000000000     
   2105.01223716950     
   2128.04699417042     
   2205.66000000000     
   2205.66000000000     
   2268.21009548979     
   2300.64087300791     
   2295.30252669942     
   2288.81806011314     
   2140.45736420677     
   1821.32000000000     
   1821.32000000000     
   1746.99373773938     
   1654.93000000000     
   1493.58798658303     
   1324.72155163843     
   1241.12000000000     
   1458.09979281777     
   1821.32000000000     
   2205.66000000000     
   2427.11000000000     
   2573.55472709472     
   2370.80673746231     
   1821.32000000000     
   1790.53107937816     
   3160.96607090665     
   2938.64000000000     
   2938.64000000000     
   2129.38598636951     
   844.790000000000     
   262.600000000000     
   85.4100000000000     
 -9.900000000000000E+015
 -9.900000000000000E+015
   49.0700000000000     
   615.703901366003     
   811.714300287827     
   603.279525179699     
   632.380000000000     
   696.560000000000     
   844.790000000000     
   194.800000000000     
   105.520000000000     
   377.306002013387     
   383.538460351902     
   428.900000000000     
   767.150000000000     
   632.380000000000     
   261.842125824561     
   389.030000000000     
   1190.48244537286     
   1241.12000000000     
   1310.12520955321     
   1478.31547732182     
   1783.25063779145     
   2004.34000000000     
   2205.66000000000     
   2404.52042728089     
   2427.11000000000     
   2644.27113471784     
   2670.70000000000     
   2819.57573809930     
   2844.65606214402     
   2925.35057593835     
   3028.92251923769     
   3090.71822594153     
   3116.11883714838     
   3169.56185505145     
   3207.40190009134     
   3233.37000000000     
   3326.96915745498     
   3348.56942649357     
   3404.03363945335     
   3428.14289526730     
   3460.40683864307     
   3517.75293160178     
   3510.57522835230     
   3535.21625576186     
   3472.85285783254     
   3523.52346335757     
   3557.57000000000     
   3693.68819306120     
   3735.47667336600     
   2192.50741305154     
   2205.66000000000     
   2427.11000000000     
   2427.11000000000     
   2423.43216535092     
   2402.41752380870     
   2352.86431139988     
   2316.14218234197     
   2316.61902891283     
   2205.66000000000     
   2205.66000000000     
   2205.66000000000     
   2004.34000000000     
   1795.26863919022     
   1821.32000000000     
   1841.18033364057     
   1855.43083999011     
   1869.67733921923     
   1821.32000000000     
   1941.42619245943     
   2004.34000000000     
   2004.34000000000     
   2151.66024432332     
   2145.95048849376     
   1956.92930142279     
   1821.32000000000     
   1821.32000000000     
   1985.92047782482     
   1998.65072103680     
   2003.18497770079     
   1821.32000000000     
   1649.09092245391     
   1777.40188979584     
   1920.49406246970     
   1654.93000000000     
   1241.12000000000     
   1976.90759093441     
   1503.66000000000     
   1821.32000000000     
   1793.56543335012     
   1654.93000000000     
   1748.08652675464     
   1592.99863757774     
   1582.71979376633     
   1591.69583383656     
   1821.32000000000     
   1935.41867183360     
   2427.11000000000     
   2427.11000000000     
   2427.11000000000     
   2427.11000000000     
   2341.80524510211     
   2170.51420587793     
   1914.90232644532     
   1755.92451122754     
   1654.93000000000     
   1438.16880221039     
   1503.66000000000     
   1366.14000000000     
   1503.66000000000     
   1654.93000000000     
   2004.34000000000     
   2137.10083034784     
   2149.91021712607     
   2157.77666782101     
   2109.12556282703     
   1977.25352868101     
   1968.89590682459     
   1953.39926262130     
   1946.07470200940     
   2004.34000000000     
   2004.34000000000     
   2004.34000000000     
   1998.10276126385     
   1977.94167927768     
   1977.06493665449     
   1966.40682920191     
   1941.14982633691     
   1910.68501973955     
   1894.32585870794     
   1869.45721434158     
   1876.86037125946     
   1503.66000000000     
   1241.12000000000     
   739.597922252365     
   563.503133781734     
   574.030000000000     
   604.129915306963     
   615.064035185671     
   574.030000000000     
   574.030000000000     
   389.030000000000     
   286.956900352446     
   319.820000000000     
   251.857754760295     
   428.900000000000     
   734.978402948516     
   985.749983514485     
   1127.46000000000     
   1124.83369701565     
   930.190000000000     
   926.743478908285     
   681.256014239411     
   844.790000000000     
   1241.12000000000     
   1466.89043132914     
   1654.93000000000     
   1976.48468469699     
   2004.34000000000     
   2004.34000000000     
   1746.85393386614     
   1503.66000000000     
   1318.21914203891     
   1503.66000000000     
   1503.66000000000     
   1650.96976476621     
   1654.93000000000     
   1654.93000000000     
   1654.93000000000     
   1754.40138218150     
   1784.89915163221     
   1814.63414091881     
   1810.74976567722     
   1801.56271203451     
   1768.87795195195     
   1782.40740135387     
   1801.85282692375     
   1821.32000000000     
   1819.17064332569     
   1778.26661688015     
   1625.39741668892     
   1366.14000000000     
   1191.49322108723     
   1024.13000000000     
   1123.96625614624     
   1366.14000000000     
   1606.72255747711     
   1951.69558646895     
   2149.44101499565     
   2156.45441660159     
   2205.66000000000     
   2255.36151350440     
   2265.95121029390     
   2271.64691468651     
   2205.66000000000     
   2125.89641016118     
   2072.76594561616     
   1978.77884538090     
   1821.32000000000     
   1614.85567161532     
   1354.73381675323     
   1121.18962336993     
   1127.46000000000     
   1937.71996213853     
   2205.66000000000     
   2427.11000000000     
   2578.25319385195     
   2655.74439436542     
   2553.37155537299     
   2205.66000000000     
   2836.78149069196     
   3233.37000000000     
   3230.22353440901     
   3220.83236100974     
   2205.66000000000     
   1766.08691791092     
   1366.14000000000     
   689.377094438916     
   117.100000000000     
   137.190252300751     
   829.490119357039     
   1024.13000000000     
   1024.13000000000     
   930.190000000000     
   1116.76055632467     
   1024.13000000000     
   1227.17278242059     
   903.502382707619     
   836.358671317754     
   995.803662113994     
   1016.44716999597     
   1198.81507809305     
   1241.12000000000     
   1241.12000000000     
   1127.46000000000     
   622.947459384647     
   1366.14000000000     
   1654.93000000000     
   1503.66000000000     
   1745.90886013533     
   1580.05565037331     
   1917.14698593932     
   2360.92309637273     
   2427.11000000000     
   2670.70000000000     
   2670.70000000000     
   2796.05253420082     
   2829.32179191601     
   2895.37121660739     
   2938.64000000000     
   3079.24928568841     
   3117.54432214946     
   3162.78108477396     
   3184.68986197267     
   3233.37000000000     
   3233.37000000000     
   3376.82149668867     
   3431.43191514487     
   3450.40349680907     
   3469.77795654160     
   3516.01287732036     
   3507.16755087154     
   3583.00596584473     
   3557.57000000000     
   3557.57000000000     
   3647.19467459146     
   3677.89910051597     
   3743.36961360598     
   3796.37127894167     
   2427.11000000000     
   2513.35612895308     
   2540.66170646019     
   2512.79754643128     
   2427.11000000000     
   2427.11000000000     
   2378.84263525129     
   2323.82247425052     
   2328.91433197848     
   2305.55906321929     
   2280.13566795981     
   2263.40824343295     
   2202.05438466198     
   1928.85580977810     
   1809.92202076649     
   1803.88062627975     
   1821.32000000000     
   1821.32000000000     
   1913.80809433076     
   1895.87997714458     
   1948.70493280551     
   1770.76648531532     
   1634.89129672226     
   2092.75091371983     
   1967.08962622033     
   1920.85960123550     
   1912.29586005765     
   1821.32000000000     
   1821.32000000000     
   1970.72672644984     
   1990.40654361754     
   1917.08354759132     
   1359.91698966587     
   1654.93000000000     
   1809.01576726440     
   1503.66000000000     
   1991.51512853981     
   1821.32000000000     
   2004.34000000000     
   2004.34000000000     
   1756.61274993823     
   1821.32000000000     
   1821.32000000000     
   1654.93000000000     
   1782.09506983519     
   2188.53106146310     
   2107.25201917656     
   2427.11000000000     
   2638.14007510216     
   2670.70000000000     
   2670.70000000000     
   2670.70000000000     
   2670.70000000000     
   2205.66000000000     
   1821.32000000000     
   1758.42018033856     
   2004.34000000000     
   1654.93000000000     
   1773.49194478525     
   2004.34000000000     
   1989.38185370428     
   2146.48936730383     
   2132.47821463301     
   2118.92001831591     
   1992.13947053665     
   2004.34000000000     
   1952.31829307972     
   1907.59771740559     
   1821.32000000000     
   1979.88396462554     
   2003.90275315024     
   2004.34000000000     
   2004.34000000000     
   1979.18593590665     
   1952.42539784889     
   1992.84286742553     
   1966.02508402299     
   1952.35536907287     
   1925.55358656155     
   1913.77073106577     
   1899.55450777096     
   1866.24500106477     
   1821.32000000000     
   1642.32503345469     
   1127.46000000000     
   512.334720784005     
   472.750000000000     
   472.750000000000     
   562.749875570083     
   1127.46000000000     
   1127.46000000000     
   693.015776325315     
   421.274385227233     
   254.769480137594     
   289.850000000000     
   696.560000000000     
   1116.18614641389     
   1222.53929711415     
   1230.06725581668     
   1223.33405202156     
   1024.13000000000     
   733.880501583760     
   668.387990262235     
   1127.46000000000     
   1366.14000000000     
   1503.66000000000     
   1654.27545261945     
   1906.33168573495     
   1821.32000000000     
   1589.86812303988     
   1503.66000000000     
   1220.21969843175     
   1366.14000000000     
   1503.66000000000     
   1619.61545203780     
   1654.93000000000     
   1762.00584226409     
   1800.59689516713     
   1789.83710180885     
   1778.90775499415     
   1801.71365780708     
   1814.56041105659     
   1806.55796112281     
   1799.88815738920     
   1766.65243367014     
   1782.30696615370     
   1806.17291713476     
   1821.32000000000     
   1781.57557813473     
   1503.66000000000     
   1366.14000000000     
   1209.71270105880     
   1199.73115197818     
   994.706079091223     
   1024.13000000000     
   1306.34784890775     
   1755.74820771184     
   1914.23733889764     
   2004.34000000000     
   2140.51116981750     
   2198.77808502415     
   2243.84558568604     
   2205.66000000000     
   2205.66000000000     
   2205.66000000000     
   2155.16436490059     
   2100.86561603214     
   1965.61107270204     
   1821.32000000000     
   1593.55658766390     
   1127.46000000000     
   924.312913576319     
   1654.93000000000     
   2144.51722042055     
   2546.74741696080     
   2600.02469396824     
   2669.71101410271     
   2670.70000000000     
   2640.23507306662     
   2427.11000000000     
   3233.37000000000     
   3109.73373846953     
   3229.47460445000     
   3166.90763907340     
   2917.43507779668     
   2427.11000000000     
   1503.66000000000     
   989.071477536036     
   844.790000000000     
   930.190000000000     
   1241.12000000000     
   1308.04051264218     
   1127.46000000000     
   1123.53269525212     
   1241.12000000000     
   1459.67314628874     
   1474.22081758735     
   1241.12000000000     
   1479.18845426926     
   1366.14000000000     
   1503.66000000000     
   1594.72792616859     
   1789.22115418602     
   1821.32000000000     
   1654.93000000000     
   1304.38619435359     
   1490.54317652854     
   2004.34000000000     
   1930.36515172898     
   2000.45904983068     
   2105.48572814766     
   1972.17844368045     
   2205.66000000000     
   2556.80077160235     
   2670.70000000000     
   2861.33543377116     
   2884.04503374759     
   2938.64000000000     
   3045.28287883947     
   2938.64000000000     
   3078.61982295539     
   3177.67575283150     
   3192.55726184425     
   3222.46099568134     
   3233.37000000000     
   3233.37000000000     
   3382.32318789872     
   3440.75470713108     
   3470.59591112331     
   3500.94470005646     
   3523.92328106496     
   3542.10375294296     
   3582.21544030611     
   3557.57000000000     
   3617.02740857411     
   3644.84886829034     
   3661.56754818338     
   3734.78993737143     
   3774.90982395332     
   2571.98184577912     
   2596.79976602226     
   2608.17537991221     
   2555.60525174586     
   2522.16750961342     
   2427.11000000000     
   2335.06507485387     
   2324.74998062917     
   2311.53466928285     
   2326.06183768827     
   2299.55746892747     
   2277.82157701444     
   2205.66000000000     
   2204.43775509774     
   1975.54460406640     
   1821.32000000000     
   1821.32000000000     
   1880.89716556287     
   1897.88778953028     
   1924.70881728717     
   1821.32000000000     
   1599.04317418882     
   1441.53763014659     
   1619.25997428241     
   1503.66000000000     
   1589.70666556426     
   1503.66000000000     
   1755.33055141767     
   1654.93000000000     
   1821.32000000000     
   1985.07056163062     
   1982.64770456967     
   1366.14000000000     
   1241.12000000000     
   1809.01576726440     
   1821.32000000000     
   1991.51512853981     
   2131.51618348082     
   1936.45249156250     
   2139.14772088963     
   2168.66079906719     
   1821.32000000000     
   2004.34000000000     
   1768.19169863169     
   1765.62427186125     
   2205.66000000000     
   2205.66000000000     
   2205.66000000000     
   2427.11000000000     
   2918.59245982127     
   2938.64000000000     
   3069.77551049402     
   3030.35300892912     
   2905.27720672569     
   2604.74734690251     
   2427.11000000000     
   2427.11000000000     
   2333.37572621877     
   2205.66000000000     
   2205.66000000000     
   2115.75830176862     
   2171.75392128292     
   2188.72255142705     
   2004.34000000000     
   1943.36791195787     
   1821.32000000000     
   1821.32000000000     
   1821.32000000000     
   1805.54236422147     
   1821.32000000000     
   1976.14066633029     
   2001.03132768133     
   1988.80829744864     
   1982.83298072633     
   1924.06701159370     
   1925.32115695804     
   1938.08236535237     
   1931.63049014773     
   1936.37281270376     
   1821.32000000000     
   1871.75559732183     
   1821.32000000000     
   1802.75456830073     
   1652.02966443487     
   1366.14000000000     
   671.433500948921     
   676.462701795297     
   1366.14000000000     
   1475.87900379747     
   1117.98287871485     
   742.576045762505     
   167.821137982123     
   172.910472792911     
   316.947698206803     
   352.780000000000     
   930.190000000000     
   1127.46000000000     
   1127.46000000000     
   930.190000000000     
   844.790000000000     
   767.150000000000     
   1227.99151731620     
   1357.84728211325     
   1357.84728211325     
   1331.97168098869     
   1454.65721859792     
   1638.20941985154     
   1780.68946295640     
   1654.93000000000     
   1591.81000000000     
   1366.14000000000     
   1241.12000000000     
   1366.14000000000     
   1616.01437841135     
   1734.17651584452     
   1803.12652474739     
   1805.16062168465     
   1807.17362043512     
   1809.38353739708     
   1808.85974087024     
   1807.65040321903     
   1817.79248070117     
   1812.16425425926     
   1810.11528008209     
   1787.86982344232     
   1785.40293637925     
   1795.07192068099     
   1801.76209528909     
   1729.00413966290     
   1503.66000000000     
   1366.14000000000     
   1241.12000000000     
   1241.12000000000     
   1024.13000000000     
   986.994454944764     
   1335.77887250909     
   1654.93000000000     
   1795.58311597861     
   2004.34000000000     
   2205.66000000000     
   2191.20526895668     
   2205.66000000000     
   2188.83443992644     
   2166.30256375246     
   2149.82866101401     
   2004.34000000000     
   1989.54976125155     
   1821.32000000000     
   1759.92199606287     
   1503.66000000000     
   996.179631801061     
   1815.26277349266     
   2205.66000000000     
   2203.38370292365     
   2205.66000000000     
   2205.66000000000     
   2670.70000000000     
   2670.70000000000     
   2914.47551376943     
   3169.16226158466     
   3233.37000000000     
   3226.66884855140     
   3205.12772959324     
   3073.12034386912     
   2881.74635382371     
   2593.29862420029     
   2004.34000000000     
   1654.93000000000     
   1604.51856198825     
   1637.22005921648     
   1503.66000000000     
   1366.14000000000     
   1187.39062913067     
   1127.46000000000     
   1503.66000000000     
   1739.59411615561     
   1654.93000000000     
   1476.83336649452     
   1493.18493717298     
   1620.32231799604     
   1654.93000000000     
   1821.32000000000     
   2004.34000000000     
   2004.34000000000     
   2004.34000000000     
   2004.34000000000     
   1821.32000000000     
   2205.66000000000     
   2205.66000000000     
   2205.66000000000     
   2205.66000000000     
   2205.66000000000     
   2205.66000000000     
   2562.22149559896     
   2670.70000000000     
   2898.28067824076     
   2938.64000000000     
   2938.64000000000     
   3063.86427573173     
   3109.70684592312     
   3190.55944395847     
   3222.97455458333     
   3233.37000000000     
   3284.82512409812     
   3303.14259295270     
   3317.76889577842     
   3369.77405099563     
   3455.50849179145     
   3492.92114124614     
   3498.33516706257     
   3537.76470640307     
   3557.57000000000     
   3600.59321415735     
   3613.66174274974     
   3627.99671214078     
   3648.64473056332     
   3656.01283994656     
   3729.28187788335     
   3759.22445072123     
   2615.50578770360     
   2637.44641395696     
   2657.18120452491     
   2562.65809251019     
   2539.47888816715     
   2427.11000000000     
   2361.86852255060     
   2354.38465156122     
   2375.04050411357     
   2359.76878366362     
   2316.76025483484     
   2294.28768498733     
   2205.66000000000     
   2205.66000000000     
   2159.13917388759     
   1987.75844041951     
   1821.32000000000     
   1821.32000000000     
   1902.60030222469     
   1893.14078382174     
   1881.23876859377     
   1861.51561004205     
   1742.93983103976     
   1503.66000000000     
   1366.14000000000     
   1024.13000000000     
   930.190000000000     
   1366.14000000000     
   1654.93000000000     
   1938.47077269647     
   2004.34000000000     
   2004.34000000000     
   1821.32000000000     
   1654.93000000000     
   1898.74262520383     
   1924.63604174459     
   1990.27076638419     
   2129.44873918419     
   2156.96077834998     
   2178.68662332365     
   2179.75612581699     
   2172.83154045290     
   2135.05307880841     
   2139.53691627801     
   1821.32000000000     
   2004.34000000000     
   2320.82335713323     
   2408.74482588239     
   2394.04321067365     
   2418.14515383476     
   2553.99283523258     
   2670.70000000000     
   2867.52095033551     
   2938.64000000000     
   2938.64000000000     
   2670.70000000000     
   2603.69045332547     
   2427.11000000000     
   2427.11000000000     
   2205.66000000000     
   2205.66000000000     
   2004.34000000000     
   2200.63413940134     
   2222.34245868766     
   1821.32000000000     
   1654.93000000000     
   1654.93000000000     
   1808.12913787180     
   1643.96381353757     
   1654.93000000000     
   1821.32000000000     
   1821.32000000000     
   1923.62371472995     
   1933.78445365076     
   1802.14769017899     
   1819.95836230316     
   1930.90013633690     
   1914.80777352100     
   1821.32000000000     
   1796.86866356719     
   1750.76370744830     
   1806.30641059186     
   1644.34484178589     
   1454.29638768081     
   1320.34185278337     
   930.190000000000     
   2112.20910394639     
   2205.66000000000     
   1475.87900379747     
   1127.46000000000     
   835.185228323102     
   682.117418352049     
   520.980000000000     
   696.560000000000     
   927.002045818280     
   1123.47664158450     
   1127.46000000000     
   930.190000000000     
   930.149736297289     
   696.560000000000     
   732.137357658983     
   837.772542177392     
   930.190000000000     
   1241.12000000000     
   1346.25420176023     
   1556.68630602471     
   1599.00316369115     
   1580.24971353761     
   1503.66000000000     
   1461.27455099201     
   1125.02726212719     
   1241.12000000000     
   1503.66000000000     
   1654.93000000000     
   1812.08216807882     
   1821.32000000000     
   1833.00874804287     
   1832.38049210234     
   1831.28332213447     
   1821.32000000000     
   1817.85830382308     
   1813.82455148593     
   1814.85915852297     
   1813.77227898173     
   1793.72524762621     
   1778.44284226053     
   1763.93533777549     
   1654.93000000000     
   1647.92310037668     
   1503.66000000000     
   1503.66000000000     
   1445.99451002137     
   1313.27775934149     
   1238.32614077049     
   1366.14000000000     
   1607.09257476724     
   1654.93000000000     
   1821.32000000000     
   1821.32000000000     
   2004.34000000000     
   2004.34000000000     
   2138.40518754291     
   2120.99328835926     
   2108.85714123457     
   2081.91644790102     
   2004.34000000000     
   1962.77842838612     
   1821.32000000000     
   1637.71859547863     
   1473.85551698953     
   1604.32907955861     
   2004.34000000000     
   2205.66000000000     
   1325.93270422035     
   1963.82631306154     
   2670.70000000000     
   2670.70000000000     
   2670.70000000000     
   2938.64000000000     
   3233.37000000000     
   3215.89674613127     
   3215.36710481263     
   3098.58343055189     
   2938.64000000000     
   2841.89286577333     
   2611.17596159089     
   2205.66000000000     
   2004.34000000000     
   1951.29894447659     
   1648.73737704882     
   1503.66000000000     
   1654.93000000000     
   1654.93000000000     
   1784.26482333256     
   1821.32000000000     
   1923.39613272617     
   1915.54856414201     
   1654.93000000000     
   1654.93000000000     
   1915.73923826955     
   1975.12536793421     
   2004.34000000000     
   2205.66000000000     
   2205.66000000000     
   2425.68727671480     
   2420.94350487825     
   2318.73260263440     
   2364.57385519361     
   2427.11000000000     
   2427.11000000000     
   2417.66253276697     
   2651.06278228747     
   2608.22142271288     
   2670.70000000000     
   2827.11485234852     
   2938.64000000000     
   3075.13913756348     
   3109.47146229105     
   3155.66279817697     
   3177.26299743136     
   3208.76202875027     
   3233.37000000000     
   3314.47362807547     
   3335.02722979099     
   3343.30861995748     
   3343.86827641654     
   3359.06691840730     
   3409.35724376063     
   3478.38131539991     
   3512.03422502142     
   3518.78810197759     
   3557.57000000000     
   3580.69097744028     
   3590.53101128118     
   3557.57000000000     
   3628.82637699236     
   3662.73332708353     
   3704.90175224684     
   3737.36329955772     
   2670.70000000000     
   2667.64471082703     
   2427.11000000000     
   2511.76895103720     
   2427.11000000000     
   2408.57212505718     
   2415.16551339231     
   2404.27916875935     
   2408.70655533842     
   2408.70655533842     
   2361.68456146186     
   2314.75924379452     
   2205.66000000000     
   2170.47786264287     
   2179.28650189661     
   2108.55915235853     
   1990.12399809340     
   1935.34651562452     
   1919.35053022073     
   1910.96896418988     
   1903.48859511965     
   1897.36957568905     
   1905.02456762970     
   1820.90746468435     
   1482.12431378450     
   1127.46000000000     
   1004.08150739011     
   1024.13000000000     
   1821.32000000000     
   1944.55597086908     
   1959.04428625518     
   1992.76297641496     
   2000.20988888356     
   1981.15950742819     
   1945.61572834740     
   1821.32000000000     
   2004.34000000000     
   2126.82542462138     
   2107.93999049898     
   2004.34000000000     
   1821.32000000000     
   1341.16704799250     
   2094.32753866761     
   2101.19688579376     
   2129.12535122529     
   2162.38403709742     
   2205.66000000000     
   2392.64705491482     
   2205.66000000000     
   2199.98241667910     
   2004.34000000000     
   1821.32000000000     
   1821.32000000000     
   1965.04848868903     
   2205.66000000000     
   2347.98062294751     
   2345.55993590199     
   2396.59493297807     
   2205.66000000000     
   2205.66000000000     
   2004.34000000000     
   1948.68028862038     
   2182.87378759340     
   2220.93373468035     
   1743.99199979357     
   1440.70371529539     
   1489.96959835817     
   1654.93000000000     
   1454.01495792808     
   1638.73143545264     
   1758.62751976453     
   1821.32000000000     
   1821.32000000000     
   1799.25444094630     
   1654.93000000000     
   1819.95836230316     
   1803.12011948365     
   1778.34692242329     
   1821.32000000000     
   1314.47376764760     
   1366.14000000000     
   1599.60317378490     
   1443.82737790569     
   1024.13000000000     
   1821.32000000000     
   2587.72607491600     
   2642.56077298446     
   2592.36524898013     
   2379.64282268327     
   2004.34000000000     
   1503.66000000000     
   930.190000000000     
   761.912878718378     
   844.790000000000     
   930.190000000000     
   999.253317320939     
   520.980000000000     
   426.898276956404     
   520.980000000000     
   628.824172298134     
   968.924606489640     
   1000.97154229956     
   980.430990333306     
   930.190000000000     
   1241.12000000000     
   1457.97609522556     
   1241.12000000000     
   930.190000000000     
   930.190000000000     
   1122.47545928000     
   1241.12000000000     
   1366.14000000000     
   1636.50555001439     
   1809.67513922109     
   1832.22872598027     
   1836.20761733782     
   1839.07761815228     
   1839.99604775106     
   1839.56543098911     
   1832.85134332941     
   1831.08105288162     
   1821.32000000000     
   1821.32000000000     
   1821.32000000000     
   1806.91920508137     
   1765.79168134950     
   1734.35966012701     
   1635.73018377299     
   1606.41034075631     
   1601.25615316898     
   1601.25615316898     
   1341.06109845572     
   927.602457273189     
   1366.14000000000     
   1503.66000000000     
   1654.93000000000     
   1755.73118472249     
   1366.14000000000     
   930.190000000000     
   1344.12084335394     
   1821.32000000000     
   1923.36666511171     
   2004.34000000000     
   2004.34000000000     
   2004.34000000000     
   2004.34000000000     
   1941.93821306821     
   1809.38678498613     
   1503.66000000000     
   1654.93000000000     
   1962.88693360847     
   2004.34000000000     
   1817.15685174835     
   1366.14000000000     
   2205.66000000000     
   2427.11000000000     
   2670.70000000000     
   2670.70000000000     
   3188.12283749340     
   3171.53712814195     
   3091.59481627489     
   3157.14122630134     
   3052.95557845177     
   2938.64000000000     
   2427.11000000000     
   2205.66000000000     
   2151.48131909292     
   2004.34000000000     
   1503.66000000000     
   1639.90202809998     
   1654.93000000000     
   1821.32000000000     
   1969.59440120925     
   2004.34000000000     
   1958.04503683922     
   2004.34000000000     
   2004.34000000000     
   1915.31603816396     
   2004.34000000000     
   2004.34000000000     
   2173.19916067027     
   2200.77038517686     
   2205.66000000000     
   2427.11000000000     
   2541.83358024213     
   2578.51523830766     
   2617.71876578169     
   2592.43866902873     
   2632.27379095116     
   2617.83506779932     
   2623.30404877675     
   2670.70000000000     
   2852.26005126064     
   2897.06257603454     
   2898.38474734576     
   2938.64000000000     
   3135.85609890125     
   3211.40221342737     
   3233.37000000000     
   3292.07607514788     
   3233.37000000000     
   3352.91940414469     
   3346.92910662227     
   3390.04346323109     
   3381.70367070084     
   3356.08542833611     
   3385.70020542673     
   3411.20796005855     
   3446.02603430386     
   3479.04408261932     
   3497.65887300537     
   3466.96264063457     
   3540.92919017238     
   3494.35044289961     
   3233.37000000000     
   3557.57000000000     
   3667.96802745166     
   3458.79900544217     
   3214.84304312614     
   2670.70000000000     
   2593.30278368508     
   2427.11000000000     
   2507.42298155910     
   2427.11000000000     
   2423.62622238087     
   2376.19892781902     
   2368.65458156200     
   2366.59464203265     
   2393.81396689737     
   2342.41331102082     
   2315.34587631739     
   2297.73706962504     
   2205.66000000000     
   2258.85066351099     
   2205.66000000000     
   2189.84302152761     
   2004.34000000000     
   2001.52198300656     
   1959.36985579152     
   1938.41860545621     
   1911.39461661793     
   1921.35617003320     
   1920.14318819953     
   1654.93000000000     
   1353.91152963362     
   1079.11112992795     
   1024.13000000000     
   1626.44716683928     
   1934.48996926538     
   1952.89760841558     
   1821.32000000000     
   1941.36120660612     
   1948.45578526330     
   1941.45822827256     
   1941.88741808906     
   1821.32000000000     
   1821.32000000000     
   1631.39819358204     
   1364.63201708500     
   1211.66676568570     
   1366.14000000000     
   1615.75365175792     
   2004.34000000000     
   1973.94353557116     
   2166.95119849698     
   2331.35522000020     
   2427.11000000000     
   2427.11000000000     
   2492.08954193332     
   2473.38481932014     
   2487.98776268340     
   2155.79320407262     
   2004.34000000000     
   1792.11379004003     
   1654.93000000000     
   1503.66000000000     
   1821.32000000000     
   2004.34000000000     
   1969.15221773463     
   2004.34000000000     
   1821.32000000000     
   1654.93000000000     
   2004.34000000000     
   1789.45327195099     
   1241.12000000000     
   1127.46000000000     
   1449.43584514533     
   1241.12000000000     
   1468.63455304869     
   1654.93000000000     
   1801.40784432172     
   1821.32000000000     
   1808.44458242266     
   1646.99472859565     
   1747.52225148044     
   1602.62223738187     
   1654.93000000000     
   1793.74255668188     
   1793.74255668188     
   1503.66000000000     
   1241.12000000000     
   1503.66000000000     
   2205.66000000000     
   2427.11000000000     
   2657.18737544794     
   2666.79144417543     
   2657.52407794280     
   2596.30866279646     
   1619.33934107837     
   930.190000000000     
   561.088656378323     
   632.380000000000     
   767.150000000000     
   574.030000000000     
   252.757021128921     
   378.461340756618     
   414.239075498602     
   462.956181711497     
   520.980000000000     
   767.150000000000     
   893.130617034553     
   981.431116807764     
   844.790000000000     
   1186.87742850373     
   1241.12000000000     
   1003.55316183802     
   907.859972528808     
   929.013103622876     
   1126.49591165674     
   1241.12000000000     
   1441.28164292500     
   1654.93000000000     
   1821.32000000000     
   1832.07499896302     
   1835.79871418045     
   1837.25135424717     
   1821.32000000000     
   1846.09364901078     
   1835.62234936736     
   1833.48662085001     
   1832.78475837265     
   1821.32000000000     
   1821.32000000000     
   1796.82424210638     
   1782.62786332031     
   1731.10441959357     
   1620.50038099065     
   1562.71725603253     
   1241.12000000000     
   1127.46000000000     
   1087.76563138802     
   1503.66000000000     
   1652.96593595936     
   1652.96593595936     
   1623.74564189789     
   1719.63348779923     
   1024.13000000000     
   685.222446041308     
   607.797804322821     
   696.560000000000     
   1323.03232137145     
   1654.93000000000     
   1918.50810649322     
   1928.82162371258     
   1821.32000000000     
   1814.81459613509     
   1609.92296382309     
   1654.93000000000     
   1766.92604757714     
   1819.28720005630     
   1821.32000000000     
   1968.26502974891     
   2172.13483837697     
   2843.38283615916     
   2938.64000000000     
   3073.84419747281     
   3126.65505816195     
   3158.30207571278     
   2938.64000000000     
   2938.64000000000     
   2606.69042605177     
   2329.77230206826     
   2114.25745884523     
   1958.83969293354     
   1784.71438231852     
   1768.89737546085     
   1493.35024339306     
   1651.18324491251     
   1654.93000000000     
   2004.34000000000     
   2004.34000000000     
   2144.47865413462     
   2197.51371910342     
   2119.77347654971     
   2190.50998942405     
   2205.60487783722     
   2136.51388032166     
   2205.66000000000     
   2205.66000000000     
   2319.20786600422     
   2349.02459665957     
   2359.43086995380     
   2526.40876760726     
   2623.71853016616     
   2670.70000000000     
   2809.80054039863     
   2670.70000000000     
   2670.70000000000     
   2670.70000000000     
   2837.54790277355     
   2902.65524689972     
   2938.64000000000     
   2938.64000000000     
   2938.64000000000     
   2938.64000000000     
   3187.75147771406     
   3294.00800633884     
   3343.86113404463     
   3348.53009180174     
   3384.54520477883     
   3388.48936224545     
   3407.96390958977     
   3433.05618868268     
   3433.28584930875     
   3396.34953275523     
   3391.45299487142     
   3421.66807775654     
   3432.33213314645     
   3451.24643298436     
   3478.29275336835     
   3485.70539507457     
   3479.89443040847     
   3490.11733715171     
   3451.53619767781     
   3233.37000000000     
   3723.73281989068     
   3557.57000000000     
   3412.42189029368     
   2652.06589970372     
   2427.11000000000     
   2349.36148676627     
   2427.11000000000     
   2427.11000000000     
   2375.64590894385     
   2205.66000000000     
   2345.08148349461     
   2334.58596731824     
   2350.11177304244     
   2372.03259010559     
   2363.41231002941     
   2334.71332346058     
   2310.83634605356     
   2283.12962312894     
   2290.08214376108     
   2205.66000000000     
   2149.35297938875     
   2004.34000000000     
   2004.34000000000     
   2004.34000000000     
   1920.51307578080     
   1940.82615221386     
   1959.30106871788     
   1749.14029412805     
   1503.66000000000     
   1205.20017482578     
   1127.46000000000     
   1241.12000000000     
   1821.32000000000     
   1930.12813002731     
   1366.14000000000     
   1241.12000000000     
   1636.02563072590     
   1909.27815059204     
   1918.64386559695     
   1887.45660485059     
   1887.48197616639     
   1654.93000000000     
   1654.93000000000     
   1601.10407774209     
   1356.88584626261     
   1503.66000000000     
   1821.32000000000     
   2004.34000000000     
   2167.54471986043     
   2167.54471986043     
   2004.34000000000     
   1980.81827839789     
   2000.41308256196     
   2201.92169194593     
   2205.66000000000     
   2363.11973446261     
   2363.11973446261     
   1932.17630041248     
   1503.66000000000     
   1499.50132806313     
   1352.96676605130     
   1654.93000000000     
   1653.92706307002     
   1995.17002954648     
   1821.32000000000     
   1503.66000000000     
   1821.32000000000     
   1821.32000000000     
   1127.46000000000     
   914.119088539876     
   1114.02605779838     
   1089.27306198612     
   1216.40905863800     
   1472.10470401241     
   1764.17236646268     
   1751.24685062979     
   1788.84723704205     
   1821.32000000000     
   1366.14000000000     
   1654.93000000000     
   1654.93000000000     
   1816.24269979872     
   1786.36684897604     
   1770.90893423397     
   1821.32000000000     
   2149.58491938363     
   2418.06993434873     
   2658.03948109166     
   2670.70000000000     
   2670.70000000000     
   2655.86306177149     
   1821.32000000000     
   897.147309259083     
   695.700954875213     
   632.380000000000     
   574.030000000000     
   554.458136291810     
   497.889462775887     
   412.821828520837     
   411.058590827742     
   414.239075498602     
   374.887940664836     
   428.900000000000     
   696.560000000000     
   908.491863943189     
   1181.43350346766     
   1226.31682050449     
   1241.12000000000     
   991.539767585700     
   923.197066741138     
   1318.92396250211     
   1366.14000000000     
   1366.14000000000     
   1366.14000000000     
   1366.14000000000     
   1654.93000000000     
   1812.63557528715     
   1821.32000000000     
   1821.32000000000     
   1821.32000000000     
   1821.32000000000     
   1821.32000000000     
   1832.86385777322     
   1834.28015785789     
   1821.32000000000     
   1821.32000000000     
   1817.68824111609     
   1654.93000000000     
   1722.07763849847     
   1503.66000000000     
   1127.46000000000     
   765.427885584987     
   844.790000000000     
   1127.46000000000     
   1482.39111315336     
   1464.35908948392     
   1503.66000000000     
   1605.90758403765     
   1654.93000000000     
   1712.44036556628     
   1503.66000000000     
   1500.10044234240     
   1241.12000000000     
   767.150000000000     
   1127.46000000000     
   1484.26275109008     
   1654.93000000000     
   1810.39412674427     
   1746.94908852651     
   1606.77493105865     
   1366.14000000000     
   1641.43313831676     
   1642.86702215758     
   1503.66000000000     
   1366.14000000000     
   1748.21368813435     
   2620.14739901918     
   2938.64000000000     
   2938.64000000000     
   2938.64000000000     
   2938.64000000000     
   2843.28441299067     
   2151.39022960980     
   1741.31281040901     
   1366.14000000000     
   1503.66000000000     
   1231.77673762457     
   1024.13000000000     
   1127.46000000000     
   1241.12000000000     
   1654.93000000000     
   1795.68667115298     
   2111.49962801317     
   2205.66000000000     
   2205.66000000000     
   2297.80531373830     
   2205.66000000000     
   2205.66000000000     
   2304.41259078816     
   2354.15033763248     
   2205.66000000000     
   2514.82295080752     
   2536.97530545043     
   2427.11000000000     
   2427.11000000000     
   2427.11000000000     
   2605.23284636531     
   2761.29918669019     
   2822.89603869415     
   2867.35273297068     
   2938.64000000000     
   2938.64000000000     
   2888.31284277980     
   2886.00796809775     
   3070.80049655789     
   3118.23048130594     
   3158.48523323801     
   3158.77436157932     
   3140.26968273917     
   3233.37000000000     
   3341.18481183206     
   3386.94418299998     
   3425.42832295960     
   3438.02772627574     
   3401.47966762548     
   3442.62312261855     
   3450.47854089986     
   3478.13859108862     
   3451.47051413424     
   3405.44276582245     
   3413.55424081244     
   3453.95532133516     
   3454.49595181703     
   3473.14818550126     
   3504.03548025693     
   3507.10610206760     
   3541.23011969677     
   3554.93711083341     
   3500.85450904823     
   3754.91442810228     
   3700.07071072179     
   3636.20200370318     
   2550.37210601966     
   2422.78463862843     
   2385.86001101903     
   2418.88729396077     
   2409.19571660104     
   2386.98735646549     
   2205.66000000000     
   2205.66000000000     
   2284.98719769516     
   2288.82813208905     
   2336.98877689970     
   2341.56242811107     
   2372.80998283739     
   2357.61462383464     
   2311.84113322219     
   2287.09988573708     
   2205.66000000000     
   2158.70005888436     
   2132.16967367677     
   2004.34000000000     
   2004.34000000000     
   2004.34000000000     
   2004.34000000000     
   1963.13132320873     
   1803.62320626289     
   1730.00371523410     
   1447.42295043621     
   1127.46000000000     
   1241.12000000000     
   1206.37804711241     
   1241.12000000000     
   1217.10951256179     
   920.019945325563     
   737.042949383420     
   1238.52702192139     
   1799.63843888455     
   1821.32000000000     
   1808.22647133833     
   1877.93574502551     
   1919.28178463516     
   1956.99864957071     
   1821.32000000000     
   1654.93000000000     
   1821.32000000000     
   2004.34000000000     
   2164.39749354122     
   2004.34000000000     
   1821.32000000000     
   1654.93000000000     
   1457.41060242952     
   1501.84193032881     
   1598.97304223049     
   1617.87124844698     
   1821.32000000000     
   1634.63378095998     
   1634.63378095998     
   1632.10273518711     
   1602.97945971300     
   1654.93000000000     
   1366.14000000000     
   1821.32000000000     
   1627.08535581913     
   1353.69344682234     
   1654.93000000000     
   1821.32000000000     
   1312.47808970799     
   823.436722705260     
   690.299090083579     
   895.246340369786     
   762.592489842542     
   1090.04339422325     
   1494.81296275193     
   1584.26184100320     
   1629.54197300025     
   1821.32000000000     
   1818.42759650481     
   1588.74359965541     
   1366.14000000000     
   1758.68465993993     
   1626.52245722514     
   1941.98984690590     
   2131.72338955195     
   2571.36478482807     
   2630.77378232859     
   2670.70000000000     
   2670.70000000000     
   2585.91845378864     
   1786.24715533278     
   1019.75754991035     
   696.560000000000     
   696.560000000000     
   696.560000000000     
   751.475909219090     
   744.832526239997     
   696.560000000000     
   736.480962554752     
   632.380000000000     
   373.040369980946     
   159.230000000000     
   257.756637111179     
   319.820000000000     
   696.560000000000     
   1208.47650277983     
   1314.45251566450     
   1363.53911584969     
   1366.14000000000     
   1366.14000000000     
   1593.55059359820     
   1654.93000000000     
   1654.93000000000     
   1654.93000000000     
   1654.93000000000     
   1748.97036536632     
   1805.42038967760     
   1808.23102225410     
   1813.45923346650     
   1821.32000000000     
   1821.32000000000     
   1821.32000000000     
   1821.32000000000     
   1821.15393427235     
   1821.32000000000     
   1812.71642292362     
   1503.66000000000     
   1366.14000000000     
   1348.71675940233     
   927.554128485051     
   666.310270943916     
   901.159555899377     
   1458.95106575552     
   1577.82652881946     
   1581.88788936725     
   1613.00871988502     
   1621.64507020534     
   1642.81764516084     
   1654.93000000000     
   1654.93000000000     
   1642.19408351380     
   1583.68080603611     
   1555.77196743881     
   1599.74418320610     
   1503.66000000000     
   1503.66000000000     
   1503.66000000000     
   1622.83551876397     
   1595.95622501638     
   1351.30727189813     
   1569.04154516942     
   1576.70723980730     
   1366.14000000000     
   1024.13000000000     
   930.190000000000     
   1347.81171636886     
   2360.69139825347     
   2670.70000000000     
   2863.78054779252     
   2938.64000000000     
   2338.90034801977     
   1366.14000000000     
   1231.34228069260     
   1229.78636625937     
   1095.40779590523     
   1022.33437712127     
   930.190000000000     
   1080.33875451040     
   1320.71776973101     
   1654.93000000000     
   1953.89890464688     
   2190.88830379095     
   2273.84111720543     
   2309.02213201685     
   2357.49794344343     
   2379.29503208566     
   2375.30318342259     
   2381.39186375525     
   2388.19177863666     
   2427.11000000000     
   2427.11000000000     
   2586.85829538363     
   2599.67518275422     
   2670.70000000000     
   2563.03451559561     
   2670.70000000000     
   2670.70000000000     
   2670.70000000000     
   2875.11809825692     
   2938.64000000000     
   2938.64000000000     
   2938.64000000000     
   2938.64000000000     
   3045.06212149466     
   2938.64000000000     
   3223.41039286369     
   3233.37000000000     
   3233.37000000000     
   3226.31667336513     
   3233.37000000000     
   3362.65428517549     
   3434.89761266299     
   3456.27967914562     
   3478.44056959932     
   3450.80843522754     
   3436.77506970901     
   3468.25461741680     
   3502.25388215999     
   3490.69135348798     
   3458.38181732090     
   3424.70366529789     
   3477.20380573255     
   3498.05211132905     
   3500.70554982000     
   3491.80433469662     
   3551.45378010300     
   3557.57000000000     
   3557.57000000000     
   3557.57000000000     
   3764.91311128150     
   3557.57000000000     
   3529.70613567565     
   2427.11000000000     
   2367.11301226372     
   2391.14268499177     
   2399.71947025800     
   2412.07723978980     
   2390.42019974543     
   2299.30979003483     
   2294.32288630748     
   2298.98498715107     
   2290.98583887681     
   2301.99951161873     
   2306.50254880248     
   2299.95674318739     
   2322.34330174726     
   2361.61226185149     
   2315.27624045961     
   2276.67585313508     
   2205.66000000000     
   2193.36390945484     
   2153.85989920835     
   2117.50213021458     
   2076.79567798772     
   2004.34000000000     
   1821.32000000000     
   1743.39794085257     
   1736.88188159611     
   1586.13450085478     
   1241.12000000000     
   1241.12000000000     
   1241.12000000000     
   1005.21110187065     
   1024.13000000000     
   844.790000000000     
   767.150000000000     
   819.404877913612     
   1127.46000000000     
   1503.66000000000     
   1821.32000000000     
   1904.25196089760     
   1967.22484499573     
   2004.34000000000     
   1997.80682382207     
   1821.32000000000     
   2004.34000000000     
   2004.34000000000     
   2112.80351649495     
   2066.40013710782     
   1810.52902723638     
   1478.24975821531     
   1503.66000000000     
   1436.10823370985     
   1473.58481139275     
   1366.14000000000     
   1200.68980179827     
   1503.66000000000     
   1081.92737335533     
   1632.10273518711     
   1503.66000000000     
   1503.66000000000     
   1344.77747003020     
   1503.66000000000     
   1366.14000000000     
   1125.48612116196     
   1366.14000000000     
   1654.93000000000     
   1883.94085333776     
   990.962060355675     
   901.100102748653     
   1127.46000000000     
   844.790000000000     
   1069.87521661141     
   1108.57387062365     
   1366.14000000000     
   1447.65250558437     
   1503.66000000000     
   1654.93000000000     
   1446.28018925537     
   1307.15071654372     
   1820.58474763450     
   1820.58474763450     
   1806.66269051218     
   2205.66000000000     
   2624.43879791499     
   2670.70000000000     
   2670.70000000000     
   2205.66000000000     
   1236.03846447916     
   1008.92147652913     
   844.790000000000     
   632.380000000000     
   632.380000000000     
   736.610211113451     
   763.557797694654     
   828.543052885136     
   844.790000000000     
   809.248743642931     
   632.380000000000     
   381.592450543474     
   233.886112566846     
   236.133403886967     
   472.750000000000     
   835.870174645559     
   1315.07340614518     
   1356.56752181951     
   1355.53620207778     
   1503.66000000000     
   1618.69190818983     
   1651.89165714433     
   1241.12000000000     
   1342.02772443201     
   1821.32000000000     
   1794.71696374240     
   1811.49790285859     
   1760.87770051938     
   1771.82373641159     
   1782.65885517550     
   1810.69944300377     
   1814.24080572591     
   1821.32000000000     
   1811.55147397939     
   1811.25019156604     
   1785.31673414397     
   1654.93000000000     
   1366.14000000000     
   930.190000000000     
   352.780000000000     
   574.030000000000     
   844.790000000000     
   1503.66000000000     
   1542.83858050303     
   1570.87490131340     
   1604.68022851405     
   1617.78013133589     
   1617.59586624873     
   1631.04868090513     
   1654.93000000000     
   1654.93000000000     
   1642.55661799801     
   1601.86146774506     
   1503.66000000000     
   1503.66000000000     
   1475.62858969937     
   1453.70682565866     
   1467.11496713264     
   1366.14000000000     
   1339.34772500494     
   1337.90493527358     
   1494.54495619737     
   1495.31201641775     
   1210.57446991694     
   472.750000000000     
   276.964377171876     
   996.821301854856     
   1923.58906596133     
   2403.92530641487     
   2670.70000000000     
   2552.84942742750     
   1366.14000000000     
   1363.24689021853     
   766.835129214039     
   1004.85895570788     
   1082.35961530194     
   1095.18605443415     
   1127.46000000000     
   1241.12000000000     
   1503.66000000000     
   1821.32000000000     
   2004.34000000000     
   2205.66000000000     
   2338.15780041438     
   2383.97872271378     
   2417.60625383281     
   2427.11000000000     
   2427.11000000000     
   2496.75061626067     
   2427.11000000000     
   2549.33734543576     
   2573.93734409616     
   2670.70000000000     
   2793.44216711879     
   2876.21261337890     
   2670.70000000000     
   2670.70000000000     
   2795.01676586739     
   2893.44939911414     
   2931.86169097143     
   3128.63434013535     
   3151.10813318974     
   3159.17283326949     
   3135.10753550739     
   3104.26354275248     
   3165.51887308207     
   3233.37000000000     
   3233.37000000000     
   3347.13476455031     
   3233.37000000000     
   3351.20871760262     
   3394.07664522438     
   3486.04365540577     
   3503.90395763799     
   3528.00315308453     
   3519.70826069823     
   3474.30529017886     
   3489.84614864757     
   3514.77703797100     
   3534.52860249652     
   3545.59011084183     
   3233.37000000000     
   3557.57000000000     
   3546.80586320710     
   3555.84787129400     
   3524.50729181057     
   3557.57000000000     
   3596.21106933556     
   3608.02608582834     
   3557.57000000000     
   3697.25404540449     
   3785.34501043468     
   3793.65360313774     
   2427.11000000000     
   2427.11000000000     
   2409.65039903026     
   2412.42272803007     
   2427.11000000000     
   2395.67854807654     
   2310.30285962179     
   2266.22866301455     
   2275.12629060796     
   2262.71339708364     
   2302.32180862589     
   2304.67584016068     
   2300.36328686791     
   2300.27455819394     
   2285.54697653018     
   2281.43934300069     
   2283.39658767867     
   2245.51353759023     
   2205.66000000000     
   2205.66000000000     
   2181.15064763182     
   2138.61508971941     
   2004.34000000000     
   1920.12249451868     
   1757.23863632020     
   1751.18372918845     
   1654.93000000000     
   1503.66000000000     
   1366.14000000000     
   1241.12000000000     
   1210.39040621742     
   1119.14005934466     
   1098.82064821232     
   844.790000000000     
   844.790000000000     
   818.752947559370     
   1216.77679420004     
   1810.49939079062     
   1821.32000000000     
   1928.76005734776     
   1821.32000000000     
   1821.32000000000     
   1654.93000000000     
   1997.28957854550     
   2081.38447394328     
   2098.79110627527     
   2097.44092792625     
   1821.32000000000     
   1503.66000000000     
   1628.65179171367     
   1615.49205360912     
   1498.36818693781     
   1366.14000000000     
   1190.97645510371     
   930.190000000000     
   839.109671282091     
   1187.03162709771     
   1503.66000000000     
   1496.75215402799     
   1237.27921816050     
   1090.52793781106     
   1366.14000000000     
   767.150000000000     
   1024.13000000000     
   1354.40193131668     
   1871.36589493789     
   1769.00964344278     
   1091.15893925652     
   1127.46000000000     
   1206.16298308841     
   1024.13000000000     
   1117.99021338597     
   1241.12000000000     
   1210.30409912449     
   1024.13000000000     
   1241.12000000000     
   1366.14000000000     
   1503.66000000000     
   1809.39696854416     
   1992.26939385735     
   2149.56107354652     
   2205.66000000000     
   2614.75946742235     
   2662.47212239955     
   2427.11000000000     
   2427.11000000000     
   1366.14000000000     
   930.190000000000     
   632.380000000000     
   614.770504740557     
   758.992705537382     
   767.150000000000     
   767.150000000000     
   844.790000000000     
   960.160273388473     
   844.790000000000     
   696.560000000000     
   1024.13000000000     
   1127.46000000000     
   1000.51299325487     
   632.380000000000     
   814.502690395049     
   767.150000000000     
   1075.99658514915     
   1317.00231976047     
   1127.46000000000     
   893.950128252385     
   1024.13000000000     
   1366.14000000000     
   1586.24339280831     
   1821.32000000000     
   1808.17196414323     
   1589.19047000145     
   1650.91807373199     
   1724.20084508690     
   1760.53481177358     
   1776.10075541237     
   1775.55680035259     
   1654.93000000000     
   1773.26454127119     
   1776.26683617913     
   1769.49559390764     
   1595.62055587306     
   887.757289843748     
   755.331301444950     
   389.030000000000     
   1127.46000000000     
   1366.14000000000     
   1503.66000000000     
   1552.74080474048     
   1570.51517514559     
   1604.60026490921     
   1626.28399506085     
   1642.98630527981     
   1666.99767512849     
   1670.58498847102     
   1654.93000000000     
   1631.40176772010     
   1577.29510056223     
   1503.66000000000     
   1469.02884762106     
   1366.14000000000     
   1366.14000000000     
   1347.44943199542     
   1241.12000000000     
   1127.46000000000     
   1024.13000000000     
   1482.82452992304     
   1503.66000000000     
   1241.12000000000     
   1083.78501313536     
   930.190000000000     
   1241.12000000000     
   2004.34000000000     
   2417.67844096530     
   2410.94186014020     
   1609.20713038929     
   1024.13000000000     
   1116.68935916306     
   1024.13000000000     
   1194.53921015320     
   1127.46000000000     
   1323.41420814432     
   1366.14000000000     
   1646.57008599725     
   1821.32000000000     
   2179.43281099358     
   2380.52493565334     
   2390.55903889701     
   2426.07298061215     
   2427.11000000000     
   2427.11000000000     
   2527.78104243455     
   2563.86571418126     
   2561.93526103815     
   2578.51765317540     
   2611.50704730229     
   2640.86065983643     
   2670.70000000000     
   2844.14454433606     
   2938.64000000000     
   2938.64000000000     
   2932.64801292254     
   2916.81109921489     
   2938.64000000000     
   2938.64000000000     
   3191.42818318135     
   3205.98988808324     
   3233.37000000000     
   3227.92657418534     
   3183.92344290808     
   3203.62363636595     
   3326.38706698248     
   3377.61384480878     
   3417.59473578960     
   3401.32368470914     
   3460.84017898322     
   3456.59035472712     
   3540.91399234002     
   3557.57000000000     
   3557.57000000000     
   3557.57000000000     
   3545.68290263129     
   3519.25758207830     
   3534.12348383459     
   3547.23275873908     
   3549.66399303751     
   3557.46079441113     
   3557.57000000000     
   3621.42687353495     
   3639.19953991098     
   3474.94465072488     
   3522.01963765122     
   3619.53567190356     
   3638.20459755664     
   3626.96701765213     
   3446.30534023575     
   3783.18618382007     
   3817.78351305603     
   2501.15618860957     
   2508.37523451463     
   2427.11000000000     
   2427.11000000000     
   2427.11000000000     
   2401.46427727445     
   2326.52980585154     
   2205.66000000000     
   2272.25234285137     
   2205.66000000000     
   2285.82288877246     
   2262.76010218209     
   2265.05099290800     
   2205.66000000000     
   2246.57139052616     
   2266.21319031279     
   2272.11792758281     
   2245.92233793591     
   2226.67107305473     
   2228.64720505466     
   2205.66000000000     
   2194.55109331809     
   2127.17666805035     
   1987.14781342197     
   1821.32000000000     
   1821.32000000000     
   1654.93000000000     
   1613.13431950947     
   1366.14000000000     
   1334.23947636106     
   1241.12000000000     
   1241.12000000000     
   1127.46000000000     
   1024.13000000000     
   912.117144607115     
   927.597369477293     
   844.790000000000     
   1772.61757391234     
   1821.32000000000     
   1821.32000000000     
   1594.10472484975     
   1585.22051797927     
   1648.17609618010     
   1821.32000000000     
   1939.69753098429     
   1821.32000000000     
   1821.32000000000     
   1503.66000000000     
   1218.92311393132     
   1503.66000000000     
   1582.47273419720     
   1496.82684024715     
   1447.27367637099     
   930.190000000000     
   767.150000000000     
   930.190000000000     
   1354.92565779276     
   1807.69187898850     
   1648.40045928968     
   1200.79076314284     
   470.969682176242     
   930.190000000000     
   346.004971476239     
   752.142366533778     
   756.458703933680     
   1366.14000000000     
   1986.42384127409     
   1583.24356912995     
   1241.12000000000     
   1503.66000000000     
   1503.66000000000     
   1366.14000000000     
   1024.13000000000     
   993.344671029524     
   428.900000000000     
   1220.91461934456     
   1654.93000000000     
   1972.45651161104     
   2175.12915621509     
   2427.11000000000     
   2519.86043932285     
   2427.11000000000     
   2670.70000000000     
   2427.11000000000     
   2427.11000000000     
   1962.96799198254     
   1110.63844161963     
   1127.46000000000     
   696.560000000000     
   767.150000000000     
   844.790000000000     
   930.190000000000     
   737.445544375186     
   819.026120536536     
   970.322118922323     
   930.190000000000     
   1127.46000000000     
   1456.12553297643     
   1437.42511578966     
   1241.12000000000     
   627.935295727311     
   472.750000000000     
   930.012847178412     
   930.012847178412     
   743.606934723730     
   844.790000000000     
   1009.00040923084     
   1009.00040923084     
   990.454135847534     
   930.190000000000     
   930.190000000000     
   1127.46000000000     
   1443.86553931082     
   1645.23147380461     
   1700.76910851075     
   1720.88418686204     
   1723.36039673092     
   1654.93000000000     
   1654.93000000000     
   1719.92770205469     
   1738.39968013353     
   1742.17767842624     
   1241.12000000000     
   696.560000000000     
   632.380000000000     
   1002.98469113258     
   1366.14000000000     
   1490.54860402726     
   1503.66000000000     
   1554.91239517383     
   1581.36120163915     
   1621.12214792387     
   1650.25155436748     
   1671.29485129264     
   1667.62100584214     
   1667.60137037368     
   1654.93000000000     
   1622.09857127485     
   1503.66000000000     
   1480.33192795473     
   1366.14000000000     
   1331.57774706156     
   1238.65829958667     
   1212.41068312911     
   823.387310051621     
   1008.26957625003     
   1024.13000000000     
   1627.57460260588     
   1503.66000000000     
   1808.93954782295     
   1503.66000000000     
   1791.49571891105     
   1654.93000000000     
   2205.66000000000     
   2205.66000000000     
   1314.51942437423     
   1127.46000000000     
   1241.12000000000     
   1309.62303535781     
   1366.14000000000     
   1366.14000000000     
   1485.86431292610     
   1774.20780933972     
   2174.18504739161     
   2205.66000000000     
   2205.66000000000     
   2402.53754882228     
   2485.61774704145     
   2488.42105790267     
   2427.11000000000     
   2537.16880863348     
   2568.75198780946     
   2615.65976389278     
   2655.02595896301     
   2614.91404095639     
   2670.70000000000     
   2670.70000000000     
   2670.70000000000     
   2670.70000000000     
   2849.14537381122     
   2938.64000000000     
   2938.64000000000     
   2938.64000000000     
   2938.64000000000     
   3101.18302482364     
   3087.15489458310     
   3233.37000000000     
   3233.37000000000     
   3293.95087205742     
   3233.37000000000     
   3233.37000000000     
   3233.37000000000     
   3233.37000000000     
   3468.53883252436     
   3476.38687758997     
   3504.29027938215     
   3523.35553149131     
   3489.07277568168     
   3551.85039622034     
   3557.57000000000     
   3557.57000000000     
   3557.57000000000     
   3557.57000000000     
   3557.57000000000     
   3553.54837797480     
   3557.57000000000     
   3557.57000000000     
   3557.57000000000     
   3462.85070438436     
   3611.84437323465     
   3657.06877920685     
   3643.26507176498     
   3413.80067893064     
   3638.37745762190     
   3666.49475433992     
   3678.49556291912     
   3493.42127468475     
   3557.57000000000     
   3807.63091505165     
   2508.47702124058     
   2553.44018493729     
   2557.32702243236     
   2427.11000000000     
   2411.27078930067     
   2385.91608597244     
   2315.26036075910     
   2205.66000000000     
   2305.80617549830     
   2205.66000000000     
   2278.40206489449     
   2261.97833186278     
   2250.07991848279     
   2235.98558616949     
   2234.91265802323     
   2250.46784237138     
   2263.69754097461     
   2205.66000000000     
   2205.66000000000     
   2242.11631391204     
   2238.21617568219     
   2247.25919884941     
   2205.66000000000     
   2134.59259938045     
   2000.08918146522     
   1962.13140642891     
   1654.93000000000     
   1654.93000000000     
   1366.14000000000     
   1350.50100879636     
   1303.75333606867     
   1241.12000000000     
   1241.12000000000     
   1127.46000000000     
   1024.13000000000     
   1002.98929133716     
   991.275640415608     
   930.190000000000     
   1366.14000000000     
   1647.53057727866     
   1024.13000000000     
   1449.48961617773     
   1654.93000000000     
   1821.32000000000     
   1821.32000000000     
   1654.93000000000     
   1805.50303420215     
   1366.14000000000     
   1196.35370278198     
   1204.05322750222     
   1503.66000000000     
   1241.12000000000     
   1336.45633768571     
   923.993491212949     
   672.646044656444     
   1127.46000000000     
   1503.66000000000     
   1821.32000000000     
   1654.93000000000     
   1503.66000000000     
   844.790000000000     
   472.750000000000     
   574.030000000000     
   930.190000000000     
   1212.46145345245     
   1323.36578860018     
   1986.42384127409     
   2004.34000000000     
   1936.98186077353     
   1503.66000000000     
   1821.32000000000     
   1654.93000000000     
   1503.66000000000     
   1241.12000000000     
   821.260871623655     
   1209.75554440314     
   1503.66000000000     
   1978.02661888118     
   2395.64511676852     
   2511.47356419792     
   2581.04416764993     
   2625.35759129340     
   2595.28626759229     
   2613.63349697459     
   2415.26082285619     
   1503.66000000000     
   1304.47767081620     
   1241.12000000000     
   1196.44250577253     
   829.705454783680     
   1005.05212023088     
   1127.46000000000     
   930.190000000000     
   675.882885731165     
   807.617323996298     
   930.190000000000     
   1454.90425600617     
   1445.44888713465     
   1347.18657116509     
   1024.13000000000     
   844.790000000000     
   1024.13000000000     
   842.557733240883     
   562.577613775687     
   555.574893247073     
   733.221518209312     
   520.980000000000     
   389.030000000000     
   574.030000000000     
   688.569753320061     
   844.790000000000     
   1127.46000000000     
   1484.37205257587     
   1503.66000000000     
   1440.78988487364     
   1241.12000000000     
   1487.76463433025     
   1503.66000000000     
   1600.16885861483     
   1647.69218527378     
   1654.93000000000     
   1580.23257249873     
   1024.13000000000     
   515.885281063208     
   922.221274673765     
   1340.85394031568     
   1503.54879045565     
   1503.66000000000     
   1552.98050239459     
   1548.98219953415     
   1588.29292469418     
   1653.30180150533     
   1652.90428560272     
   1663.84673936986     
   1645.43317517851     
   1648.47507093629     
   1612.12004056766     
   1577.86187119448     
   1472.72294979205     
   1366.14000000000     
   1306.04370824232     
   1127.46000000000     
   1111.65189848030     
   1024.13000000000     
   844.790000000000     
   767.150000000000     
   1366.14000000000     
   1640.17148331328     
   1783.07152127618     
   2179.96867194678     
   2325.30933299950     
   2205.66000000000     
   2205.66000000000     
   2205.66000000000     
   1466.54939323395     
   1241.12000000000     
   1353.76617687259     
   1502.62900280799     
   1495.20422244091     
   1503.66000000000     
   1581.96518593555     
   1784.29239576144     
   2004.34000000000     
   2385.88456122925     
   2427.11000000000     
   2427.11000000000     
   2482.17334662690     
   2497.08759573390     
   2549.65230899305     
   2578.15062282325     
   2591.17207395858     
   2624.98108632152     
   2669.32196004605     
   2670.70000000000     
   2670.70000000000     
   2670.70000000000     
   2760.07882795242     
   2792.02323354102     
   2844.41615160291     
   2907.69789887868     
   2938.64000000000     
   2938.64000000000     
   3161.34315189528     
   3156.51280898486     
   3151.22094022649     
   3202.24796312046     
   3233.37000000000     
   3336.82959331506     
   3343.62435831599     
   3358.17139857300     
   3361.22672710782     
   3358.50410239389     
   3233.37000000000     
   3514.05083931755     
   3520.57698862017     
   3514.92083483172     
   3534.46141338576     
   3548.23439297414     
   3538.54580092277     
   3557.57000000000     
   3557.57000000000     
   3557.57000000000     
   3605.47568052532     
   3557.57000000000     
   3554.04708381045     
   3557.57000000000     
   3541.31821026349     
   3557.57000000000     
   3543.96831629590     
   3642.52448374269     
   3649.81413247663     
   3557.57000000000     
   3557.57000000000     
   3718.91666992642     
   3640.10534900134     
   3557.57000000000     
   3734.89509409287     
   3557.57000000000     
   3557.57000000000     
   2544.60242145948     
   2598.21984724531     
   2624.16077670884     
   2531.01509474251     
   2427.11000000000     
   2380.26284468029     
   2205.66000000000     
   2202.89176727824     
   2268.15470176157     
   2265.98697811464     
   2281.92746503757     
   2267.90082686871     
   2245.38235381929     
   2205.66000000000     
   2224.08958202472     
   2234.11522701572     
   2252.25564211148     
   2296.30890795927     
   2293.89656154224     
   2278.19679384461     
   2267.60396507422     
   2253.65737158475     
   2205.66000000000     
   2114.28920328720     
   1984.96183865638     
   1821.32000000000     
   1654.93000000000     
   1629.28492702788     
   1503.66000000000     
   1347.23613021969     
   1303.46611538099     
   1288.13681807646     
   1232.22628893036     
   1214.41388352477     
   1127.46000000000     
   1024.13000000000     
   1024.13000000000     
   1024.13000000000     
   1024.13000000000     
   1124.08372700351     
   914.247164348816     
   930.190000000000     
   1654.93000000000     
   1787.34798362461     
   1777.61301626537     
   1503.66000000000     
   1486.83812350421     
   1366.14000000000     
   1357.99970788683     
   1305.53552179038     
   1475.25084343414     
   1632.74021606772     
   1366.14000000000     
   1127.46000000000     
   1024.13000000000     
   1366.14000000000     
   1751.81193186767     
   1821.32000000000     
   1821.32000000000     
   1654.93000000000     
   1318.32149444196     
   844.790000000000     
   1024.13000000000     
   1241.12000000000     
   1610.28066894351     
   1648.44535181222     
   1942.86650340492     
   2662.15423390723     
   2844.92178346121     
   2824.56890495480     
   2787.43723700236     
   1503.52761651857     
   1479.25568923443     
   1366.14000000000     
   1765.48900386464     
   1366.14000000000     
   1126.57432064768     
   1446.59826197123     
   2004.34000000000     
   2205.66000000000     
   2567.59144239376     
   2616.08620007459     
   2650.74896209425     
   2590.75990146386     
   1654.93000000000     
   1229.09219380621     
   1366.14000000000     
   1366.14000000000     
   1502.47126326410     
   1363.29886261652     
   930.190000000000     
   1127.46000000000     
   1490.35658832524     
   696.560000000000     
   756.899854402805     
   1127.46000000000     
   741.135015881413     
   509.394501207280     
   574.030000000000     
   632.380000000000     
   767.150000000000     
   1024.13000000000     
   549.894183162291     
   520.980000000000     
   559.629036612605     
   696.560000000000     
   559.607956925527     
   632.380000000000     
   745.891105336738     
   823.340917599929     
   1007.60443738691     
   1241.12000000000     
   1308.73044335614     
   1241.12000000000     
   428.900000000000     
   632.380000000000     
   1127.46000000000     
   1322.39825129376     
   1366.14000000000     
   1102.41602401191     
   1241.12000000000     
   891.388456520432     
   520.980000000000     
   844.790000000000     
   1366.14000000000     
   1473.18529409770     
   1503.66000000000     
   1551.08967718376     
   1560.30928699920     
   1574.31809665932     
   1589.05343545213     
   1640.97179395369     
   1634.32700101798     
   1607.86598103200     
   1574.78330385505     
   1583.13301123407     
   1453.85727309337     
   1450.73091644026     
   1366.14000000000     
   1241.12000000000     
   1200.58875843684     
   834.652226009614     
   985.881905770443     
   749.021551138927     
   632.380000000000     
   810.422690284588     
   1600.20239871530     
   1776.38884770853     
   2181.87129192391     
   2490.01242808844     
   2427.11000000000     
   2427.11000000000     
   2427.11000000000     
   1241.12000000000     
   1339.68173147815     
   1435.33580456319     
   1497.02022437575     
   1503.66000000000     
   1581.73896202214     
   1592.32525805509     
   1754.19439293379     
   2004.34000000000     
   2327.92452844554     
   2427.11000000000     
   2498.57683956425     
   2517.72014547708     
   2506.56673522862     
   2533.35314270821     
   2613.60619857705     
   2621.63285844823     
   2642.73093468094     
   2670.70000000000     
   2670.70000000000     
   2670.70000000000     
   2819.54544716526     
   2839.17395860915     
   2846.07883553310     
   2853.63291900796     
   2922.42864491093     
   2938.64000000000     
   3047.55957389543     
   3107.62571530716     
   3174.17809404313     
   3233.37000000000     
   3233.37000000000     
   3275.00592834135     
   3310.51392498541     
   3381.82181040619     
   3372.03430484461     
   3411.85003689464     
   3424.14440579541     
   3416.10177779042     
   3447.72511283706     
   3467.59680810368     
   3547.71051393982     
   3483.21749460163     
   3534.33299318248     
   3557.57000000000     
   3557.57000000000     
   3557.57000000000     
   3557.57000000000     
   3602.06250814205     
   3614.85203180753     
   3618.90624094841     
   3631.33909833626     
   3557.57000000000     
   3557.57000000000     
   3661.74082888745     
   3667.93775735880     
   3702.41876616321     
   3710.42983997873     
   3728.76948927362     
   3731.14339550436     
   3743.68713990170     
   3697.45425470278     
   3742.34110451737     
   3774.31070855538     
   3451.48543887044     
   3149.57865497841     
   2578.85647699231     
   2630.46698306545     
   2670.70000000000     
   2603.13384491400     
   2427.11000000000     
   2380.07322627371     
   2205.66000000000     
   2187.90574472559     
   2252.64123325189     
   2257.37068632511     
   2276.05947119102     
   2262.07492817012     
   2238.05384744740     
   2205.66000000000     
   2205.66000000000     
   2205.66000000000     
   2272.93241294074     
   2273.44686581141     
   2205.66000000000     
   2264.14630709777     
   2245.41701395442     
   2242.70484665484     
   2205.66000000000     
   2105.02272902778     
   1992.56671142083     
   1821.32000000000     
   1811.81166558572     
   1654.93000000000     
   1503.66000000000     
   1241.12000000000     
   1292.03240179043     
   1241.12000000000     
   1237.08277357811     
   1213.18066672070     
   1127.46000000000     
   1119.66788622419     
   1100.39529538349     
   1079.67357935473     
   1127.46000000000     
   1024.13000000000     
   987.937654339715     
   909.983027505091     
   1241.12000000000     
   1654.93000000000     
   1724.76657624644     
   1644.72674057304     
   1589.05403675158     
   1503.66000000000     
   1351.23952824801     
   1127.46000000000     
   1456.11869593678     
   1632.74021606772     
   1489.49158511589     
   1208.74284410184     
   1241.12000000000     
   1488.13529391664     
   1795.92925041929     
   1935.80518638534     
   1966.03969049011     
   1821.32000000000     
   1628.34811850329     
   1241.12000000000     
   1210.64262373701     
   1610.71102769753     
   1654.93000000000     
   1821.32000000000     
   2140.42002988860     
   2810.33649870447     
   2872.03358137343     
   2670.70000000000     
   2796.62906411016     
   2841.92282492286     
   2122.94336597707     
   2078.31618732081     
   1765.48900386464     
   1503.66000000000     
   1223.02779652794     
   1204.73527759669     
   1366.14000000000     
   1966.34436331820     
   2180.78632019098     
   2427.11000000000     
   2181.20642669290     
   1654.93000000000     
   1652.91812097074     
   1452.15227527046     
   1353.51784563790     
   1497.26825544298     
   1600.46534864798     
   1654.93000000000     
   1503.66000000000     
   1503.66000000000     
   1654.93000000000     
   1366.14000000000     
   1127.46000000000     
   1639.95451425773     
   1614.44985307484     
   1503.66000000000     
   1503.66000000000     
   1336.67838614830     
   1024.13000000000     
   696.560000000000     
   632.380000000000     
   760.454085534514     
   730.597387198266     
   691.852576307305     
   748.928461439197     
   767.150000000000     
   831.602769460668     
   831.602769460668     
   740.803988765629     
   761.378271923113     
   574.030000000000     
   472.750000000000     
   206.912849072684     
 -9.900000000000000E+015
   278.986950621956     
   159.230000000000     
 -9.900000000000000E+015
   94.9900000000000     
   289.850000000000     
   289.850000000000     
   930.190000000000     
   1241.12000000000     
   1366.14000000000     
   1503.66000000000     
   1543.25143857611     
   1539.10615169964     
   1560.78834017427     
   1570.99947368699     
   1594.25508324329     
   1590.23295339807     
   1583.03055739613     
   1503.66000000000     
   1480.69965964212     
   1186.89350875158     
   1231.69931972288     
   1241.12000000000     
   1215.28050017970     
   1127.46000000000     
   1020.45591380400     
   679.063374019869     
   764.619325033821     
   670.316192120761     
   844.790000000000     
   1241.12000000000     
   1366.14000000000     
   1593.86590734328     
   2004.34000000000     
   2498.39189817950     
   2481.66121375922     
   2355.85305865168     
   1241.12000000000     
   1241.12000000000     
   1241.12000000000     
   1503.66000000000     
   1651.34019760683     
   1654.93000000000     
   1654.93000000000     
   1654.93000000000     
   1648.27647364640     
   2198.63154565419     
   2410.64215878873     
   2484.54197908147     
   2532.76121963052     
   2585.81964746066     
   2578.61179610413     
   2596.69627878436     
   2656.46203402598     
   2723.44166553771     
   2756.70248925850     
   2783.84134675141     
   2812.62557734315     
   2843.38944570243     
   2874.74874349982     
   2879.72692956892     
   2892.39785164797     
   2913.93447076405     
   2938.64000000000     
   3015.29567347170     
   3067.26910848610     
   3136.23479956121     
   3203.27770597224     
   3233.37000000000     
   3286.89036774135     
   3313.36557810058     
   3359.27861646437     
   3414.93168663654     
   3429.46867979615     
   3446.45556030820     
   3481.08011441263     
   3480.28769868681     
   3497.42648178177     
   3522.09685505036     
   3548.56894196009     
   3547.35344712038     
   3583.44871116907     
   3581.64636953022     
   3557.57000000000     
   3579.01459548499     
   3557.57000000000     
   3637.93020326023     
   3633.28403110734     
   3644.27153387154     
   3657.12000906142     
   3648.96579080827     
   3640.01534907999     
   3651.28744037553     
   3677.73725314777     
   3690.50134708740     
   3734.56661858806     
   3725.04831590746     
   3756.15756399247     
   3778.46121384473     
   3761.07420252738     
   3733.76751996030     
   3786.73813086607     
   3730.30836631309     
   3557.57000000000     
   2622.90173969825     
   2659.92192169425     
   2739.75136669320     
   2670.70000000000     
   2427.11000000000     
   2205.66000000000     
   2168.45637524069     
   2205.66000000000     
   2253.74760744900     
   2259.73114585204     
   2275.72280900089     
   2269.70358901960     
   2245.49408394839     
   2253.61428144850     
   2271.34848450303     
   2258.42533808042     
   2293.86027098602     
   2286.98919254393     
   2271.22847102900     
   2291.51987835499     
   2281.78386833104     
   2259.90736633394     
   2205.66000000000     
   2133.01856144231     
   2004.34000000000     
   1985.54958983827     
   1820.61065394884     
   1777.99822902408     
   1603.64429633195     
   1364.24411766197     
   1241.12000000000     
   1241.12000000000     
   1241.12000000000     
   1218.44498440159     
   1127.46000000000     
   1127.46000000000     
   1127.46000000000     
   1127.46000000000     
   1127.46000000000     
   1127.46000000000     
   1020.97413582383     
   930.190000000000     
   916.792812562616     
   1648.11985816733     
   1654.93000000000     
   1707.90119883495     
   1756.19579196907     
   1751.87308042247     
   1503.66000000000     
   1229.58748492085     
   1631.87130168216     
   1798.23321487243     
   1654.93000000000     
   1314.87195645508     
   1462.50139118693     
   1611.83423300068     
   1807.72788140345     
   2004.34000000000     
   2004.34000000000     
   1994.15557986898     
   1983.22262830175     
   1754.93511025849     
   1451.51673860098     
   1503.66000000000     
   1821.32000000000     
   1654.93000000000     
   1500.60532281539     
   2001.77181915626     
   2427.11000000000     
   2670.70000000000     
   2354.11713465040     
   2427.11000000000     
   2373.78877811226     
   2004.34000000000     
   2004.34000000000     
   1954.59271936322     
   1779.98180844349     
   1441.50085815631     
   1503.66000000000     
   1654.93000000000     
   2205.66000000000     
   2182.04663365880     
   1975.69461423961     
   1821.32000000000     
   1588.26474523245     
   1313.18886782914     
   1503.66000000000     
   1654.93000000000     
   1733.02142686219     
   1654.93000000000     
   1821.32000000000     
   1821.32000000000     
   1783.37238220949     
   1654.93000000000     
   1654.93000000000     
   1651.29917999261     
   1651.29917999261     
   1503.66000000000     
   1116.31649865447     
   1100.25201233978     
   844.790000000000     
   767.150000000000     
   930.190000000000     
   844.790000000000     
   696.560000000000     
   746.625692296697     
   767.150000000000     
   767.150000000000     
   686.416675281618     
   349.486405919868     
 -9.900000000000000E+015
 -9.900000000000000E+015
 -9.900000000000000E+015
 -9.900000000000000E+015
 -9.900000000000000E+015
 -9.900000000000000E+015
 -9.900000000000000E+015
 -9.900000000000000E+015
 -9.900000000000000E+015
   12.7343434371258     
   679.046765544383     
   981.142190135421     
   1314.23175854244     
   1399.67349883539     
   1423.58958060833     
   1366.14000000000     
   1445.55186431004     
   1480.91700644456     
   1539.07594310415     
   1570.58552519374     
   1571.62812380443     
   1547.31469587393     
   1495.20509588847     
   1356.39177502580     
   767.150000000000     
   1024.13000000000     
   1231.69931972288     
   1127.46000000000     
   1119.30385921891     
   1082.91814791015     
   821.893098762571     
   842.505293968142     
   844.790000000000     
   696.560000000000     
   1112.32840579867     
   1241.12000000000     
   1209.41808282646     
   1493.51103819914     
   1743.67065558996     
   1998.96600561760     
   2004.34000000000     
   2004.34000000000     
   1234.79547104540     
   1127.46000000000     
   1456.02015739775     
   1652.77606146366     
   1654.93000000000     
   1752.96056671355     
   1806.56492574425     
   1629.06428627459     
   1821.32000000000     
   2205.66000000000     
   2401.33960462882     
   2427.11000000000     
   2527.32514279236     
   2580.63459104044     
   2605.07227568532     
   2634.67537922791     
   2670.70000000000     
   2670.70000000000     
   2764.61380953829     
   2791.52915839533     
   2837.43096435484     
   2857.93321088281     
   2882.35379149901     
   2903.09048245381     
   2920.34786282786     
   3015.66993515618     
   3027.77924118614     
   3070.39708224728     
   3077.49196013100     
   3136.03713933000     
   3202.76235280145     
   3231.90180133328     
   3233.37000000000     
   3332.39855673193     
   3364.65708160273     
   3414.59030487258     
   3439.22093409384     
   3462.47457504739     
   3484.80612171039     
   3501.33702867726     
   3522.76710279125     
   3521.78650876397     
   3526.32383710992     
   3544.95799632578     
   3556.64492638235     
   3557.57000000000     
   3557.57000000000     
   3578.96947852136     
   3557.57000000000     
   3633.14367924890     
   3665.47074186297     
   3623.17819755373     
   3648.74990203384     
   3649.18920768700     
   3651.24630021033     
   3628.95684088973     
   3656.80806295749     
   3672.44343955638     
   3681.57117425661     
   3698.16607029081     
   3722.60587867408     
   3751.16192347910     
   3776.16011010816     
   3784.89003274251     
   3791.25457272223     
   3809.13939998946     
   3819.36805281010     
   2652.99124374063     
   2670.70000000000     
   2772.27420025032     
   2670.70000000000     
   2621.01695373802     
   2402.30094540662     
   2205.66000000000     
   2312.61431257719     
   2287.77791682784     
   2254.74511870061     
   2263.47637639847     
   2263.89759255165     
   2261.06805858215     
   2283.53667061615     
   2268.48556340538     
   2276.49513455353     
   2270.05228099613     
   2266.84881191981     
   2275.71257328593     
   2291.71803047390     
   2256.68815550613     
   2270.93556105623     
   2205.66000000000     
   2140.52099311468     
   2004.34000000000     
   1973.97574811294     
   1821.32000000000     
   1795.08612658018     
   1654.93000000000     
   1503.66000000000     
   1238.34008665236     
   1239.26213291206     
   1240.73624240921     
   1205.96603629494     
   1127.46000000000     
   1127.46000000000     
   1185.85318259082     
   1241.12000000000     
   1241.12000000000     
   1241.12000000000     
   1127.46000000000     
   1024.13000000000     
   918.847277062188     
   1341.26023171202     
   1707.90661385234     
   1757.96221242068     
   1799.45073484078     
   1821.32000000000     
   1821.32000000000     
   1930.78977229496     
   1924.57858582932     
   1962.47399577771     
   1894.37331976777     
   1644.53612412399     
   1503.66000000000     
   1651.62236497651     
   1821.32000000000     
   2078.86331364263     
   2093.36788325824     
   2102.65352009905     
   2004.34000000000     
   2225.64941540483     
   1784.32343039480     
   1623.78703684459     
   1821.32000000000     
   2004.34000000000     
   1447.43725099762     
   1127.46000000000     
   1627.72617459206     
   2427.11000000000     
   2194.27688384266     
   2205.66000000000     
   2129.74760370072     
   1821.32000000000     
   1980.79105481551     
   2057.21690627267     
   2050.26337512599     
   1624.38905056258     
   1925.57280285331     
   2195.90042135963     
   2205.66000000000     
   2004.34000000000     
   1821.32000000000     
   1654.93000000000     
   1503.66000000000     
   1496.50704348204     
   1654.93000000000     
   1797.91691450358     
   1796.30599289637     
   1772.65661103906     
   1766.41094538107     
   1821.32000000000     
   1821.32000000000     
   1788.04585406381     
   1821.32000000000     
   1821.32000000000     
   1580.23221564932     
   1351.79555613323     
   1127.46000000000     
   930.190000000000     
   895.184293601988     
   1024.13000000000     
   1024.13000000000     
   916.558907665772     
   813.016160597070     
   693.422092592267     
   733.426235609443     
   384.632623979098     
   340.447019372529     
 -9.900000000000000E+015
 -9.900000000000000E+015
 -9.900000000000000E+015
 -9.900000000000000E+015
 -9.900000000000000E+015
 -9.900000000000000E+015
 -9.900000000000000E+015
   227.355106218647     
   696.560000000000     
   844.790000000000     
   1005.87585543252     
   1127.46000000000     
   1302.11119655658     
   1317.37205938690     
   1217.71662715185     
   767.150000000000     
   1241.12000000000     
   1325.04484605227     
   1366.14000000000     
   1366.14000000000     
   1503.66000000000     
   1581.22310057653     
   1503.66000000000     
   1444.96983233817     
   828.691798509043     
   689.540276271534     
   1127.46000000000     
   1188.80383449151     
   1127.46000000000     
   1024.13000000000     
   844.790000000000     
   749.723825103280     
   819.442591030558     
   696.560000000000     
   632.380000000000     
   1200.03093091026     
   1201.20046309010     
   1225.13465807587     
   1316.75570034415     
   1503.66000000000     
   1654.93000000000     
   1619.90618734147     
   1654.93000000000     
   1080.35905154245     
   1495.82557283093     
   1637.14108155676     
   1654.93000000000     
   1775.38169029805     
   1821.32000000000     
   1966.99751936993     
   2004.34000000000     
   2205.66000000000     
   2205.66000000000     
   2334.33888190264     
   2415.73029888526     
   2554.70628556168     
   2577.22010915233     
   2578.62412750140     
   2205.66000000000     
   2605.79694468591     
   2670.70000000000     
   2802.73939119428     
   2827.84491151115     
   2832.06616712591     
   2852.80295342186     
   2880.07567784322     
   2899.86408413961     
   2937.37386993396     
   3026.22450490607     
   3083.95573676951     
   3105.53551001107     
   3126.64443934973     
   3173.79706493146     
   3199.04924438267     
   3233.37000000000     
   3288.51446053958     
   3334.16148749633     
   3364.69047516588     
   3406.71974558169     
   3438.52189655648     
   3466.49557116897     
   3489.96965863675     
   3515.77116867093     
   3533.08886794597     
   3550.04688611111     
   3557.57000000000     
   3557.57000000000     
   3557.57000000000     
   3557.57000000000     
   3587.72385203212     
   3598.23719590508     
   3604.71377880947     
   3616.03139128555     
   3631.05422404848     
   3620.84179288865     
   3626.37824987711     
   3651.82884552232     
   3652.79407998696     
   3638.19916062395     
   3655.72312730347     
   3663.90181048269     
   3680.01315819337     
   3703.24479444327     
   3709.62349963772     
   3732.28433324969     
   3751.52581249555     
   3787.36714185075     
   3795.01012046283     
   3815.99055099460     
   3824.40335443331     
   2607.17180101807     
   2662.39582200203     
   2754.96582302106     
   2728.96648379718     
   2638.27435603308     
   2427.11000000000     
   2366.23784117413     
   2291.58207135902     
   2281.73369491654     
   2205.66000000000     
   2205.66000000000     
   2205.66000000000     
   2205.66000000000     
   2205.66000000000     
   2205.66000000000     
   2261.63359902275     
   2254.18840661424     
   2267.60122985806     
   2267.66290507242     
   2299.48190297203     
   2255.93753107253     
   2271.33910434208     
   2205.66000000000     
   2133.97791785765     
   2098.61989828659     
   2076.31631213093     
   2073.33812787556     
   1821.32000000000     
   1778.61428416952     
   1582.14119214401     
   1231.90619650560     
   1216.11419131129     
   1186.20792857494     
   1174.86723014272     
   1209.64621792769     
   1194.82869958135     
   1212.07227865695     
   1241.12000000000     
   1396.28967759897     
   1406.86909902135     
   1326.92737847523     
   1207.68606302961     
   1024.13000000000     
   930.190000000000     
   1503.23623577421     
   1760.21039347949     
   1804.96178529085     
   1821.32000000000     
   1906.10931409839     
   1883.30939719649     
   1890.56255816502     
   1949.54684498276     
   1961.60308168401     
   1821.32000000000     
   1593.23140831291     
   1654.93000000000     
   1821.32000000000     
   2084.87312894042     
   2092.74997814073     
   2094.16193899386     
   2153.44475849598     
   2227.16654019789     
   2205.66000000000     
   1821.32000000000     
   1821.32000000000     
   2130.52984612189     
   1821.32000000000     
   1241.12000000000     
   1024.13000000000     
   1947.26061252364     
   2194.27688384266     
   2004.34000000000     
   1806.90536565574     
   1742.52300949462     
   1787.68074738011     
   1821.32000000000     
   1969.84992756116     
   1821.32000000000     
   2196.34187720290     
   2263.72246034125     
   2262.28958411112     
   2004.34000000000     
   1749.38841513469     
   1654.93000000000     
   1763.99108855038     
   1654.93000000000     
   1821.32000000000     
   1924.00952157589     
   1821.32000000000     
   1807.52350685207     
   1654.93000000000     
   1785.96569522935     
   1817.17459984434     
   1821.32000000000     
   1821.32000000000     
   1654.93000000000     
   1241.12000000000     
   844.790000000000     
   520.980000000000     
   343.658149901423     
   520.980000000000     
   906.319962045466     
   844.790000000000     
   571.847462267943     
   102.137693129326     
   262.600000000000     
   143.830000000000     
   129.830000000000     
   23.0300000000000     
 -9.900000000000000E+015
 -9.900000000000000E+015
 -9.900000000000000E+015
 -9.900000000000000E+015
 -9.900000000000000E+015
   94.9900000000000     
   696.560000000000     
   1006.46804810088     
   1127.46000000000     
   1197.85217947990     
   1241.12000000000     
   1294.70497117620     
   1299.02686467636     
   918.746682870426     
   230.077917970719     
   159.230000000000     
   561.450117339455     
   632.380000000000     
   626.385677457573     
   767.150000000000     
   1220.66248494747     
   1561.09734217900     
   1366.14000000000     
   1024.13000000000     
   1086.30987102019     
   1127.46000000000     
   1216.93852976109     
   1127.46000000000     
   1077.27228279472     
   808.845749222094     
   696.560000000000     
   571.228767243430     
   696.560000000000     
   666.931826890072     
   1023.11676732734     
   1102.84240666385     
   844.790000000000     
   1024.13000000000     
   1366.14000000000     
   1366.14000000000     
   1358.03221346975     
   1221.53464672166     
   930.190000000000     
   1191.96201037073     
   1502.82576310752     
   1503.66000000000     
   1609.03294737946     
   1791.48606592901     
   1930.32337035976     
   1965.22779289422     
   2004.34000000000     
   1954.35020051574     
   1742.91020571520     
   1821.32000000000     
   2406.77912765010     
   2530.71076512801     
   2599.70334150224     
   2575.09743376825     
   2670.70000000000     
   2670.70000000000     
   2857.47633275656     
   2851.69751770882     
   2840.42251549441     
   2869.99413827238     
   2903.51607170307     
   2901.56577515633     
   2871.79961529479     
   2900.62386430955     
   2670.70000000000     
   2813.44920861420     
   3064.87128358069     
   3156.87256502113     
   3194.21361289621     
   3204.74077911379     
   3233.37000000000     
   3233.37000000000     
   3233.37000000000     
   3331.57916344076     
   3384.60323420332     
   3448.17779988107     
   3467.04492871324     
   3490.73023436287     
   3517.58216583448     
   3550.33771073977     
   3557.57000000000     
   3590.78168145555     
   3602.61224324836     
   3610.30282628293     
   3612.99230414048     
   3614.62795743872     
   3629.12810954121     
   3632.57296021375     
   3645.85686285445     
   3649.79990803558     
   3648.19099877087     
   3648.62325691666     
   3673.91886210705     
   3686.22538094108     
   3689.47335453122     
   3701.36025626850     
   3685.66205107411     
   3733.99965683989     
   3755.49918385673     
   3770.08482768287     
   3777.00957396507     
   3767.16130413332     
   3789.01330814480     
   3820.35334892027     
   3840.56272082121     
   3852.29289266598     
   2637.80697531161     
   2670.70000000000     
   2670.70000000000     
   2724.79092882629     
   2668.08984956699     
   2548.36348230178     
   2367.64410185358     
   2205.66000000000     
   2205.66000000000     
   2205.66000000000     
   2200.75725939157     
   2201.51875638648     
   2191.61796009894     
   2251.89747347979     
   2262.10544683032     
   2265.46785810185     
   2260.70869177905     
   2249.34942340967     
   2245.89618706946     
   2259.66621220627     
   2251.02324801538     
   2205.66000000000     
   2111.77880521691     
   2122.49586949783     
   2118.21273162743     
   2099.23139241299     
   2004.34000000000     
   1821.32000000000     
   1654.93000000000     
   1630.08364330331     
   1365.60853395049     
   1191.77144100832     
   1170.41508078371     
   1166.21360613669     
   1182.34881369102     
   1127.46000000000     
   1241.12000000000     
   1358.76534944340     
   1426.15288076320     
   1441.33053075902     
   1435.79981608599     
   1366.14000000000     
   1337.90720930784     
   1241.12000000000     
   1241.12000000000     
   1366.14000000000     
   1612.96735306595     
   1965.39930110620     
   1900.17125865959     
   1919.07369009913     
   1914.75199408853     
   1919.18315026881     
   1933.29588158332     
   1931.13224603783     
   1796.39041481550     
   1808.79371325877     
   1821.32000000000     
   1821.32000000000     
   2075.74588682145     
   2004.34000000000     
   2004.34000000000     
   2205.66000000000     
   2205.66000000000     
   2205.66000000000     
   2004.34000000000     
   2121.19677688943     
   2101.82046821086     
   1654.93000000000     
   1449.43467603552     
   1947.26061252364     
   1914.93647669248     
   1998.59123308086     
   1641.34983897497     
   1503.66000000000     
   1503.66000000000     
   1654.93000000000     
   1654.93000000000     
   2004.34000000000     
   2004.34000000000     
   2263.01271780290     
   2283.66757353593     
   2004.34000000000     
   1821.32000000000     
   1750.67488065217     
   1974.68984048471     
   1821.15031029370     
   1982.80210577177     
   2000.84280264265     
   1821.32000000000     
   1821.32000000000     
   1762.71213880878     
   1799.97834269076     
   1892.10054223046     
   1821.32000000000     
   1789.21929469442     
   1586.38747684355     
   808.048983929416     
   262.600000000000     
   632.380000000000     
   909.955167053587     
   1110.38898242519     
   1024.13000000000     
   838.169661575054     
   237.820000000000     
 -9.900000000000000E+015
 -9.900000000000000E+015
 -9.900000000000000E+015
   65.4041487611190     
   32.6766561971261     
 -9.900000000000000E+015
 -9.900000000000000E+015
 -9.900000000000000E+015
 -9.900000000000000E+015
   609.326560385523     
   1024.13000000000     
   1127.46000000000     
   1257.80110214718     
   1262.57074065178     
   1241.12000000000     
   1241.12000000000     
   1241.12000000000     
   574.030000000000     
   170.346776526343     
  -1.81000000000000     
 -9.900000000000000E+015
 -9.900000000000000E+015
   129.830000000000     
   472.750000000000     
   1024.13000000000     
   1366.14000000000     
   1550.06136261413     
   1024.13000000000     
   1127.46000000000     
   1333.48525922585     
   1303.90267514737     
   1233.04906922501     
   1119.87504042086     
   930.190000000000     
   520.980000000000     
   310.138474538608     
   389.030000000000     
   472.750000000000     
   614.887382658765     
   979.244848667174     
   844.790000000000     
   608.757683862664     
   749.571528255171     
   930.190000000000     
   927.331355939139     
   572.759377687405     
   841.284396977469     
   1002.00838767975     
   1190.43769650772     
   1339.34781566786     
   1366.14000000000     
   1503.66000000000     
   1821.32000000000     
   1966.27941106800     
   1972.15912992903     
   1654.93000000000     
   1503.66000000000     
   1213.58896282426     
   1084.77658604486     
   1490.99154050941     
   2004.34000000000     
   2004.34000000000     
   2399.96020597654     
   2565.45194384490     
   2634.94287331742     
   2804.53911469957     
   2670.70000000000     
   2826.74861246067     
   2865.67098287840     
   2884.62924780383     
   2857.24075380590     
   2828.60998304959     
   2853.08556227914     
   2841.51238398665     
   2876.39190593036     
   3002.05276911263     
   2938.64000000000     
   2938.64000000000     
   2938.64000000000     
   3087.06504810767     
   3143.79182392950     
   2938.64000000000     
   2938.64000000000     
   3225.58551958001     
   3233.37000000000     
   3426.63987197192     
   3450.22922565198     
   3499.10997174486     
   3529.07912632811     
   3550.14492943755     
   3553.41797305202     
   3606.10862200343     
   3636.84994692747     
   3630.41652582529     
   3631.26087650349     
   3648.37677085170     
   3643.19301798779     
   3659.64224421414     
   3660.13885996884     
   3654.87192850974     
   3651.46123861030     
   3670.75553647934     
   3690.99273729606     
   3690.35408451835     
   3671.40226422100     
   3686.86988817863     
   3724.95532519824     
   3736.19158374985     
   3748.50557136011     
   3752.15862853519     
   3773.50358208202     
   3787.43737826298     
   3807.90365452638     
   3826.70095065906     
   3843.85866434774     
   2670.70000000000     
   2670.70000000000     
   2656.72695046624     
   2670.70000000000     
   2653.12922552794     
   2427.11000000000     
   2205.66000000000     
   2172.04236721026     
   2180.71706699537     
   2175.21672188802     
   2170.07124952394     
   2175.84567419065     
   2191.21970117146     
   2205.66000000000     
   2198.27838273311     
   2205.66000000000     
   2255.56791846474     
   2232.77679637993     
   2205.66000000000     
   2234.31712195520     
   2230.69812610607     
   2190.99494737789     
   2138.54506248238     
   2122.24134767583     
   2122.74164678546     
   2089.97501093844     
   2004.34000000000     
   1821.32000000000     
   1654.93000000000     
   1503.66000000000     
   1445.17583342542     
   1127.46000000000     
   1106.54939360157     
   1127.46000000000     
   1187.92870697033     
   1187.98874941775     
   1222.32016410773     
   1312.43329961602     
   1400.59107227909     
   1413.66842127041     
   1455.23936607841     
   1487.63583581343     
   1481.83386282831     
   1366.14000000000     
   1342.80584789156     
   1624.36705421045     
   1654.93000000000     
   1811.50442616594     
   1873.99246074312     
   1898.83525016130     
   1911.12595206772     
   1942.27845093773     
   1918.45952609157     
   1918.60551105192     
   1880.94745137244     
   1821.32000000000     
   1876.79212000911     
   1821.32000000000     
   1964.03465064407     
   1791.76637388400     
   1913.18538866142     
   1921.00189466020     
   2205.66000000000     
   2205.66000000000     
   2205.66000000000     
   2145.95835728056     
   1959.41472585247     
   1963.26408799931     
   1797.72898761292     
   1821.32000000000     
   1643.28294633039     
   1821.32000000000     
   1593.76400892161     
   1366.14000000000     
   1443.04608108203     
   1466.74684255175     
   1654.93000000000     
   1654.93000000000     
   1821.32000000000     
   1985.86991166241     
   2150.36579963536     
   2102.53192985726     
   1932.13127687584     
   1973.25855375028     
   1974.68984048471     
   1915.96785118735     
   1934.30894446322     
   1941.33781164284     
   1821.32000000000     
   1821.32000000000     
   1821.32000000000     
   1809.49289321887     
   1918.80306505231     
   1916.52501411426     
   1366.14000000000     
   1127.46000000000     
   1351.21326454903     
   1193.84891993275     
   1198.40837010663     
   1241.12000000000     
   1201.42649433910     
   739.125796508532     
   16.7714536961827     
 -9.900000000000000E+015
 -9.900000000000000E+015
 -9.900000000000000E+015
 -9.900000000000000E+015
   38.7200000000000     
   104.727334199877     
   94.9900000000000     
   289.850000000000     
   472.750000000000     
   1019.01925540649     
   1127.46000000000     
   1239.19197676406     
   1256.76176192093     
   1267.74826046292     
   1272.59794162050     
   1241.12000000000     
   1127.25401376123     
   554.929934167744     
   105.520000000000     
 -9.900000000000000E+015
 -9.900000000000000E+015
   6.81996522482175     
   105.520000000000     
   905.712208473828     
   1192.63457828391     
   1342.54766632062     
   1366.14000000000     
   1450.58968826180     
   1366.14000000000     
   1349.16730744956     
   1449.94070082958     
   1344.13697756274     
   1201.88854665825     
   930.190000000000     
   761.267862497944     
   233.415424100280     
   262.600000000000     
   319.820000000000     
   319.820000000000     
   616.419482303087     
   767.150000000000     
   472.750000000000     
   386.332890492409     
   520.980000000000     
   574.030000000000     
   615.182513295240     
   767.150000000000     
   918.717183777334     
   1015.62311202627     
   1220.01929026728     
   1241.12000000000     
   1366.14000000000     
   1503.66000000000     
   1821.32000000000     
   1815.95871234924     
   1738.66322508904     
   1654.93000000000     
   1503.66000000000     
   1443.70783644932     
   1503.66000000000     
   1635.30430918669     
   1635.30430918669     
   1241.12000000000     
   1500.73275200689     
   1503.66000000000     
   1783.86621180737     
   2205.66000000000     
   2427.11000000000     
   2670.70000000000     
   2828.84584526148     
   2848.09758263840     
   2855.54591111564     
   2867.58884629565     
   2888.22833633474     
   2918.75196382891     
   2938.64000000000     
   2986.12628770129     
   2938.64000000000     
   2938.64000000000     
   2916.96834789792     
   3045.18521793553     
   3059.75884171172     
   2938.64000000000     
   2919.24210250792     
   2902.35134866638     
   2938.64000000000     
   3233.37000000000     
   3443.32370653350     
   3477.54998654005     
   3528.38904003422     
   3545.06606489869     
   3557.57000000000     
   3557.57000000000     
   3649.57929928180     
   3662.72002752503     
   3611.75457663566     
   3651.28426102254     
   3669.64483772702     
   3677.33815887302     
   3678.85299785984     
   3675.19118377219     
   3677.43648014473     
   3678.92424236894     
   3673.87396409469     
   3672.14079779361     
   3712.65500121312     
   3725.13401788545     
   3729.03383303041     
   3729.17774993173     
   3746.78491451849     
   3757.69285218921     
   3767.81314392975     
   3796.15592682955     
   3557.57000000000     
   3837.48085412934     
   3845.33076250469     
   2751.95662519464     
   2771.11866091122     
   2752.07199775175     
   2714.48697388948     
   2654.59187221599     
   2427.11000000000     
   2205.66000000000     
   2004.34000000000     
   2004.34000000000     
   2151.12999978320     
   2135.43306053831     
   2154.45464770595     
   2189.20208836794     
   2205.66000000000     
   2225.01669852509     
   2224.65445076671     
   2205.66000000000     
   2196.46918951367     
   2195.73051129848     
   2205.66000000000     
   2231.39679506210     
   2205.66000000000     
   2178.47356547354     
   2170.68933963519     
   2123.72578193735     
   2068.63360772313     
   2004.34000000000     
   1821.32000000000     
   1755.58222957063     
   1503.66000000000     
   1366.14000000000     
   1305.51771354531     
   1127.46000000000     
   1127.24059350373     
   1167.66182944407     
   1175.13191802515     
   1184.78289910741     
   1241.12000000000     
   1404.35255667972     
   1408.13197614308     
   1435.94431423003     
   1457.48559003534     
   1497.72386766789     
   1501.51626638893     
   1503.66000000000     
   1654.93000000000     
   1821.32000000000     
   1821.32000000000     
   1821.32000000000     
   1887.17818833814     
   1894.75290225358     
   1930.13603155781     
   1950.05351201967     
   1925.94295701258     
   1917.12409739171     
   1916.18079928109     
   1898.79792374705     
   1953.23490350550     
   2047.20859459860     
   2059.70286497739     
   1821.32000000000     
   1766.65220293474     
   2004.34000000000     
   2245.92128324586     
   2234.15935628432     
   2147.07056974520     
   1618.81400541972     
   1791.01313537166     
   1821.32000000000     
   1654.93000000000     
   1503.66000000000     
   1503.66000000000     
   1321.57938195507     
   1127.46000000000     
   1214.91946204073     
   1366.14000000000     
   1366.14000000000     
   1597.35359654820     
   1776.80200650591     
   1924.93672653394     
   1919.47305055995     
   2061.72061147339     
   2004.34000000000     
   2004.34000000000     
   1972.66743763461     
   1640.87312383973     
   1605.65054789729     
   1781.51433200176     
   1808.27460250648     
   1821.32000000000     
   1757.36177449579     
   1763.97207202910     
   1908.11573519258     
   1754.88582442599     
   1654.93000000000     
   1776.94155650576     
   1654.93000000000     
   1654.93000000000     
   1648.23276126958     
   1593.01174326067     
   844.790000000000     
   389.030000000000     
   318.077538702767     
   90.6635404117582     
 -9.900000000000000E+015
 -9.900000000000000E+015
   16.8906954884699     
   129.830000000000     
   520.980000000000     
   841.302888552206     
   926.577546615037     
   1127.46000000000     
   1230.50260745334     
   1241.12000000000     
   1241.12000000000     
   1259.52738707416     
   1241.12000000000     
   1105.85780857997     
   176.170000000000     
 -9.900000000000000E+015
 -9.900000000000000E+015
 -9.900000000000000E+015
   6.56571407425988     
   75.4843564613873     
   259.166707166400     
   919.714006020356     
   1219.54792963320     
   1316.63051576247     
   1351.48993079909     
   1361.20537683071     
   1328.93311625579     
   1338.48064670617     
   1457.97193617123     
   1422.45263183051     
   1241.12000000000     
   1024.13000000000     
   574.030000000000     
   159.230000000000     
   129.830000000000     
   129.830000000000     
   123.913253894875     
   262.600000000000     
   520.980000000000     
   352.780000000000     
   285.175718231973     
   389.030000000000     
   375.339153239006     
   389.030000000000     
   674.457882170330     
   905.712144109209     
   1000.05482688503     
   1082.43884883793     
   1230.47859613346     
   1221.42249490957     
   1336.58134531743     
   1583.31662558839     
   1654.93000000000     
   1654.93000000000     
   1654.93000000000     
   1580.48367342585     
   1480.04959064707     
   1503.66000000000     
   1477.56449690874     
   1503.66000000000     
   1366.14000000000     
   1366.14000000000     
   819.005636077009     
   1022.96371336199     
   1787.76912408180     
   2127.75664550516     
   2369.07066801266     
   2670.70000000000     
   2842.64916623599     
   2853.90321254941     
   2879.87330527484     
   2910.49734952612     
   2938.64000000000     
   2987.92306733152     
   3012.55216133982     
   3024.64588887818     
   3018.66187083050     
   2982.88156100115     
   2938.64000000000     
   3029.86353469341     
   3037.98537868075     
   2938.64000000000     
   2880.30514031268     
   2641.45614902500     
   2670.70000000000     
   2938.64000000000     
   3233.37000000000     
   3452.99425677593     
   3435.14932495161     
   3507.65605986208     
   3557.57000000000     
   3557.57000000000     
   3557.57000000000     
   3697.13839237043     
   3657.54467302299     
   3677.29282806666     
   3693.20166661950     
   3696.49243040331     
   3690.43258421697     
   3690.12513721588     
   3696.17358215101     
   3727.76243610765     
   3731.95457565540     
   3699.28141623255     
   3683.77352036048     
   3699.53060983415     
   3732.09080356293     
   3736.67337112837     
   3747.60887725966     
   3756.39541951474     
   3758.68791448277     
   3557.57000000000     
   3557.57000000000     
   3845.37311048527     
   3866.65340957127     
   2824.37810732415     
   2826.25772380667     
   2806.98902217940     
   2752.11156844478     
   2670.70000000000     
   2427.11000000000     
   2205.66000000000     
   2004.34000000000     
   1981.27125978438     
   2085.48222069720     
   2085.95143366416     
   2116.99023564311     
   2159.92505268622     
   2190.31335299398     
   2205.66000000000     
   2205.66000000000     
   2203.42293922927     
   2162.76391335451     
   2154.47570463851     
   2182.72317598679     
   2228.17264883143     
   2232.01937893441     
   2205.66000000000     
   2188.21491616163     
   2143.87167996526     
   2004.34000000000     
   1986.40456064982     
   1915.93606280865     
   1770.62216921516     
   1581.51106053079     
   1366.14000000000     
   1321.51552743443     
   1186.82664671894     
   1103.70703073395     
   1127.46000000000     
   1161.66316237317     
   1180.51081434770     
   1206.44911620102     
   1337.18231112691     
   1366.14000000000     
   1503.66000000000     
   1503.66000000000     
   1503.66000000000     
   1604.61618579744     
   1654.93000000000     
   1817.76167727696     
   1871.42638568196     
   1886.75281748339     
   1894.78079329385     
   1905.49574642042     
   1913.09132603344     
   1932.48727353962     
   1901.80817018382     
   1943.91442815849     
   1936.28947713581     
   1821.32000000000     
   1910.71217521925     
   1994.95516778168     
   1943.70640707391     
   2092.86588906325     
   2104.94864528805     
   1821.32000000000     
   1821.32000000000     
   2004.34000000000     
   2205.66000000000     
   2205.66000000000     
   1821.32000000000     
   1785.93082187341     
   1821.32000000000     
   1503.66000000000     
   994.481539856664     
   1024.13000000000     
   1241.12000000000     
   927.067874697135     
   767.150000000000     
   1127.46000000000     
   1241.12000000000     
   1366.14000000000     
   1654.93000000000     
   1654.93000000000     
   1821.32000000000     
   2004.34000000000     
   1913.02943981516     
   1913.45274800230     
   2004.34000000000     
   1797.18387869737     
   1654.93000000000     
   1763.20335213336     
   1654.93000000000     
   1650.95793224326     
   1450.64907967766     
   1637.61389925690     
   1746.14800662592     
   1821.32000000000     
   1902.03489585378     
   1799.91353970138     
   1806.20458003177     
   1654.93000000000     
   1654.93000000000     
   1654.93000000000     
   1366.14000000000     
   754.385259590868     
   844.790000000000     
   632.380000000000     
   111.618694934580     
   428.900000000000     
   682.460372762003     
   889.083547173872     
   1024.13000000000     
   1127.46000000000     
   1220.38887385609     
   1258.49024684183     
   1259.79852197081     
   1241.12000000000     
   1186.39646066454     
   1006.74778378838     
   520.980000000000     
 -9.900000000000000E+015
 -9.900000000000000E+015
 -9.900000000000000E+015
 -9.900000000000000E+015
   94.9900000000000     
   215.290000000000     
   520.980000000000     
   930.190000000000     
   1184.57723651743     
   1288.56661286212     
   1312.60389521376     
   1322.65111218177     
   1241.12000000000     
   1127.46000000000     
   1322.69377885271     
   1610.76411225318     
   1366.14000000000     
   1024.13000000000     
   503.648978178894     
 -9.900000000000000E+015
 -9.900000000000000E+015
 -9.900000000000000E+015
 -9.900000000000000E+015
 -9.900000000000000E+015
   129.830000000000     
   173.962908723081     
   143.830000000000     
   289.850000000000     
   389.030000000000     
   472.750000000000     
   631.514720600180     
   828.635894525235     
   930.190000000000     
   968.730303514463     
   520.980000000000     
   930.190000000000     
   1120.44268426062     
   1447.19802039387     
   1625.97225954569     
   1726.78610344689     
   1766.38406927198     
   1753.10784213282     
   1654.93000000000     
   1654.93000000000     
   1821.32000000000     
   2205.66000000000     
   2128.58125132850     
   2129.42688236342     
   2004.34000000000     
   1821.32000000000     
   1366.14000000000     
   1503.66000000000     
   2205.66000000000     
   2427.11000000000     
   2819.95789893606     
   2858.06130849206     
   2871.98852208077     
   2894.64818738050     
   2938.64000000000     
   2978.92180604283     
   2997.08575891475     
   2998.83808268430     
   3020.11012704963     
   3037.14036216733     
   3011.57778825588     
   2921.34254495635     
   3012.46503679477     
   3038.53727656541     
   2938.64000000000     
   2427.11000000000     
   2205.66000000000     
   2427.11000000000     
   2670.70000000000     
   3146.64743449945     
   2938.64000000000     
   3094.96468315801     
   3474.19904303852     
   3233.37000000000     
   3404.03004610387     
   3425.48794341058     
   3661.71176928323     
   3642.21927478098     
   3698.01941622547     
   3700.19060594942     
   3694.14058147609     
   3706.87572254653     
   3722.32555407271     
   3716.50569947061     
   3721.62690469269     
   3716.03046141218     
   3698.71440402541     
   3664.16126680794     
   3489.42419426791     
   3733.93039579153     
   3744.14358539084     
   3742.23127156164     
   3763.19681219062     
   3765.58852268176     
   3693.46968247316     
   3522.47617069954     
   3841.56502165158     
   3859.24957679906     
   2884.39561466010     
   2865.21488627024     
   2841.73103645048     
   2805.11015353150     
   2670.70000000000     
   2427.11000000000     
   2205.66000000000     
   2122.15967524748     
   1950.52626811288     
   1935.63886054189     
   2046.69944932821     
   2072.22919355513     
   2125.74329435776     
   2158.41362129433     
   2186.61800457002     
   2202.88832612842     
   2197.81919843923     
   2164.50719752758     
   2148.01831364104     
   2163.51143336035     
   2194.15951521925     
   2205.66000000000     
   2205.66000000000     
   2187.93939101986     
   2163.66081694586     
   2004.34000000000     
   1984.81100450248     
   1936.14327035215     
   1795.26546285583     
   1503.66000000000     
   1366.14000000000     
   1336.75497266645     
   1241.12000000000     
   1024.13000000000     
   1090.53963940619     
   1127.46000000000     
   1127.46000000000     
   1203.79746314934     
   1241.12000000000     
   1471.43579025591     
   1503.66000000000     
   1503.66000000000     
   1503.66000000000     
   1654.93000000000     
   1747.72785551454     
   1780.02729740483     
   1884.33226895998     
   1903.54788465668     
   1912.90993173626     
   1919.25772117630     
   1943.41612664930     
   1927.44079781030     
   1907.60376071185     
   1821.32000000000     
   1907.09030153232     
   1910.00186096831     
   1894.36144698326     
   1811.02698639424     
   1654.93000000000     
   1821.32000000000     
   1821.32000000000     
   1503.66000000000     
   1654.93000000000     
   1955.60279680221     
   1967.03627798030     
   2004.34000000000     
   2154.51825770535     
   1821.32000000000     
   1799.35341449176     
   1503.66000000000     
   1024.13000000000     
   616.766578726358     
   1241.12000000000     
   1127.46000000000     
   767.150000000000     
   1013.99650707578     
   989.082774837842     
   1094.62438148871     
   1241.12000000000     
   1618.83403222602     
   1654.93000000000     
   1955.55631046908     
   1812.63699197336     
   1821.32000000000     
   1821.32000000000     
   1977.26159663833     
   1819.99659551070     
   1748.59578694602     
   1821.32000000000     
   1625.75039342984     
   1366.14000000000     
   1503.66000000000     
   1755.18817371102     
   1875.56396604822     
   1913.33970108101     
   1946.06440603815     
   1905.22829243561     
   1804.84554633305     
   1353.18958560947     
   1503.66000000000     
   1366.14000000000     
   1241.12000000000     
   844.790000000000     
   983.609456486443     
   844.790000000000     
   930.190000000000     
   1024.13000000000     
   1127.46000000000     
   1200.76564809710     
   1241.12000000000     
   1241.12000000000     
   1250.71704853268     
   1212.12789293264     
   1127.46000000000     
   767.150000000000     
 -9.900000000000000E+015
 -9.900000000000000E+015
 -9.900000000000000E+015
   24.7459702978414     
   143.830000000000     
   632.380000000000     
   900.757168826747     
   1024.13000000000     
   1080.81548638896     
   1201.81889124004     
   1241.12000000000     
   1241.12000000000     
   1241.12000000000     
   1241.12000000000     
   1127.46000000000     
   1024.13000000000     
   1654.93000000000     
   1635.39047210670     
   1221.30209674472     
   22.4472216322829     
 -9.900000000000000E+015
 -9.900000000000000E+015
 -9.900000000000000E+015
 -9.900000000000000E+015
 -9.900000000000000E+015
 -9.900000000000000E+015
   19.9400000000000     
   129.830000000000     
   194.800000000000     
   319.820000000000     
   372.863324023783     
   570.473751769244     
   737.191381108362     
   767.150000000000     
   668.275884867093     
   428.900000000000     
   767.150000000000     
   1127.46000000000     
   1443.73225304978     
   1624.49042985584     
   1654.93000000000     
   1720.17353520055     
   1749.77080742749     
   1784.09529682026     
   1821.32000000000     
   2004.34000000000     
   2205.66000000000     
   2395.50376471470     
   2374.92427048945     
   2357.87861800364     
   2324.13852279167     
   2190.17693042377     
   1821.32000000000     
   1821.32000000000     
   1818.05048865186     
   1968.94987555323     
   2205.66000000000     
   2670.70000000000     
   2863.15285298570     
   2919.33025306364     
   2938.64000000000     
   2958.78800235755     
   2938.64000000000     
   3003.83585713537     
   3024.56507362071     
   3061.24658086446     
   3048.08323294704     
   3041.14737016554     
   3055.48361103131     
   3058.83019495862     
   3048.35239085731     
   2829.85610425380     
   2427.11000000000     
   2427.11000000000     
   2869.56858917063     
   3148.94274302760     
   3228.43251867560     
   3233.37000000000     
   3233.37000000000     
   3233.37000000000     
   3340.78901613196     
   3233.37000000000     
   3514.15521124634     
   3658.23547379606     
   3660.63627523038     
   3670.63166347418     
   3685.82386760641     
   3700.47053015622     
   3721.72652735303     
   3731.63512203922     
   3727.96245011403     
   3735.09300442856     
   3722.44113007648     
   3697.22034962736     
   3657.56947144598     
   3742.52781272782     
   3758.68411549143     
   3686.70813199435     
   3761.32430681181     
   3764.23495468705     
   3751.13903482944     
   3739.90032610547     
   3838.99868846882     
   3865.69091720171     
   2901.94116315969     
   2876.19531374259     
   2876.24697066016     
   2878.59549212150     
   2670.70000000000     
   2427.11000000000     
   2205.66000000000     
   2110.65326920221     
   1939.33871774229     
   1891.31556563858     
   1949.61557412838     
   2075.35218442518     
   2108.83019612169     
   2135.66626566562     
   2165.65879816992     
   2185.65665499732     
   2193.72255805145     
   2177.65148827232     
   2159.04925229002     
   2160.56191867247     
   2179.62599781182     
   2203.90404002141     
   2205.66000000000     
   2205.66000000000     
   2160.76649046623     
   2004.34000000000     
   2000.06964032631     
   1985.87673140880     
   1821.32000000000     
   1456.88155638935     
   1363.63603949953     
   1241.12000000000     
   1222.84334167378     
   1024.13000000000     
   1093.77530247343     
   1142.27851411049     
   1106.01060602980     
   1127.46000000000     
   1241.12000000000     
   1366.14000000000     
   1503.66000000000     
   1503.66000000000     
   1605.33872074352     
   1654.93000000000     
   1783.11437409820     
   1897.13003237087     
   1913.98373434628     
   1939.40634122559     
   1927.15090144826     
   1922.42720551184     
   1919.22860573718     
   1907.37300013115     
   1821.32000000000     
   1582.65550296160     
   1812.61139075921     
   1821.32000000000     
   1899.96132110227     
   1787.89604218831     
   1497.24207315313     
   1503.66000000000     
   1654.93000000000     
   1311.98538343081     
   1127.46000000000     
   1238.85972513436     
   1654.93000000000     
   1930.34532601499     
   2156.50475548537     
   1939.81236553367     
   1751.72695504109     
   1329.17842814670     
   1192.37224994954     
   930.190000000000     
   1127.46000000000     
   1241.12000000000     
   1121.66987119039     
   632.380000000000     
   262.600000000000     
   574.030000000000     
   930.190000000000     
   1241.12000000000     
   1456.38578678578     
   1821.32000000000     
   1821.32000000000     
   1821.32000000000     
   1750.46046986723     
   1987.86285576290     
   1968.68012264995     
   1821.32000000000     
   1988.02329376284     
   1975.55509267453     
   1821.32000000000     
   1444.25846865724     
   1786.27523631327     
   1886.80829983317     
   1928.49556557963     
   1913.23371120840     
   1931.31212409143     
   1762.15989326280     
   1654.93000000000     
   1503.66000000000     
   1468.74744666165     
   1440.06960841591     
   1324.50698037609     
   1240.58556680471     
   1103.38694301046     
   1024.13000000000     
   1127.46000000000     
   1204.73316240383     
   1241.12000000000     
   1267.10659140000     
   1203.31037173584     
   1024.13000000000     
   889.648556202068     
   389.030000000000     
 -9.900000000000000E+015
 -9.900000000000000E+015
   75.4364548765738     
   693.558841915698     
   767.150000000000     
   992.003879590341     
   1123.60092004870     
   1152.73326748414     
   1150.50821154718     
   1145.70770794711     
   1127.46000000000     
   1127.46000000000     
   1124.35319866747     
   1121.28756045269     
   1127.46000000000     
   1614.62090963529     
   1951.37915902632     
   1654.93000000000     
   1241.12000000000     
   632.380000000000     
 -9.900000000000000E+015
 -9.900000000000000E+015
 -9.900000000000000E+015
 -9.900000000000000E+015
 -9.900000000000000E+015
 -9.900000000000000E+015
 -9.900000000000000E+015
   30.1400000000000     
   94.9900000000000     
   289.850000000000     
   574.030000000000     
   632.380000000000     
   680.264405755745     
   1011.45871190359     
   1241.12000000000     
   1366.14000000000     
   1363.21473963371     
   1311.20703907981     
   1366.14000000000     
   1443.73225304978     
   1196.81753023036     
   1654.93000000000     
   1747.29017085287     
   1773.24483860860     
   1821.32000000000     
   2124.06899409344     
   2205.66000000000     
   2417.14325976052     
   2427.11000000000     
   2505.58294853993     
   2427.11000000000     
   2427.11000000000     
   2343.55443400946     
   2318.36267865599     
   2205.66000000000     
   2205.66000000000     
   2205.66000000000     
   2375.14186901841     
   2638.89442019986     
   2670.70000000000     
   2804.63909676956     
   2898.15879825337     
   2905.05778626920     
   2936.87862639555     
   2938.64000000000     
   2897.96233583646     
   3061.49402523192     
   3074.53146167934     
   3077.32468982751     
   3074.93449895821     
   3090.52609957204     
   3087.94672165605     
   2427.11000000000     
   2581.93914643457     
   2670.70000000000     
   2938.64000000000     
   3233.37000000000     
   3355.56835954327     
   3455.22745385341     
   2938.64000000000     
   3175.02480072397     
   3164.59455123569     
   3114.20410605335     
   3233.37000000000     
   3641.63415112596     
   3650.28637083273     
   3673.15834241528     
   3681.46022216636     
   3688.70296829172     
   3704.10365620553     
   3717.80138941547     
   3729.28074619873     
   3742.17189094566     
   3743.13411399216     
   3710.42925334517     
   3557.57000000000     
   3776.28954498309     
   3776.26523460201     
   3780.14821182297     
   3755.25204248168     
   3769.89626596575     
   3765.98780087576     
   3753.06259444691     
   3731.26687767782     
   3866.42919441325     
   2903.50894009003     
   2872.01678290707     
   2872.66756037453     
   2895.39792568234     
   2793.00959048534     
   2427.11000000000     
   2205.66000000000     
   2004.34000000000     
   1922.74415058111     
   1920.20872974015     
   2004.34000000000     
   2058.28133992150     
   2103.97827573627     
   2134.04294997803     
   2149.86044244248     
   2154.25257215620     
   2164.48130019685     
   2175.59439710817     
   2167.74731170709     
   2172.89525450789     
   2171.25810453423     
   2192.98726495095     
   2199.03301142607     
   2187.97092162992     
   2160.26625868965     
   2004.34000000000     
   2004.34000000000     
   1989.23089938108     
   1930.79137198859     
   1462.44607428272     
   1366.14000000000     
   1317.13463087134     
   1241.12000000000     
   1235.73838562484     
   1024.13000000000     
   1155.33071422652     
   1127.46000000000     
   1199.61178614958     
   1241.12000000000     
   1350.18860637691     
   1484.79813915266     
   1503.66000000000     
   1644.40625863321     
   1788.24632375849     
   1814.21015934612     
   1877.82120199929     
   1914.99166854290     
   1946.94417754676     
   1947.22601950079     
   1926.95153634979     
   1223.60832014272     
   1503.66000000000     
   1491.39141639033     
   1654.93000000000     
   1654.93000000000     
   1654.93000000000     
   1603.90339431966     
   1503.66000000000     
   1319.03475879523     
   1241.12000000000     
   1749.25528247572     
   1503.66000000000     
   1366.14000000000     
   1306.18855219362     
   1503.66000000000     
   1904.07890552451     
   1821.32000000000     
   1956.97865681204     
   1744.32465758974     
   1366.14000000000     
   1365.02906738042     
   1214.05498510609     
   1024.13000000000     
   1382.48995042760     
   1208.30823550580     
   1241.12000000000     
   1188.36259717472     
   1229.54916594326     
   1415.88929662194     
   1340.67585494826     
   1366.14000000000     
   1761.94520036289     
   1821.32000000000     
   1654.93000000000     
   1640.17376920662     
   1821.32000000000     
   1912.43768188695     
   1821.32000000000     
   1988.02329376284     
   1977.43379838584     
   1821.32000000000     
   1612.29039074920     
   1803.31319973382     
   1821.32000000000     
   1880.03551749081     
   1934.84941462965     
   1821.32000000000     
   1805.47670563734     
   1615.33341123266     
   1477.16117688192     
   1436.19909756222     
   1451.51934129055     
   1366.14000000000     
   1326.15051858670     
   1125.99572753557     
   1113.87875038411     
   1241.12000000000     
   1241.12000000000     
   1241.12000000000     
   1270.85931914400     
   1024.13000000000     
   389.030000000000     
   137.609776354510     
   41.2961745877470     
   176.170000000000     
   818.800234458123     
   930.190000000000     
   1024.13000000000     
   1106.00946138657     
   1143.05950604457     
   1137.20430814872     
   1118.88762646675     
   1145.76225629996     
   1127.46000000000     
   1096.17790927620     
   914.384893068726     
   844.790000000000     
   1229.04899798325     
   1821.32000000000     
   2004.34000000000     
   1929.36194844663     
   1363.17555625574     
   837.287845569074     
   319.820000000000     
 -9.900000000000000E+015
 -9.900000000000000E+015
 -9.900000000000000E+015
 -9.900000000000000E+015
 -9.900000000000000E+015
 -9.900000000000000E+015
 -9.900000000000000E+015
   76.1285633704705     
   519.756952196578     
   735.240964212834     
   887.833191156743     
   1024.13000000000     
   1363.46131668571     
   1366.14000000000     
   1481.76037793995     
   1492.51671011157     
   1491.37678670432     
   1480.47149302192     
   1483.86836229521     
   1241.12000000000     
   1127.46000000000     
   1821.32000000000     
   2004.34000000000     
   2137.80498343798     
   2169.27442691712     
   2205.66000000000     
   2385.16626327214     
   2427.11000000000     
   2526.59186913456     
   2560.69524806435     
   2522.69361001910     
   2427.11000000000     
   2427.11000000000     
   2427.11000000000     
   2427.11000000000     
   2427.11000000000     
   2427.11000000000     
   2427.11000000000     
   2653.66869265385     
   2755.87364734404     
   2670.70000000000     
   2887.18312375640     
   2919.03886132896     
   2938.64000000000     
   2938.64000000000     
   2938.64000000000     
   3038.46939433940     
   3118.00245659733     
   3090.17078026301     
   3098.66628993109     
   3132.21702908975     
   2938.64000000000     
   2427.11000000000     
   2670.70000000000     
   2904.90100915282     
   2810.93191565806     
   3395.09381566019     
   3463.65461096824     
   3518.47761630248     
   3233.37000000000     
   3233.37000000000     
   3444.91135088761     
   2828.61623016299     
   2938.64000000000     
   3557.57000000000     
   3642.15513965139     
   3689.70292324219     
   3712.01271300537     
   3714.43672595265     
   3233.37000000000     
   3727.13860989469     
   3751.59201044503     
   3762.83691135590     
   3782.06141855805     
   3781.89572480323     
   3787.89996763248     
   3797.35791751684     
   3807.77903001006     
   3790.21212400102     
   3796.54932554758     
   3782.86903145272     
   3776.75960641051     
   3787.02571519845     
   3791.71050981969     
   3889.37332244671     
   2905.46901350198     
   2856.11066361829     
   2829.23950553227     
   2863.41752097883     
   2799.85028698353     
   2554.13866244115     
   2205.66000000000     
   2004.34000000000     
   1821.32000000000     
   1885.97976312356     
   1821.32000000000     
   1992.93326722982     
   2097.33578006981     
   2130.68450801299     
   2128.42645219751     
   2130.13434661285     
   2141.38213597862     
   2148.24191948100     
   2148.28979361780     
   2152.70150412856     
   2163.88740678241     
   2173.80584029427     
   2185.25060207382     
   2185.79806889506     
   2180.48859958953     
   2154.27277446874     
   2004.34000000000     
   2052.87941005957     
   2073.56819941465     
   1821.32000000000     
   1366.14000000000     
   1348.68993085811     
   1330.67386169282     
   1241.12000000000     
   1236.84135059138     
   1127.46000000000     
   1127.46000000000     
   1127.46000000000     
   1208.44046695197     
   1241.12000000000     
   1366.14000000000     
   1503.66000000000     
   1503.66000000000     
   1654.93000000000     
   1750.53319248254     
   1821.32000000000     
   1899.59782760030     
   1944.44440905159     
   1934.32587060687     
   1887.24743903153     
   1024.13000000000     
   1122.62464236211     
   1366.14000000000     
   1654.93000000000     
   1771.30374684929     
   1654.93000000000     
   1366.14000000000     
   1497.93698138546     
   1241.12000000000     
   1127.46000000000     
   1711.20871593159     
   1746.65118442529     
   1503.21323088803     
   1313.01737072840     
   1465.91055183337     
   1366.14000000000     
   1741.18604264204     
   1746.96773201501     
   1821.32000000000     
   1649.44616698998     
   1503.66000000000     
   1366.14000000000     
   1024.13000000000     
   1395.22715422912     
   1342.68707019673     
   1366.14000000000     
   1127.46000000000     
   1414.18810962323     
   1456.31947018805     
   1366.14000000000     
   1503.66000000000     
   1721.71735509082     
   1654.93000000000     
   1654.93000000000     
   1817.37873322628     
   1798.63924448500     
   1986.24402755657     
   1973.81958709557     
   1789.33419851642     
   1921.84042968168     
   1821.32000000000     
   1438.28376364789     
   1654.93000000000     
   1821.32000000000     
   1862.74431392945     
   1821.32000000000     
   1810.53159869405     
   1654.93000000000     
   1654.93000000000     
   1464.12771752880     
   1451.54906783304     
   1432.18613136863     
   1419.46034462655     
   1366.14000000000     
   1317.92904134901     
   1322.67720939251     
   1241.12000000000     
   1241.12000000000     
   1241.12000000000     
   1205.34749999985     
   930.190000000000     
   820.040546628162     
   818.314387771247     
   767.150000000000     
   1008.44026383376     
   1127.46000000000     
   1136.29595178833     
   1141.82535042734     
   1137.44650403257     
   1144.88565386716     
   999.763999747132     
   844.790000000000     
   743.250062550222     
   844.790000000000     
   1366.14000000000     
   1765.31629473472     
   2205.66000000000     
   2328.07904710906     
   2280.17692950240     
   2004.34000000000     
   1358.58401068532     
   472.750000000000     
   251.871862026546     
   289.850000000000     
   126.666641991185     
   34.2300000000000     
 -9.900000000000000E+015
   22.5874788049609     
   19.9400000000000     
   55.0300000000000     
   126.672197019073     
   468.259712797603     
   1024.13000000000     
   1118.01679580551     
   1193.15064832456     
   1366.14000000000     
   1475.88753426422     
   1536.53937758938     
   1563.71140716786     
   1503.66000000000     
   1503.66000000000     
   1503.66000000000     
   1475.99556774305     
   1241.12000000000     
   1333.16284150365     
   1821.32000000000     
   2205.66000000000     
   2339.74795371443     
   2342.42465119747     
   2370.71522531903     
   2378.77922778420     
   2503.97132776458     
   2555.95503164853     
   2580.09903292080     
   2608.99447191605     
   2624.14737628587     
   2603.94681518688     
   2621.86228076427     
   2570.14116569398     
   2576.33282580770     
   2642.34887793284     
   2670.70000000000     
   2760.97590878344     
   2835.18150134456     
   2889.53279267149     
   2938.64000000000     
   2934.15440746759     
   3035.88106552787     
   3072.90831797145     
   3054.81105746389     
   3116.24792600193     
   3100.97948347347     
   3095.32746008235     
   3109.01437740335     
   3126.83338256391     
   3117.18901315649     
   2938.64000000000     
   2919.58044839264     
   2938.64000000000     
   2938.64000000000     
   3233.37000000000     
   3547.82785092797     
   3557.57000000000     
   3533.18205358158     
   3475.42814333546     
   3626.45110671759     
   3534.69785990391     
   3233.37000000000     
   3466.69176921424     
   3479.78101704228     
   3557.57000000000     
   3709.65152623538     
   3727.00624860128     
   3673.00539089733     
   3663.44606772533     
   3744.88693512641     
   3767.91238652448     
   3761.35832976883     
   3795.37466894366     
   3808.80758072330     
   3814.61280959433     
   3819.35911582809     
   3805.27759304870     
   3793.03666995917     
   3793.90702089511     
   3787.29774290042     
   3800.32549284628     
   3854.11019254809     
   3914.19000000000     
   2880.35286258522     
   2823.98095385821     
   2838.53899775471     
   2838.12596861635     
   2788.53052248906     
   2427.11000000000     
   2183.38228945530     
   2004.34000000000     
   1821.32000000000     
   1821.32000000000     
   1821.32000000000     
   1821.32000000000     
   2080.10326273237     
   2107.52279004575     
   2116.35398484412     
   2131.39494002087     
   2142.94824170026     
   2158.03143465701     
   2169.15278362287     
   2160.86107951728     
   2154.44538553733     
   2157.28135385155     
   2177.18862706754     
   2184.75327080255     
   2182.04562068316     
   2144.83598859019     
   2090.36866671360     
   2003.48657808594     
   1654.93000000000     
   1451.13653354590     
   1503.66000000000     
   1354.22238116001     
   1321.48835033390     
   1361.70778147730     
   1241.12000000000     
   1207.23591843228     
   1241.12000000000     
   1313.73247971849     
   1297.08526714312     
   1241.12000000000     
   1366.14000000000     
   1476.71431160271     
   1484.62396975230     
   1654.93000000000     
   1742.06969920412     
   1764.74425089129     
   1821.32000000000     
   1821.32000000000     
   1821.32000000000     
   1745.60710070970     
   1127.46000000000     
   1127.46000000000     
   1494.77994506857     
   1769.62398451765     
   1821.32000000000     
   1772.47197055759     
   1784.87336702815     
   1601.91014577739     
   1197.90531208613     
   1241.12000000000     
   1742.42148850810     
   1801.30545510667     
   1612.17709993275     
   1366.14000000000     
   1225.06355587653     
   1366.14000000000     
   1489.76689939028     
   1821.32000000000     
   1821.32000000000     
   1821.32000000000     
   1444.46253254435     
   1451.78123031741     
   1366.14000000000     
   1223.72788658365     
   1366.14000000000     
   1366.14000000000     
   1092.88678015248     
   1314.50014880836     
   1441.62854049998     
   1366.14000000000     
   1218.01973404415     
   1503.66000000000     
   1631.05950431985     
   1755.45493627455     
   1999.21339811029     
   1806.40628442004     
   1986.24402755657     
   1918.71624167530     
   1974.32995501217     
   1821.32000000000     
   1821.32000000000     
   1503.66000000000     
   1654.93000000000     
   1813.20696840714     
   1821.32000000000     
   1808.87226255734     
   1810.53159869405     
   1650.31722471408     
   1602.08537888991     
   1503.66000000000     
   1366.14000000000     
   1452.89653340590     
   1451.09467362824     
   1438.07934491993     
   1440.45520283334     
   1241.12000000000     
   1366.14000000000     
   1366.14000000000     
   1236.64051852587     
   1470.07432187999     
   1443.77951258723     
   1241.12000000000     
   1232.16463084917     
   1228.16528012735     
   1181.83356702848     
   1160.51850441191     
   1127.46000000000     
   1121.78284174880     
   1024.13000000000     
   1001.54153980067     
   844.790000000000     
   632.380000000000     
   462.909759373643     
   1113.95474042558     
   2135.95893512778     
   2284.97343864355     
   2356.77806885789     
   2342.72467596791     
   2205.66000000000     
   1821.31772743315     
   1618.84984975296     
   930.190000000000     
   1024.13000000000     
   574.030000000000     
   574.030000000000     
   428.900000000000     
   261.957082700545     
   153.492407770706     
   158.347095397091     
   632.380000000000     
   1004.90765551885     
   1241.12000000000     
   1241.12000000000     
   1241.12000000000     
   1353.68648426353     
   1452.93619451030     
   1503.66000000000     
   1556.49183643951     
   1590.80292248605     
   1503.66000000000     
   1503.66000000000     
   1581.50040731247     
   1603.91788784443     
   1346.29949512537     
   1449.19249626571     
   1800.31812404293     
   2175.37286808703     
   2360.53284889080     
   2427.11000000000     
   2427.11000000000     
   2427.11000000000     
   2519.92594967098     
   2562.61792517110     
   2625.66502978822     
   2652.63030814253     
   2670.70000000000     
   2666.97095236873     
   2670.70000000000     
   2645.42453628536     
   2670.70000000000     
   2797.59561769946     
   2824.21805997721     
   2823.52727009956     
   2913.53503635566     
   2938.64000000000     
   2938.64000000000     
   2938.64000000000     
   3054.67097093678     
   3077.12093632678     
   3092.58546246567     
   3094.45326491812     
   3046.24129287709     
   3103.64991525374     
   3115.07514871311     
   3139.87687448052     
   3132.04639534404     
   3093.93119728555     
   2894.79357079836     
   3086.75729722258     
   3212.19108272879     
   3101.56431339505     
   3605.75849194210     
   3599.14735578829     
   3604.56328963388     
   3233.37000000000     
   3643.17706869680     
   3675.25707073950     
   3557.57000000000     
   3557.57000000000     
   3444.85941902300     
   3400.27828797365     
   3710.52119477902     
   3725.25611208660     
   3738.30064268716     
   3750.39477969714     
   3724.53287910138     
   3749.03702256686     
   3729.01629574695     
   3787.43165983308     
   3791.97126561009     
   3794.77261450288     
   3815.27575433868     
   3821.04416274132     
   3820.52309158839     
   3541.22586762823     
   3754.89661081002     
   3758.12704991218     
   3838.53090646079     
   3902.95977655641     
   2835.54105874993     
   2855.58640246833     
   2869.05680162085     
   2887.19998733161     
   2800.81884691123     
   2427.11000000000     
   2377.28509310143     
   2004.34000000000     
   1919.67490523882     
   1821.32000000000     
   1821.32000000000     
   1913.83889344219     
   2004.34000000000     
   2096.93754014134     
   2097.82487566307     
   2108.72647901882     
   2119.86737759277     
   2144.86277425486     
   2197.48779200749     
   2186.08171694791     
   2190.35139829641     
   2141.20512348294     
   2154.93824033645     
   2199.85703377468     
   2104.28733809288     
   2106.59200988306     
   2093.29702347617     
   1975.40528947550     
   1597.29005093243     
   1948.97986717739     
   1503.66000000000     
   1365.25522590704     
   1366.14000000000     
   1366.14000000000     
   1351.32097776249     
   1241.12000000000     
   1366.14000000000     
   1366.14000000000     
   1352.81515605474     
   1363.60818577922     
   1361.69675898248     
   1366.14000000000     
   1366.14000000000     
   1311.15314131158     
   1629.82758830156     
   1482.43881010902     
   1653.06902315951     
   1654.93000000000     
   1769.98273094820     
   1791.13365392836     
   1366.14000000000     
   1480.05266286558     
   1503.66000000000     
   1740.31451113011     
   1821.32000000000     
   1911.97202250717     
   1820.32001450066     
   1755.82499284894     
   1366.14000000000     
   1455.05592104942     
   1803.30870793294     
   1821.32000000000     
   1654.93000000000     
   1503.66000000000     
   1024.13000000000     
   1366.14000000000     
   1241.12000000000     
   1623.91401671720     
   1775.52026560594     
   1949.57239970185     
   1654.93000000000     
   1497.71213282042     
   1438.15540756438     
   1241.12000000000     
   1112.75666279761     
   1353.58992350731     
   930.190000000000     
   1127.46000000000     
   1328.62780725083     
   1197.10476875527     
   1205.46978493070     
   1366.14000000000     
   1654.93000000000     
   1821.32000000000     
   1957.53803543165     
   1821.32000000000     
   1821.32000000000     
   1821.32000000000     
   1821.32000000000     
   2041.90148448768     
   2049.44227711845     
   1821.32000000000     
   1654.93000000000     
   1901.54098891175     
   1821.32000000000     
   1821.32000000000     
   1777.75429411380     
   1654.93000000000     
   1623.30292352817     
   1585.54690908603     
   1454.32523152511     
   1486.65234937359     
   1469.55145407649     
   1455.46713666027     
   1461.33935417364     
   1468.00354186141     
   1471.54090188627     
   1485.24045726207     
   1482.86376598821     
   1366.14000000000     
   1345.53613724443     
   1309.04359446667     
   1290.45259027169     
   1241.12000000000     
   1189.18641246933     
   1127.46000000000     
   1127.46000000000     
   1008.54885933909     
   887.568556220335     
   910.806907114040     
   767.150000000000     
   1024.13000000000     
   1593.19165276244     
   1821.32000000000     
   2169.23114735063     
   2327.02848357480     
   2427.11000000000     
   2476.31960726379     
   2453.26528388141     
   2354.74291284618     
   1765.34593665703     
   1632.61194859490     
   1312.46807403561     
   1024.13000000000     
   502.582929255173     
   462.373641262832     
   319.820000000000     
   472.750000000000     
   1093.65433641727     
   1336.01144578615     
   1366.14000000000     
   1494.24262473858     
   1471.06389942380     
   1455.57180047038     
   1453.51498573566     
   1494.89698489270     
   1503.66000000000     
   1503.66000000000     
   1654.93000000000     
   1654.93000000000     
   1632.25140243874     
   1766.47992370446     
   1821.32000000000     
   1777.55121226927     
   1821.32000000000     
   1962.65640348427     
   2294.93761850858     
   2205.66000000000     
   2427.11000000000     
   2504.52722351842     
   2541.01715491629     
   2548.75609957978     
   2586.04217124395     
   2662.95085730296     
   2725.55231277984     
   2749.65731449712     
   2670.70000000000     
   2783.49268381590     
   2670.70000000000     
   2670.70000000000     
   2843.25912917449     
   2912.10108653611     
   2908.79041710111     
   2938.64000000000     
   3010.21897634353     
   3022.97854028732     
   3066.36079707016     
   3069.36197567654     
   3086.72461011289     
   3083.86896231746     
   3100.20399991896     
   3104.47632031158     
   3104.36893821427     
   3063.89765326613     
   2938.64000000000     
   3141.92946198748     
   2938.64000000000     
   2812.27161398039     
   2938.64000000000     
   3460.93305001609     
   3469.40556747338     
   3624.14312914476     
   3620.60638472597     
   3612.60220347489     
   3557.57000000000     
   3540.39750681793     
   3679.40021938472     
   3689.67732014694     
   3664.94642452606     
   3557.57000000000     
   3233.37000000000     
   3233.37000000000     
   3738.09002249832     
   3752.53185736854     
   3746.03028146661     
   3734.87498421637     
   3752.53307167948     
   3748.87343353884     
   3760.46364496619     
   3785.90589059141     
   3802.38364915221     
   3810.32642354241     
   3827.29823441215     
   3835.37823371735     
   3827.60627739955     
   3557.57000000000     
   3557.57000000000     
   3762.25126526207     
   3909.57869064653     
   2938.64000000000     
   2938.64000000000     
   2938.64000000000     
   2938.64000000000     
   2823.93964007129     
   2614.84194893802     
   2427.11000000000     
   2186.33144226086     
   1968.78526247900     
   1821.32000000000     
   1821.32000000000     
   1821.32000000000     
   2004.34000000000     
   2100.49211132581     
   2107.18591829408     
   2104.39028103159     
   2105.27322115071     
   2113.80933464923     
   2145.78411529810     
   2137.79991693297     
   2145.49413530471     
   2118.96791540153     
   2130.04694822362     
   2175.38998946764     
   2161.50982946085     
   2171.39985376072     
   2151.68551018779     
   2100.64664692755     
   1976.73984671471     
   1993.05876267618     
   1769.16317839055     
   1503.66000000000     
   1482.94779560674     
   1366.14000000000     
   1366.14000000000     
   1321.65292847374     
   1241.12000000000     
   1241.12000000000     
   1316.29662631802     
   1345.09480246366     
   1319.42293840166     
   1241.12000000000     
   1241.12000000000     
   1326.88060085758     
   1503.66000000000     
   1573.25101258850     
   1503.66000000000     
   1611.54431756311     
   1654.93000000000     
   1633.47082710419     
   1654.93000000000     
   1599.59989993762     
   1592.61901793331     
   1756.12785971462     
   1854.39976362005     
   1886.03775995966     
   1876.49610098025     
   1821.32000000000     
   1654.93000000000     
   1747.00219156326     
   1821.32000000000     
   1821.32000000000     
   1444.08479385241     
   1628.05797696661     
   1322.69370124657     
   1366.14000000000     
   1366.14000000000     
   1654.93000000000     
   1654.93000000000     
   1936.54174276455     
   1821.32000000000     
   1617.86516522691     
   1366.14000000000     
   1241.12000000000     
   1127.46000000000     
   1353.58992350731     
   738.121539087745     
   980.773699934297     
   1204.27947515765     
   1241.12000000000     
   1241.12000000000     
   1503.66000000000     
   1581.20450985107     
   1654.93000000000     
   1947.15257151395     
   1595.49803817032     
   1503.66000000000     
   1654.93000000000     
   1782.13445667009     
   2038.54929581226     
   1821.32000000000     
   2004.34000000000     
   1654.93000000000     
   1923.49185114890     
   2000.32616432113     
   1821.32000000000     
   1770.81296575950     
   1714.88717623898     
   1640.67422175459     
   1574.05987256955     
   1570.01061922292     
   1538.98554814229     
   1503.66000000000     
   1503.66000000000     
   1573.69962570769     
   1503.66000000000     
   1449.55618051019     
   1442.85293977249     
   1362.31467143693     
   1241.12000000000     
   1127.46000000000     
   1127.46000000000     
   1195.50807634436     
   1241.12000000000     
   1214.51727957920     
   1219.69342825919     
   1224.36726783458     
   1321.70004499481     
   1303.68716287735     
   1241.12000000000     
   1241.12000000000     
   1127.46000000000     
   1556.89622244457     
   1585.02534176669     
   2123.05620781674     
   2427.11000000000     
   2492.50440996106     
   2488.16983322180     
   2463.66618610916     
   2000.61449978404     
   2106.33480935230     
   1821.32000000000     
   1503.66000000000     
   896.737026292088     
   632.380000000000     
   670.712708945623     
   844.790000000000     
   1127.46000000000     
   1471.84852360229     
   1553.19144369608     
   1548.25334115382     
   1555.05906340055     
   1534.91618485047     
   1503.66000000000     
   1483.81869996715     
   1366.14000000000     
   1366.14000000000     
   1127.46000000000     
   1654.93000000000     
   1817.84264764845     
   1821.32000000000     
   1787.90966219313     
   1964.27502472714     
   2004.34000000000     
   2166.91510092536     
   2205.66000000000     
   2351.04839899960     
   2427.11000000000     
   2427.11000000000     
   2501.56287474195     
   2520.14610617863     
   2563.51472907726     
   2606.50992620211     
   2653.27710137333     
   2749.48370783118     
   2772.54598855221     
   2768.73881979460     
   2806.97199301083     
   2670.70000000000     
   2670.70000000000     
   2670.70000000000     
   2893.20466242024     
   2938.64000000000     
   2987.46786538204     
   2995.03894851559     
   3048.79177638607     
   3078.37503268165     
   3110.43182764457     
   3130.34270610673     
   3132.21742391658     
   3129.55362726956     
   3134.05272664651     
   3049.35967314395     
   2938.64000000000     
   2670.70000000000     
   3121.19179942391     
   3180.76209904026     
   2938.64000000000     
   3442.36643684119     
   3557.57000000000     
   3647.79903467803     
   3651.19498196952     
   3638.01333404600     
   3557.57000000000     
   3725.03449398321     
   3742.87404182217     
   3717.63935218537     
   3690.62776130569     
   3695.18404270971     
   3699.28997539961     
   3557.57000000000     
   3448.23306555040     
   3693.69685756297     
   3761.13868341976     
   3765.57091995184     
   3732.61717740796     
   3745.91333663330     
   3755.50529923854     
   3557.57000000000     
   3802.63576114388     
   3803.83701733442     
   3787.24334014083     
   3557.57000000000     
   3844.91695252248     
   3837.22899224903     
   3797.93424281357     
   3233.37000000000     
   3557.57000000000     
   3905.09259471855     
   3039.07101684298     
   3032.34419554741     
   2938.64000000000     
   2806.23126967694     
   2670.70000000000     
   2555.52433023560     
   2503.65789104859     
   2205.66000000000     
   2004.34000000000     
   1821.32000000000     
   1821.32000000000     
   1821.32000000000     
   2004.34000000000     
   2104.50391910061     
   2107.54436907156     
   2124.19270686701     
   2118.89005024975     
   2118.65184973664     
   2144.40890452006     
   2150.55475036979     
   2132.86097535806     
   2090.70999094600     
   2093.65487444388     
   2105.08554391034     
   2121.99499064979     
   2128.62797958991     
   2114.22709694898     
   2104.83339877059     
   2055.74917185854     
   2001.82539448438     
   1821.32000000000     
   1634.46339458397     
   1503.66000000000     
   1503.66000000000     
   1434.95315867248     
   1366.14000000000     
   1241.12000000000     
   1127.46000000000     
   1024.13000000000     
   1223.05139113312     
   1241.12000000000     
   1279.96530403407     
   1239.40028701791     
   1328.10042734150     
   1366.14000000000     
   1564.37569700923     
   1484.44940152224     
   1652.31740255719     
   1719.21899166640     
   1723.22055843043     
   1705.69691072387     
   1699.89304826527     
   1583.44803218497     
   1654.93000000000     
   1871.42895431011     
   1920.34692200237     
   1923.79443628926     
   1891.51039329459     
   1821.32000000000     
   1804.58101805205     
   1984.32591276971     
   1925.82453316177     
   1503.66000000000     
   1653.62345978697     
   1460.77652485568     
   1495.26726660415     
   1626.24932704012     
   1787.53168663405     
   1942.52217643289     
   1933.69862186123     
   1794.78255326668     
   1503.66000000000     
   1315.89585992817     
   1241.12000000000     
   1003.51965107434     
   1345.15320701720     
   1241.12000000000     
   1007.12414041694     
   1196.77844921145     
   1096.52765567174     
   1108.89084341190     
   1094.09712350516     
   1599.63216099416     
   1361.33325305884     
   1503.66000000000     
   1742.21442818317     
   1750.25041547523     
   1654.93000000000     
   1654.93000000000     
   1974.26824748973     
   1654.93000000000     
   2004.34000000000     
   1944.14698426524     
   1944.77513154529     
   1967.41253498419     
   1791.58750273351     
   1654.93000000000     
   1695.88804590316     
   1634.40099319631     
   1620.89844376024     
   1503.66000000000     
   1503.66000000000     
   1592.58212490889     
   1654.93000000000     
   1584.21606907988     
   1503.66000000000     
   1366.14000000000     
   1501.16558000344     
   1342.27937005964     
   1127.46000000000     
   812.862555326978     
   1366.14000000000     
   1629.03365569370     
   1631.80131271143     
   1366.14000000000     
   1654.93000000000     
   1654.93000000000     
   1496.36040548484     
   1024.13000000000     
   735.588258574964     
   428.900000000000     
   930.190000000000     
   1115.34802809213     
   1366.14000000000     
   1756.27329592665     
   2403.42640690897     
   2511.35147410998     
   2472.60027574165     
   2479.97930754919     
   2427.11000000000     
   2158.03519904630     
   1943.07434366548     
   1454.00282650869     
   1194.11643473810     
   1127.46000000000     
   1127.46000000000     
   1439.53180977674     
   1494.13208293927     
   1567.86258025938     
   1568.29467851906     
   1567.86864205090     
   1565.04864299844     
   1503.66000000000     
   1441.26876363802     
   1328.45704347359     
   820.484902444874     
   999.671011642613     
   1127.46000000000     
   1741.93593863103     
   2004.34000000000     
   2004.34000000000     
   2004.34000000000     
   2111.80874493609     
   2189.90523279351     
   2205.66000000000     
   2427.11000000000     
   2480.52906691921     
   2497.43280156823     
   2550.19640567597     
   2509.89624000520     
   2427.11000000000     
   2427.11000000000     
   2535.72681005851     
   2565.14292548051     
   2648.38858808434     
   2753.40945632121     
   2784.01645159443     
   2885.50306512630     
   2870.68204695807     
   2670.70000000000     
   2670.70000000000     
   2795.76635260495     
   2851.10693683628     
   2978.52814338567     
   2998.76200590797     
   3041.00267754418     
   3049.65834762021     
   3093.25520129996     
   3115.88808893768     
   3151.04813722279     
   3159.36743956757     
   3152.25049201788     
   2938.64000000000     
   2938.64000000000     
   2938.64000000000     
   3164.85850690304     
   3233.37000000000     
   3233.37000000000     
   3642.81668951909     
   3631.17764083999     
   3660.29500734466     
   3635.69620920676     
   3233.37000000000     
   3557.57000000000     
   3759.74061709924     
   3798.25310750939     
   3557.57000000000     
   3685.10708761000     
   3667.91237219719     
   3712.95491862021     
   3667.34010419443     
   3489.21776790708     
   3557.57000000000     
   3729.81082567240     
   3718.99428094053     
   3439.59597309127     
   3737.49986416237     
   3761.77399210435     
   3697.83212729314     
   3766.02882309363     
   3800.34124377354     
   3557.57000000000     
   3857.91198774335     
   3901.07282889874     
   3870.34550372594     
   3774.41259079609     
   3550.66263578128     
   3543.27882754814     
   3914.19000000000     
   3072.44450715647     
   3037.65886142586     
   2875.05934211240     
   2670.70000000000     
   2599.62834964181     
   2422.13930035152     
   2205.66000000000     
   2124.49438925890     
   1942.69532828484     
   1819.86920330417     
   1779.64863158292     
   1817.75463517983     
   1821.32000000000     
   2004.34000000000     
   2077.31285631053     
   2114.91796893937     
   2117.00240457434     
   2115.81904591782     
   2109.12342753781     
   2119.59259166088     
   2114.26872796338     
   2095.38804118140     
   2109.95616958943     
   2118.67761459827     
   2118.96522983368     
   2114.95639372530     
   2091.40793989414     
   2056.62068093200     
   2004.34000000000     
   2004.34000000000     
   1968.72344152129     
   1765.56743677948     
   1582.05131112136     
   1503.66000000000     
   1448.87718889520     
   1366.14000000000     
   1366.14000000000     
   1087.17223844324     
   930.190000000000     
   1113.47764796257     
   1263.90410508409     
   1269.23667857118     
   1241.12000000000     
   1357.49225624747     
   1442.85947597769     
   1503.66000000000     
   1437.01105635074     
   1654.02178316035     
   1700.26805261753     
   1721.89174697011     
   1711.84184140136     
   1712.64795896782     
   1654.93000000000     
   1654.93000000000     
   1821.32000000000     
   1919.51948037783     
   1921.76357606091     
   1922.87798351341     
   1821.32000000000     
   1991.24698032083     
   2004.34000000000     
   1914.39394767523     
   1592.53662088050     
   1647.49371883089     
   1445.13956306463     
   1587.62418663091     
   1654.93000000000     
   1821.32000000000     
   2004.34000000000     
   1920.86017173124     
   1775.52214899612     
   1366.14000000000     
   1111.24128341723     
   1366.14000000000     
   930.190000000000     
   1488.49373096734     
   1346.40791150445     
   1024.13000000000     
   554.175113013516     
   316.645178097078     
   822.075368952116     
   1082.96403993459     
   1503.66000000000     
   1442.71395532725     
   1503.66000000000     
   1821.32000000000     
   1757.69925552854     
   1366.14000000000     
   1654.93000000000     
   2004.34000000000     
   2186.55853322784     
   1977.43032615174     
   2004.34000000000     
   1937.03592850502     
   1967.41253498419     
   1739.01353588343     
   1742.16455081459     
   1654.93000000000     
   1654.93000000000     
   1645.55357467240     
   1503.66000000000     
   1654.93000000000     
   1786.99085215007     
   1770.95840033379     
   1613.56527223608     
   1595.61861555997     
   1588.04600526056     
   1478.92036745799     
   1127.46000000000     
   1024.13000000000     
   1503.66000000000     
   1821.32000000000     
   1821.32000000000     
   1999.41019929996     
   2004.34000000000     
   1821.32000000000     
   1601.90307799641     
   1241.12000000000     
   236.310659664301     
   159.230000000000     
   472.750000000000     
   574.030000000000     
   455.885901887162     
   1081.62195417711     
   1654.93000000000     
   2427.11000000000     
   2427.11000000000     
   2480.11552263517     
   2463.10876494072     
   2205.66000000000     
   2004.34000000000     
   1809.41472738279     
   1594.93745357140     
   1503.66000000000     
   1366.14000000000     
   1366.14000000000     
   1366.14000000000     
   1491.14163581430     
   1575.09727670195     
   1583.63348700924     
   1604.32063687805     
   1558.25338574931     
   1493.55798444425     
   1366.14000000000     
   1313.24806588708     
   1127.46000000000     
   1358.06687063382     
   1654.93000000000     
   1821.32000000000     
   2004.34000000000     
   2179.51044703949     
   2004.34000000000     
   2171.42329159296     
   2205.66000000000     
   2358.98395424408     
   2427.11000000000     
   2524.25472841186     
   2555.04052629291     
   2617.65063009256     
   2592.63611615911     
   2585.87849845820     
   2427.11000000000     
   2531.00648670459     
   2559.71623785139     
   2571.84138270891     
   2649.06310510180     
   2670.70000000000     
   2802.87857219098     
   2900.88263556082     
   2898.23499237571     
   2827.70085574236     
   2775.48009990213     
   2879.01376645933     
   2938.64000000000     
   2938.64000000000     
   3034.35682345551     
   3089.46160051115     
   3097.08365740495     
   3079.66423750652     
   3146.46422658645     
   3187.57929157612     
   3182.64611467888     
   3085.15114319112     
   3111.59501673829     
   3233.37000000000     
   3359.19050480615     
   3475.98157742961     
   3557.57000000000     
   3698.56163940977     
   3494.36161174996     
   3557.57000000000     
   3557.57000000000     
   3448.12128321519     
   3557.57000000000     
   3852.69196558017     
   3867.64149061521     
   3882.61986013348     
   3557.57000000000     
   3233.37000000000     
   3692.76431510740     
   3772.50155852316     
   3705.36868931953     
   3702.41778857903     
   3708.01145354403     
   3557.57000000000     
   3531.46221186839     
   3781.72488218453     
   3744.14252480309     
   3664.31367233124     
   3682.68746182389     
   3557.57000000000     
   3233.37000000000     
   3852.81992193475     
   3893.70391872499     
   3902.33324026355     
   3865.64021483881     
   3751.18286771949     
   3557.57000000000     
   3914.19000000000     
   3057.83773466185     
   3039.38317951596     
   2993.51968562201     
   2937.14686815129     
   2670.70000000000     
   2413.48408516067     
   2205.66000000000     
   2004.34000000000     
   1821.32000000000     
   1654.93000000000     
   1654.93000000000     
   1760.41896111681     
   1799.90662588599     
   1926.34600723277     
   2004.34000000000     
   2096.80197760235     
   2115.77319203877     
   2097.89569632504     
   2096.51236258257     
   2113.27444817480     
   2098.04852248844     
   2102.34900664472     
   2142.59686104464     
   2133.50133517916     
   2108.12977357618     
   2085.91415927513     
   2057.44233470038     
   2034.98996403370     
   2027.22584032561     
   1989.72172174911     
   1980.48513454237     
   1814.44861651980     
   1654.93000000000     
   1606.07951135663     
   1503.66000000000     
   1503.66000000000     
   1366.14000000000     
   1220.72095854617     
   930.190000000000     
   921.769734546278     
   1127.46000000000     
   1241.12000000000     
   1241.12000000000     
   1330.45851548672     
   1503.66000000000     
   1606.83949954197     
   1654.93000000000     
   1654.93000000000     
   1654.93000000000     
   1716.24301609137     
   1708.78140715767     
   1714.28912008470     
   1713.88001581884     
   1654.93000000000     
   1821.32000000000     
   1905.60592858040     
   1920.21312082837     
   1963.66688901441     
   1905.45052598096     
   1821.32000000000     
   2004.34000000000     
   1983.34756535194     
   1821.03338053291     
   1821.32000000000     
   1654.93000000000     
   1654.93000000000     
   1654.93000000000     
   1810.58712167355     
   2004.34000000000     
   1821.32000000000     
   1654.93000000000     
   1503.66000000000     
   1203.40510846460     
   1441.16770015058     
   1127.46000000000     
   1442.64091038355     
   1209.37384944887     
   1024.13000000000     
   767.150000000000     
   930.190000000000     
   1024.13000000000     
   1024.13000000000     
   1637.57928686420     
   1503.66000000000     
   1813.66430387838     
   1821.32000000000     
   1750.10102819355     
   1503.66000000000     
   1949.35542737390     
   2205.66000000000     
   2163.93784784409     
   2199.43709286247     
   2004.34000000000     
   1928.65556021907     
   1654.93000000000     
   1789.48275994035     
   1742.16455081459     
   1654.93000000000     
   1654.93000000000     
   1654.93000000000     
   1926.54445454787     
   1906.00770547048     
   1920.34590690264     
   1821.32000000000     
   1780.59591088810     
   1503.66000000000     
   1478.49923750300     
   1503.66000000000     
   1639.34397301218     
   1982.94084128021     
   2004.34000000000     
   2004.34000000000     
   2004.34000000000     
   2281.25553750663     
   2004.34000000000     
   1766.13264450343     
   1366.14000000000     
   1079.65825803761     
   210.472087493460     
   43.6500000000000     
 -9.900000000000000E+015
 -9.900000000000000E+015
   412.413963068598     
   924.282903189150     
   1774.13678421630     
   2205.66000000000     
   2382.29192269571     
   2205.66000000000     
   2144.24485767134     
   2205.66000000000     
   1814.16405293279     
   1736.43736019086     
   1606.13778655304     
   1347.31553077204     
   1241.12000000000     
   1241.12000000000     
   1324.39894284303     
   1241.12000000000     
   1366.14000000000     
   1436.90290985646     
   1474.56191349400     
   1444.78956930277     
   1467.60444293053     
   1489.16655527980     
   1454.06481157231     
   1366.14000000000     
   1503.66000000000     
   1821.32000000000     
   1989.77377967830     
   2133.71781805564     
   2202.92008060102     
   2332.74923942669     
   2205.66000000000     
   2314.12068240098     
   2384.85539311595     
   2424.48080606582     
   2537.55465138790     
   2614.37344489996     
   2670.70000000000     
   2670.70000000000     
   2670.70000000000     
   2670.70000000000     
   2613.46245427910     
   2427.11000000000     
   2640.91218824548     
   2647.78464920672     
   2658.67666908962     
   2670.70000000000     
   2860.55836999224     
   2917.51576638921     
   2921.41538067344     
   2879.52364474040     
   2865.14715739077     
   2938.64000000000     
   2938.64000000000     
   3089.56956994900     
   3153.96059163831     
   3162.16925984006     
   3145.05513857370     
   3170.83131498058     
   3199.08518531414     
   3200.53654585296     
   3130.55622660953     
   3193.86388662052     
   3233.37000000000     
   3432.30247658867     
   3515.56574579291     
   3557.57000000000     
   3684.50972868277     
   3557.57000000000     
   3557.57000000000     
   3557.57000000000     
   3557.57000000000     
   3758.19507241403     
   3874.11831513255     
   3876.91079637935     
   3902.03683084866     
   3879.01778188885     
   3233.37000000000     
   3512.48428392830     
   3705.55739928163     
   3757.70286204292     
   3765.97253564662     
   3754.75301670322     
   3724.12116886232     
   3711.29491850503     
   3760.72701646295     
   3785.55488905033     
   3768.06329949371     
   3749.57665413785     
   3493.72209907014     
   3233.37000000000     
   3557.57000000000     
   3876.11091309055     
   3914.19000000000     
   3914.19000000000     
   3878.61625442233     
   3907.26052227595     
   3914.19000000000     
   3064.55460909976     
   3022.87436347715     
   2937.76931362956     
   2857.40726345788     
   2670.70000000000     
   2558.20586774491     
   2200.96163867859     
   2004.34000000000     
   1952.66209538086     
   1757.82813560795     
   1654.93000000000     
   1723.25328981750     
   1785.74781607280     
   1821.32000000000     
   2043.63623038348     
   2070.39315387860     
   2004.34000000000     
   2108.95351093623     
   2093.12397714416     
   2097.97383234377     
   2092.03573362755     
   2094.95577738914     
   2004.34000000000     
   2095.68865701584     
   2095.15590517087     
   2086.94693909876     
   2073.26551121242     
   2047.53617052729     
   2004.34000000000     
   2002.67791627958     
   1955.36045784351     
   1895.28402277011     
   1654.93000000000     
   1654.93000000000     
   1600.00283875581     
   1568.22929113581     
   1503.66000000000     
   1442.69001360493     
   1085.28214552149     
   1024.13000000000     
   1209.58575242538     
   1338.37401376800     
   1351.04349902592     
   1350.82799494627     
   1503.66000000000     
   1623.63192054472     
   1654.93000000000     
   1751.05296407884     
   1713.69022569327     
   1654.93000000000     
   1703.21329968556     
   1715.21671791142     
   1685.13256912062     
   1503.66000000000     
   1821.32000000000     
   1821.32000000000     
   1931.06921667902     
   1951.08610997071     
   1978.83359794520     
   1794.99533795854     
   1971.76855253693     
   2004.34000000000     
   1938.31993607428     
   1935.65211684069     
   1821.32000000000     
   1773.64051114315     
   1773.64051114315     
   1626.30012041127     
   2004.34000000000     
   1654.93000000000     
   1503.66000000000     
   1654.93000000000     
   1324.80769132247     
   1503.66000000000     
   1310.47025779788     
   1304.65277990309     
   1331.74309523139     
   1127.46000000000     
   622.009865305684     
   1458.39806801303     
   1024.13000000000     
   1127.46000000000     
   1637.57928686420     
   1503.66000000000     
   1597.15804675350     
   1955.37425867463     
   1787.69176972450     
   1654.93000000000     
   1817.68540154591     
   2150.85984864339     
   2146.97166865794     
   2205.66000000000     
   2117.27344333846     
   2205.66000000000     
   1751.07647299541     
   1654.93000000000     
   1821.32000000000     
   2004.34000000000     
   1926.00609720667     
   2004.34000000000     
   2004.34000000000     
   1939.87111589426     
   1981.36586616000     
   1981.36586616000     
   1948.15368393162     
   1821.32000000000     
   1773.03536239304     
   2130.94452277798     
   2126.73644936768     
   2427.11000000000     
   2427.11000000000     
   2425.26586222424     
   2374.85610115365     
   2296.97362743842     
   2004.34000000000     
   1606.05137442535     
   984.584175287765     
   352.780000000000     
   113.048879215923     
 -9.900000000000000E+015
 -9.900000000000000E+015
   4.69113131290475     
   901.533586999312     
   1309.19039290939     
   1767.40108111094     
   1821.32000000000     
   2004.34000000000     
   1804.07730923638     
   744.585968475330     
   520.876340956143     
   346.657299653336     
   767.150000000000     
   1024.13000000000     
   1187.04847733178     
   1241.12000000000     
   1241.12000000000     
   1241.12000000000     
   1241.12000000000     
   1316.53930512658     
   1360.83058857604     
   1366.14000000000     
   1420.49445498077     
   1449.71089351377     
   1503.66000000000     
   1610.79626109582     
   1654.93000000000     
   1806.82211401949     
   1821.32000000000     
   2004.34000000000     
   2152.91297924581     
   2320.52720356878     
   2383.23098943340     
   2376.55777198504     
   2363.85140733347     
   2423.23450305526     
   2427.11000000000     
   2427.11000000000     
   2547.26943256511     
   2628.51729428005     
   2670.70000000000     
   2802.16770579798     
   2819.25674172613     
   2767.58999916416     
   2787.97793555853     
   2776.65125296720     
   2670.70000000000     
   2670.70000000000     
   2670.70000000000     
   2833.47470598815     
   2900.16205566333     
   2923.83839245049     
   2926.06126144814     
   2938.64000000000     
   2938.64000000000     
   3133.39715611808     
   3130.32002512547     
   3165.36602676069     
   3195.13603173890     
   3180.85905521760     
   3193.17178492088     
   3217.28012756364     
   3202.73749557970     
   3154.61228161788     
   3198.36938596878     
   3362.68880305017     
   3409.33905496328     
   3492.50489091050     
   3648.13321619658     
   3670.04711420380     
   3626.49318131427     
   3490.79311346221     
   3557.57000000000     
   3715.85170332319     
   3812.36647755133     
   3884.11383757087     
   3910.62819439486     
   3914.19000000000     
   3913.97210342438     
   3847.04830802595     
   3509.19749244567     
   3557.57000000000     
   3736.96508606952     
   3773.89566901557     
   3786.05349308330     
   3775.39702717857     
   3750.71942272700     
   3700.29276162906     
   3710.38306612243     
   3763.34879355285     
   3751.34929498868     
   3557.57000000000     
   3534.05088086936     
   3539.35005649779     
   3828.21693696268     
   3912.47379613507     
   3944.29615274964     
   3945.19595642093     
   3972.36612657219     
   3989.79315399630     
   3153.25640890066     
   3081.83378044484     
   2910.53989762859     
   2825.92574260609     
   2647.06234882232     
   2427.11000000000     
   2198.02233300741     
   1982.81950200613     
   1821.32000000000     
   1503.66000000000     
   1503.66000000000     
   1654.93000000000     
   1785.54181814202     
   1821.32000000000     
   1961.66580318232     
   2004.34000000000     
   2077.40491515588     
   2125.34269007892     
   2091.75561132071     
   2083.93392969017     
   2086.27947702822     
   2102.58485266418     
   2110.34463862191     
   2110.93719438732     
   2092.80088090605     
   2073.67457997176     
   2057.14435069044     
   2043.66773529865     
   2004.34000000000     
   1994.84404143101     
   1959.66689876126     
   1821.32000000000     
   1799.98430782360     
   1654.93000000000     
   1653.16291293918     
   1596.12337263185     
   1566.32481169670     
   1484.80998048335     
   1127.46000000000     
   1222.29236579761     
   1337.87412943533     
   1413.64845260327     
   1415.68426262525     
   1241.12000000000     
   1503.66000000000     
   1624.13144965563     
   1654.93000000000     
   1654.93000000000     
   1366.14000000000     
   1503.66000000000     
   1707.43914045658     
   1712.25251811958     
   1686.21925335753     
   1503.66000000000     
   1789.22780803050     
   1821.32000000000     
   1931.71927064956     
   1948.08284427379     
   1911.62797085220     
   1807.34862709463     
   1985.58833261153     
   1985.58833261153     
   1933.83926876696     
   1909.76010806640     
   1897.75456018823     
   1801.08366945971     
   1654.93000000000     
   1654.93000000000     
   1821.32000000000     
   1981.83452560605     
   1654.93000000000     
   1654.93000000000     
   1366.14000000000     
   1503.66000000000     
   1366.14000000000     
   1353.27260687947     
   1468.33310137832     
   1366.14000000000     
   1127.46000000000     
   1458.39806801303     
   1187.11536793271     
   1241.12000000000     
   1608.48578871158     
   1654.93000000000     
   1366.14000000000     
   1920.91087916715     
   1820.88015996859     
   1821.32000000000     
   1821.04902112944     
   1990.04112543288     
   2183.56590300609     
   2168.04401664527     
   2168.04401664527     
   2004.34000000000     
   1762.25802097300     
   1781.90674653273     
   1955.35312464439     
   2004.34000000000     
   2004.34000000000     
   2004.34000000000     
   2004.34000000000     
   1913.44535126435     
   1821.32000000000     
   1945.02955834317     
   1810.92598947949     
   2004.34000000000     
   2205.66000000000     
   2418.74459083305     
   2427.11000000000     
   2427.11000000000     
   2460.47289265641     
   2427.11000000000     
   2409.01267121613     
   2367.55425477819     
   2004.34000000000     
   1450.70460673385     
   756.854452160036     
   194.800000000000     
   127.666605578908     
 -9.900000000000000E+015
   16.9848322579564     
   143.057819305152     
   567.518305285669     
   1127.46000000000     
   1201.46321602842     
   1024.13000000000     
   889.738009785851     
   844.790000000000     
   896.236592647691     
   574.030000000000     
   696.560000000000     
   1024.13000000000     
   1127.46000000000     
   1222.80874466503     
   1241.12000000000     
   1241.12000000000     
   1231.47558534240     
   1241.12000000000     
   1281.53252341869     
   1320.88334731378     
   1366.14000000000     
   1366.14000000000     
   1503.66000000000     
   1599.07833900487     
   1654.93000000000     
   1821.32000000000     
   1982.83407529196     
   2136.35103634419     
   2111.87761282816     
   2205.66000000000     
   2335.79070392110     
   2427.11000000000     
   2427.11000000000     
   2427.11000000000     
   2490.35127687213     
   2427.11000000000     
   2427.11000000000     
   2519.47584770878     
   2545.72889364885     
   2634.31789039568     
   2829.36872141277     
   2874.80458068023     
   2807.84808351215     
   2819.30140763758     
   2797.43849299922     
   2670.70000000000     
   2727.69603903609     
   2776.93126477402     
   2837.69031884688     
   2886.14506149443     
   2923.49829808660     
   2938.64000000000     
   2938.64000000000     
   3090.10206438870     
   3122.68833956000     
   3225.30105633848     
   3181.97758644496     
   3233.37000000000     
   3196.71143200515     
   3228.64500149568     
   3233.37000000000     
   3232.23001478910     
   3102.36240884917     
   3152.03230245336     
   3444.79763014179     
   3616.29041778301     
   3624.14458694498     
   3663.98788123848     
   3663.03550279949     
   3531.97888133583     
   3233.37000000000     
   3704.45352367095     
   3713.60815680600     
   3778.12908829739     
   3850.63934712351     
   3912.19159278213     
   3908.73883507627     
   3911.58001587247     
   3831.51108973112     
   3808.31017773964     
   3794.29268499013     
   3725.61767859865     
   3717.83875800380     
   3772.73894101907     
   3799.98423187790     
   3776.96891998462     
   3557.57000000000     
   3516.20188652351     
   3742.36720307725     
   3798.26010176874     
   3695.96054186603     
   3557.57000000000     
   3729.77604890814     
   3841.89192381552     
   3883.32561569879     
   3914.19000000000     
   3941.40221761710     
   3907.06417094058     
   3978.94440580061     
   3213.77787522984     
   3153.16090878505     
   2938.64000000000     
   2848.78786686792     
   2586.23600171450     
   2427.11000000000     
   2193.22355297601     
   2004.34000000000     
   1821.32000000000     
   1503.66000000000     
   1503.66000000000     
   1706.98239437641     
   1752.41422631237     
   1820.88686194527     
   1821.32000000000     
   1988.83196320475     
   2125.22075385397     
   2157.09165628520     
   2092.21718290457     
   2090.97194689042     
   2079.01588768573     
   2089.10235576400     
   2080.36820940442     
   2077.02224492013     
   2070.69323151550     
   2067.86017253569     
   2060.92558871001     
   2052.08336368532     
   2042.95251290241     
   2004.34000000000     
   2004.34000000000     
   1974.40025656520     
   1915.43045510116     
   1799.81786415886     
   1741.15436992055     
   1597.62338699963     
   1563.74077593138     
   1503.66000000000     
   1503.66000000000     
   1366.14000000000     
   1472.57322715665     
   1366.14000000000     
   1366.14000000000     
   1344.27001811950     
   1503.66000000000     
   1503.66000000000     
   1618.87486639940     
   1632.73062164805     
   1219.64369457344     
   1609.30054927744     
   1654.93000000000     
   1712.53685599198     
   1711.29340177941     
   1717.90873850065     
   1738.17575787568     
   1890.85831680233     
   1933.45212670470     
   1927.53737368293     
   1914.78580714007     
   1878.11995737527     
   1917.79979919357     
   1821.32000000000     
   1882.43463849091     
   1821.32000000000     
   1920.43009097004     
   1654.93000000000     
   1654.93000000000     
   1366.14000000000     
   1775.60559597556     
   1981.83452560605     
   1654.93000000000     
   1503.66000000000     
   1476.89562152414     
   1480.45179817007     
   1447.84983882897     
   1211.08968926792     
   1459.77728453939     
   1654.93000000000     
   1127.46000000000     
   1338.50383362825     
   1464.66399645914     
   1328.85505964593     
   1241.12000000000     
   1654.93000000000     
   1604.59579935522     
   1909.17409368336     
   1464.86361303737     
   1821.32000000000     
   1654.93000000000     
   1760.62490604371     
   2004.34000000000     
   2004.34000000000     
   2130.34016644264     
   2100.39606698609     
   1761.65749890166     
   1975.66411261425     
   1975.66411261425     
   1994.71043939759     
   2004.34000000000     
   2004.34000000000     
   1963.08945692966     
   1821.32000000000     
   1654.93000000000     
   1654.93000000000     
   1503.66000000000     
   1821.32000000000     
   1973.51672388255     
   2205.66000000000     
   2464.03027904879     
   2486.57704444000     
   2488.67178054483     
   2488.32702362117     
   2472.11352812279     
   2475.44866815257     
   2004.34000000000     
   1089.10998128699     
   508.854916344255     
   472.750000000000     
   250.578215226077     
   352.780000000000     
   738.973530915917     
   1023.70521207702     
   1127.46000000000     
   1241.12000000000     
   1127.46000000000     
   844.790000000000     
   1127.46000000000     
   1024.13000000000     
   981.761978325809     
   930.190000000000     
   1099.12383236070     
   1176.86775555784     
   1197.70649463972     
   1279.40151432306     
   1215.75665434285     
   1201.91924426403     
   1189.32432810273     
   1216.40335058662     
   1241.12000000000     
   1238.45904750353     
   1351.69839861336     
   1445.70035797347     
   1477.22950942676     
   1617.26334876681     
   1788.12936529731     
   1924.52391130060     
   2004.34000000000     
   2205.66000000000     
   2325.16126307710     
   2427.11000000000     
   2427.11000000000     
   2496.84633272960     
   2506.54992392474     
   2566.67058232977     
   2553.54371803016     
   2557.22539734938     
   2564.44763220743     
   2565.97263494168     
   2607.30048429944     
   2670.70000000000     
   2818.88762177165     
   2850.30256197794     
   2907.07310228479     
   2881.90858039029     
   2807.21269014475     
   2768.36227702917     
   2767.98672455427     
   2791.57272993213     
   2852.85830278325     
   2848.57148301279     
   2907.19833769593     
   2924.85350250147     
   2938.64000000000     
   2938.64000000000     
   3106.08598466594     
   3179.41648420596     
   3209.84939335347     
   3233.37000000000     
   3233.37000000000     
   3233.37000000000     
   3233.37000000000     
   3258.61409962549     
   3233.37000000000     
   3233.37000000000     
   3498.61422779870     
   3594.95903138764     
   3597.78982438686     
   3625.44638913257     
   3670.07033878220     
   3557.57000000000     
   3557.57000000000     
   3656.45719789194     
   3695.51419946442     
   3557.57000000000     
   3755.12726018768     
   3912.19159278213     
   3908.99836577362     
   3914.19000000000     
   3910.30379085692     
   3914.19000000000     
   3914.19000000000     
   3557.57000000000     
   3557.57000000000     
   3740.63512967347     
   3801.27866082489     
   3815.76392256917     
   3704.57364308687     
   3557.57000000000     
   3867.89087168630     
   3894.58241991772     
   3557.57000000000     
   3557.57000000000     
   3557.57000000000     
   3830.36637392814     
   3850.97454551710     
   3871.58963314884     
   3906.63147531869     
   3557.57000000000     
   3911.83716540017     
   3224.44909017600     
   3185.70158886173     
   2938.64000000000     
   2895.26153738253     
   2670.70000000000     
   2427.11000000000     
   2205.66000000000     
   2004.34000000000     
   2004.34000000000     
   1915.61991419530     
   1768.74223475352     
   1654.93000000000     
   1715.22202698822     
   1747.93708095719     
   1821.32000000000     
   1913.84580802403     
   2004.34000000000     
   2164.88013775822     
   2115.49284239447     
   2004.34000000000     
   2072.51824311861     
   2077.80986312771     
   2080.87643100973     
   2080.05378757704     
   2078.49973165270     
   2067.06733757397     
   2058.25979985208     
   2060.68762780663     
   2050.62189595207     
   2033.37915275481     
   2029.82232806867     
   2030.89301700530     
   1990.38142355882     
   1821.32000000000     
   1817.44464570390     
   1654.93000000000     
   1580.09241394070     
   1599.15865685458     
   1503.66000000000     
   1499.18894645212     
   1503.66000000000     
   1536.35705020675     
   1529.80176287562     
   1366.14000000000     
   1503.66000000000     
   1503.66000000000     
   1654.93000000000     
   1503.66000000000     
   1366.14000000000     
   1353.33751180279     
   1486.60994459672     
   1709.46768795746     
   1721.86082409527     
   1654.93000000000     
   1762.45767737530     
   1807.30916348320     
   1880.36053197060     
   1906.91529432372     
   1908.24689526027     
   1903.41965153374     
   1821.32000000000     
   1821.32000000000     
   1654.93000000000     
   1654.93000000000     
   1741.83988736899     
   1735.46823279694     
   1713.09273517789     
   1468.56569521918     
   1127.46000000000     
   1634.22370960262     
   1626.73759078373     
   1488.64324651629     
   1503.66000000000     
   1441.08636472611     
   1451.25819414596     
   1232.38993706807     
   1503.66000000000     
   1654.93000000000     
   1241.12000000000     
   1578.19452073652     
   1578.82064351486     
   1241.12000000000     
   1024.13000000000     
   1584.07577074334     
   1241.12000000000     
   1760.63399974814     
   1654.93000000000     
   1821.32000000000     
   1503.66000000000     
   1599.97897199350     
   1821.32000000000     
   1645.98452395811     
   1821.32000000000     
   1918.96933851661     
   1821.32000000000     
   1778.29593048377     
   1934.34452057470     
   1803.46664988998     
   1916.62263999838     
   1923.45928884785     
   1654.93000000000     
   1821.32000000000     
   1584.68985289024     
   1503.66000000000     
   1654.93000000000     
   1650.97072826490     
   1591.30370723174     
   1366.14000000000     
   1592.84568146425     
   1444.43394156847     
   2205.66000000000     
   2205.66000000000     
   2205.66000000000     
   1954.57561848955     
   1120.88858608958     
   1207.20432396220     
   1224.08479428041     
   1024.13000000000     
   908.634791950503     
   1024.13000000000     
   1203.31207299178     
   1241.12000000000     
   1241.12000000000     
   1241.12000000000     
   1241.12000000000     
   1209.63836207874     
   1183.70372353647     
   1117.04577524220     
   1096.85816208171     
   997.229211504198     
   917.428240712068     
   1193.10266442181     
   1210.47454794702     
   1270.68852432482     
   1227.66919847861     
   1127.46000000000     
   1118.39442696719     
   1241.12000000000     
   1241.12000000000     
   1336.21710370320     
   1340.06876467328     
   1366.14000000000     
   1477.81391806727     
   1641.45652157558     
   1821.32000000000     
   1972.99793573160     
   2004.34000000000     
   2205.66000000000     
   2402.29111381838     
   2510.64415033529     
   2534.03555271215     
   2534.88063053935     
   2517.80608909671     
   2589.21625264726     
   2597.72272142738     
   2605.81617625086     
   2624.57062792069     
   2668.27707985980     
   2670.70000000000     
   2670.70000000000     
   2801.19913470402     
   2888.01917193226     
   2980.93765264119     
   3004.09621539913     
   2868.32357068085     
   2847.64037645782     
   2773.15892325665     
   2826.52327263161     
   2905.44256184803     
   2920.00967849073     
   2938.64000000000     
   2938.64000000000     
   3063.70273733211     
   3135.81608359797     
   3116.39332970068     
   3145.75162746807     
   3217.79708852970     
   3232.49720244499     
   3365.22827642113     
   3322.28218898993     
   3294.00898026012     
   3283.70220102322     
   3233.37000000000     
   3387.29416900219     
   3535.60392463174     
   3536.41684023528     
   3534.50152937179     
   3557.57000000000     
   3684.97070193500     
   3695.04091523349     
   3674.52240134857     
   3680.62347128584     
   3629.00840987076     
   3557.57000000000     
   3557.57000000000     
   3855.62787943000     
   3914.19000000000     
   3914.19000000000     
   3914.19000000000     
   3914.19000000000     
   3965.75749988092     
   3794.21463420716     
   3557.57000000000     
   3702.05304205770     
   3685.36608325323     
   3525.01296661783     
   3557.57000000000     
   3914.19000000000     
   3974.19913677118     
   3969.05745996473     
   3819.14268631253     
   3557.57000000000     
   3557.57000000000     
   3774.43681698432     
   3847.09601412816     
   3861.64209788138     
   3887.33403464432     
   3557.57000000000     
   3233.37000000000     
   3196.38603655708     
   3172.14209028227     
   3069.04709986641     
   2938.64000000000     
   2911.57675059446     
   2802.51806036159     
   2632.33385435943     
   2425.97332559292     
   2205.66000000000     
   2004.34000000000     
   1821.32000000000     
   1654.93000000000     
   1712.20753205623     
   1722.06912536111     
   1774.56288387221     
   1821.32000000000     
   1821.32000000000     
   2149.80988630848     
   2092.56066518467     
   2078.55380736177     
   1918.08452355449     
   2004.34000000000     
   2074.63579023521     
   2085.89947176697     
   2072.65911827608     
   2060.45055930555     
   2041.20453391651     
   2047.37867285942     
   2048.02430460680     
   2004.34000000000     
   2035.29625690676     
   2044.51296692348     
   2004.34000000000     
   1964.27784371786     
   1904.33871419307     
   1821.32000000000     
   1643.44359811211     
   1581.47974447270     
   1503.66000000000     
   1541.76693022241     
   1503.66000000000     
   1481.43687743788     
   1018.57213828262     
   930.190000000000     
   1503.66000000000     
   1565.87550583314     
   1591.29151219652     
   1590.20883766600     
   1549.12611995513     
   1503.66000000000     
   1654.93000000000     
   1654.93000000000     
   1713.00459548498     
   1705.99896271296     
   1654.93000000000     
   1802.69810564981     
   1821.32000000000     
   1896.31679461606     
   1895.54414080665     
   1821.32000000000     
   1654.93000000000     
   1813.27935860236     
   1654.93000000000     
   1503.66000000000     
   1621.97775065529     
   1739.78344224981     
   1734.06442842746     
   1585.44751134139     
   1366.14000000000     
   1327.24692069255     
   1654.93000000000     
   1498.53629900880     
   1503.66000000000     
   1494.96482439444     
   1493.49623233524     
   1327.92296178752     
   1503.66000000000     
   1736.33741568729     
   1366.14000000000     
   1503.66000000000     
   1551.36954522333     
   1127.46000000000     
   1503.00148357889     
   1584.07577074334     
   1362.82771147021     
   1503.66000000000     
   1821.32000000000     
   1797.52038833908     
   1366.14000000000     
   1366.14000000000     
   1326.57272755101     
   1227.94684395750     
   1614.56285393662     
   1756.44837052650     
   1821.32000000000     
   1759.11441888101     
   1654.93000000000     
   1654.93000000000     
   1821.32000000000     
   1942.99490600383     
   1654.93000000000     
   1307.23914663100     
   1503.66000000000     
   1654.93000000000     
   1654.93000000000     
   1503.66000000000     
   1366.14000000000     
   1366.14000000000     
   1238.74174598639     
   1241.12000000000     
   1366.14000000000     
   1639.84779492748     
   1654.93000000000     
   1503.66000000000     
   1438.58111976311     
   1430.64687819535     
   1366.14000000000     
   1366.14000000000     
   1366.14000000000     
   1366.14000000000     
   1366.14000000000     
   1366.14000000000     
   1366.05571754824     
   1362.57185666455     
   1353.10972005923     
   1226.73238416679     
   1127.46000000000     
   1220.22221085373     
   1187.57852703967     
   1127.46000000000     
   1198.36115526745     
   1222.53840414274     
   1241.12000000000     
   1241.12000000000     
   1197.32179644675     
   930.190000000000     
   753.129136601391     
   1024.13000000000     
   1350.46716681086     
   1331.35774591386     
   1331.91236552166     
   1344.65428452265     
   1434.93144142193     
   1503.66000000000     
   1654.93000000000     
   1952.02957743704     
   2130.76327007240     
   2205.66000000000     
   2427.11000000000     
   2570.92560466582     
   2557.94197876447     
   2594.57430557348     
   2584.72382768133     
   2600.85284042656     
   2628.84800916913     
   2643.31111055762     
   2668.53099613544     
   2670.70000000000     
   2787.38378314296     
   2884.79721343022     
   2847.19792849794     
   2923.95193981182     
   2938.64000000000     
   3032.06833495285     
   2935.52710812239     
   3006.13091530092     
   2855.70889050905     
   2832.47461840414     
   2897.32285936539     
   2938.64000000000     
   2991.85848453948     
   3032.05856803731     
   3071.92256598509     
   3094.31462746921     
   3066.36570531193     
   3083.76948135649     
   3163.34532841316     
   3233.37000000000     
   3312.40701873511     
   3359.87240656730     
   3347.66087118288     
   3320.86326834440     
   3233.37000000000     
   3456.04907769987     
   3505.15821526134     
   3498.21992845743     
   3545.50057411102     
   3633.06599800744     
   3683.68483120782     
   3701.88979265978     
   3704.71855809806     
   3688.87218939768     
   3666.14329768864     
   3666.72351609202     
   3661.18182573630     
   3557.57000000000     
   3879.93261989690     
   3845.05894152809     
   3914.19000000000     
   3972.77026914868     
   3974.63315367516     
   3891.47966434944     
   3785.66364950463     
   3748.11581038183     
   3557.57000000000     
   3233.37000000000     
   3227.26144824041     
   3785.36082501397     
   3968.98322598573     
   3963.78406682503     
   3808.51240039165     
   3526.65293432582     
   3520.93442731839     
   3233.37000000000     
   3535.77045168352     
   3876.83507178188     
   3884.44194000382     
   3500.65733657195     
   2938.64000000000     
   3162.72974418634     
   3124.53736267581     
   3043.73032416687     
   3025.36169906319     
   2938.64000000000     
   2921.19853345379     
   2634.50983659489     
   2427.11000000000     
   2128.07820919965     
   1954.07148854514     
   1772.60792117291     
   1654.93000000000     
   1654.93000000000     
   1742.81610708046     
   1770.31428899322     
   1821.32000000000     
   1914.39684791725     
   2096.36607189693     
   2122.02554075085     
   2103.68155201899     
   1996.29167369366     
   2004.34000000000     
   2075.62528823534     
   2084.47003580590     
   2061.80832991310     
   2039.12910347617     
   2031.70201591936     
   2050.56187939439     
   1977.82045872768     
   2004.34000000000     
   2043.46683769444     
   2040.92254487814     
   2024.30950798125     
   1994.51489421697     
   1929.86711968720     
   1821.32000000000     
   1654.93000000000     
   1588.67075518540     
   1547.75806094782     
   1550.75957850514     
   1543.47190716985     
   1494.13332123782     
   1241.12000000000     
   1017.46450205357     
   1445.17428640725     
   1583.59157502854     
   1603.32530170549     
   1607.04242084431     
   1565.03698692105     
   1586.47020662157     
   1583.96431179870     
   1494.78345216363     
   1653.82837710476     
   1706.32850429570     
   1719.84681116042     
   1779.87470728450     
   1821.32000000000     
   1908.99898118768     
   1947.41523808609     
   2004.34000000000     
   1821.32000000000     
   1821.32000000000     
   1654.93000000000     
   1360.41480449749     
   1654.93000000000     
   1764.80566119026     
   1654.93000000000     
   1654.93000000000     
   1503.66000000000     
   1487.75856848605     
   1821.32000000000     
   1654.93000000000     
   1650.72321934217     
   1503.66000000000     
   1641.71127079302     
   1366.14000000000     
   1366.14000000000     
   1699.94967010129     
   1441.17744474766     
   1366.14000000000     
   1594.38083291539     
   1127.46000000000     
   1448.57710437502     
   1503.66000000000     
   1125.57490266219     
   1333.10934517801     
   1999.80591948946     
   1618.28083908993     
   1366.14000000000     
   1456.59754311695     
   1503.66000000000     
   1617.11593484030     
   1241.12000000000     
   2041.63936129962     
   1796.23064114038     
   1503.66000000000     
   1503.66000000000     
   1601.22198626059     
   1654.93000000000     
   1774.89191053300     
   1633.94623946039     
   1201.86825350491     
   1489.84675848454     
   1503.66000000000     
   1609.76056249165     
   1366.14000000000     
   1359.59038142082     
   1211.47148083827     
   1221.72288327838     
   1241.12000000000     
   1366.14000000000     
   1503.66000000000     
   1503.66000000000     
   1480.06301944167     
   1474.60356790680     
   1487.27593455400     
   1486.90387684554     
   1502.99501103949     
   1481.05745275782     
   1482.78585827565     
   1484.57957562539     
   1502.28727138304     
   1469.77496876343     
   1453.26344571085     
   1430.73415895455     
   1366.14000000000     
   1349.84629340949     
   1312.81492550357     
   1241.12000000000     
   1264.94037878510     
   1237.66515884292     
   1241.12000000000     
   1241.12000000000     
   1241.12000000000     
   1311.71804979924     
   830.650870136423     
   762.111256377331     
   902.243660530987     
   1350.46716681086     
   1241.12000000000     
   996.113570977034     
   1202.16727764161     
   1366.14000000000     
   1503.66000000000     
   1503.66000000000     
   1988.57284827259     
   2201.93113935889     
   2205.66000000000     
   2427.11000000000     
   2575.14487186729     
   2614.62118166610     
   2622.94729136523     
   2655.87958912984     
   2640.52697953798     
   2651.69937661432     
   2668.40319374582     
   2703.37404584700     
   2735.95726029378     
   2760.76736083115     
   2816.94724703329     
   2845.08115448693     
   2903.36475308284     
   2938.64000000000     
   3031.99450870194     
   3024.22380718911     
   3030.67450503928     
   2938.64000000000     
   2858.95145330706     
   2852.24674168622     
   2938.64000000000     
   3018.33449500398     
   3065.38243572050     
   3063.42046797117     
   3034.76178409184     
   2938.64000000000     
   3161.75921003836     
   3250.32530566007     
   3231.63793704819     
   3293.14038247887     
   3322.60294896140     
   3389.30137987319     
   3388.09048490693     
   3322.21662294782     
   3225.24500314399     
   3458.61703644661     
   3431.28397794244     
   3524.07956910250     
   3557.57000000000     
   3664.58588096465     
   3687.44056159395     
   3687.28457388594     
   3694.65921287689     
   3694.66374855204     
   3681.85278136859     
   3673.48898449182     
   3693.05755529647     
   3725.44350340767     
   3730.25111649173     
   3557.57000000000     
   3974.49023821424     
   3914.19000000000     
   3970.51025030595     
   3947.36489422129     
   3953.57400715543     
   3808.06035440970     
   3557.57000000000     
   3489.66242621145     
   3858.75273786156     
   3960.05982507533     
   3904.59301531149     
   3908.12767323780     
   3881.69282873652     
   3547.22517203701     
   3233.37000000000     
   3506.44159274666     
   3811.05180961831     
   3914.19000000000     
   3557.57000000000     
   3233.37000000000     
   2938.64000000000     
   3047.67098152416     
   3036.73066778813     
   3017.51747813847     
   2938.64000000000     
   2907.85190569489     
   2600.41938425872     
   2398.39142997504     
   2168.17869375446     
   1942.75988563326     
   1821.32000000000     
   1819.46445402848     
   1817.49190567718     
   1814.78214810084     
   1821.32000000000     
   1929.11710958838     
   2001.60006597204     
   2096.16146410717     
   2120.07115287657     
   2090.61506434809     
   2073.14618113421     
   2055.96334035153     
   2073.39769762503     
   2085.96697468690     
   2063.50157145221     
   2039.91226455640     
   2043.24610905991     
   2052.93017430469     
   2053.97702636136     
   2068.90640655696     
   2054.77652758214     
   2030.81861076343     
   1987.04339232241     
   1821.32000000000     
   1594.78423352656     
   1503.66000000000     
   1503.66000000000     
   1546.22434894653     
   1538.85908729006     
   1549.52556436354     
   1570.27203456575     
   1585.10383533451     
   1596.97861089006     
   1629.92627336616     
   1608.12579869519     
   1600.99811001526     
   1583.71674479171     
   1489.54110312914     
   1364.72203814668     
   1438.33103486448     
   1366.14000000000     
   1491.30837899905     
   1602.93844426244     
   1643.15492304264     
   1733.64522787654     
   1800.91130642739     
   1927.10082234736     
   1941.59769380858     
   1993.72431935447     
   2004.34000000000     
   2004.34000000000     
   1959.06210001116     
   1775.35886218583     
   1479.82781746975     
   1767.91633442558     
   1820.39285166628     
   1821.32000000000     
   1821.32000000000     
   1802.32144654209     
   1503.66000000000     
   1999.12320188331     
   1654.93000000000     
   1761.60583483016     
   1462.96066314736     
   1809.90677789196     
   1477.51397252018     
   1592.68274962673     
   1740.89785991985     
   1648.76049265246     
   1241.12000000000     
   1638.12334611629     
   1241.12000000000     
   1327.25918376121     
   1340.91297245268     
   1217.58067387365     
   1127.46000000000     
   1999.80591948946     
   1821.32000000000     
   1127.46000000000     
   1796.50847748513     
   1654.93000000000     
   1654.93000000000     
   1821.32000000000     
   2065.98772831858     
   2081.36597483021     
   1754.55658638490     
   1503.66000000000     
   1366.14000000000     
   1599.31079800509     
   1654.93000000000     
   1654.93000000000     
   1241.12000000000     
   1503.66000000000     
   1620.86003283741     
   1637.04208264800     
   1503.66000000000     
   1479.31026387987     
   1366.14000000000     
   1461.21042338734     
   1503.66000000000     
   1503.66000000000     
   1608.75540361162     
   1654.93000000000     
   1595.04448917719     
   1503.66000000000     
   1569.56059398023     
   1544.99174329400     
   1548.96002765224     
   1549.81581630987     
   1560.08589063373     
   1503.66000000000     
   1503.66000000000     
   1503.66000000000     
   1503.66000000000     
   1486.62323156682     
   1440.54931070949     
   1366.14000000000     
   1336.72154916240     
   1315.18150855666     
   1288.71113266706     
   1241.12000000000     
   1241.12000000000     
   1199.17889471957     
   1338.29392593390     
   1325.07630605662     
   1322.79080450885     
   1102.61692305973     
   930.190000000000     
   1241.12000000000     
   1241.12000000000     
   930.190000000000     
   1127.46000000000     
   1366.14000000000     
   1503.66000000000     
   1654.93000000000     
   1983.77869297241     
   2205.66000000000     
   2427.11000000000     
   2574.35476826609     
   2605.08396716649     
   2645.14411867436     
   2668.22161017250     
   2670.70000000000     
   2670.70000000000     
   2648.49878236357     
   2692.22851119558     
   2711.90082805347     
   2670.70000000000     
   2820.58211847075     
   2804.47600528792     
   2863.48010490068     
   2931.06324072160     
   2938.64000000000     
   2998.52112606667     
   3041.79250521787     
   3064.85850604517     
   3027.20119168495     
   2932.26455778153     
   2879.36497412892     
   2925.39987596638     
   3045.56318701514     
   3093.28434210895     
   3072.68955463063     
   3046.55912448834     
   3060.51670462234     
   3178.80209810623     
   3264.80442597921     
   3280.63673068425     
   3299.31173114580     
   3311.38734288169     
   3321.83956498703     
   3345.71053556888     
   3329.68066556750     
   3321.39593605688     
   3233.37000000000     
   3444.53816843414     
   3495.11868326195     
   3498.22889299976     
   3475.75242233150     
   3665.77243169889     
   3680.19117894570     
   3673.66015207522     
   3687.06105486480     
   3684.01808595472     
   3685.59704564096     
   3698.58947595211     
   3696.53475045989     
   3718.77946080599     
   3644.37150889748     
   3557.57000000000     
   3820.15043665866     
   3968.50721666455     
   3964.56882657622     
   3965.84454677046     
   3941.24734656733     
   3914.19000000000     
   3825.44697275183     
   3914.19000000000     
   3914.19000000000     
   3914.19000000000     
   3908.12767323780     
   3892.19684720029     
   3846.53360735321     
   3557.57000000000     
   3524.41726848887     
   3878.76809570415     
   3914.19000000000     
   3557.57000000000     
   3219.45124597293     
   2670.70000000000     
   2857.96786667915     
   3041.71135294718     
   3027.44869867658     
   2901.52986206569     
   2831.56369803623     
   2559.66733814442     
   2426.53635916060     
   2205.66000000000     
   2126.16192559527     
   2004.34000000000     
   1929.35052340119     
   1901.62397309886     
   1878.35697863832     
   1891.06398262435     
   1960.80001764876     
   2004.34000000000     
   2110.29726225280     
   2087.26944267411     
   2068.68682333693     
   2039.10137069461     
   2040.52453499338     
   2068.44707124463     
   2091.16089304798     
   2075.49328893236     
   2046.33465689922     
   2052.18278132770     
   2068.01884958025     
   2062.69010319849     
   2067.54725148713     
   2064.24658294439     
   2041.72287059450     
   1969.71468610720     
   1821.32000000000     
   1654.93000000000     
   1334.29122037465     
   1329.63451472704     
   1366.14000000000     
   1445.75434928847     
   1503.66000000000     
   1591.98253192446     
   1617.49316818028     
   1633.62866489399     
   1634.43429463668     
   1604.47366509149     
   1583.91181623678     
   1503.66000000000     
   1127.46000000000     
   632.380000000000     
   1127.46000000000     
   1231.29586330813     
   1200.38125649634     
   1366.14000000000     
   1503.66000000000     
   1654.93000000000     
   1793.33382129067     
   1808.66923925136     
   1821.32000000000     
   2004.34000000000     
   2004.34000000000     
   1821.32000000000     
   1821.32000000000     
   1821.32000000000     
   1821.32000000000     
   1821.32000000000     
   1957.84920790683     
   1940.61667733076     
   1948.78930991642     
   1821.32000000000     
   1740.86611075884     
   2004.34000000000     
   1819.94148339513     
   1821.32000000000     
   1654.93000000000     
   1757.70300065097     
   1654.93000000000     
   1584.97425629916     
   1934.30993825970     
   1503.66000000000     
   1315.61974992137     
   1503.66000000000     
   1503.66000000000     
   1319.71093979461     
   1366.14000000000     
   1650.26319364770     
   1801.79100797520     
   2112.78779517024     
   2004.34000000000     
   1787.61429482321     
   1778.01029631075     
   1654.93000000000     
   1821.32000000000     
   2004.34000000000     
   2102.56429384089     
   2107.19760896820     
   2004.34000000000     
   1821.32000000000     
   1654.93000000000     
   1756.93143993366     
   1821.32000000000     
   1799.84392191424     
   1503.66000000000     
   1503.66000000000     
   1654.93000000000     
   1654.93000000000     
   1654.93000000000     
   1654.93000000000     
   1654.93000000000     
   1654.93000000000     
   1645.69908354325     
   1654.93000000000     
   1746.47541296544     
   1795.08760726245     
   1654.93000000000     
   1652.27209949741     
   1606.33980156656     
   1581.15797761078     
   1591.17535159957     
   1590.68973627806     
   1585.64985652895     
   1590.89077034565     
   1581.73605353505     
   1586.92120108610     
   1574.82968096833     
   1503.66000000000     
   1457.89726694592     
   1241.12000000000     
   1241.12000000000     
   1323.94707628478     
   1322.50420609247     
   1333.32284330084     
   1366.14000000000     
   1366.14000000000     
   1366.14000000000     
   1366.14000000000     
   1480.89679261111     
   1366.14000000000     
   1455.38052472172     
   1459.44045391937     
   1366.14000000000     
   1241.12000000000     
   1093.44367892522     
   1102.15967413707     
   1503.66000000000     
   1654.93000000000     
   1986.54376189719     
   2167.13487133440     
   2372.36942384014     
   2632.66869962877     
   2569.27857915211     
   2665.93364034353     
   2652.97456543941     
   2670.70000000000     
   2703.73926786568     
   2665.03815079742     
   2663.99739926847     
   2670.70000000000     
   2724.45307791336     
   2754.94221458641     
   2778.33624807039     
   2816.39146613066     
   2883.95057322387     
   2925.97374684036     
   2938.64000000000     
   3084.79072119918     
   3053.26416645009     
   3096.56369225951     
   3046.65946940320     
   3016.03772164664     
   2993.93203114123     
   3036.36997351110     
   3092.49326805664     
   3100.55968266358     
   3090.61453972642     
   3091.76721553457     
   3196.36710919201     
   3279.36022476307     
   3302.84769108379     
   3300.69658505328     
   3307.53116491370     
   3334.90102673657     
   3357.97500388502     
   3343.52363654062     
   3328.33527084758     
   2938.64000000000     
   3233.37000000000     
   3442.71482678059     
   3527.97869009594     
   3530.39056256283     
   3617.31104244186     
   3634.68176728261     
   3654.20416264165     
   3667.05939903647     
   3682.01151258242     
   3697.83165516875     
   3710.65457163627     
   3705.30333754056     
   3715.06308087385     
   3725.84393898042     
   3679.62033269266     
   3698.81911000619     
   3810.19982234929     
   3872.58793312804     
   3914.19000000000     
   3900.28237103942     
   3847.81727326085     
   3854.20804240053     
   3830.31129907699     
   3824.34671638705     
   3914.19000000000     
   3965.77661569718     
   3942.66854649622     
   3899.28542316208     
   3728.47403713342     
   3780.35674332241     
   3861.78566845918     
   3905.62777907359     
   3942.04309568643     
   3952.33350282281     
   3150.16535394594     
   3093.86162213857     
   3029.92030352929     
   3016.69247518323     
   2921.31832936760     
   2670.70000000000     
   2622.65422797569     
   2427.11000000000     
   2380.81730118386     
   2205.66000000000     
   2112.97249401505     
   2004.34000000000     
   1962.25527810182     
   1821.32000000000     
   1821.32000000000     
   1933.55189049090     
   2004.34000000000     
   2069.80336076754     
   2055.38027522455     
   2004.34000000000     
   2031.47151741366     
   2045.62907633774     
   2073.05665385857     
   2097.47129608864     
   2095.98147761078     
   2075.14627062703     
   2070.34993893243     
   2073.48873538923     
   2070.32527294352     
   2070.55787826290     
   2073.68270593735     
   2062.32865560932     
   1949.71128191710     
   1784.14731559094     
   1321.14918261119     
   896.460443361781     
   1024.13000000000     
   1366.14000000000     
   1494.01309007026     
   1620.89871843511     
   1618.76074094381     
   1651.28486738163     
   1654.93000000000     
   1604.59456575909     
   1557.96508084771     
   1503.66000000000     
   1366.14000000000     
   991.278833835040     
   139.274891141166     
   103.459043697776     
   173.310647857178     
   767.150000000000     
   1225.79647195449     
   1503.66000000000     
   1654.93000000000     
   1792.24946132473     
   1816.11079514880     
   1821.32000000000     
   1993.54779581830     
   1985.66924832801     
   1821.32000000000     
   1767.52581830264     
   1821.32000000000     
   2077.50249160547     
   1821.32000000000     
   2078.68677511451     
   2088.29568749907     
   2004.34000000000     
   2001.50243114998     
   2004.34000000000     
   2138.32381478758     
   2004.34000000000     
   2001.79670236596     
   1987.88301810079     
   1636.11485411323     
   1821.32000000000     
   1643.98172465328     
   1999.61965231134     
   1776.28052426462     
   1503.66000000000     
   1503.66000000000     
   1821.32000000000     
   1474.51899797805     
   1366.14000000000     
   2004.34000000000     
   2232.76541003020     
   2226.67251854355     
   2188.64369636954     
   2162.37035679727     
   1935.55823892747     
   1821.32000000000     
   1821.32000000000     
   2048.82694868123     
   2081.98064779630     
   2091.32860735387     
   2004.34000000000     
   2004.34000000000     
   2004.34000000000     
   2004.34000000000     
   2004.34000000000     
   2004.34000000000     
   1985.62180094577     
   1821.32000000000     
   1821.32000000000     
   1821.32000000000     
   1821.32000000000     
   1821.32000000000     
   1894.04745646043     
   1906.88340436462     
   1912.03727052801     
   1821.32000000000     
   1821.32000000000     
   1821.32000000000     
   1782.07312770724     
   1654.93000000000     
   1648.37285135141     
   1622.58953754035     
   1598.93486647228     
   1606.36235281855     
   1616.53690605674     
   1638.43339938131     
   1644.17210803374     
   1607.63137309409     
   1586.08143956613     
   1550.53896837801     
   1466.05846862212     
   1366.14000000000     
   844.790000000000     
   1185.13489258650     
   1366.14000000000     
   1366.14000000000     
   1425.61646854983     
   1440.57304830728     
   1503.66000000000     
   1503.66000000000     
   1579.29480350015     
   1503.66000000000     
   1555.12023839793     
   1548.87745528498     
   1474.61138916789     
   1359.16860052283     
   1089.75644936519     
   1016.40861693088     
   1503.66000000000     
   1503.66000000000     
   2082.31598845884     
   2144.71485931576     
   2418.02582272139     
   2637.37498529597     
   2662.29995645879     
   2670.70000000000     
   2670.70000000000     
   2670.70000000000     
   2731.68373045931     
   2756.36917619752     
   2670.70000000000     
   2733.53833447017     
   2774.01102567587     
   2782.70852208548     
   2670.70000000000     
   2830.55883915789     
   2879.00159633830     
   2938.64000000000     
   2938.64000000000     
   3114.74564948640     
   2938.64000000000     
   3139.39504502824     
   3113.27582562122     
   3055.67778844817     
   3036.05673062375     
   3087.03476703770     
   3121.51802844395     
   3133.63324068030     
   3139.84295601758     
   3158.67779760556     
   3221.09772158055     
   3289.04412226461     
   3298.82712679014     
   3233.37000000000     
   3306.47092128174     
   3360.06555533740     
   3369.77175951878     
   3355.09641901224     
   3329.04237924820     
   3388.77800187746     
   3512.40034944659     
   3501.69672813853     
   3531.77433918132     
   3523.25565367223     
   3233.37000000000     
   3231.97898215483     
   3524.06921610424     
   3557.57000000000     
   3650.26138588547     
   3665.32964032195     
   3557.57000000000     
   3706.67285507632     
   3714.22855218641     
   3742.74488722917     
   3679.20433234457     
   3557.57000000000     
   3557.57000000000     
   3791.50350846080     
   3851.55485991272     
   3877.01077065904     
   3900.51871144168     
   3825.93975064390     
   3557.57000000000     
   3557.57000000000     
   3914.19000000000     
   3970.04469258583     
   3966.22706364481     
   3948.39303401527     
   3745.42615605123     
   3895.91034749934     
   3898.10260067300     
   3914.19000000000     
   3914.19000000000     
   3914.19000000000     
   3139.46938712020     
   3095.84741655787     
   3057.53511931079     
   3052.13201138238     
   2938.64000000000     
   2670.70000000000     
   2640.14892440299     
   2555.40723267768     
   2427.11000000000     
   2205.66000000000     
   2164.73781500894     
   2004.34000000000     
   1967.72905332126     
   1821.32000000000     
   1821.32000000000     
   1911.52029966469     
   1983.08561410452     
   2037.80850993610     
   2060.74561886496     
   2053.12384017984     
   2004.34000000000     
   1999.53341121871     
   2099.99491148704     
   2074.03921394306     
   2084.30836822348     
   2087.87661654558     
   2083.05876283592     
   2086.39673185048     
   2068.77227535331     
   2062.94937479533     
   2063.68130710471     
   2054.50558998496     
   1943.04766446265     
   1503.66000000000     
   844.790000000000     
   472.750000000000     
   1127.46000000000     
   1451.93364919629     
   1465.56420908020     
   1654.93000000000     
   1654.93000000000     
   1654.93000000000     
   1654.93000000000     
   1640.11498055651     
   1503.66000000000     
   1475.51734266706     
   1331.53159538578     
   843.969697836928     
   92.1282110543881     
 -9.900000000000000E+015
 -9.900000000000000E+015
   61.5800000000000     
   816.646578077161     
   1434.91757722652     
   1654.88822198868     
   1774.42027732632     
   1958.31322950315     
   1960.43899130011     
   1970.10926271540     
   1959.06987212742     
   1946.01745312799     
   1944.87726373651     
   1821.32000000000     
   2112.46875599504     
   2070.93054935616     
   2108.49950789896     
   2109.93296435382     
   2112.73255560881     
   2063.84062629591     
   2098.61626047887     
   2127.41738519880     
   2125.56598142023     
   1948.57297520274     
   2101.37964147258     
   2004.34000000000     
   1917.53358455133     
   1654.93000000000     
   1821.32000000000     
   1821.32000000000     
   1821.32000000000     
   1821.32000000000     
   1821.32000000000     
   1620.90016197852     
   1094.60400305566     
   1654.93000000000     
   2201.73977431848     
   2154.19877192937     
   1980.02223517688     
   2156.33185653880     
   2116.53992162547     
   1949.19702431438     
   1907.01167158215     
   1917.84003953941     
   1998.68192494614     
   1949.91264367335     
   1943.94488032623     
   2004.34000000000     
   2084.07552050946     
   2112.77723083409     
   2119.71220902765     
   2122.12710803758     
   2109.79913075827     
   2131.27639710916     
   1998.08732319241     
   1974.58093056669     
   1992.46182147290     
   1980.80765570232     
   1947.80998692957     
   1947.91297296858     
   1958.01409017600     
   1922.34345440790     
   1821.32000000000     
   1877.53598904819     
   1802.67594099053     
   1749.05189253061     
   1716.74544164663     
   1644.65070096384     
   1612.50206794920     
   1644.19547730206     
   1653.36447824702     
   1653.32279809427     
   1626.88868137258     
   1614.39136513217     
   1594.89151390354     
   1568.22870111673     
   1503.66000000000     
   1366.14000000000     
   1127.46000000000     
   1024.13000000000     
   1123.43871937040     
   1454.69869908653     
   1484.76563779453     
   1483.26273726540     
   1503.66000000000     
   1467.15402176566     
   1583.73704652309     
   1636.03859757315     
   1503.66000000000     
   1578.59749878392     
   1503.66000000000     
   1366.14000000000     
   930.190000000000     
   1127.46000000000     
   1503.66000000000     
   1820.24521597311     
   2004.34000000000     
   2205.66000000000     
   2532.11274410571     
   2589.29079396446     
   2670.70000000000     
   2669.51192088803     
   2670.70000000000     
   2705.66579146643     
   2670.70000000000     
   2803.99706712942     
   2670.70000000000     
   2755.63992881636     
   2796.90401860847     
   2794.05195254462     
   2756.86987348580     
   2670.70000000000     
   2871.49408015525     
   2913.62752347398     
   3028.14018800822     
   3082.63240724313     
   3048.33271702934     
   3111.01283547883     
   3141.64523012559     
   3121.04466042354     
   3052.88561092415     
   2938.64000000000     
   3138.10568952041     
   3148.93160097617     
   3129.32830899966     
   3139.72026116612     
   3233.37000000000     
   3304.87673924921     
   3198.77770416810     
   3089.79449098069     
   3233.37000000000     
   3359.47359762460     
   3387.20262336569     
   3344.87082096731     
   3233.37000000000     
   3470.44371407536     
   3500.35005891984     
   3476.26353763968     
   3557.57000000000     
   3494.67766787539     
   3540.20388342220     
   3534.34756972994     
   3557.57000000000     
   3557.57000000000     
   3648.18253741943     
   3705.55342207813     
   3727.58264585323     
   3718.20408379779     
   3707.04447463723     
   3688.16959291276     
   3781.66296403855     
   3803.84228093991     
   3811.75524412649     
   3819.16123332770     
   3826.46964255629     
   3882.77791564778     
   3903.98269194894     
   3835.26321713219     
   3494.06304012108     
   3549.02179808821     
   3784.71327986326     
   3972.28338588625     
   3967.50245013109     
   3962.51073647271     
   3948.25493978469     
   3914.19000000000     
   3914.19000000000     
   3914.19000000000     
   3935.94098750010     
   3943.12117416476     
   3123.96992347976     
   3104.90554994757     
   2938.64000000000     
   2884.93534011622     
   2838.04131662993     
   2756.08351934482     
   2640.97600446708     
   2576.12167104574     
   2427.05562263393     
   2205.66000000000     
   2143.07155257098     
   2004.34000000000     
   1967.79187603188     
   1821.32000000000     
   1867.92037185073     
   1896.30016790570     
   1953.14682761380     
   2004.34000000000     
   2064.91196294335     
   2061.46697453351     
   1996.76617516120     
   1929.68150474101     
   1937.45150063050     
   2002.13234869514     
   2047.67764340055     
   2070.70486243380     
   2073.01627708248     
   2077.38146142052     
   2077.62771431458     
   2084.37925409453     
   2074.17221731733     
   2061.07317696629     
   2050.19380388944     
   1654.93000000000     
   1444.28438002576     
   1503.66000000000     
   1453.33992070230     
   1241.12000000000     
   1654.93000000000     
   1654.93000000000     
   1654.93000000000     
   1654.93000000000     
   1687.63328850688     
   1642.02987553492     
   1503.66000000000     
   1479.41928451724     
   1095.07757814590     
   632.380000000000     
   66.4910340318726     
 -9.900000000000000E+015
 -9.900000000000000E+015
 -0.247465556012912     
   550.867213252036     
   1241.12000000000     
   1488.93056565286     
   1746.10494773699     
   1821.32000000000     
   1941.24350219833     
   1927.47931070024     
   1939.42049378648     
   1926.35232614291     
   1950.10972561413     
   1950.62528670135     
   2001.69082151796     
   2004.34000000000     
   2004.34000000000     
   2137.56036849066     
   2073.14032825070     
   1654.93000000000     
   1782.14288053401     
   2004.34000000000     
   2004.34000000000     
   2004.34000000000     
   2179.64771695511     
   2179.64771695511     
   2146.22443674005     
   1791.73038546611     
   1618.64444911735     
   1821.32000000000     
   1821.32000000000     
   1939.89027059891     
   2120.33701550249     
   2004.34000000000     
   1601.58917367974     
   1810.34953717893     
   1918.50164636638     
   2004.34000000000     
   1821.32000000000     
   1821.32000000000     
   1929.29668425739     
   1654.93000000000     
   1503.66000000000     
   1754.76048118121     
   1789.14084652969     
   1821.32000000000     
   1902.56053517061     
   1951.93675793336     
   2004.34000000000     
   2129.31924969224     
   2117.07345843833     
   2076.29827026384     
   2069.15845633538     
   2097.34150467848     
   1934.82680741632     
   1947.87162853718     
   1821.32000000000     
   1821.32000000000     
   1821.32000000000     
   1904.56434587328     
   1924.77865139192     
   1896.16115315444     
   1900.63543529095     
   1912.09062009627     
   1821.32000000000     
   1750.88204663762     
   1759.31759062579     
   1654.93000000000     
   1668.89756576246     
   1666.26030471585     
   1653.36447824702     
   1624.62616765808     
   1621.18351506553     
   1636.69007633936     
   1645.02343821055     
   1596.23037430330     
   1613.34604873907     
   1465.20302850784     
   1366.14000000000     
   1127.46000000000     
   1024.13000000000     
   1503.66000000000     
   1503.66000000000     
   1557.84387378720     
   1503.66000000000     
   1573.79417574794     
   1630.68634171734     
   1654.93000000000     
   1654.93000000000     
   1645.29537473304     
   1503.66000000000     
   1366.14000000000     
   844.790000000000     
   930.190000000000     
   1601.09963860952     
   1821.32000000000     
   2004.34000000000     
   2205.66000000000     
   2405.52251241659     
   2553.64789471861     
   2630.37204283514     
   2649.14173766053     
   2665.14030304811     
   2705.36450800531     
   2718.44809409996     
   2739.31014570331     
   2761.50886924267     
   2746.68085576940     
   2807.28935980210     
   2824.97301585983     
   2827.60584375611     
   2820.30266798028     
   2873.09076673330     
   2930.15226724625     
   2938.64000000000     
   3109.17498733309     
   3107.98400325913     
   3112.07899789314     
   3154.33335971700     
   3159.18570526362     
   3134.02772315861     
   3104.66276552363     
   3176.22000108207     
   3205.71275591997     
   2938.64000000000     
   2938.64000000000     
   3117.60467889004     
   3310.42749616401     
   3230.46807127545     
   3162.02194474563     
   3233.37000000000     
   3233.37000000000     
   3372.48250575640     
   3402.17746447183     
   3353.23665996035     
   3383.82575266946     
   3497.14639396075     
   3535.65015762490     
   3557.57000000000     
   3557.57000000000     
   3557.57000000000     
   3557.57000000000     
   3627.75157931603     
   3641.99102651665     
   3654.84240782407     
   3689.45146816610     
   3700.60402073339     
   3692.10601161461     
   3672.85790949360     
   3557.57000000000     
   3781.30619503591     
   3798.38359120642     
   3816.10924183983     
   3855.61162542997     
   3793.96783559540     
   3875.79780922506     
   3880.55762127689     
   3855.88971458399     
   3888.87541362878     
   3557.57000000000     
   3557.57000000000     
   3956.40977224015     
   3985.05605144384     
   3914.19000000000     
   3954.80307392036     
   3945.02264019662     
   3914.19000000000     
   3914.19000000000     
   3914.19000000000     
   3935.91821273297     
   3099.56132952324     
   3111.23477157250     
   2938.64000000000     
   2411.42991897014     
   2670.70000000000     
   2670.70000000000     
   2670.70000000000     
   2564.44945419060     
   2363.03047341464     
   2194.15752059396     
   2004.34000000000     
   1964.82721700406     
   1920.87926095225     
   1821.32000000000     
   1860.59648633885     
   1877.53104042400     
   1930.78813499021     
   1995.07310066665     
   2085.71027938027     
   2076.09280719787     
   1982.94963491845     
   1821.32000000000     
   1907.37564542710     
   1974.69214924927     
   2004.34000000000     
   2060.31828786881     
   2062.87777490316     
   2004.34000000000     
   2115.93705781617     
   2100.02129870546     
   2126.40056342395     
   2004.34000000000     
   2067.17054438351     
   1956.75331167608     
   1900.63004912488     
   1759.08094892980     
   1783.61757230339     
   1778.65381401463     
   1743.12401318220     
   1710.94386969700     
   1705.01029336880     
   1684.13284821028     
   1697.30937726121     
   1503.66000000000     
   1570.16071218162     
   1366.14000000000     
   1233.75755811400     
   472.750000000000     
   59.4623232689432     
 -9.900000000000000E+015
 -9.900000000000000E+015
 -9.900000000000000E+015
   314.475381763367     
   1241.12000000000     
   1503.66000000000     
   1654.93000000000     
   1821.32000000000     
   1909.14070900007     
   1913.70781597619     
   1940.63414508479     
   1940.94752509626     
   1947.76672862655     
   1924.49160088564     
   1467.09031836047     
   1821.32000000000     
   2004.34000000000     
   1779.22381873780     
   2072.17723225501     
   1772.32396910410     
   1821.32000000000     
   1998.90470188808     
   2121.17258068727     
   2004.34000000000     
   1986.25712968549     
   1784.89677896679     
   2146.22443674005     
   2004.34000000000     
   1821.32000000000     
   1642.33770450637     
   1821.32000000000     
   2122.85778364549     
   2123.43383848197     
   2004.34000000000     
   1654.93000000000     
   1821.32000000000     
   1821.32000000000     
   1954.19154128816     
   1654.93000000000     
   1654.93000000000     
   1821.32000000000     
   1821.32000000000     
   1503.66000000000     
   1654.93000000000     
   1654.93000000000     
   1654.93000000000     
   1804.43940349092     
   1821.32000000000     
   1942.83266127743     
   2004.34000000000     
   2004.34000000000     
   2004.34000000000     
   1971.14774480402     
   1920.95007782349     
   1821.32000000000     
   1818.82451728590     
   1503.66000000000     
   1456.25437203136     
   1654.93000000000     
   1872.41285119823     
   1902.33159144800     
   1961.30387136677     
   1951.52867422023     
   1896.61747270865     
   1915.49673087849     
   1753.18340209691     
   1737.49068829020     
   1654.93000000000     
   1646.74414994488     
   1619.81867537382     
   1654.93000000000     
   1609.49253865841     
   1653.83475510378     
   1654.43792759311     
   1654.93000000000     
   1692.59571408438     
   1699.57698863936     
   1643.56304206046     
   1653.08299054629     
   1503.66000000000     
   1601.10440281219     
   1623.93193943798     
   1628.44123885213     
   1592.52338575914     
   1622.08227914310     
   1637.39787557580     
   1654.93000000000     
   1654.93000000000     
   1654.93000000000     
   1642.77477052309     
   1503.66000000000     
   1446.12218381177     
   1024.13000000000     
   1366.14000000000     
   1616.38179026221     
   1753.18936220265     
   1821.32000000000     
   2132.56359890452     
   2377.27261245485     
   2427.11000000000     
   2656.20003577544     
   2648.34061706179     
   2664.16869407601     
   2670.70000000000     
   2739.00422903638     
   2737.53151262017     
   2772.90654549923     
   2746.11060518211     
   2670.70000000000     
   2843.58977389124     
   2863.44479208708     
   2893.22971525183     
   2926.60316788674     
   2938.64000000000     
   2938.64000000000     
   3061.90226206712     
   3110.68505371076     
   3114.40941269935     
   3165.00035282508     
   3160.61846282899     
   3159.52956536864     
   3204.07887307984     
   3199.37810306597     
   3218.00167438403     
   3207.12833344931     
   2938.64000000000     
   3094.35924866273     
   3333.93643589292     
   3348.63752993019     
   3321.02321788974     
   3233.37000000000     
   3368.63068308598     
   3410.06365340520     
   3424.06468214060     
   3444.74046008494     
   3466.55113717263     
   3493.53279084432     
   3519.36399413405     
   3522.30959290879     
   3541.92424658670     
   3552.09523002111     
   3509.86583520049     
   3527.14893666108     
   3557.57000000000     
   3664.24436624908     
   3690.83898262279     
   3708.35712750836     
   3724.06515949551     
   3734.13025916978     
   3770.34066553145     
   3747.32776067666     
   3887.36459403080     
   3837.41779265882     
   3792.69628041127     
   3895.92451543418     
   3887.88360410216     
   3912.95331675562     
   3914.19000000000     
   3903.52882001741     
   3745.51840559851     
   3778.51592338812     
   3974.42568904400     
   3997.24948805927     
   3997.85434770885     
   3981.53426605885     
   3963.06388410729     
   3963.74969924895     
   3914.19000000000     
   3914.19000000000     
   3914.19000000000     
   3081.59069974339     
   3097.06994601835     
   3088.75221966797     
   3126.18990925583     
   2938.64000000000     
   2898.70283643842     
   2670.70000000000     
   2575.39957415980     
   2365.01921480992     
   2172.82127132166     
   2004.34000000000     
   1926.66420211621     
   1883.33308655525     
   1874.02407671681     
   1876.61077611604     
   1906.12074442508     
   1977.05987863280     
   2004.34000000000     
   2004.34000000000     
   2004.34000000000     
   1939.33533320219     
   1821.32000000000     
   1821.32000000000     
   1950.66869772580     
   1966.11217023415     
   2004.34000000000     
   2048.26749797032     
   1978.31376320402     
   2004.34000000000     
   2059.58792820971     
   2082.40425695630     
   2071.35163983397     
   2053.84010518414     
   2004.34000000000     
   1951.47087158249     
   1939.41982710796     
   1810.96066006768     
   1772.98446016331     
   1720.63286348160     
   1717.49171180724     
   1710.37825550431     
   1654.93000000000     
   1711.49869347741     
   1587.20845470750     
   1617.61186777117     
   1444.28289377686     
   1241.12000000000     
   767.150000000000     
   82.7060569827733     
 -9.900000000000000E+015
 -9.900000000000000E+015
  6.657785715284439E-002
   262.600000000000     
   1187.60650224563     
   1597.28039543468     
   1654.93000000000     
   1821.32000000000     
   1876.93407705187     
   1913.93561335107     
   1939.16625258787     
   1967.26225716821     
   1957.55431614944     
   1938.00001238215     
   1503.66000000000     
   1467.14816660426     
   1750.99893703663     
   1337.70128866749     
   1933.17273004178     
   1799.53948811724     
   1891.20379876275     
   1932.12616240623     
   2088.36907207092     
   2004.34000000000     
   1759.27480581417     
   1366.14000000000     
   1499.91780308987     
   2004.34000000000     
   2004.34000000000     
   1952.16476502663     
   2004.34000000000     
   2004.34000000000     
   2457.86677154495     
   2374.44765913651     
   1821.32000000000     
   1503.66000000000     
   1821.32000000000     
   1821.32000000000     
   1654.93000000000     
   1503.66000000000     
   1654.93000000000     
   1821.32000000000     
   1977.41224051833     
   1651.34187615268     
   1584.50324673919     
   1638.50595679413     
   1343.73817759110     
   1821.32000000000     
   1821.32000000000     
   1997.50603360623     
   1981.19305240676     
   1970.34807436330     
   1995.22413063505     
   1954.41318276943     
   1821.32000000000     
   1654.93000000000     
   1345.93599518312     
   1127.46000000000     
   1366.14000000000     
   1911.60321166384     
   1896.89681486545     
   1956.57936545509     
   1964.38494280830     
   1821.32000000000     
   1821.32000000000     
   1754.32960767967     
   1654.93000000000     
   1654.93000000000     
   1645.75377392744     
   1654.93000000000     
   1654.93000000000     
   1654.93000000000     
   1618.68730712231     
   1615.02391768814     
   1621.93437184280     
   1654.93000000000     
   1730.45855926503     
   1753.19185950098     
   1796.00312600577     
   1725.65668491944     
   1719.07422615095     
   1699.58637468686     
   1654.93000000000     
   1654.93000000000     
   1724.26231904211     
   1654.93000000000     
   1711.36869216246     
   1654.93000000000     
   1720.04221670004     
   1654.93000000000     
   1588.87314787262     
   1503.66000000000     
   1205.55977997589     
   1645.32768282149     
   1654.93000000000     
   1796.42532754641     
   1947.95439184475     
   2160.89075798173     
   2382.57898727963     
   2427.11000000000     
   2598.83108648952     
   2608.28252185472     
   2670.70000000000     
   2670.70000000000     
   2670.70000000000     
   2748.56846414037     
   2817.58548249675     
   2796.51365282141     
   2814.92582648121     
   2851.18646384296     
   2870.61773528104     
   2871.61793039076     
   2899.42392878927     
   2909.96978347394     
   2896.33570248174     
   3168.03608777631     
   3111.80350352442     
   3145.09756009612     
   3089.65318645080     
   3084.19847041474     
   3155.57385654153     
   3166.16486061019     
   3182.57575082526     
   3233.37000000000     
   3233.37000000000     
   3233.37000000000     
   3233.37000000000     
   3352.01143656743     
   3357.50779713941     
   3369.46247678500     
   3411.37019757816     
   3394.68128030501     
   3411.07730234077     
   3431.44054907514     
   3444.11810906770     
   3474.70309338876     
   3472.19651191406     
   3465.55018136076     
   3517.82034689694     
   3539.61719632485     
   3551.84433420903     
   3546.53753491063     
   3233.37000000000     
   3657.49127267903     
   3693.85091479877     
   3703.53479624850     
   3689.57707178964     
   3740.39243995811     
   3759.36796571711     
   3779.23955077552     
   3805.18216718953     
   3813.96805218118     
   3808.40139457552     
   3557.57000000000     
   3914.19000000000     
   3914.19000000000     
   3914.19000000000     
   3968.03846992055     
   3976.87899656363     
   3950.66242423133     
   3914.19000000000     
   3914.19000000000     
   3997.09505840644     
   4032.18735918027     
   4015.80144488021     
   3914.19000000000     
   3914.19000000000     
   3557.57000000000     
   3836.62627955440     
   3914.19000000000     
   3099.60264336847     
   3089.46974953604     
   3095.78679527514     
   3120.27168371528     
   3097.35200523561     
   3042.31441958943     
   2833.64862291633     
   2562.87673515108     
   2205.66000000000     
   2116.71996880156     
   1976.58975088165     
   1821.32000000000     
   1809.46406436840     
   1821.32000000000     
   1880.55462195063     
   1923.66294336206     
   2004.34000000000     
   2004.34000000000     
   1925.12893809067     
   1818.73655939605     
   2078.45379882015     
   2090.75105940328     
   1993.43033556035     
   1930.53132307711     
   1821.32000000000     
   1925.88428974455     
   1955.60528349239     
   1952.47309490256     
   1821.32000000000     
   1993.63834108244     
   2089.88773303140     
   2074.73653186465     
   2070.19432888460     
   2045.16823144648     
   1998.90666019895     
   1929.78584499065     
   1880.39821916936     
   1801.20987172313     
   1763.92755132023     
   1756.67010133932     
   1745.60362241019     
   1743.40469299409     
   1724.34643657659     
   1746.19358173747     
   1627.75866218204     
   1503.66000000000     
   1238.05598672252     
   907.489762389365     
   143.830000000000     
   33.6639584678959     
   43.6500000000000     
   101.489102937993     
   389.030000000000     
   1241.12000000000     
   1588.69726308383     
   1654.93000000000     
   1821.32000000000     
   1881.94777203674     
   1927.18844248336     
   1951.98640835415     
   1945.31968366848     
   1961.33024975847     
   1957.26403417602     
   1366.14000000000     
   1503.66000000000     
   1468.55482170488     
   1366.14000000000     
   1654.93000000000     
   1654.93000000000     
   1789.17565985323     
   1740.64836771882     
   1972.77116214851     
   1821.32000000000     
   2004.34000000000     
   1503.66000000000     
   1127.46000000000     
   1340.83649204950     
   1654.93000000000     
   1907.19265323770     
   1785.67573868278     
   2004.34000000000     
   2482.45870969431     
   2205.66000000000     
   1821.32000000000     
   1324.21362620147     
   1821.32000000000     
   1654.93000000000     
   1654.93000000000     
   1366.14000000000     
   1611.72497972175     
   1763.12476135580     
   1905.70729475135     
   1879.44318422062     
   1798.51046805560     
   1503.66000000000     
   1078.73906213685     
   1654.93000000000     
   1821.32000000000     
   2004.34000000000     
   2004.34000000000     
   1979.78712534111     
   1995.22413063505     
   1803.11979085198     
   1654.93000000000     
   1366.14000000000     
   1024.13000000000     
   1024.13000000000     
   1598.69008301749     
   1807.73784725749     
   1890.85067716003     
   1951.29979595813     
   1949.36799034762     
   1821.32000000000     
   1821.32000000000     
   1755.73368280513     
   1654.93000000000     
   1654.93000000000     
   1654.93000000000     
   1654.93000000000     
   1693.05339670252     
   1654.93000000000     
   1654.93000000000     
   1654.93000000000     
   1654.93000000000     
   1720.82471500218     
   1728.58950816207     
   1654.93000000000     
   1796.85455225785     
   1779.85188024721     
   1751.54781628754     
   1743.18214402864     
   1772.54410023032     
   1762.34545518620     
   1763.89637882552     
   1768.86708724927     
   1745.93867118461     
   1749.21995495507     
   1719.31148221515     
   1694.30172267227     
   1642.68329405748     
   1631.56984775903     
   1636.97756431142     
   1645.32768282149     
   1503.66000000000     
   1640.53723849615     
   1821.32000000000     
   2004.34000000000     
   2355.99424743640     
   2427.11000000000     
   2563.00584425075     
   2540.95881617745     
   2597.36264164022     
   2670.70000000000     
   2866.00521312020     
   2670.70000000000     
   2848.31923087959     
   2793.59546996668     
   2850.08012791776     
   2830.81176109672     
   2880.79698575947     
   2890.74603667346     
   2886.98510074485     
   2915.02035876343     
   2925.09846150916     
   2938.64000000000     
   3106.92462114942     
   3133.17812697807     
   3125.94752029042     
   3090.65557673075     
   2938.64000000000     
   2938.64000000000     
   2938.64000000000     
   3226.87183171947     
   3292.47245403092     
   3298.04909008001     
   3308.34440200098     
   3326.62064328577     
   3368.39187353185     
   3365.81152016826     
   3356.07204117654     
   3378.86681605306     
   3405.40383523732     
   3409.12123456504     
   3421.46880587762     
   3434.24615315037     
   3449.93209417934     
   3233.37000000000     
   3492.60171180493     
   3557.57000000000     
   3557.57000000000     
   3557.57000000000     
   3233.37000000000     
   3233.37000000000     
   3411.46209774427     
   3728.04197472863     
   3725.56055586320     
   3749.62919557219     
   3763.06672960589     
   3768.70190364776     
   3774.72920042216     
   3770.16332500274     
   3787.96630736662     
   3774.36191728664     
   3874.71078382183     
   3894.47007569431     
   3902.29524382975     
   3914.19000000000     
   3986.24896598939     
   3951.13801670607     
   3943.58305656721     
   3803.45703522357     
   4056.45060219887     
   4040.15013587229     
   4022.25303673957     
   3914.19000000000     
   3914.19000000000     
   3761.86995251582     
   3750.44597466711     
   3914.19000000000     
   3116.73003863683     
   3075.10247084046     
   3024.29421106802     
   2938.64000000000     
   2938.64000000000     
   2936.33802642102     
   2842.35150689665     
   2427.11000000000     
   2130.10560490145     
   2004.34000000000     
   1977.34045080836     
   1919.90798280482     
   1751.30169571472     
   1821.32000000000     
   1897.98034924303     
   1962.11325235894     
   2180.79361477549     
   2176.62733408255     
   1991.27272943214     
   1955.70417734339     
   2090.21172927543     
   2004.34000000000     
   1963.44283663419     
   1821.32000000000     
   1821.32000000000     
   1821.32000000000     
   1961.87778647855     
   1987.82606643864     
   1968.63475622228     
   2004.34000000000     
   2107.36623277974     
   2113.56081898742     
   2119.93264519274     
   2081.44994058948     
   2046.26992430149     
   2043.91491233282     
   1821.32000000000     
   1791.80237568590     
   1758.53157716217     
   1645.01023828629     
   1503.66000000000     
   1654.93000000000     
   1783.00565416771     
   1762.85656107832     
   1654.93000000000     
   1632.28201848472     
   1458.19841438582     
   841.342442061166     
   304.861365338853     
   153.813194965059     
   124.456688120060     
   158.424394088732     
   894.107167439630     
   1366.14000000000     
   1503.66000000000     
   1654.93000000000     
   1807.89441748937     
   1870.78549058403     
   1892.95456689517     
   1927.78256917040     
   1928.79525579764     
   1918.31286828804     
   1946.88390822199     
   1480.13972239011     
   1503.66000000000     
   1362.86567137133     
   1448.04360096945     
   1607.14192841713     
   1773.37745735835     
   1733.99578874786     
   1751.70818952790     
   1821.32000000000     
   1821.13283454191     
   2004.34000000000     
   1503.66000000000     
   1241.12000000000     
   1366.14000000000     
   1503.66000000000     
   1366.14000000000     
   1654.93000000000     
   1821.32000000000     
   2004.34000000000     
   2200.25260220500     
   2004.34000000000     
   1241.12000000000     
   1654.93000000000     
   1442.63481895459     
   1604.14024617828     
   1308.80868846379     
   1442.34875734336     
   1241.12000000000     
   1241.12000000000     
   1457.51074773440     
   1349.65260683378     
   1366.14000000000     
   1602.59205174054     
   1636.43243361008     
   1622.24568126907     
   1930.68003959267     
   2004.34000000000     
   2004.34000000000     
   1938.77090370124     
   1654.93000000000     
   1654.93000000000     
   1607.59709822186     
   1363.68358459044     
   1366.14000000000     
   1920.08461017677     
   1999.87377123804     
   1927.91659226400     
   1949.62336859123     
   1949.34191000014     
   1821.32000000000     
   1810.00675361143     
   1753.70113263836     
   1654.93000000000     
   1679.41564852992     
   1654.93000000000     
   1718.03819368234     
   1708.44012428014     
   1651.68824283398     
   1704.20329158669     
   1738.44850860561     
   1654.93000000000     
   1780.64647697459     
   1750.78065940797     
   1654.93000000000     
   1821.32000000000     
   1821.32000000000     
   1791.72183084040     
   1780.97363583655     
   1815.41231821180     
   1806.39651105319     
   1797.40127913954     
   1818.61031582370     
   1813.60640108725     
   1749.93234559481     
   1735.19011417370     
   1697.45541948289     
   1654.93000000000     
   1620.51982750500     
   1636.97756431142     
   1503.66000000000     
   1127.46000000000     
   1226.88831982344     
   1503.66000000000     
   2004.34000000000     
   2205.66000000000     
   2427.11000000000     
   2427.11000000000     
   2503.95749905625     
   2427.11000000000     
   2670.70000000000     
   2884.15628266959     
   2612.20659603564     
   2790.34836654452     
   2835.11110517133     
   2834.91839834690     
   2845.86769644005     
   2848.98748904633     
   2873.87973398050     
   2889.37699044792     
   2920.91512339674     
   2909.80505799226     
   2938.64000000000     
   2938.64000000000     
   3081.76702165481     
   3125.85701422743     
   3126.21713867189     
   3060.90869297880     
   2938.64000000000     
   2923.00452146933     
   3133.57227307910     
   3233.37000000000     
   3308.69478475710     
   3284.62480800359     
   3233.37000000000     
   3233.37000000000     
   3330.38491077155     
   3367.04736166143     
   3392.50213995677     
   3397.07305190930     
   3395.83720131288     
   3429.35131288171     
   3437.57183019836     
   3390.95970711068     
   2670.70000000000     
   3233.37000000000     
   3585.10157311724     
   3538.30251316838     
   3527.44804860742     
   3555.33419234049     
   3233.37000000000     
   3102.50059854153     
   3678.02721610260     
   3736.40559866669     
   3756.77600963359     
   3780.70783334055     
   3769.33125224571     
   3524.09390887519     
   3718.97601553081     
   3729.28562331089     
   3674.50032744034     
   3557.57000000000     
   3888.08829329654     
   3901.90830490840     
   3909.02188558980     
   3738.97796290589     
   3953.13642301783     
   3965.90330241913     
   3995.63485237289     
   4013.27549939574     
   4032.69177282333     
   4068.79279495003     
   4051.35721654922     
   4026.17151757638     
   4026.13394458228     
   3863.91425735003     
   3910.75488543261     
   3099.45007072589     
   3047.83250445871     
   2938.64000000000     
   2938.64000000000     
   2938.64000000000     
   2938.64000000000     
   2574.57881796965     
   2427.11000000000     
   2318.19083253940     
   2205.66000000000     
   2198.82947119093     
   2205.66000000000     
   2176.17975525148     
   2004.34000000000     
   1928.96039353361     
   1921.13957620610     
   2000.90974806219     
   2004.34000000000     
   2043.06000000000     
   2044.28883819398     
   2004.34000000000     
   2003.34609088813     
   1945.46382404460     
   1821.32000000000     
   1740.81816429028     
   1654.93000000000     
   1895.69159033729     
   1944.51302945197     
   1957.16019554470     
   2004.34000000000     
   2090.85239776891     
   2074.68750783743     
   2115.52707522616     
   2105.55603767104     
   2081.78274946586     
   2004.34000000000     
   1927.89124860127     
   1793.49315230085     
   1366.14000000000     
   1366.14000000000     
   1654.93000000000     
   1755.62311993261     
   1817.95817205569     
   1788.05282108281     
   1821.32000000000     
   1761.69912028150     
   1654.93000000000     
   1355.56969549634     
   1024.13000000000     
   506.957581933716     
   194.800000000000     
   632.380000000000     
   1127.46000000000     
   1479.85993229750     
   1587.57125315071     
   1654.93000000000     
   1797.46336868686     
   1850.12135893282     
   1757.95191113675     
   1917.99980441982     
   1654.93000000000     
   1654.93000000000     
   1766.27131716719     
   1654.93000000000     
   1593.95605272244     
   1585.88945254521     
   1193.52216741826     
   1366.14000000000     
   1748.22419030076     
   1729.17007824072     
   1781.97159091337     
   1654.93000000000     
   1465.07968699488     
   1821.32000000000     
   1649.42949760649     
   1366.14000000000     
   1219.41825993844     
   1334.70561316184     
   1366.14000000000     
   1651.80199276238     
   1483.87613667522     
   2004.34000000000     
   2004.34000000000     
   2001.97904251005     
   1241.12000000000     
   1456.38630317235     
   1456.38630317235     
   1366.14000000000     
   1127.46000000000     
   1207.90523094784     
   632.380000000000     
   632.380000000000     
   1204.03108401360     
   1800.21786253336     
   1821.32000000000     
   1739.69955616728     
   1435.23966168988     
   1599.23322243434     
   1503.66000000000     
   1821.32000000000     
   1954.62066508230     
   1821.32000000000     
   1785.50719341908     
   1861.28479555033     
   1818.17054646269     
   1654.93000000000     
   1821.32000000000     
   2105.42005135504     
   2004.34000000000     
   1991.05749999998     
   1970.43415006831     
   1932.26804503078     
   1896.82825156556     
   1821.32000000000     
   1752.63677295827     
   1654.93000000000     
   1689.06716863485     
   1703.84515334664     
   1728.14344418038     
   1733.40025912976     
   1711.58403556079     
   1724.09947191605     
   1764.80737282987     
   1803.86242752211     
   1787.79487513388     
   1788.68265600915     
   1810.58263918231     
   1919.51019439266     
   1897.65239630590     
   1821.32000000000     
   1814.14298648630     
   1812.30658722784     
   1812.29881770781     
   1821.32000000000     
   1882.99085123583     
   1893.68017717998     
   1821.32000000000     
   1759.48854918055     
   1710.19856851729     
   1654.19909396128     
   1626.93640635188     
   1595.72434249114     
   1241.12000000000     
   930.190000000000     
   844.790000000000     
   1125.25032789102     
   1821.32000000000     
   2294.78015776273     
   2382.55878515895     
   2344.60662630552     
   2398.06077249325     
   2396.30698282550     
   2427.11000000000     
   2205.66000000000     
   2664.82381951630     
   2815.59630351028     
   2871.18546689949     
   2859.67734329334     
   2853.60298778230     
   2869.79983480942     
   2876.07353815104     
   2885.80298754231     
   2898.33758190008     
   2885.48216849086     
   2879.95266555059     
   2862.50673220025     
   2869.04851605830     
   2938.64000000000     
   3130.71068881055     
   3083.34076654441     
   3052.22591779689     
   2938.64000000000     
   3141.85796992798     
   3199.16385367684     
   3233.37000000000     
   3277.30276967928     
   3260.64344418038     
   3233.37000000000     
   3233.37000000000     
   3334.38608230671     
   3408.63315367515     
   3427.41819449852     
   3426.15181422689     
   3397.23096471664     
   3464.62397346431     
   3484.57353671101     
   3222.36608470655     
   3506.07822927725     
   3583.85818647571     
   3475.08043443525     
   3233.37000000000     
   3557.57000000000     
   3552.65754590706     
   3233.37000000000     
   3557.57000000000     
   3730.09967738117     
   3738.41729066780     
   3776.84798965431     
   3776.86855914360     
   3729.00145291734     
   3233.37000000000     
   3557.57000000000     
   3640.47562984459     
   3678.51597168594     
   3557.57000000000     
   3910.91629009129     
   3907.23527375667     
   3557.57000000000     
   3914.19000000000     
   3963.49906495304     
   3977.95559444186     
   3985.45705983935     
   4005.99543265926     
   4008.83661865158     
   4024.56990782885     
   4012.62371857631     
   4008.43307230051     
   3856.59093190827     
   3901.13779094349     
   3168.50930345671     
   3107.38576349548     
   2938.64000000000     
   2938.64000000000     
   3233.37000000000     
   3233.37000000000     
   2932.13486817986     
   2641.27083496466     
   2427.11000000000     
   2326.26735469063     
   2205.66000000000     
   2355.43161601627     
   2303.37599137872     
   2114.06493064769     
   1970.36393544412     
   1930.20957856926     
   1946.37598558535     
   1992.32576250993     
   2055.39423308795     
   2072.07976619074     
   2040.07710961273     
   1995.11313025562     
   1918.55998321541     
   1813.49767982362     
   1503.66000000000     
   1503.66000000000     
   1789.68632823074     
   1821.32000000000     
   1821.32000000000     
   1975.61329457013     
   2004.34000000000     
   2075.17817800971     
   2107.13837448930     
   2093.84820721593     
   2064.98643626873     
   2004.34000000000     
   1932.96872020541     
   1821.32000000000     
   1767.97983242939     
   1773.28322139573     
   1803.17391864766     
   1818.92673629670     
   1821.32000000000     
   1821.32000000000     
   1821.32000000000     
   1811.64901881680     
   1755.92567502937     
   1616.65092893740     
   1452.77416324797     
   1241.12000000000     
   1024.13000000000     
   844.790000000000     
   839.993224947708     
   1315.27415512355     
   1483.51946154362     
   1654.93000000000     
   1821.32000000000     
   1868.03951598399     
   1861.42657357255     
   1654.93000000000     
   1654.93000000000     
   1467.12580009828     
   1781.39553080698     
   1821.32000000000     
   1654.93000000000     
   1590.51931532674     
   1241.12000000000     
   1241.12000000000     
   1766.51889582341     
   1754.26979384946     
   1626.36305274385     
   1643.95157469150     
   1361.29140568490     
   1751.52835556925     
   1652.66360470166     
   1096.82333218229     
   1241.12000000000     
   1334.70561316184     
   1213.16647079142     
   1361.59603079680     
   1474.23785337294     
   2004.34000000000     
   2004.34000000000     
   2004.34000000000     
   1316.37358001675     
   1127.46000000000     
   1366.14000000000     
   1360.25476125557     
   1127.46000000000     
   996.753604962072     
   1024.13000000000     
   1127.46000000000     
   1503.66000000000     
   1821.32000000000     
   1986.82909135849     
   1821.32000000000     
   1503.66000000000     
   1503.66000000000     
   1241.12000000000     
   1873.83938363602     
   1922.28641930226     
   1964.81916591007     
   1744.34657490557     
   1852.05795525833     
   1821.32000000000     
   2004.34000000000     
   2112.53839930607     
   2171.15871750122     
   2109.72511078565     
   2004.34000000000     
   1995.09490868891     
   1967.39449341062     
   1821.32000000000     
   1821.32000000000     
   1792.57173811360     
   1725.29771209528     
   1710.25923950175     
   1719.82554906928     
   1731.99851188332     
   1758.45279894633     
   1740.68118186911     
   1720.65477010915     
   1654.93000000000     
   1738.44903258249     
   1760.70393699762     
   1821.32000000000     
   1932.59507912434     
   1993.24919728281     
   1821.32000000000     
   1864.84740178179     
   1821.32000000000     
   1821.32000000000     
   1821.32000000000     
   1856.13328233976     
   1878.45269502258     
   1863.04335833970     
   1821.32000000000     
   1821.32000000000     
   1654.93000000000     
   1654.93000000000     
   1654.93000000000     
   1602.45048256666     
   1241.12000000000     
   844.790000000000     
   607.886962107592     
   753.267262565912     
   1503.66000000000     
   2004.34000000000     
   2205.66000000000     
   2427.11000000000     
   2427.11000000000     
   2427.11000000000     
   2427.11000000000     
   2426.94840191356     
   2605.31563197589     
   2826.11792620158     
   2868.38701667169     
   2868.77373747951     
   2873.51939156695     
   2892.66168709913     
   2895.86864504059     
   2877.14256470974     
   2873.38306979236     
   2853.01659516724     
   2833.48704672339     
   2815.00256413033     
   2919.64977104346     
   2888.82145868063     
   2938.64000000000     
   3092.25984616848     
   3109.53682679675     
   2938.64000000000     
   2938.64000000000     
   3164.72678425686     
   3223.62689189935     
   3228.88321752365     
   3197.90327335983     
   3221.43492614579     
   3233.37000000000     
   3322.63167330407     
   3372.17394582580     
   3426.37790692993     
   3432.56896643426     
   3443.37711363181     
   3466.46966144127     
   3521.25369896404     
   3584.09329874926     
   3581.18782418984     
   3524.99963827300     
   3510.04602841587     
   3515.44717477283     
   3557.57000000000     
   3557.57000000000     
   3517.22712977044     
   3513.64658732627     
   3557.57000000000     
   3665.54973540872     
   3691.71147550591     
   3557.57000000000     
   3557.57000000000     
   3233.37000000000     
   3413.32293736598     
   3557.57000000000     
   3668.99443254104     
   3658.61495539938     
   3543.81171883584     
   3914.19000000000     
   3899.52899537739     
   3982.48238772634     
   3983.10990329697     
   3977.93160989670     
   3976.59811209458     
   3988.24527174527     
   3996.28837454872     
   4000.26717088140     
   4004.06839908645     
   4010.51474400704     
   3859.45968022304     
   3907.02784428443     
   3233.37000000000     
   3178.55304854595     
   3068.88841907097     
   3126.43130081361     
   3218.66049345875     
   3215.07738481410     
   2938.64000000000     
   2670.70000000000     
   2627.41441064176     
   2427.11000000000     
   2336.85062433209     
   2205.66000000000     
   2205.66000000000     
   2004.34000000000     
   1986.88855157514     
   1971.65460338569     
   1996.02262292381     
   2004.34000000000     
   2060.23684358361     
   2058.82401441248     
   2004.34000000000     
   1966.07171564332     
   1821.32000000000     
   1366.14000000000     
   1366.14000000000     
   1745.83204032298     
   1821.32000000000     
   1913.31469937872     
   1989.84770545601     
   2048.59624264505     
   2091.81257383715     
   2086.94237709619     
   2129.76763787498     
   2110.11339269112     
   2119.64515618846     
   2096.61714663847     
   2004.34000000000     
   1944.50549345193     
   1951.22964910275     
   1821.32000000000     
   1821.32000000000     
   1852.07042068417     
   1848.31013795571     
   1821.32000000000     
   1858.06701077257     
   1821.32000000000     
   1860.14208766382     
   1780.10968415830     
   1654.93000000000     
   1487.97157538619     
   1087.56214666747     
   191.440452012893     
   22.6110197185942     
   819.313953387565     
   1366.14000000000     
   1654.93000000000     
   1821.32000000000     
   1894.38411904585     
   1897.64358583139     
   1743.86219147063     
   1654.93000000000     
   1503.66000000000     
   1821.32000000000     
   1994.85979213844     
   1805.63642549685     
   1654.93000000000     
   1359.62626461083     
   1356.15557123777     
   1654.93000000000     
   1821.32000000000     
   1620.05062907373     
   1592.60347929131     
   1503.66000000000     
   1801.60079489109     
   1591.41732009607     
   985.317790462670     
   1366.14000000000     
   1334.25588197832     
   1358.86791886356     
   994.942824842620     
   1488.87061585659     
   1802.67698167611     
   1946.07127093908     
   2192.03183398631     
   1503.66000000000     
   1241.12000000000     
   1241.12000000000     
   1389.82105210221     
   1364.92370591810     
   1366.14000000000     
   1365.77914102888     
   1447.76654123950     
   1503.66000000000     
   1821.32000000000     
   1927.03916609819     
   1924.90940731779     
   1599.62728590823     
   1503.66000000000     
   1503.66000000000     
   1821.32000000000     
   1956.94732116670     
   2004.34000000000     
   1749.99073198151     
   1654.93000000000     
   1972.90598100462     
   2133.99244079194     
   2227.98357120099     
   2205.66000000000     
   2190.55024297744     
   2004.34000000000     
   2004.34000000000     
   2004.34000000000     
   1927.09476823231     
   1821.32000000000     
   1821.32000000000     
   1742.00268783462     
   1725.05054770154     
   1733.03668629006     
   1747.04258177592     
   1781.04970150986     
   1772.77068576271     
   1760.73546984255     
   1752.15129130466     
   1503.66000000000     
   1648.04848534770     
   1821.32000000000     
   1975.51411014265     
   1981.97758627667     
   1913.13754413604     
   1871.16203848431     
   1821.32000000000     
   1821.32000000000     
   1848.02044180663     
   1852.67343951983     
   1821.32000000000     
   1821.32000000000     
   1821.32000000000     
   1821.32000000000     
   1792.19647829829     
   1654.93000000000     
   1654.93000000000     
   1631.38815270074     
   1366.14000000000     
   930.190000000000     
   520.980000000000     
   688.203340736096     
   1366.14000000000     
   1752.49696191970     
   1955.59058022436     
   2398.97073881131     
   2504.08678663049     
   2478.70708999750     
   2490.46142125711     
   2420.30024000274     
   2670.70000000000     
   2832.49689962083     
   2864.10021235294     
   2875.35923702979     
   2889.11012153103     
   2894.98067880075     
   2905.73367711708     
   2869.24451516847     
   2859.99902567506     
   2828.79914509704     
   2829.97228518007     
   2889.59274982436     
   2932.51244870819     
   2938.64000000000     
   2938.64000000000     
   3054.22748077440     
   3161.73444584690     
   3194.08887743688     
   3178.48661245913     
   3233.37000000000     
   3223.71263847274     
   3176.73996152471     
   3105.24331557234     
   3125.02098069207     
   3198.30757711223     
   3205.73363962754     
   3233.37000000000     
   3424.37286430937     
   3424.05224324872     
   3450.06668684340     
   3464.75009576490     
   3510.26023473661     
   3594.86950109625     
   3597.11204252145     
   3551.20668101097     
   3532.90001563260     
   3541.70489988581     
   3549.13818016001     
   3547.28822532361     
   3531.87057090890     
   3522.36500263668     
   3500.70057236753     
   3557.57000000000     
   3625.73093323429     
   3557.57000000000     
   3549.01917693616     
   3233.37000000000     
   3104.13255717709     
   3431.98156846863     
   3533.50258719749     
   3557.57000000000     
   3519.34231646533     
   3857.05157289470     
   4067.14711999882     
   4034.79761524377     
   4028.44457954936     
   4034.41698671007     
   4011.71308169841     
   4010.36881603774     
   4005.93848173143     
   4003.94973131085     
   3988.20857421317     
   3976.17151953853     
   3809.13006250139     
   3833.93141181133     
   3375.82709781297     
   3208.93437585866     
   3118.10318937769     
   3190.17988037890     
   3203.04597886010     
   3122.38410599412     
   2938.64000000000     
   2872.29027903833     
   2670.70000000000     
   2661.41583604515     
   2551.25466413071     
   2427.11000000000     
   2205.66000000000     
   2004.34000000000     
   1950.58978419252     
   1970.37875784604     
   2004.34000000000     
   2073.29892400972     
   2094.67874764257     
   2082.56680065974     
   2004.34000000000     
   1951.90989131504     
   1895.34365547958     
   1817.09579539016     
   1756.52286409951     
   1789.92204788527     
   1821.32000000000     
   1945.60033999607     
   2004.34000000000     
   2080.79002074577     
   2123.51466542245     
   2149.81260577899     
   2138.90738604511     
   2103.31072972035     
   2076.60909273381     
   1995.74534600175     
   1969.62149653858     
   1944.72203102879     
   1945.19905420412     
   1919.24989894825     
   1899.40316785712     
   1872.10227139357     
   1874.79705497502     
   1902.69068642460     
   1888.03752200603     
   1904.81735687305     
   1870.63935419570     
   1821.32000000000     
   1654.93000000000     
   1503.66000000000     
   1083.50503004638     
   73.0980271124167     
 -9.900000000000000E+015
   472.750000000000     
   1365.36810919206     
   1654.93000000000     
   1821.32000000000     
   1923.95857099592     
   1909.46473209027     
   1772.73062604834     
   1781.53274920553     
   1800.90561658575     
   1821.32000000000     
   2004.34000000000     
   1933.22570022843     
   1780.68671379459     
   1503.66000000000     
   1241.12000000000     
   1654.93000000000     
   1821.32000000000     
   1654.93000000000     
   1366.14000000000     
   1503.66000000000     
   1654.93000000000     
   1596.50474655442     
   1024.13000000000     
   1634.12692586410     
   1503.66000000000     
   1241.12000000000     
   897.145015028477     
   1455.22991468645     
   1328.24401449393     
   2004.34000000000     
   2205.66000000000     
   1821.32000000000     
   1212.71236166543     
   1330.27278678118     
   1385.55352402663     
   1366.14000000000     
   1503.66000000000     
   1584.48174364923     
   1593.70203946062     
   1630.58042162047     
   1821.32000000000     
   1821.32000000000     
   1911.60584451500     
   1491.39524272307     
   1621.36225039036     
   1821.32000000000     
   1988.42561046822     
   1968.74002658286     
   2004.34000000000     
   1821.32000000000     
   1955.07044936362     
   1821.32000000000     
   2186.22782619351     
   2217.98338108402     
   2205.66000000000     
   2201.44111218992     
   2150.00090551269     
   2081.42942311470     
   2003.08372989707     
   1919.26920756485     
   1886.96620415931     
   1818.15201856482     
   1763.42578985755     
   1739.57872890491     
   1743.63303898065     
   1768.30646732981     
   1803.83402111991     
   1821.32000000000     
   1821.32000000000     
   1809.15699787448     
   1503.66000000000     
   1503.66000000000     
   1821.32000000000     
   1994.09323086187     
   1942.54985488455     
   1898.04632219338     
   1821.32000000000     
   1862.86184716919     
   1858.20784438634     
   1821.32000000000     
   1850.40859626483     
   1821.32000000000     
   1813.01472631790     
   1821.32000000000     
   1811.82348283678     
   1766.15412286250     
   1752.57628862612     
   1654.93000000000     
   1654.93000000000     
   1366.14000000000     
   1088.00062266967     
   930.190000000000     
   762.550306569168     
   1503.66000000000     
   1807.02285220866     
   2205.66000000000     
   2417.34211889003     
   2493.64877841041     
   2427.11000000000     
   2553.73968739303     
   2587.80386547706     
   2603.32528993378     
   2860.53283127315     
   2849.06736912019     
   2864.60843013811     
   2910.16694949010     
   2881.71511521405     
   2915.67422531120     
   2929.65557293616     
   2924.45956073794     
   2898.32630483940     
   2866.05255102147     
   2670.70000000000     
   2821.19878953047     
   2930.31583088427     
   2938.64000000000     
   3082.49990601870     
   3128.34982371360     
   3204.93606160726     
   3233.37000000000     
   3233.37000000000     
   3225.87311997750     
   3188.49378566370     
   3191.17042104600     
   3204.05636945195     
   3226.09806921442     
   3227.46134539227     
   3376.16266591709     
   3448.39748415326     
   3457.29136993303     
   3454.62610169326     
   3472.33884178138     
   3489.26725459673     
   3557.57000000000     
   3604.48154015147     
   3557.57000000000     
   3530.49759460807     
   3522.64765481074     
   3511.20092061587     
   3500.38279175878     
   3496.19396119936     
   3452.15201820643     
   3394.87105265054     
   3233.37000000000     
   3474.83534669768     
   3557.57000000000     
   3557.57000000000     
   3467.37004411807     
   3233.37000000000     
   2938.64000000000     
   3532.09138762948     
   3718.20793274523     
   3557.57000000000     
   3992.78395178123     
   3997.93397778645     
   4055.94593577637     
   4080.08412680704     
   4100.85969350103     
   4068.63066601321     
   4043.10481664843     
   4056.41237719352     
   4039.94420316270     
   4017.22280215369     
   3969.12179205740     
   3743.47257774177     
   3557.57000000000     
   3455.16336886377     
   3233.37000000000     
   3225.99450469753     
   3293.31053202787     
   3233.37000000000     
   3109.65880592042     
   2823.98347570128     
   2898.96958343817     
   2898.96958343817     
   2807.08696627386     
   2670.70000000000     
   2640.54228215800     
   2406.78145038046     
   2205.66000000000     
   1980.11729383102     
   1973.14043106207     
   2004.34000000000     
   2067.16060191020     
   2106.48800228835     
   2108.01502258788     
   2063.59218039031     
   1972.18601011860     
   1821.32000000000     
   1782.57779595690     
   1768.79400592697     
   1792.57742974749     
   1865.18442899933     
   1889.04833250523     
   1917.69137862540     
   2004.34000000000     
   2069.95443484909     
   2105.51498695975     
   2122.39200305258     
   2098.74722837634     
   2063.32589222365     
   2001.34167491451     
   1968.84348872088     
   1941.12209634688     
   1936.62315099638     
   1920.83841995781     
   1904.01235850592     
   1894.22630179748     
   1900.03793124057     
   1901.26493972371     
   1919.10659198779     
   1927.61468856321     
   1910.10133541328     
   1904.19182984306     
   1806.60670118935     
   1654.93000000000     
   1364.59288425407     
   425.372293973250     
   117.100000000000     
   984.728634347275     
   1478.65378962946     
   1654.93000000000     
   1908.82011906686     
   1952.48466309554     
   1821.32000000000     
   1742.41028971009     
   1783.07536807604     
   1786.96643285379     
   1919.33240922245     
   2004.34000000000     
   1972.69645387726     
   1821.32000000000     
   1744.62381606521     
   1654.93000000000     
   1503.66000000000     
   1821.32000000000     
   1654.93000000000     
   1366.14000000000     
   1503.66000000000     
   1241.12000000000     
   1723.90651001482     
   1366.14000000000     
   1654.93000000000     
   1616.02445522720     
   1489.48508851803     
   1116.89575680967     
   1194.18360753453     
   1330.70266751703     
   2205.66000000000     
   2205.66000000000     
   1952.47206474910     
   1316.73246212135     
   1241.12000000000     
   1241.12000000000     
   1321.93948062119     
   1763.25205148942     
   1609.38687795508     
   1750.11591304883     
   1821.32000000000     
   1797.84537544597     
   1821.32000000000     
   1821.32000000000     
   1633.30862638461     
   1654.93000000000     
   2004.34000000000     
   2004.34000000000     
   1963.16563241953     
   2004.34000000000     
   1821.32000000000     
   2004.34000000000     
   2004.34000000000     
   2264.75520502586     
   2205.66000000000     
   2196.50949484801     
   2201.44111218992     
   2141.88477424797     
   2004.34000000000     
   1969.79512738614     
   1926.21048324990     
   1887.51689612915     
   1821.32000000000     
   1791.31514634150     
   1751.93966846493     
   1759.14176755213     
   1807.91914257894     
   1821.32000000000     
   1821.32000000000     
   1821.32000000000     
   1915.11855189488     
   1654.93000000000     
   1881.36446720780     
   1929.79952118559     
   1979.55934056513     
   1926.72761129396     
   1900.80759534724     
   1821.32000000000     
   1884.11502487579     
   1876.00941353816     
   1821.32000000000     
   1854.56963514106     
   1821.32000000000     
   1821.32000000000     
   1821.32000000000     
   1874.53032614793     
   1804.96686981976     
   1766.14683413631     
   1774.13348679527     
   1744.41618494428     
   1503.66000000000     
   1225.99256556154     
   1127.46000000000     
   1503.66000000000     
   1762.18191670460     
   2119.31138289010     
   2401.48445874006     
   2534.25875181949     
   2531.70479930021     
   2555.40439003443     
   2617.64657162368     
   2670.70000000000     
   2670.70000000000     
   2841.77416176478     
   2852.70122967647     
   2871.30403665451     
   2893.10189326334     
   2893.58009467136     
   2919.60432345573     
   2933.41361915458     
   2968.10693913834     
   2991.74980018625     
   2938.64000000000     
   2938.64000000000     
   2938.64000000000     
   2938.64000000000     
   3035.04468109453     
   3075.83803683522     
   3092.56799890774     
   3181.70261308065     
   3227.63504497233     
   3233.37000000000     
   3233.37000000000     
   3215.43766776502     
   3175.08381851414     
   3185.19564308710     
   3292.86319271540     
   3322.90260196193     
   3396.83546254979     
   3462.16959967320     
   3460.30438745462     
   3464.68279368142     
   3463.66115840690     
   3465.84600786411     
   3505.12575533841     
   3550.60382191261     
   3550.16122619882     
   3517.76412949330     
   3468.33697773565     
   3428.26483725413     
   3403.48968088917     
   3404.28938916502     
   3386.36463461110     
   3332.04112402200     
   3390.85142817608     
   3415.23731562748     
   3483.15638601215     
   3409.04931037355     
   3233.37000000000     
   3233.37000000000     
   3233.37000000000     
   3233.37000000000     
   3834.94946091895     
   3898.93608996061     
   3981.26335643124     
   3988.66447847382     
   3990.21086955588     
   3914.19000000000     
   3914.19000000000     
   3914.19000000000     
   3914.19000000000     
   3987.60920343117     
   3765.37955164307     
   3914.19000000000     
   3557.57000000000     
   3490.49054068340     
   3222.87521718977     
   3516.35510820399     
   3468.17582393558     
   3233.37000000000     
   3299.07557550904     
   3268.36579408294     
   3233.37000000000     
   3175.85439709688     
   2861.40125806996     
   2858.85976576858     
   2858.84792988074     
   2797.16223093193     
   2648.93892020394     
   2409.19914432034     
   2179.25623056725     
   2004.34000000000     
   2004.34000000000     
   1969.94061639433     
   2002.00936637217     
   2089.02504375362     
   2107.18251208579     
   2066.32486863350     
   2001.43913696794     
   1821.32000000000     
   1654.93000000000     
   1806.43165724031     
   1821.32000000000     
   1847.95969730305     
   1866.92899027836     
   1821.32000000000     
   2004.34000000000     
   2078.88603132031     
   2120.43156096792     
   2114.87102461663     
   2084.78023077858     
   2077.91888238707     
   2045.01947899205     
   1990.21032989613     
   1938.71022862847     
   1922.14119221231     
   1927.62283083667     
   1924.41489224533     
   1909.70656155521     
   1904.36330131639     
   1919.91868739459     
   1943.07204831697     
   1942.54902136398     
   1968.46070009432     
   1938.54533441703     
   1918.71456849691     
   1821.32000000000     
   1654.93000000000     
   1494.43055930581     
   1312.65253991242     
   1503.66000000000     
   1654.93000000000     
   1821.32000000000     
   1961.77877543687     
   1983.33020830213     
   1971.08164224515     
   1821.32000000000     
   1749.84826232078     
   1610.22816117600     
   1654.93000000000     
   1939.38495613193     
   1963.79205982458     
   1906.10925284114     
   1865.74675210146     
   1820.06336587189     
   1654.93000000000     
   1635.59593053269     
   1654.93000000000     
   1444.83513535378     
   1467.44293554122     
   1366.14000000000     
   1765.37144052119     
   1503.66000000000     
   1654.93000000000     
   1618.80402991101     
   1503.66000000000     
   1241.12000000000     
   1241.12000000000     
   1362.29152207116     
   2133.76721214459     
   2287.74756255030     
   2004.34000000000     
   1993.19163751611     
   1241.12000000000     
   1474.71737563744     
   1474.46795162567     
   1911.15841063105     
   1503.66000000000     
   1654.93000000000     
   1956.98234251073     
   1821.32000000000     
   1803.00292776048     
   1924.87653238016     
   1654.93000000000     
   1821.32000000000     
   2052.37324724845     
   2079.32200112368     
   1969.73737798756     
   1934.82758215539     
   1891.68543462483     
   1928.42505949496     
   1977.44761539237     
   2296.34123091133     
   2205.66000000000     
   2194.96636192477     
   2192.14241187764     
   2004.34000000000     
   2004.34000000000     
   1957.95845045583     
   1922.35802227222     
   1888.86040999436     
   1879.71259091775     
   1821.32000000000     
   1770.89957493604     
   1774.60278730552     
   1786.38160672231     
   1808.50660701873     
   1797.62485747242     
   1821.32000000000     
   1909.02771817971     
   1821.32000000000     
   1821.32000000000     
   1965.08128612901     
   1998.52568973462     
   1958.98450394492     
   1933.90369630642     
   1900.94599453248     
   1907.38649839467     
   1821.32000000000     
   1879.89656707631     
   1821.32000000000     
   1821.32000000000     
   1821.32000000000     
   1845.60640660854     
   1868.22281502396     
   1817.74669028720     
   1802.25513573839     
   1806.12243178206     
   1786.42754688419     
   1620.93809418896     
   1577.38934831099     
   1366.14000000000     
   1650.44671930867     
   2004.34000000000     
   2114.44673395956     
   2353.58101622728     
   2506.61573352537     
   2550.54100227021     
   2633.39784888514     
   2670.70000000000     
   2670.70000000000     
   2670.70000000000     
   2825.43974389272     
   2847.64058998297     
   2874.78434990480     
   2889.36220059627     
   2903.39840794140     
   2896.19042767127     
   2928.14528147620     
   2891.41839821084     
   3027.78773675478     
   3081.26623086245     
   3090.48203386156     
   3105.50255960219     
   3095.35654714749     
   3066.14325556795     
   3059.45320132688     
   3086.08928333332     
   3144.67403147523     
   3204.96848505579     
   3233.20912315742     
   3232.86578195524     
   3233.37000000000     
   3233.37000000000     
   3174.22350059130     
   3315.27533090339     
   3349.47092730623     
   3380.43411294278     
   3433.23382770480     
   3438.64934630959     
   3424.89449838029     
   3420.97626696329     
   3437.51969259799     
   3557.57000000000     
   3493.29633932650     
   3539.32677433469     
   3502.39837822370     
   3374.20479800856     
   3233.37000000000     
   3233.37000000000     
   3233.37000000000     
   3152.06504650298     
   3352.72927942195     
   3422.19166987614     
   3557.57000000000     
   3233.37000000000     
   3480.19719923572     
   3452.49330116396     
   3478.07323586971     
   3557.57000000000     
   3525.73596366415     
   3878.88767373250     
   3914.19000000000     
   3914.19000000000     
   3994.01198157487     
   3998.72515830590     
   3887.82924253896     
   3557.57000000000     
   3843.48472728314     
   3770.05318079884     
   3557.57000000000     
   3557.57000000000     
   3557.57000000000     
   3701.58444605418     
   3541.63681425337     
   3233.37000000000     
   3233.37000000000     
   3233.37000000000     
   3330.38961659657     
   3299.44134197817     
   3233.37000000000     
   3220.71366717765     
   3090.57229030124     
   2894.03566875139     
   2842.76231243642     
   2670.70000000000     
   2670.70000000000     
   2627.59967418985     
   2427.11000000000     
   2190.68227189475     
   2004.34000000000     
   2049.54102296277     
   2004.34000000000     
   2004.34000000000     
   2064.18651056602     
   2098.83221386084     
   2069.11937810251     
   2004.34000000000     
   1975.90137621704     
   1920.67198466647     
   1880.00608043775     
   1821.32000000000     
   1809.55555881926     
   1821.32000000000     
   1917.24904678040     
   2004.34000000000     
   2104.19052013284     
   2137.97397190571     
   2119.26140723143     
   2100.53292776037     
   2085.58499027696     
   2004.34000000000     
   1983.36822040635     
   1942.49229998951     
   1940.46766012776     
   1929.94817498689     
   1918.44961711603     
   1919.51680598224     
   1946.41679408917     
   1944.76882710709     
   1939.87100815076     
   1955.94839467201     
   1968.23681537161     
   1962.44554187404     
   1953.30496708983     
   1929.25505449584     
   1821.32000000000     
   1821.32000000000     
   1821.32000000000     
   1821.32000000000     
   1821.32000000000     
   1938.16731904608     
   1964.87439562469     
   2004.34000000000     
   2001.83074596114     
   1821.32000000000     
   1775.39327597794     
   1654.93000000000     
   1778.77332020484     
   1910.44520526842     
   1969.81480757431     
   1912.56940977588     
   1900.83056045265     
   1887.66499851284     
   1821.32000000000     
   1753.47983256529     
   1612.51505083088     
   1503.66000000000     
   1503.66000000000     
   1503.66000000000     
   1609.34677479954     
   1503.66000000000     
   1654.93000000000     
   1605.42735670738     
   1566.53952320594     
   1503.66000000000     
   1366.14000000000     
   1453.97650878960     
   2004.34000000000     
   2291.87444314685     
   1948.69301034561     
   1821.32000000000     
   1212.97540141637     
   1461.47861477920     
   1498.29757452651     
   1888.39431904494     
   1580.51269683334     
   1754.26323194839     
   1987.33423694408     
   1797.88436614720     
   1821.32000000000     
   1966.85583519167     
   1646.14414844340     
   1802.11205875458     
   2078.12938156744     
   2062.60572054008     
   1916.16989644809     
   1821.32000000000     
   1884.08832058571     
   1943.32742505656     
   2004.34000000000     
   2205.66000000000     
   2205.66000000000     
   2205.66000000000     
   2267.34512134556     
   1966.73182703999     
   2004.34000000000     
   1953.18588141262     
   1904.33179715757     
   1821.32000000000     
   1872.72778488964     
   1821.32000000000     
   1777.43551295371     
   1764.90809104719     
   1814.37124412768     
   1795.68828409101     
   1821.32000000000     
   1918.70012234880     
   1934.07950568837     
   1942.08495864765     
   1924.03717351303     
   1996.69144789231     
   1970.61760026393     
   1950.19942841056     
   1960.27035498201     
   1950.08270466775     
   1918.16192999217     
   1895.28735812062     
   1872.28564274935     
   1821.32000000000     
   1842.08402203172     
   1839.79199104691     
   1844.31457030262     
   1848.73643356289     
   1837.79656994171     
   1821.32000000000     
   1816.95142696700     
   1807.59168835917     
   1654.93000000000     
   1624.37460370159     
   1654.93000000000     
   1821.32000000000     
   2004.34000000000     
   2184.91245589332     
   2335.78292460280     
   2427.11000000000     
   2543.07819160363     
   2603.83426615726     
   2667.35734576840     
   2670.70000000000     
   2670.70000000000     
   2819.56686270592     
   2854.37394829225     
   2868.02184106445     
   2899.98627555703     
   2925.51858913509     
   2928.98044236078     
   2938.64000000000     
   2938.64000000000     
   3056.25942163794     
   3104.81684680653     
   3110.21918675499     
   3130.45576118177     
   3133.99500011223     
   3095.52221801680     
   2938.64000000000     
   2826.88287941146     
   2938.64000000000     
   3150.21286702437     
   3233.37000000000     
   3233.37000000000     
   3373.55845564152     
   3400.89939493925     
   3233.37000000000     
   3319.99197467741     
   3351.50469517782     
   3325.88321649851     
   3344.89105186194     
   3412.58300980975     
   3406.00862955605     
   3381.14104887528     
   3233.37000000000     
   3471.85863651645     
   3409.93247666795     
   3535.11561987111     
   3521.39046084970     
   3379.79065598195     
   3233.37000000000     
   2938.64000000000     
   3170.91281912061     
   3233.37000000000     
   3356.30270748766     
   3233.37000000000     
   3406.36810851528     
   3233.37000000000     
   3421.00237596415     
   3502.02207106668     
   3533.18358776127     
   3536.66571498318     
   3507.86760894542     
   3909.28447614474     
   3940.88226789728     
   3953.71373719649     
   3992.39587387370     
   3990.85515134141     
   3233.37000000000     
   3233.37000000000     
   3725.20334269284     
   3774.01544140705     
   3557.57000000000     
   3557.57000000000     
   3621.91671055112     
   3654.93840998486     
   3473.30972703484     
   3227.23836475267     
   3233.37000000000     
   3295.68668680237     
   3342.46295828277     
   3323.47849342549     
   3300.67967686251     
   3233.37000000000     
   3200.58341872513     
   2914.13643863204     
   2876.52182302442     
   2670.70000000000     
   2670.70000000000     
   2667.06382389063     
   2427.11000000000     
   2205.66000000000     
   2108.20283051055     
   2071.39399097279     
   2004.34000000000     
   2004.34000000000     
   2074.20626612382     
   2070.80748928856     
   2050.21225308376     
   1997.75770618544     
   1964.48912747208     
   1899.83260095234     
   1821.32000000000     
   1821.32000000000     
   1815.73592120604     
   1821.32000000000     
   1928.77467299908     
   2004.34000000000     
   2113.00688813964     
   2148.38108532832     
   2112.02585562730     
   2105.71637903166     
   2076.30372224768     
   2004.34000000000     
   2004.34000000000     
   1971.94817837598     
   1941.02231253562     
   1931.89381482569     
   1965.80768915541     
   1960.14363246566     
   1946.50684402222     
   1952.58098391734     
   1979.02956812655     
   1982.58745679959     
   1984.65361910096     
   2004.34000000000     
   2004.34000000000     
   1990.62727348973     
   2038.34210439781     
   2004.34000000000     
   2004.34000000000     
   1997.12820372855     
   2004.34000000000     
   2004.34000000000     
   2077.92418935612     
   2129.41420636283     
   2129.43378224289     
   1966.18403320374     
   1808.25813080797     
   1778.23916589110     
   1807.68864249934     
   1888.55806316291     
   1946.25335588394     
   1921.96611609688     
   1932.56149084529     
   1922.88015983524     
   1813.84678413589     
   1654.93000000000     
   1595.90498255566     
   1503.66000000000     
   1763.90878669992     
   1461.96962294742     
   1761.85987461370     
   1597.14636390588     
   1766.14548488759     
   1631.99470108137     
   1503.66000000000     
   1503.66000000000     
   1366.14000000000     
   1634.85288402772     
   2197.01134101059     
   2166.33234203231     
   1945.66109635516     
   1820.27449807264     
   1328.32757159123     
   1446.23807279272     
   1622.32986558773     
   1808.71304348954     
   1241.12000000000     
   1503.66000000000     
   1821.32000000000     
   1784.24532369585     
   1811.86540670296     
   1914.99954660933     
   1609.87827066971     
   1821.32000000000     
   2113.44735388164     
   1941.17982311591     
   1913.87779587951     
   1781.88964043729     
   1821.32000000000     
   1987.90172477778     
   1973.03025676876     
   2200.67813935037     
   2152.30206144864     
   2189.13671487161     
   2262.85858242741     
   2004.34000000000     
   2004.34000000000     
   1923.90958123089     
   1821.32000000000     
   1863.30672346627     
   1857.55685449712     
   1774.14297139986     
   1765.92271657591     
   1786.57549922400     
   1816.86354627092     
   1821.32000000000     
   1821.32000000000     
   1997.51465892036     
   1976.00403616403     
   2004.34000000000     
   1971.81161255422     
   2004.34000000000     
   1976.30423010864     
   1969.84441509033     
   1998.84786450137     
   1991.82658421821     
   1937.59167132169     
   1909.17960806163     
   1821.32000000000     
   1821.32000000000     
   1842.62677418350     
   1847.68798519223     
   1856.17221747993     
   1860.28892583157     
   1850.81600079656     
   1853.18058058868     
   1781.10162871091     
   1744.66530372957     
   1647.82015723332     
   1503.66000000000     
   1654.93000000000     
   1917.91787375476     
   2122.84824749514     
   2184.18415067654     
   2205.66000000000     
   2423.79995306590     
   2530.60097795065     
   2603.57404093151     
   2627.65925069550     
   2668.61817168286     
   2670.70000000000     
   2766.20949397918     
   2787.03739386219     
   2868.60605085609     
   2906.54888359827     
   2938.12532390255     
   2938.64000000000     
   2938.64000000000     
   2824.15714624868     
   3061.43701819602     
   3083.63818615260     
   3111.53575938492     
   3139.17645272348     
   3125.75133997690     
   3131.59660463327     
   3080.98437513741     
   2938.64000000000     
   3125.90141325427     
   3209.86192336431     
   3233.37000000000     
   3403.25497214601     
   3454.49544166587     
   3391.72061918336     
   3393.78737252287     
   3220.96142492655     
   3323.88861184277     
   3309.50044419270     
   3168.75874928744     
   3325.05779050609     
   3372.19120702862     
   3233.37000000000     
   3128.64053418240     
   3233.37000000000     
   3488.58106247302     
   3545.37697908901     
   3528.74802940848     
   2938.64000000000     
   3213.06704236874     
   2897.35858718213     
   3176.52508400049     
   3233.37000000000     
   3233.37000000000     
   3467.47267199413     
   3541.94125240733     
   3514.45201828770     
   3532.91028324968     
   3557.57000000000     
   3622.91454126835     
   3664.78753396594     
   3641.77056809593     
   3557.57000000000     
   3557.57000000000     
   3879.55284424393     
   3959.30465014658     
   3802.30702835647     
   3557.57000000000     
   3424.57665175057     
   3883.79237195578     
   3940.34782169810     
   3861.14364939600     
   3816.30851911539     
   3557.57000000000     
   3658.02055939426     
   3442.30036297361     
   3206.74795672561     
   3088.77265556346     
   3233.37000000000     
   3379.23178503100     
   3332.44465244025     
   3330.97663132860     
   3339.92060093305     
   3319.82026899516     
   2938.64000000000     
   2938.64000000000     
   2938.64000000000     
   2938.64000000000     
   2670.70000000000     
   2602.56123816933     
   2388.68032371109     
   2201.86799123088     
   2130.51786175248     
   2004.34000000000     
   2004.34000000000     
   2103.90959802234     
   2004.34000000000     
   2071.72872810930     
   2004.34000000000     
   1980.54318307160     
   1939.39359728508     
   1821.32000000000     
   1637.52814861017     
   1783.74007009483     
   1821.32000000000     
   1922.40917875012     
   2004.34000000000     
   2091.89682071312     
   2142.49208271203     
   2120.19902892913     
   2094.29623321547     
   2087.06024020110     
   2048.48261474585     
   1993.78699048133     
   1986.59458370836     
   1987.02150298020     
   1975.47756325874     
   1977.23349699797     
   1956.51773648623     
   1973.58925859741     
   2004.34000000000     
   1996.95425110336     
   2004.34000000000     
   1999.12273372214     
   2004.34000000000     
   2004.34000000000     
   2036.65980724545     
   2050.23694708531     
   2048.01236651506     
   2052.76740237151     
   2087.44970468533     
   2098.63758523023     
   2092.57547798321     
   2088.89965209681     
   2136.42279191806     
   2168.25747988367     
   2004.34000000000     
   1821.32000000000     
   1791.23198195821     
   1754.99131844258     
   1763.76861578644     
   1915.90046250319     
   1954.68953439180     
   1960.39106477036     
   1939.03915337943     
   1808.07897583294     
   1654.93000000000     
   1647.35775469837     
   1777.92571159663     
   1770.53499306285     
   1750.91102054157     
   1821.32000000000     
   1751.28206295826     
   1766.14548488759     
   1654.93000000000     
   1610.75842507567     
   1503.66000000000     
   1489.73085256319     
   1818.67710769057     
   2205.66000000000     
   1993.02247111685     
   2004.34000000000     
   2188.62290532940     
   1305.84667443587     
   1594.36070426643     
   1734.95635926969     
   1503.66000000000     
   1311.41611392618     
   1903.91420105408     
   1904.62596866438     
   1654.93000000000     
   1883.34558198528     
   1913.97586798685     
   1619.31551840576     
   1945.78653857736     
   2124.01121086177     
   1821.32000000000     
   1821.32000000000     
   1821.32000000000     
   1944.56392280649     
   1974.51938946160     
   1821.32000000000     
   2004.34000000000     
   2205.66000000000     
   2142.30905851623     
   2194.69211406488     
   1983.89542155615     
   2000.95564996009     
   2004.34000000000     
   1935.57902021089     
   1821.32000000000     
   1863.08140192064     
   1821.32000000000     
   1821.32000000000     
   1864.55628144477     
   1850.13410852806     
   1821.32000000000     
   1915.29382518774     
   1980.04788415562     
   2004.34000000000     
   2027.83628676106     
   2037.06635461712     
   2021.19977907818     
   2024.91283679453     
   2004.34000000000     
   2057.08464638857     
   2004.34000000000     
   1949.68340448129     
   1921.92434090670     
   1821.32000000000     
   1821.32000000000     
   1821.32000000000     
   1821.32000000000     
   1854.88118268392     
   1869.28677554641     
   1858.57285849449     
   1803.18814429366     
   1654.93000000000     
   1503.66000000000     
   1366.14000000000     
   1366.14000000000     
   1749.48916138969     
   1971.49498682754     
   2164.50804350852     
   2188.62157279711     
   2165.91457143520     
   2205.66000000000     
   2370.25244736304     
   2556.70491421609     
   2670.70000000000     
   2670.70000000000     
   2713.64840399074     
   2747.99296223322     
   2761.48071290060     
   2844.88242373680     
   2810.51666201573     
   2938.64000000000     
   2930.87442128572     
   3010.97138546170     
   3013.87686643411     
   3049.71335785476     
   3065.20454471536     
   3091.53515701902     
   2938.64000000000     
   2938.64000000000     
   3168.91964344837     
   3163.85228099497     
   3230.38534234469     
   3233.37000000000     
   3233.37000000000     
   3233.37000000000     
   3233.37000000000     
   3233.37000000000     
   3354.74797863887     
   3233.37000000000     
   3233.37000000000     
   3413.47800619914     
   3233.37000000000     
   3332.10512288846     
   3391.86891061894     
   3233.37000000000     
   3215.90510026211     
   3186.86645672975     
   3449.67605936479     
   3541.71004679630     
   3555.00076760777     
   3554.71649566850     
   3408.21791483209     
   3557.57000000000     
   3691.55359782052     
   3557.57000000000     
   3557.57000000000     
   3557.57000000000     
   3557.57000000000     
   3726.31877056279     
   3676.67488097975     
   3627.17820355407     
   3618.21843428890     
   3638.46879112123     
   3669.08080777584     
   3557.57000000000     
   3827.30966534683     
   3882.25104850803     
   3872.69861950138     
   3837.31700711381     
   3745.33716528495     
   3557.57000000000     
   3727.35614454109     
   3888.17306692607     
   3954.17487693532     
   3914.19000000000     
   3878.09103427825     
   3557.57000000000     
   3507.16781442162     
   3233.37000000000     
   2938.64000000000     
   3233.37000000000     
   3233.37000000000     
   3398.54489197801     
   3370.31704682632     
   3381.99163014068     
   3386.02519640952     
   3393.56729378260     
   3233.37000000000     
   3089.94959821543     
   2938.64000000000     
   2938.64000000000     
   2905.91548024036     
   2670.70000000000     
   2670.70000000000     
   2427.11000000000     
   2205.66000000000     
   2192.34182464225     
   2136.10368766171     
   2183.20194754304     
   2172.78215040631     
   2109.90812421466     
   2004.34000000000     
   1997.83253482969     
   1968.89374576695     
   1821.32000000000     
   1880.08940849514     
   1821.32000000000     
   1821.32000000000     
   1969.33172605827     
   2080.54921947936     
   2070.26721026092     
   2113.21001198509     
   2123.41981751736     
   2105.27927218094     
   2090.29466161587     
   2051.14387252437     
   2041.14660792656     
   2004.34000000000     
   1999.24385107875     
   2001.27799271508     
   1974.39798879619     
   1981.55339347284     
   1994.68152912472     
   2020.75853978546     
   1988.14144619424     
   2004.34000000000     
   2004.34000000000     
   2004.34000000000     
   2057.12832311063     
   2055.22970578965     
   2059.18523497618     
   2066.12014888984     
   2060.24317920278     
   2098.44773265045     
   2138.42622000096     
   2147.03824460654     
   2089.44714289278     
   2106.65994082907     
   2184.33435651234     
   2140.55826908879     
   1821.32000000000     
   1821.32000000000     
   1821.32000000000     
   1815.54547292629     
   1950.72121832852     
   1950.53391765844     
   1821.32000000000     
   1961.02727329410     
   2003.64139654871     
   1799.62840417247     
   1654.93000000000     
   1870.77387434382     
   1860.28139132329     
   1821.32000000000     
   1945.77396584698     
   1787.13914486147     
   1789.86421003945     
   1750.34897407369     
   1654.93000000000     
   1605.82787654501     
   1503.66000000000     
   2004.34000000000     
   2427.11000000000     
   2004.34000000000     
   2186.71633265418     
   2380.13282291759     
   1347.42118777964     
   1764.87887894967     
   1776.28540596232     
   1654.93000000000     
   1484.16122280559     
   1956.50402357411     
   1942.63199561441     
   1821.32000000000     
   1821.32000000000     
   1946.36462772737     
   1503.66000000000     
   1821.32000000000     
   2004.34000000000     
   1654.93000000000     
   1773.40206409179     
   1821.32000000000     
   1969.27298427843     
   2078.05526976578     
   2103.20887468149     
   2191.03107714357     
   2312.50285051750     
   2158.91890992684     
   2190.55277505060     
   2004.34000000000     
   1976.17489513182     
   1974.67271026134     
   1967.51883308846     
   1928.96002874568     
   1821.32000000000     
   1821.32000000000     
   1819.04092238449     
   1894.44374460717     
   1821.32000000000     
   1821.32000000000     
   1924.91228566232     
   1977.87318736844     
   2004.34000000000     
   2050.90509963977     
   2063.36139567101     
   2004.34000000000     
   2022.08486564731     
   2004.34000000000     
   2070.07827323473     
   2055.84525894091     
   2004.34000000000     
   1960.11553275092     
   1898.59986261751     
   1890.93311028946     
   1821.32000000000     
   1857.69384787619     
   1877.83509993855     
   1880.92638227551     
   1851.28586183309     
   1770.67230058590     
   1630.98042363079     
   1127.46000000000     
   739.574970391824     
   1002.71636321201     
   1654.93000000000     
   1962.43597486286     
   2004.34000000000     
   2004.34000000000     
   1821.32000000000     
   2004.34000000000     
   2139.68371500016     
   2527.80195220227     
   2625.69946117676     
   2652.27731280124     
   2710.99126156419     
   2739.12174714780     
   2789.51733202969     
   2669.73361638723     
   2670.70000000000     
   2873.20180389402     
   2822.06894898014     
   2994.21859374144     
   3025.87557665337     
   3065.61765267426     
   3062.48046816005     
   3017.01521271645     
   3001.90248653155     
   2670.70000000000     
   3165.00633129727     
   3192.17764808896     
   3233.37000000000     
   3233.37000000000     
   3413.01277434090     
   3376.78767153333     
   3324.94012822614     
   3233.37000000000     
   3103.13399323884     
   3157.33209939885     
   3233.37000000000     
   3428.90217583882     
   3369.91540626426     
   3402.17799016123     
   3425.19258071573     
   3473.14256573781     
   3420.06728736263     
   3436.88247741390     
   3524.46758793032     
   3509.57472733934     
   3538.60373056238     
   3480.25524583109     
   3428.48063625610     
   3557.57000000000     
   3820.11810032647     
   3712.16882896814     
   3710.82793330874     
   3746.98659845900     
   3812.26644425261     
   3775.42034689097     
   3761.89634172381     
   3557.57000000000     
   3650.87198407433     
   3668.79211070573     
   3697.54571027916     
   3737.68008741436     
   3757.17139616568     
   3828.32980964911     
   3874.87809876315     
   3845.20730641061     
   3722.46346245990     
   3557.57000000000     
   3557.57000000000     
   3905.98786964385     
   3914.19000000000     
   4034.77108699775     
   3979.07248583088     
   3233.37000000000     
   3135.72447085366     
   3233.37000000000     
   3233.28295858572     
   3513.54692926370     
   3496.78409877450     
   3429.02483541069     
   3434.39496872861     
   3444.51028467375     
   3399.68392883739     
   3341.99767710302     
   3233.37000000000     
   3143.27610088876     
   3076.34604094637     
   3088.42031169329     
   2938.64000000000     
   2670.70000000000     
   2427.11000000000     
   2391.31055266097     
   2422.13211195127     
   2205.66000000000     
   2205.66000000000     
   2185.84879866460     
   2205.66000000000     
   2106.30053933970     
   2061.43716826914     
   2043.20370478274     
   2036.08837398681     
   2004.34000000000     
   1931.42727952929     
   1920.88220248244     
   1967.19154893689     
   2004.34000000000     
   2070.05835930702     
   2082.93058590336     
   2115.65631071532     
   2110.68274447419     
   2100.68303974716     
   2101.40414054465     
   2088.80029240554     
   2063.91825706352     
   2070.04103387429     
   2059.79359285015     
   2004.34000000000     
   2004.34000000000     
   2004.34000000000     
   2003.57843025835     
   2022.81354169248     
   2033.24612871105     
   2024.59351451454     
   2039.23089314412     
   2040.89677293581     
   2064.15907478980     
   2066.58803611168     
   2069.50645156168     
   2068.82234293256     
   2004.34000000000     
   2109.73404270129     
   2138.09028081272     
   2149.86573732834     
   2137.30340383369     
   2150.79983600992     
   2155.03502070268     
   2179.90790609341     
   2004.34000000000     
   1924.60325505097     
   1909.25408962855     
   1821.32000000000     
   1908.29105266810     
   1952.60915076403     
   2004.34000000000     
   2004.34000000000     
   1821.32000000000     
   1976.00467771150     
   1995.99701769679     
   1821.32000000000     
   1788.18884893537     
   1821.32000000000     
   1985.13498766021     
   1654.93000000000     
   1654.93000000000     
   1809.46976880804     
   1783.45306027912     
   1641.43789252273     
   1764.86271362134     
   1921.89094916362     
   2427.11000000000     
   2205.66000000000     
   2327.92021994242     
   2380.13282291759     
   1821.32000000000     
   1746.23859783813     
   1776.28540596232     
   1649.51311062926     
   1654.93000000000     
   1821.32000000000     
   1821.32000000000     
   1821.32000000000     
   1771.98075567189     
   1821.32000000000     
   1821.32000000000     
   1821.32000000000     
   1821.32000000000     
   1770.18549839170     
   1950.01563856525     
   1997.67799438552     
   2001.67121180158     
   2099.68654131542     
   2179.48637960375     
   2288.98770992598     
   2284.46649575444     
   2260.54520095542     
   1982.88307183969     
   1998.05931179999     
   1938.58643436016     
   1955.15300124951     
   1931.28807942861     
   1923.77917605661     
   1939.70898482012     
   1900.58453396679     
   1817.35106596889     
   1883.15490443895     
   1917.23975275683     
   2004.34000000000     
   1821.32000000000     
   1821.32000000000     
   2051.02202051451     
   2079.29619475244     
   2068.43873615350     
   2054.91091527799     
   2004.34000000000     
   2004.34000000000     
   2004.34000000000     
   2004.34000000000     
   2004.34000000000     
   1971.65564908340     
   1821.32000000000     
   1883.22050162690     
   1869.51417952648     
   1890.62708421159     
   1905.21613776713     
   1899.08258061844     
   1821.32000000000     
   1809.33121844819     
   1795.71540933591     
   1366.14000000000     
   1241.12000000000     
   1118.61025392051     
   1654.93000000000     
   2004.34000000000     
   2153.40652706632     
   2124.06919694885     
   1821.32000000000     
   2004.34000000000     
   2205.66000000000     
   2589.89884050424     
   2612.23148234192     
   2670.03414566840     
   2737.87804241475     
   2779.05586906841     
   2797.17468955730     
   2670.70000000000     
   2938.64000000000     
   2932.08306997649     
   2828.30496956245     
   2863.30335127711     
   3054.58021224168     
   3097.62089949919     
   3055.85200610332     
   3043.24768061068     
   3059.81361021630     
   2670.70000000000     
   3088.44566549563     
   3142.91198294479     
   3233.37000000000     
   3233.37000000000     
   3406.66072325181     
   3376.17061167052     
   3311.77961573992     
   3219.36697087752     
   3192.71344086017     
   3091.98031851488     
   3390.32874171520     
   3398.04664064523     
   3318.42918886630     
   3384.37000013276     
   3423.96602170892     
   3455.61271341037     
   3501.53378573397     
   3506.17207001189     
   3557.57000000000     
   3508.46412434740     
   3518.85738488081     
   3459.90497289226     
   3397.29896238681     
   3233.37000000000     
   3548.70988750911     
   3686.61986856678     
   3747.40697035749     
   3768.06656073457     
   3805.89186107265     
   3809.15176172007     
   3766.42200840285     
   3668.83756591178     
   3699.23248683444     
   3658.81927569499     
   3557.57000000000     
   3557.57000000000     
   3557.57000000000     
   3781.49728651812     
   3744.98822346083     
   3860.36812672331     
   3761.34757259856     
   3708.78788371742     
   3557.57000000000     
   3877.05014882510     
   3970.33657092228     
   4002.24970570200     
   3906.39121403703     
   3190.19206948612     
   2938.64000000000     
   3554.36588225465     
   3482.92070591997     
   3628.47725039014     
   3557.57000000000     
   3453.03295450208     
   3462.51673035960     
   3469.89106777332     
   3394.09393173643     
   3233.37000000000     
   3216.01771354565     
   3151.53284671454     
   3100.20338237191     
   3181.12488702739     
   3092.02975545411     
   2919.81442908382     
   2670.70000000000     
   2609.99331845146     
   2530.73667906867     
   2427.11000000000     
   2410.54135494883     
   2315.13177210482     
   2194.31569562653     
   2004.34000000000     
   2004.34000000000     
   2081.56856070388     
   2044.57309268210     
   2032.61425311442     
   2027.27000584548     
   2004.34000000000     
   2038.81539329361     
   2004.34000000000     
   2108.33742637012     
   2072.77372199422     
   2119.21510620355     
   2135.07016451857     
   2135.11095481096     
   2112.50608983213     
   2088.65448116946     
   2096.90773670846     
   2101.16162889749     
   2081.16184690085     
   2068.11436757394     
   2044.06576558440     
   1999.46221116849     
   1995.92717856027     
   2004.34000000000     
   2033.53319531452     
   2004.34000000000     
   2031.69400835647     
   2052.54119307024     
   2060.78543635944     
   2073.85366202201     
   2076.69597494061     
   2076.29257519059     
   2081.88794664066     
   2120.90763387963     
   2134.82608129872     
   2119.79260715010     
   2118.98789339339     
   2172.76751038141     
   2184.86836159336     
   2174.57391381586     
   2004.34000000000     
   1503.66000000000     
   1758.34929372806     
   1821.32000000000     
   1935.82994269296     
   2004.34000000000     
   2051.20291698843     
   2042.44634867140     
   1915.71840306562     
   1949.52694721436     
   1928.52525552727     
   1821.32000000000     
   1821.32000000000     
   1821.32000000000     
   1821.32000000000     
   1654.93000000000     
   1654.93000000000     
   1650.85123191360     
   1767.11165747853     
   1654.93000000000     
   1654.93000000000     
   1821.32000000000     
   2427.11000000000     
   2205.66000000000     
   2608.15636405600     
   2155.39896329891     
   1792.63336998860     
   1654.93000000000     
   1503.66000000000     
   1436.85778743838     
   1466.60477304895     
   1596.37687693848     
   1605.94641064020     
   1749.77612594436     
   1654.93000000000     
   1821.32000000000     
   1654.93000000000     
   1978.90093326043     
   1978.90093326043     
   1821.32000000000     
   1999.80953092251     
   1999.01522632922     
   2004.34000000000     
   2130.29949695086     
   2137.55856874357     
   2273.70347453262     
   2309.05955487133     
   2266.94850403141     
   2136.67112886178     
   2004.34000000000     
   1961.30903488880     
   1971.96848575402     
   1946.13914182290     
   1893.60065275688     
   1821.32000000000     
   1945.79460166640     
   1939.06680348548     
   1920.26452547454     
   1921.44858103473     
   1942.92442937693     
   1810.75042639238     
   1816.05847000429     
   2057.31875133873     
   2088.52634910339     
   2091.20261412461     
   2093.57878803893     
   2004.34000000000     
   2101.30870483122     
   2112.48854780249     
   2119.61730934079     
   2004.34000000000     
   2001.71955323934     
   1993.78328870679     
   1821.32000000000     
   1878.44556122557     
   1887.52394272810     
   1900.70294592066     
   1910.00416017766     
   1821.32000000000     
   1992.22304776101     
   1821.32000000000     
   1503.66000000000     
   1344.26185725836     
   1347.44993352503     
   1808.58779644713     
   2147.84881267919     
   2205.66000000000     
   2205.66000000000     
   2004.34000000000     
   2205.66000000000     
   2427.11000000000     
   2710.53239630589     
   2694.49500000000     
   2716.40714571204     
   2758.39250275999     
   2789.18813257613     
   2786.88561214324     
   2670.70000000000     
   2938.64000000000     
   2938.64000000000     
   2853.28079581083     
   2913.48895207748     
   3062.72332093133     
   3066.51780158891     
   3011.09948869488     
   2938.64000000000     
   3025.74541477643     
   2893.96052687847     
   2938.64000000000     
   3059.08805922819     
   2938.64000000000     
   3233.37000000000     
   3334.80721650720     
   3332.81810368182     
   3233.37000000000     
   3219.72868267618     
   3213.50324666958     
   3233.37000000000     
   3227.13383619911     
   3328.56656459304     
   3135.27357066358     
   3203.31790421836     
   3363.50842527900     
   3446.04518067341     
   3498.30808109500     
   3506.79811301312     
   3538.02295839007     
   3509.55386869023     
   3508.92958454758     
   3480.19902419539     
   3389.51710727861     
   3233.37000000000     
   3677.77013375543     
   3762.24452374653     
   3758.77303942536     
   3782.56494974846     
   3796.50191909700     
   3785.58142064528     
   3775.90211677212     
   3778.47656632103     
   3763.97903377553     
   3557.57000000000     
   3524.57837254250     
   3442.35748514102     
   3199.44672379419     
   3543.20699702673     
   3829.32237531363     
   3868.88836487308     
   3870.11416046566     
   3802.97805011877     
   3557.57000000000     
   3557.57000000000     
   3885.94573940816     
   3905.59452278652     
   3811.13411219066     
   3480.93187188630     
   3233.37000000000     
   3557.57000000000     
   3790.45740699930     
   3629.43778997115     
   3557.57000000000     
   3233.37000000000     
   3416.16972318046     
   3449.53875831214     
   3360.42122922740     
   3233.37000000000     
   3164.02538417080     
   3155.93040559031     
   3176.11391357547     
   3189.45309370834     
   3137.49739878455     
   3052.39561708027     
   2938.64000000000     
   2670.70000000000     
   2627.11694940134     
   2598.04016678199     
   2545.15953867082     
   2205.66000000000     
   2127.22430367395     
   2083.56567370385     
   2000.67208165509     
   2073.57929605277     
   2004.34000000000     
   2047.14026311059     
   2034.25121641965     
   2041.02383324625     
   2046.65987318305     
   2004.34000000000     
   2004.34000000000     
   2080.54152853566     
   2129.76538992730     
   2138.55193606416     
   2118.30826082015     
   2138.53171586071     
   2114.52349237996     
   2112.46150037357     
   2107.89426914611     
   2121.15947085951     
   2091.09190146725     
   2004.34000000000     
   1999.70911944033     
   2004.34000000000     
   2045.30115355134     
   2004.34000000000     
   2004.09999770481     
   2004.34000000000     
   2062.15228308775     
   2064.74888032933     
   2090.15660721979     
   2072.27729638546     
   2075.94999071063     
   2130.68421585134     
   2122.44376627972     
   2121.09320806171     
   2109.32273082144     
   2107.09199172022     
   2129.83381390131     
   2185.52973912498     
   2192.52915574942     
   2004.34000000000     
   1821.32000000000     
   1773.01588632988     
   1821.32000000000     
   1821.32000000000     
   1948.81050069742     
   2038.52484797522     
   2065.92669402070     
   2004.34000000000     
   1944.05472061661     
   1937.11774215248     
   1961.76244527187     
   1920.65822889065     
   1757.85187988913     
   1821.32000000000     
   1654.93000000000     
   1645.24945213577     
   1609.42356577106     
   1741.91150286339     
   1638.98301347315     
   1654.93000000000     
   1603.80857387353     
   2004.34000000000     
   2337.22239846127     
   2670.70000000000     
   1654.93000000000     
   1821.32000000000     
   1654.93000000000     
   1127.46000000000     
   1411.15014557783     
   1444.92919966566     
   1624.09398407110     
   1471.98247869356     
   1503.66000000000     
   1503.66000000000     
   1821.32000000000     
   1814.30886219058     
   1821.32000000000     
   1821.32000000000     
   1821.32000000000     
   1999.80953092251     
   2004.34000000000     
   2170.93791044232     
   2140.62619075915     
   2205.66000000000     
   2199.42628267668     
   2348.61147191561     
   2295.80469060052     
   2200.01238620963     
   2004.34000000000     
   2004.34000000000     
   2004.34000000000     
   1989.48505802626     
   1821.32000000000     
   1905.56980528159     
   1910.73372960025     
   1920.15163158051     
   1976.04832042960     
   1987.82853563256     
   1821.32000000000     
   1641.72172887617     
   1654.93000000000     
   2051.52962039754     
   2075.41364060012     
   2088.66778609143     
   2120.85799793906     
   2172.18841852021     
   2162.98273285579     
   2126.10294966652     
   2164.62104214508     
   2167.18257659546     
   2004.34000000000     
   1957.41612469926     
   1898.80234178418     
   1890.97195229984     
   1892.64835690861     
   1821.32000000000     
   1821.32000000000     
   1241.12000000000     
   1970.13758432616     
   2056.97618531278     
   1820.17332365688     
   1821.32000000000     
   1821.32000000000     
   2004.34000000000     
   2004.34000000000     
   2205.66000000000     
   2399.52933924255     
   2347.97035942616     
   2427.11000000000     
   2670.70000000000     
   2647.78734170720     
   2670.70000000000     
   2759.83833689290     
   2765.53263792419     
   2790.17499021051     
   2789.88980547641     
   2759.83241888860     
   2670.70000000000     
   3122.15215570190     
   3058.60402711894     
   3039.00235919271     
   3038.82180535684     
   3039.98768896922     
   2891.40208212339     
   2815.39168443011     
   2993.49686667180     
   2938.64000000000     
   3034.69039076878     
   3115.05590624800     
   3071.65428651946     
   2938.64000000000     
   3304.69856927568     
   3313.11807379694     
   3284.84231288666     
   3202.79311557527     
   3158.95521221432     
   3138.33482673456     
   3206.65014765031     
   3189.68346812983     
   3201.67564496836     
   3174.20552083488     
   3159.99600900513     
   3181.35550642187     
   3464.78896584715     
   3508.07604763177     
   3541.65072030819     
   3487.88882575752     
   3502.33428917579     
   3495.76329947143     
   3397.58007969278     
   3233.37000000000     
   3731.66167769476     
   3779.67228826211     
   3765.67717290057     
   3761.37091496595     
   3777.04325775410     
   3738.50151355656     
   3700.92136376828     
   3726.97285398399     
   3747.89620028697     
   3557.57000000000     
   3495.62635652968     
   3233.37000000000     
   3158.16324927067     
   3213.77741340620     
   3554.37778115030     
   3862.39379894742     
   3817.88673532524     
   3810.57843897231     
   3762.30209934249     
   3557.57000000000     
   3905.32180954099     
   3914.19000000000     
   3772.51752540344     
   3233.37000000000     
   3233.37000000000     
   3683.29739852904     
   3775.21698712798     
   3557.57000000000     
   3539.66702183555     
   3233.37000000000     
   3404.29327208763     
   3452.12587873352     
   3345.39962853921     
   3233.37000000000     
   3184.42650218427     
   3210.44056447842     
   3233.37000000000     
   3233.37000000000     
   3196.78413024036     
   3150.61191336724     
   3082.04731362272     
   2872.15017705332     
   2670.70000000000     
   2670.70000000000     
   2427.11000000000     
   2205.66000000000     
   2147.75205956189     
   2098.59120442742     
   2004.34000000000     
   2004.34000000000     
   2004.34000000000     
   2004.34000000000     
   2004.34000000000     
   2004.02551032610     
   2004.34000000000     
   2004.34000000000     
   2074.12064553738     
   2056.65507612796     
   2106.15396228948     
   2141.82174488358     
   2120.75940228959     
   2147.79157991018     
   2129.28623322920     
   2127.86226018964     
   2160.60338766145     
   2111.68633956204     
   2004.34000000000     
   2004.34000000000     
   2004.34000000000     
   2004.34000000000     
   2075.41314919926     
   2088.31044247938     
   2065.83259338663     
   2044.02344978391     
   2059.10772602740     
   2070.61849356558     
   2077.96942489283     
   2086.51234838601     
   2079.03517345162     
   2109.63305756807     
   2099.39360190312     
   2118.28684012838     
   2103.64989439851     
   2078.04757838033     
   2004.34000000000     
   2174.14579011779     
   2205.66000000000     
   2205.66000000000     
   2004.34000000000     
   1920.00519736921     
   1905.71386120967     
   1821.32000000000     
   2004.34000000000     
   2004.34000000000     
   2127.20034270133     
   1988.69708470323     
   1933.93298171801     
   2004.34000000000     
   1930.71887787215     
   2035.54606258967     
   1654.93000000000     
   1768.78616405478     
   1732.93256307576     
   1616.57904503888     
   1468.67184316585     
   1503.66000000000     
   1638.98301347315     
   1472.32290508501     
   1366.14000000000     
   1654.93000000000     
   2560.44989109257     
   2670.70000000000     
   2670.70000000000     
   1821.32000000000     
   1354.11323528194     
   1361.31684323244     
   1366.14000000000     
   1437.36887499844     
   1622.13418637215     
   1503.66000000000     
   1366.14000000000     
   1503.66000000000     
   1763.86310392396     
   1981.61550163086     
   1914.87903214914     
   1821.32000000000     
   2078.17254328461     
   2138.34520503697     
   2109.36568574235     
   2204.18860385078     
   2164.60581002933     
   2170.52431777094     
   2322.71633388017     
   2316.85507480028     
   2316.35498119928     
   2143.18981564609     
   2004.34000000000     
   2004.34000000000     
   2004.34000000000     
   2004.34000000000     
   1945.40952290485     
   1971.65695501627     
   1978.77139103759     
   1974.54133032848     
   1936.40747776015     
   1943.44557982250     
   1902.50258446745     
   1941.80879429954     
   1821.32000000000     
   2031.40844312880     
   2048.14126497838     
   2004.34000000000     
   2129.51644251525     
   2150.56432283801     
   2172.55499812906     
   2179.23403432730     
   2222.64457310580     
   2166.70328766381     
   2004.34000000000     
   1942.48040310254     
   1882.48916638292     
   1821.32000000000     
   1821.32000000000     
   1960.45469276503     
   2004.34000000000     
   1995.04555464996     
   2004.34000000000     
   2104.62775159281     
   2004.34000000000     
   2061.77722745139     
   2069.67011538297     
   2105.45395786621     
   2104.78211305264     
   2154.89588399471     
   2423.54212522924     
   2534.46064924556     
   2569.41824964598     
   2641.50724731104     
   2670.70000000000     
   2670.70000000000     
   2792.42607902821     
   2805.39343610925     
   2762.19555421087     
   2670.70000000000     
   2766.11568199241     
   2670.70000000000     
   2810.75798559977     
   3009.15070113037     
   3039.54160171078     
   3090.37410997038     
   2938.64000000000     
   2897.04002277380     
   2670.70000000000     
   2934.04176773190     
   3094.21763624122     
   3091.47490050719     
   3134.24313991377     
   3171.53715737323     
   3163.96903936144     
   3233.37000000000     
   3311.21928664837     
   3197.43977589554     
   3150.52370977364     
   3123.04060667208     
   3150.80953854681     
   3229.61299848516     
   3154.14855181932     
   3157.62198222543     
   2938.64000000000     
   2903.89314741724     
   3131.24640439406     
   3233.37000000000     
   3233.37000000000     
   3477.19351293062     
   3480.62788120709     
   3493.14171965103     
   3542.73845227679     
   3548.90634087050     
   3557.57000000000     
   3795.26677681783     
   3791.08122295316     
   3759.23897269729     
   3557.57000000000     
   3736.23073590226     
   3557.57000000000     
   3557.57000000000     
   3557.57000000000     
   3488.84582993930     
   3233.37000000000     
   3388.43688374361     
   3372.64184318645     
   3233.37000000000     
   3401.72556734657     
   3233.37000000000     
   3843.56040906878     
   3869.80023962598     
   3798.92246583562     
   3795.02406232943     
   3830.88385586102     
   3952.61821545527     
   3947.49585418144     
   3868.65630165939     
   3233.37000000000     
   3125.03134503992     
   3670.93201842657     
   3775.37247331592     
   3556.46963262516     
   3551.47757175943     
   3521.11380095474     
   3495.87803129396     
   3499.50946508391     
   3233.37000000000     
   3233.37000000000     
   3233.37000000000     
   3233.37000000000     
   3323.47530387946     
   3233.37000000000     
   3231.98973078492     
   3122.67744127069     
   3110.78082347592     
   2924.59808096960     
   2670.70000000000     
   2735.01913565746     
   2630.63172216910     
   2400.42742264155     
   2205.66000000000     
   2159.55886779433     
   2004.34000000000     
   1997.62185193588     
   1978.14770316348     
   1998.15397227578     
   1984.59174586422     
   2004.34000000000     
   1984.37134209230     
   2148.49999541953     
   2130.82998384697     
   2074.41249392796     
   2129.46654181813     
   2161.92557977500     
   2143.16877655204     
   2135.91472852972     
   2132.93743108155     
   2147.66481644617     
   2103.47531864231     
   2079.70902734921     
   2004.34000000000     
   2004.34000000000     
   2044.58476323465     
   2062.24494388093     
   2100.36841894397     
   2123.92980719081     
   2108.59869863079     
   2072.12070230818     
   2053.67490120702     
   2068.20967156012     
   2074.69877751866     
   2089.19986412603     
   2082.95238513670     
   2100.56717463995     
   2107.48226410792     
   2151.97077448700     
   2083.68296137039     
   2004.34000000000     
   2004.34000000000     
   2205.66000000000     
   2205.66000000000     
   2320.32279292377     
   2205.66000000000     
   1983.22404115829     
   1916.45360283393     
   1974.89551769396     
   2137.97796922284     
   2093.08906995689     
   2133.15604120902     
   1922.62456866044     
   1821.32000000000     
   1974.28040202492     
   1968.92494233089     
   2033.66625400498     
   1796.50248583816     
   1821.32000000000     
   1810.28716041947     
   1654.93000000000     
   1312.86198470098     
   1503.66000000000     
   1449.95620648606     
   1503.66000000000     
   1638.45380291467     
   1792.68671127974     
   2670.70000000000     
   2670.70000000000     
   2670.70000000000     
   1817.60424765230     
   1216.32521596817     
   1191.51736144324     
   1232.72144069251     
   1436.43830558976     
   1495.83660019831     
   1654.93000000000     
   1654.93000000000     
   1654.93000000000     
   1821.32000000000     
   1654.93000000000     
   1903.05247824711     
   1821.32000000000     
   2098.06638031374     
   2004.34000000000     
   2205.66000000000     
   2205.66000000000     
   2205.66000000000     
   2205.66000000000     
   2205.66000000000     
   2358.51388585213     
   2205.66000000000     
   2004.34000000000     
   2102.15795698038     
   2004.34000000000     
   2046.37958276300     
   2031.06560638752     
   2001.59042497983     
   2004.34000000000     
   2004.34000000000     
   1998.51954340318     
   1958.79839226353     
   1821.32000000000     
   1920.34789711669     
   1821.32000000000     
   1924.21253189441     
   1999.25569973357     
   2004.34000000000     
   2090.57093557888     
   2089.30884122522     
   2171.38077554229     
   2177.74002240345     
   2237.82060974551     
   2232.15981252227     
   2163.60558970185     
   2004.34000000000     
   1940.43592514020     
   1888.34409433403     
   1654.93000000000     
   1654.93000000000     
   1978.44718273107     
   2081.55253434159     
   2113.79199121368     
   2105.72625721527     
   2136.20877014247     
   2132.02979504090     
   2113.96692707273     
   2134.97126195312     
   2141.24823551490     
   2152.00245032803     
   2157.76643634100     
   2405.08856006213     
   2529.94678649152     
   2632.24845957624     
   2707.91360404112     
   2732.97996253728     
   2670.70000000000     
   2900.51722937327     
   2844.41915183060     
   2791.22835305722     
   2810.25344840977     
   2858.64277493857     
   2889.51801406350     
   2899.57070534772     
   2998.19865528199     
   3045.13869949014     
   3053.87420162657     
   3023.47188482138     
   2887.97982550278     
   2902.22540310257     
   2938.64000000000     
   3083.68300285745     
   3194.62151506358     
   3201.47857776688     
   3233.37000000000     
   3230.96716683811     
   3250.03015899075     
   3233.37000000000     
   3220.70703576978     
   3230.20111980310     
   2938.64000000000     
   3150.78763117592     
   3183.40762462832     
   3181.82116066162     
   3111.93187079113     
   3231.82274856350     
   2925.27141267579     
   2938.64000000000     
   3161.00330956992     
   3370.49810724238     
   3471.62476610784     
   3490.77380804491     
   3484.37819906534     
   3497.11495142572     
   3475.50855323748     
   3557.57000000000     
   3693.29715069548     
   3557.57000000000     
   3557.57000000000     
   3794.31254280039     
   3804.99166482973     
   3804.99166482973     
   3817.57440755410     
   3557.57000000000     
   3430.04042510554     
   3420.09900127639     
   3233.37000000000     
   3413.50968718330     
   3443.13932101344     
   3443.13932101344     
   3233.37000000000     
   3847.93266690637     
   3872.81806252759     
   3809.30472277126     
   3757.47838059161     
   3834.39138322287     
   3942.22943050240     
   3951.15032606875     
   3855.26698210347     
   3233.37000000000     
   3233.37000000000     
   3742.71688328792     
   3812.41357931208     
   3551.72911212235     
   3553.24463220815     
   3556.08166768870     
   3513.94902928012     
   3491.17405229116     
   3371.89615691820     
   3461.96061591656     
   3349.61145677609     
   3370.18256372360     
   3339.28812102520     
   3299.90966969651     
   3144.56703280216     
   2938.64000000000     
   2938.64000000000     
   2934.33877137125     
   2840.18198846203     
   2787.20336261900     
   2670.70000000000     
   2427.11000000000     
   2205.66000000000     
   2203.66300985533     
   2104.36965914907     
   2004.34000000000     
   1927.89502920019     
   1977.16170067555     
   2004.34000000000     
   2004.34000000000     
   2004.34000000000     
   2193.45783451027     
   2172.06806166825     
   2131.36858928750     
   2153.46964995641     
   2193.87359372836     
   2156.92753936697     
   2142.97285926775     
   2164.10682348182     
   2004.34000000000     
   2105.85505643202     
   2122.64645719062     
   2083.22249214869     
   2067.65745429075     
   2083.97832828191     
   2086.22241604766     
   2105.69147787900     
   2135.11410799929     
   2131.92893279269     
   2099.49179062885     
   2071.08497400920     
   2081.53143737332     
   2074.76359435797     
   2090.62894272632     
   2086.65253805783     
   2109.01316640266     
   2088.90386987066     
   2125.00984835440     
   2004.34000000000     
   2004.34000000000     
   2004.34000000000     
   2152.87889512187     
   2205.66000000000     
   2358.33082848022     
   2205.66000000000     
   1964.44038824286     
   1997.98076502379     
   2004.34000000000     
   2166.11348316351     
   2139.40383123931     
   2004.34000000000     
   1987.48903054490     
   1821.32000000000     
   1945.73008231841     
   1996.87720463071     
   1993.50275669490     
   1937.70840508388     
   1950.48205251272     
   1654.93000000000     
   1366.14000000000     
   1503.66000000000     
   1366.14000000000     
   1127.46000000000     
   1490.58691112695     
   1654.93000000000     
   2004.34000000000     
   2670.70000000000     
   2865.13319211233     
   2670.70000000000     
   2122.90633062340     
   1224.63844433463     
   1366.14000000000     
   1339.26557575541     
   1482.99116141741     
   1316.58783787980     
   1654.93000000000     
   1803.90341809645     
   1821.32000000000     
   1821.32000000000     
   1583.78056440608     
   1595.99474679425     
   1988.99339194606     
   2138.51208594888     
   2130.00747289391     
   2251.96527249525     
   2205.66000000000     
   2269.84569883692     
   2296.10222141671     
   2188.71593292496     
   2358.51388585213     
   2205.66000000000     
   2140.16666564029     
   2131.19454422398     
   2004.34000000000     
   2044.77465588653     
   2044.55540335115     
   2029.83146184392     
   2004.34000000000     
   2004.34000000000     
   2004.34000000000     
   1992.75781378091     
   1992.75781378091     
   1930.70605315119     
   1799.65150545569     
   1821.32000000000     
   2004.34000000000     
   2080.17522401049     
   2099.41729735757     
   2131.11324253241     
   2191.87782623531     
   2186.45010745583     
   2205.66000000000     
   2205.66000000000     
   2122.93260038924     
   2004.34000000000     
   1947.50627359530     
   1900.85705330410     
   1821.32000000000     
   1787.80245945778     
   2004.34000000000     
   2138.26932908845     
   2131.41041153407     
   2139.09421029264     
   2163.12643012273     
   2166.83683213597     
   2166.47049492623     
   2190.91779745487     
   2180.08536631795     
   2187.54305572051     
   2205.66000000000     
   2391.83836663153     
   2427.11000000000     
   2545.36714856790     
   2651.81011851417     
   2727.30868502644     
   2727.87544897950     
   2670.70000000000     
   2819.30545880977     
   2879.09677581367     
   2888.24945504480     
   2902.94032614640     
   2938.64000000000     
   2990.01306333315     
   2987.11257199073     
   3006.71996187972     
   3013.17692975092     
   3029.45267027538     
   3010.76539689040     
   2938.64000000000     
   3007.86358558389     
   3033.19935374773     
   3069.98857590901     
   3167.49436521432     
   3205.36269914596     
   3219.99320921930     
   3260.97997726408     
   3270.42921353736     
   3206.05935058390     
   3224.67092944006     
   3148.83930931072     
   2938.64000000000     
   3132.09243006969     
   3060.79046179700     
   3137.13110353479     
   3144.19718926352     
   3179.39850343260     
   2938.64000000000     
   3233.37000000000     
   3233.37000000000     
   3422.44051948906     
   3473.46108954510     
   3494.85800150603     
   3498.99550808774     
   3368.99856567836     
   3233.37000000000     
   3233.37000000000     
   3175.93618062927     
   3233.37000000000     
   3233.37000000000     
   3557.57000000000     
   3557.57000000000     
   3557.57000000000     
   3512.12437783252     
   3492.94607412025     
   3542.69491125577     
   3610.12983946851     
   3611.50216322501     
   3480.76519967769     
   3233.37000000000     
   3233.37000000000     
   3844.61749124450     
   3766.67431135713     
   3833.73306239742     
   3735.45958793667     
   3834.70193158276     
   3863.33366205438     
   3914.19000000000     
   3883.66336109740     
   3850.71465934179     
   3557.57000000000     
   3827.80399762453     
   3912.59621655453     
   3587.89336155612     
   3557.57000000000     
   3557.57000000000     
   3521.30069623839     
   3431.09030037244     
   3487.52327669608     
   3482.93442061890     
   3426.93311092368     
   3416.63509894463     
   3364.23216920682     
   3233.37000000000     
   3174.71568925780     
   2826.12688943907     
   2860.84523867676     
   2881.54813985192     
   2872.71365782473     
   2830.60678782817     
   2670.70000000000     
   2427.11000000000     
   2332.58918174652     
   2205.66000000000     
   2108.06914133806     
   1988.47474307473     
   1935.43784364646     
   2004.34000000000     
   2104.75170630299     
   2181.24529578457     
   2199.52431337621     
   2205.66000000000     
   2205.66000000000     
   2205.66000000000     
   2194.46702347989     
   2178.41168208221     
   2154.94884719874     
   2172.65528588680     
   2171.80672241039     
   2176.93068020093     
   2175.88324231626     
   2178.98498634578     
   2145.91130865805     
   2120.02235605061     
   2108.60966051701     
   2095.08572283201     
   2104.46237998676     
   2134.39908624385     
   2148.13929087778     
   2122.85195699757     
   2078.73851995181     
   2072.90510587347     
   2078.15322034320     
   2075.86023588752     
   2086.86975633135     
   2107.47450692091     
   2108.95338248158     
   2099.96331309093     
   1996.91038934931     
   1981.68751535294     
   1821.32000000000     
   2004.34000000000     
   2297.73453633379     
   2347.99708290709     
   2205.66000000000     
   1970.82369388870     
   1978.84349430810     
   2004.34000000000     
   2199.92986734708     
   2004.34000000000     
   1922.91327184826     
   1922.21924310752     
   1786.97992978111     
   2004.34000000000     
   2004.34000000000     
   1978.14038089816     
   1821.32000000000     
   1913.25776069289     
   1802.64048973265     
   1654.93000000000     
   1503.66000000000     
   1742.89801240657     
   1963.54957669555     
   1654.93000000000     
   1780.99211074024     
   1821.32000000000     
   2427.11000000000     
   2847.41557084639     
   2784.33354728065     
   2167.89274883234     
   1241.12000000000     
   1366.14000000000     
   1366.14000000000     
   1482.99116141741     
   1366.14000000000     
   1503.66000000000     
   1774.71785336583     
   1805.15903896248     
   1654.93000000000     
   1654.93000000000     
   1641.04382827531     
   1951.62278397355     
   2156.30988411772     
   2205.66000000000     
   2276.51621951931     
   2139.59643213319     
   2166.70706048615     
   2205.66000000000     
   2205.66000000000     
   2534.02469049322     
   2427.11000000000     
   2163.69173233202     
   2205.66000000000     
   2004.34000000000     
   2058.90232287497     
   2004.34000000000     
   2004.34000000000     
   2089.88689856898     
   2110.88887588783     
   2004.34000000000     
   1984.41327972889     
   1963.58133590380     
   1821.32000000000     
   1821.32000000000     
   2004.34000000000     
   2004.34000000000     
   2004.34000000000     
   2128.86335484699     
   2171.23512723239     
   2169.99836817082     
   2173.05828010691     
   2205.66000000000     
   2205.66000000000     
   2141.03055039398     
   2004.34000000000     
   1955.81745605894     
   1927.85701945277     
   1992.55799977878     
   2004.34000000000     
   2116.70014030428     
   2136.83632801000     
   2155.21654753533     
   2168.21923729796     
   2165.87750277515     
   2172.30479138330     
   2191.83187030448     
   2203.16787934249     
   2188.37047005617     
   2147.58337554595     
   2190.76041414375     
   2191.38047674789     
   2118.44773704490     
   2205.66000000000     
   2427.11000000000     
   2668.09092526731     
   2730.66092250049     
   2763.32164964504     
   2670.70000000000     
   2804.08478508124     
   2791.66929266110     
   2668.74249235334     
   2925.91444266937     
   2971.37587132043     
   2984.62862049074     
   3005.19316841768     
   3016.12293427833     
   3035.88985544495     
   3075.32123010493     
   3096.84569254175     
   2912.66282600799     
   2004.34000000000     
   2670.70000000000     
   2938.64000000000     
   3149.96692635538     
   3215.39967287708     
   3251.48344102731     
   3262.35032343982     
   3233.37000000000     
   3216.27412103175     
   3177.07316599114     
   3120.71721150778     
   2938.64000000000     
   2846.07133662013     
   2938.64000000000     
   3146.79611233623     
   3179.06507664818     
   3165.56917550549     
   3173.18367395223     
   3351.36674606179     
   3408.59322988979     
   3387.43571145945     
   3412.24477451131     
   3486.44799252193     
   3233.37000000000     
   3458.17091148595     
   3233.37000000000     
   2938.64000000000     
   3233.37000000000     
   3233.37000000000     
   3443.05619135662     
   3468.14033510911     
   3233.37000000000     
   3233.37000000000     
   3414.13953282790     
   3557.57000000000     
   3594.82197638312     
   3524.17028854209     
   3524.33026923663     
   3405.42442061086     
   3551.39996620730     
   3766.48899471649     
   3832.86176764805     
   3835.11641408565     
   3801.02643145912     
   3738.62371878832     
   3914.19000000000     
   3914.19000000000     
   3847.58675781327     
   3557.57000000000     
   3557.57000000000     
   3557.57000000000     
   3822.20368960701     
   3615.98551602700     
   3617.68429444564     
   3557.57000000000     
   3491.30194589762     
   3418.66346818513     
   3438.74333661083     
   3233.37000000000     
   3406.36485561094     
   3383.40660014301     
   3312.12511175525     
   3233.37000000000     
   2938.64000000000     
   2852.76568304191     
   2854.71624586134     
   2880.31529023608     
   2890.49566550312     
   2883.49466230460     
   2855.02762448664     
   2567.93075700665     
   2427.11000000000     
   2317.87471579008     
   2180.73551848969     
   2004.34000000000     
   2004.34000000000     
   2114.81319093239     
   2184.45885198119     
   2162.16326283404     
   2205.66000000000     
   2283.18705350825     
   2313.51849756403     
   2293.03757836719     
   2205.66000000000     
   2205.66000000000     
   2205.66000000000     
   2198.41698850246     
   2199.68513505055     
   2189.95764196892     
   2182.93642502026     
   2183.26130416886     
   2166.57728545204     
   2153.13247177608     
   2125.87630306961     
   2100.52804170715     
   2107.34689381433     
   2140.26404965644     
   2159.19926789026     
   2139.38113931752     
   2084.17917671252     
   2055.43102401938     
   2078.15224688304     
   2067.14332976014     
   2086.03452885419     
   2104.64819243027     
   2092.65975951328     
   2070.37041637410     
   2004.34000000000     
   1972.58783303287     
   1951.61601137325     
   2135.89066294762     
   2205.66000000000     
   2343.23383952478     
   2372.84426329986     
   2004.34000000000     
   2004.34000000000     
   2004.34000000000     
   2205.66000000000     
   2004.34000000000     
   1926.12081022628     
   1821.32000000000     
   1745.97992686148     
   1821.32000000000     
   1821.32000000000     
   1821.32000000000     
   1821.32000000000     
   1921.55579181756     
   1948.44663371472     
   1587.50300830054     
   1479.63533340317     
   1613.56364464789     
   1898.00181154727     
   1808.35057667599     
   1654.93000000000     
   1821.32000000000     
   2205.66000000000     
   2661.02562087659     
   2670.70000000000     
   2205.66000000000     
   1745.82111091906     
   1366.14000000000     
   1503.66000000000     
   1241.12000000000     
   1454.77656614168     
   1503.66000000000     
   1816.95092869906     
   1816.95092869906     
   1654.93000000000     
   1821.32000000000     
   1463.27523020429     
   1821.32000000000     
   2197.33355662603     
   2270.30765208619     
   2323.17732193738     
   2117.20430753508     
   2149.45966531998     
   2205.66000000000     
   2205.66000000000     
   2541.31566151951     
   2488.61913795824     
   2176.54396559341     
   2159.92954340801     
   2004.34000000000     
   2078.26077960310     
   2004.34000000000     
   2076.04099288551     
   2131.23129134666     
   2113.90777726087     
   2004.34000000000     
   1955.57382438057     
   1654.93000000000     
   1503.66000000000     
   1918.07845288943     
   2080.05481892444     
   2088.49688711748     
   2076.81598987609     
   2077.38128790616     
   2142.93722117996     
   2155.14218389906     
   2189.08469322680     
   2205.66000000000     
   2271.89338110470     
   2198.80020581063     
   2004.34000000000     
   2004.34000000000     
   2004.34000000000     
   2004.34000000000     
   2106.65026978299     
   2160.48885304643     
   2170.59551686019     
   2170.84398135303     
   2193.60845834767     
   2205.66000000000     
   2185.39758437266     
   2191.00742399136     
   2160.05747521626     
   2004.34000000000     
   2004.34000000000     
   2097.84604662076     
   2004.34000000000     
   1654.93000000000     
   1366.14000000000     
   2001.90872535659     
   2393.91910968742     
   2670.70000000000     
   2670.70000000000     
   2856.01638230767     
   2819.41282434637     
   2670.70000000000     
   2670.70000000000     
   2976.24234132073     
   2992.64237320068     
   2987.12292717771     
   3012.84758513525     
   3011.16041798783     
   3004.31360719213     
   2938.64000000000     
   3075.77955107482     
   2925.90201940182     
   2427.11000000000     
   2670.70000000000     
   2938.64000000000     
   3132.23044878352     
   3216.28145801076     
   3257.91829921106     
   3271.98914855818     
   3233.37000000000     
   3213.37943400854     
   3188.63092801142     
   3151.67953267703     
   2670.70000000000     
   2788.78430321919     
   2886.28654245053     
   3148.80895168793     
   3198.01444437993     
   3225.41624868384     
   3340.66449373100     
   3414.70977295918     
   3468.02733694277     
   3416.99761047076     
   3395.69697515081     
   3467.02038441904     
   3389.98532226513     
   3378.54088139928     
   3458.00999684534     
   3217.53176756135     
   3225.91778684539     
   3233.37000000000     
   3503.84208686435     
   3557.57000000000     
   3233.37000000000     
   3233.37000000000     
   3507.77493452390     
   3688.34309741576     
   3557.57000000000     
   3557.57000000000     
   3557.57000000000     
   3435.54296001460     
   3233.37000000000     
   3811.58572802740     
   3811.74501829521     
   3812.29580926301     
   3557.57000000000     
   3557.57000000000     
   3914.19000000000     
   4236.57324305874     
   4293.43978647182     
   3882.05046828644     
   3883.92128616548     
   3914.19000000000     
   4267.73656635854     
   3665.24832268787     
   3634.69555885566     
   3448.18484001609     
   2909.66336803188     
   3233.37000000000     
   3439.83243847994     
   3403.87556485573     
   3338.92345597971     
   3319.62165480791     
   3233.37000000000     
   3233.37000000000     
   3127.98188803734     
   2938.64000000000     
   2916.95201184192     
   2911.89016145070     
   2900.93044024543     
   2896.29552637671     
   2843.29587664373     
   2670.70000000000     
   2653.66654189733     
   2427.11000000000     
   2205.66000000000     
   2149.00472835532     
   2117.71442141119     
   2164.70945532037     
   2136.31753859668     
   2177.25144534173     
   2296.90069312313     
   2307.56370087397     
   2205.66000000000     
   2325.90187510971     
   2319.33196175499     
   2293.85123238024     
   2250.57530677102     
   2205.66000000000     
   2205.66000000000     
   2203.72384055594     
   2191.21827069351     
   2191.17466166509     
   2189.76264689878     
   2174.90613804070     
   2157.66399649218     
   2137.96740052253     
   2131.90635568763     
   2155.66827688037     
   2172.82438856789     
   2156.94653241120     
   2094.78828752558     
   2004.34000000000     
   2057.40416826899     
   2061.56709800280     
   2004.34000000000     
   2115.86381166934     
   2112.29192289199     
   2004.34000000000     
   2004.34000000000     
   1964.20136254211     
   1997.68250750413     
   2205.66000000000     
   2205.66000000000     
   2333.68339164125     
   2304.51183403707     
   2131.61428071155     
   2004.34000000000     
   2004.34000000000     
   2205.66000000000     
   2004.34000000000     
   1798.32862423364     
   1948.72572733261     
   1503.66000000000     
   1654.93000000000     
   1811.51252858512     
   1654.93000000000     
   1773.96745956802     
   1939.76079495057     
   1792.98948371829     
   1503.66000000000     
   1503.66000000000     
   1503.66000000000     
   1642.02312443913     
   1772.52624956970     
   1646.16268724929     
   1654.93000000000     
   2004.34000000000     
   2636.85698821518     
   2427.11000000000     
   2570.14860183127     
   2148.82821237552     
   1623.18892866142     
   1503.66000000000     
   1366.14000000000     
   1366.14000000000     
   1574.11667892911     
   1634.30187707022     
   1768.54282705679     
   1780.42359440308     
   1821.32000000000     
   1820.25033585023     
   1821.32000000000     
   2165.68378048171     
   2252.16844667379     
   2205.66000000000     
   2167.99948388862     
   2172.56878908825     
   2172.56878908825     
   2205.66000000000     
   2485.33203490393     
   2495.99279924931     
   2427.11000000000     
   2205.66000000000     
   2004.34000000000     
   2004.34000000000     
   2004.34000000000     
   2122.35652042612     
   2146.73618009320     
   2124.52881798307     
   2004.34000000000     
   2004.34000000000     
   1779.59390818204     
   1821.32000000000     
   2004.34000000000     
   2081.51738834258     
   2096.90316615666     
   2081.79139503803     
   2077.77011880235     
   2134.15833832564     
   2144.06490409234     
   2155.27864370754     
   2180.81394737506     
   2293.80612024622     
   2205.66000000000     
   2164.37258391713     
   2004.34000000000     
   2004.34000000000     
   2004.34000000000     
   2143.55436555346     
   2177.66754226007     
   2188.35422581301     
   2187.23125556767     
   2196.87679461181     
   2195.28553726929     
   2194.34910775464     
   2151.22921881767     
   2004.34000000000     
   1821.32000000000     
   1821.32000000000     
   1821.32000000000     
   1821.32000000000     
   1024.13000000000     
   767.150000000000     
   1094.76445592345     
   1800.91910461253     
   2427.11000000000     
   2670.70000000000     
   2862.90255823756     
   2856.41575470202     
   2865.47453689307     
   2935.56072507984     
   2938.64000000000     
   3006.85973410969     
   3014.28383477981     
   3027.26153548814     
   3000.20895242193     
   3004.95284059636     
   2670.70000000000     
   3037.80579585439     
   3006.02875313977     
   2938.64000000000     
   3088.67848481144     
   3098.75051699513     
   3089.31991608985     
   3178.65791704079     
   3131.25308190988     
   3233.37000000000     
   3229.31545372868     
   3201.40314635886     
   3166.73674618729     
   3142.83602332090     
   3076.94391238416     
   2805.32738671161     
   2877.31478509728     
   3150.58324026507     
   3199.47166546355     
   3233.37000000000     
   3233.37000000000     
   3499.87563669693     
   3479.18976675903     
   3458.46407928964     
   3430.29182822584     
   3418.26653668221     
   3374.47758303399     
   3365.04328968823     
   3233.37000000000     
   3212.34561682547     
   3356.37080308686     
   3460.45248020005     
   3544.80866300561     
   3557.57000000000     
   3457.99946166376     
   3446.98175620339     
   3557.57000000000     
   3731.16629435321     
   3557.57000000000     
   3525.30833202631     
   3849.15357620861     
   3557.57000000000     
   3233.37000000000     
   3747.03337382074     
   3754.67129024042     
   3557.57000000000     
   3817.79219520903     
   3890.62269101824     
   4159.61653696281     
   4274.10672426252     
   4293.45226145603     
   4236.36096912745     
   3914.19000000000     
   4242.17153023618     
   4339.90783896424     
   3669.64210474394     
   3626.57769167473     
   3233.37000000000     
   2427.11000000000     
   2938.64000000000     
   3233.37000000000     
   3338.05649438357     
   3233.37000000000     
   3288.76230538521     
   3222.37113241600     
   3178.26738742467     
   3139.01742497891     
   2938.64000000000     
   2938.64000000000     
   2934.77956364489     
   2903.98739156946     
   2832.16186432106     
   2894.75444964725     
   2878.72370187938     
   2831.06495377065     
   2638.52879688281     
   2410.57074622755     
   2205.66000000000     
   2177.91622917593     
   2164.70945532037     
   2004.34000000000     
   2205.66000000000     
   2348.91648955385     
   2335.73831089437     
   2205.66000000000     
   2366.24574597026     
   2379.58099869833     
   2336.62888605434     
   2277.66323959858     
   2205.66000000000     
   2205.66000000000     
   2205.66000000000     
   2205.66000000000     
   2205.66000000000     
   2218.80394206212     
   2199.42852811195     
   2174.52641158265     
   2174.78037670051     
   2187.40749482114     
   2186.74443581205     
   2199.21357488457     
   2185.14117539166     
   2148.42808973776     
   2095.03386528143     
   2065.03401265212     
   2076.14299926699     
   2078.21724808242     
   2134.62139119185     
   2095.18064536516     
   2004.34000000000     
   2004.34000000000     
   1945.10218442681     
   1932.71451563369     
   2198.40892689246     
   2205.66000000000     
   2378.44934128404     
   2329.26080146931     
   2178.91828224184     
   2004.34000000000     
   2001.59372435082     
   2203.43884202800     
   2004.34000000000     
   1963.00833624885     
   2000.29455280335     
   1624.45822841906     
   1821.32000000000     
   1800.90941028670     
   1757.00723342940     
   1919.84028110196     
   1950.90347909513     
   1745.65354902152     
   1127.46000000000     
   1503.66000000000     
   1472.23345025063     
   1465.12752469039     
   1758.22117176432     
   1614.92032700160     
   1440.68275055342     
   2004.34000000000     
   1947.74263218507     
   2570.78524873537     
   2546.30233309727     
   2205.66000000000     
   1758.81767295862     
   1471.56397451021     
   1241.12000000000     
   1241.12000000000     
   1629.22891133214     
   1774.82873634229     
   1808.38228661568     
   1808.38228661568     
   1821.32000000000     
   1821.32000000000     
   1791.62035243278     
   2142.99602710649     
   2205.66000000000     
   2145.09283050514     
   1980.64744433107     
   2140.35558705339     
   2192.03173030967     
   2186.03392528965     
   2424.97762006935     
   2494.49796198125     
   2423.41347678446     
   2205.66000000000     
   2179.26537577199     
   1974.87418906124     
   2004.34000000000     
   2118.71370885673     
   2152.53531799654     
   2129.77141679198     
   2004.34000000000     
   2001.94141951015     
   1821.32000000000     
   1654.93000000000     
   2044.72582569727     
   2066.44427275435     
   2086.93737264448     
   2100.79238051131     
   2066.59635281021     
   2084.54448921088     
   2080.77924155066     
   2156.54608678208     
   2280.23749150198     
   2300.50254277117     
   2300.65262857698     
   2205.66000000000     
   2107.13017153659     
   2004.34000000000     
   2004.34000000000     
   2178.74883068625     
   2192.58933010767     
   2199.89261049607     
   2187.75313919800     
   2180.78701710569     
   2170.48588252017     
   2143.43358638166     
   2004.34000000000     
   1654.93000000000     
   1366.14000000000     
   1310.42577666278     
   1009.97587446092     
   930.190000000000     
   820.032979720316     
   739.528917242293     
   767.150000000000     
   1022.38347399304     
   2004.34000000000     
   2670.70000000000     
   2863.72190920985     
   2921.79594251185     
   2931.93535275171     
   2938.64000000000     
   2938.64000000000     
   3013.45704071417     
   3013.63668787579     
   3012.15276692075     
   2938.64000000000     
   2990.81614654716     
   2902.49509791468     
   2938.64000000000     
   2938.64000000000     
   3029.76935335238     
   3061.17387467961     
   3072.03001615749     
   3035.43040658643     
   2938.64000000000     
   2850.50390475942     
   2938.64000000000     
   3118.75572416795     
   3192.63236601019     
   3156.40119780114     
   3143.02506673169     
   3062.91788965112     
   3014.71720888778     
   2882.46649500102     
   2876.66780731793     
   2938.64000000000     
   3197.56468305342     
   3233.37000000000     
   3233.37000000000     
   3526.68540247785     
   3434.80780534282     
   3380.46105651321     
   3233.37000000000     
   3309.92076686192     
   3348.83434687999     
   3369.51755368103     
   3233.37000000000     
   3233.37000000000     
   3557.57000000000     
   3557.57000000000     
   3557.57000000000     
   3557.57000000000     
   3557.57000000000     
   3718.34105638328     
   3777.94367852476     
   3776.26625347628     
   3777.32572677826     
   3806.32198514093     
   3729.47785611924     
   3198.57435646979     
   3233.37000000000     
   3557.57000000000     
   3557.57000000000     
   3747.49431667970     
   3914.19000000000     
   4180.06304011292     
   4291.02541583698     
   4297.28956292474     
   4304.85011292054     
   3914.19000000000     
   4214.23097624520     
   4356.41247213289     
   3647.62618975523     
   3557.57000000000     
   3512.59022626355     
   2938.64000000000     
   2670.70000000000     
   2853.03191484019     
   3187.21172358365     
   3142.87795957544     
   3299.06537960543     
   3230.39175346449     
   2938.64000000000     
   3127.60390834427     
   3045.51720738425     
   2938.64000000000     
   2938.64000000000     
   2924.31045428807     
   2935.90232797200     
   2938.64000000000     
   2977.14422187686     
   2938.64000000000     
   2833.93202315726     
   2586.17099885906     
   2328.81201618345     
   2155.54670093484     
   2118.27427820698     
   2004.34000000000     
   2302.53432585929     
   2359.22504330116     
   2369.25094090512     
   2413.22793863162     
   2403.40194880191     
   2399.93158705249     
   2365.16864637710     
   2322.30667647466     
   2193.60415440322     
   2198.26503259631     
   2226.94283377936     
   2205.66000000000     
   2231.08301968426     
   2226.37666849895     
   2194.03822897395     
   2187.01931973804     
   2188.11810954572     
   2194.21117462852     
   2205.43348709418     
   2231.67846105713     
   2205.66000000000     
   2184.09668474302     
   2137.67156323883     
   2086.12193073953     
   2070.23230561768     
   2065.10270165713     
   2101.99698607650     
   2110.76963607811     
   2068.32940137311     
   2004.34000000000     
   1972.39954619305     
   1972.35516432769     
   2004.34000000000     
   2331.20792238502     
   2419.49990555522     
   2388.05970874991     
   2205.66000000000     
   2159.29134737268     
   2137.13337692694     
   2203.43884202800     
   2004.34000000000     
   1956.37951216289     
   1948.03640748493     
   1738.65464538145     
   1779.49231381896     
   1654.93000000000     
   1821.32000000000     
   1821.32000000000     
   1903.07688771212     
   1618.63539145268     
   1366.14000000000     
   1503.66000000000     
   1366.14000000000     
   1241.12000000000     
   1503.66000000000     
   1503.66000000000     
   1343.63970509320     
   1654.93000000000     
   1821.32000000000     
   2615.38902188986     
   2602.61999910511     
   2199.76369738919     
   1821.32000000000     
   1613.32678738180     
   1189.56943974530     
   1366.14000000000     
   1621.52335506862     
   1654.93000000000     
   1654.93000000000     
   1753.91753481738     
   1821.32000000000     
   1821.32000000000     
   1821.32000000000     
   2154.27119592468     
   2182.94786569080     
   2004.34000000000     
   2004.34000000000     
   2092.09202395729     
   2106.96279798136     
   2205.66000000000     
   2427.11000000000     
   2427.11000000000     
   2486.67674911124     
   2205.66000000000     
   2205.66000000000     
   2113.26583102550     
   2004.34000000000     
   2067.67872154325     
   2004.34000000000     
   1942.65091896458     
   1956.33182742402     
   1976.28649753373     
   1654.93000000000     
   1654.93000000000     
   2074.95774072919     
   2088.84885598466     
   2090.01773632336     
   2089.91921575683     
   1995.90527874632     
   1960.14630639728     
   1982.76414992927     
   1966.45477014050     
   2276.15879283768     
   2292.01636641845     
   2295.42313853492     
   2292.02750668025     
   2184.59400388165     
   2128.64139416783     
   2004.34000000000     
   2194.10509236429     
   2194.51901284108     
   2189.05405416982     
   2177.73053923273     
   2167.65846611984     
   2145.75655906432     
   2081.69469950174     
   1821.32000000000     
   1366.14000000000     
   1127.46000000000     
   1112.64051005210     
   1024.13000000000     
   1015.81132173636     
   907.561456457852     
   844.790000000000     
   833.924658268773     
   930.190000000000     
   2427.11000000000     
   2796.02579628971     
   2867.08271981817     
   2899.49646342884     
   2911.34906517941     
   2900.18309322247     
   2938.64000000000     
   3028.15946366180     
   3010.63964576248     
   2844.04045789416     
   2812.92341060593     
   2908.94307366563     
   2879.64063934289     
   2867.36338192407     
   2911.04118218138     
   2860.76589860084     
   2938.64000000000     
   3013.54105910339     
   2988.14210633019     
   2854.99564005867     
   2792.74812744092     
   2656.57130368780     
   2860.46463716041     
   2938.64000000000     
   3145.55641698781     
   3141.43318902319     
   3099.74478814061     
   2938.64000000000     
   2938.64000000000     
   2938.64000000000     
   3136.85873009239     
   3233.37000000000     
   3202.96642060988     
   3233.37000000000     
   3221.11373498693     
   3380.41419788731     
   3340.39924716134     
   3377.82546736719     
   3233.37000000000     
   3441.62444002862     
   3458.13360694522     
   3410.53674479321     
   3472.72936075319     
   3510.35763648194     
   3557.57000000000     
   3699.08180439364     
   3651.96589987613     
   3642.23798959648     
   3699.65577254350     
   3783.85312465500     
   3822.74837948767     
   3835.03541247539     
   3810.62914716940     
   3770.81990201088     
   3479.09169396574     
   3233.37000000000     
   3131.81887108575     
   3481.64505274224     
   3557.57000000000     
   3907.69527803727     
   3914.19000000000     
   4275.84529238834     
   4302.99570070779     
   4305.07429808143     
   4255.03764255322     
   3914.19000000000     
   4364.53504525419     
   3636.84407407091     
   3602.48575647779     
   3557.57000000000     
   3233.37000000000     
   3166.31012928043     
   3217.20640654216     
   3233.37000000000     
   3301.09160319136     
   3312.48341871891     
   3301.85846304749     
   3223.71837622426     
   3110.93357610835     
   3058.38054075328     
   2570.03840462536     
   2938.64000000000     
   2938.64000000000     
   2982.26698358619     
   2983.56825329700     
   2985.27370387790     
   3001.22587573053     
   2976.29396148122     
   2807.48715214611     
   2427.11000000000     
   2205.66000000000     
   2118.97534212170     
   2114.12767272755     
   2295.90296776969     
   2354.24251872880     
   2391.66979462918     
   2376.30019411764     
   2370.31938911815     
   2369.50850939157     
   2347.06448837936     
   2300.70137577654     
   2205.66000000000     
   2205.66000000000     
   2247.28645596864     
   2255.35508860982     
   2247.72199435599     
   2231.22445042685     
   2205.66000000000     
   2198.75580290475     
   2199.33289502468     
   2197.78639168470     
   2205.66000000000     
   2246.38300143189     
   2248.76211127419     
   2205.66000000000     
   2161.63748608556     
   2100.20968860302     
   2058.03161587307     
   2004.34000000000     
   2111.78737543949     
   2106.72464908458     
   2090.65697658449     
   2004.34000000000     
   1962.45474690960     
   1964.15842369691     
   2004.34000000000     
   2319.34689806625     
   2205.66000000000     
   2380.88278588260     
   2108.76927137603     
   2101.19093232053     
   2135.43413875224     
   2151.60066173687     
   2084.15174669661     
   2004.34000000000     
   1978.94646100441     
   1925.68696046199     
   1929.24863277551     
   1654.93000000000     
   1654.93000000000     
   1654.93000000000     
   1821.32000000000     
   1654.93000000000     
   1626.93549114397     
   1482.40978048174     
   844.790000000000     
   1005.02114652369     
   1465.29229027315     
   1497.32371977760     
   930.190000000000     
   1110.59676826834     
   1366.14000000000     
   2427.11000000000     
   2748.26078550066     
   2330.15874232925     
   1654.93000000000     
   1366.14000000000     
   1366.14000000000     
   1080.55258524196     
   1503.66000000000     
   1588.81316709796     
   1654.93000000000     
   1503.66000000000     
   1645.37754374510     
   1812.78220155272     
   1821.32000000000     
   2004.34000000000     
   2125.48572638636     
   2004.34000000000     
   1990.86276795003     
   1977.73570496197     
   1986.57343320008     
   2004.34000000000     
   2185.08468314028     
   2571.06354468368     
   2529.88431774411     
   2205.66000000000     
   1960.06893465476     
   2205.66000000000     
   2004.34000000000     
   2004.34000000000     
   2004.34000000000     
   2004.34000000000     
   1965.08772895088     
   1978.93015711188     
   1989.92960300675     
   2004.34000000000     
   2087.96059424005     
   2096.54805768162     
   2108.06236573827     
   2129.11540361545     
   2004.34000000000     
   1985.47600067602     
   1821.32000000000     
   2004.34000000000     
   2004.34000000000     
   2286.07803048110     
   2320.99375683723     
   2335.33562200158     
   2188.19303483006     
   2187.61946441464     
   2153.80384191667     
   2179.17910840161     
   2156.43885457419     
   2154.98167630549     
   2115.53163252449     
   2004.34000000000     
   2101.47349466986     
   2004.34000000000     
   1650.30364567732     
   1024.13000000000     
   822.339305476508     
   918.247152160039     
   1758.64698603234     
   1349.00751727504     
   1204.64755331479     
   1654.93000000000     
   1451.31863443509     
   1352.51152618170     
   2427.11000000000     
   2779.43431077636     
   2849.06864896367     
   2913.06258893412     
   2931.52088131778     
   2938.64000000000     
   2938.64000000000     
   3049.77883917158     
   2938.64000000000     
   2822.85506710789     
   2814.06918658101     
   2847.95769428054     
   2885.57764974808     
   2867.64857206681     
   2811.70331133599     
   2670.70000000000     
   2938.64000000000     
   2976.62706760609     
   2990.67870598493     
   2904.04518164237     
   2863.59760886317     
   2670.70000000000     
   2670.70000000000     
   2851.06469331499     
   2670.70000000000     
   3049.58342940781     
   3113.51181498568     
   3132.26472479376     
   3129.01669353154     
   3153.53202931409     
   3171.44824880640     
   3233.37000000000     
   3233.37000000000     
   3557.57000000000     
   3233.37000000000     
   3166.99684770967     
   3219.76885407121     
   3412.66568660393     
   3435.74691367442     
   3522.02170289141     
   3479.46997959308     
   3427.37286832182     
   3512.06314246599     
   3557.57000000000     
   3557.57000000000     
   3665.69770509468     
   3688.25858630336     
   3557.57000000000     
   3557.57000000000     
   3798.15436231918     
   3823.79516557145     
   3848.31575020518     
   3834.76199684439     
   3748.81948763071     
   3498.02272344368     
   3693.44272082519     
   3755.16712692313     
   3914.19000000000     
   3912.94582803571     
   4151.87386771476     
   4067.80820461897     
   4217.28860040188     
   4298.59639837670     
   4302.87643975140     
   4279.47838569843     
   3914.19000000000     
   4371.41941331427     
   3662.78983466542     
   3645.24917059114     
   3557.57000000000     
   3445.28998888518     
   3233.37000000000     
   3233.37000000000     
   3233.37000000000     
   3209.89032825273     
   3291.24228426747     
   3297.51322528274     
   3187.32518528326     
   3094.19929099211     
   3064.85292184586     
   2938.64000000000     
   3074.59889482899     
   3047.60327623727     
   2938.64000000000     
   2976.33043606725     
   2977.70866109715     
   2938.64000000000     
   2937.51976369729     
   2898.14603042367     
   2633.67846133869     
   2370.61372527939     
   2150.35131803113     
   2004.34000000000     
   2205.66000000000     
   2362.15336927852     
   2350.50692065142     
   2320.19608935213     
   2323.08157741357     
   2322.71967992826     
   2205.66000000000     
   2205.66000000000     
   2205.66000000000     
   2251.90717908827     
   2265.25373303589     
   2276.44339220133     
   2269.55822627373     
   2242.29974130473     
   2205.66000000000     
   2205.66000000000     
   2196.72727124896     
   2167.95729246578     
   2177.33244718094     
   2205.66000000000     
   2205.66000000000     
   2205.66000000000     
   2188.74434546084     
   2139.58606969333     
   2004.34000000000     
   2004.34000000000     
   2092.59516562258     
   2100.58764404514     
   2138.20819781054     
   2004.34000000000     
   1949.76452527197     
   1974.27884816734     
   2004.34000000000     
   2297.50060548179     
   2205.66000000000     
   2181.85481778883     
   2113.90431554687     
   2004.34000000000     
   2205.66000000000     
   2205.66000000000     
   2004.34000000000     
   2004.34000000000     
   1935.18828577303     
   1994.86223716329     
   1977.13620333164     
   1901.81302631294     
   1929.03145008554     
   1808.63048712959     
   1821.32000000000     
   1639.06795210209     
   1654.93000000000     
   1503.66000000000     
   993.554488012375     
   1127.46000000000     
   1366.14000000000     
   1821.32000000000     
   1127.46000000000     
   1476.63920122019     
   1654.93000000000     
   2205.66000000000     
   2797.47010893005     
   2205.66000000000     
   1503.66000000000     
   1241.12000000000     
   1340.21169012995     
   1127.46000000000     
   1483.70366562200     
   1590.49030917569     
   1654.93000000000     
   1614.27487427100     
   1654.93000000000     
   1821.32000000000     
   1821.32000000000     
   2004.34000000000     
   1945.65933270973     
   1931.21984693078     
   1812.74296224070     
   1821.32000000000     
   2004.34000000000     
   2350.54623574791     
   2329.23512097696     
   2385.90389659445     
   2509.74439691820     
   2481.14999999942     
   1986.19501404283     
   2004.34000000000     
   2111.33233528196     
   2004.34000000000     
   2205.66000000000     
   2205.66000000000     
   2202.19536497961     
   1971.98817515822     
   2143.22842346556     
   2004.34000000000     
   2004.34000000000     
   2004.34000000000     
   2004.34000000000     
   2004.34000000000     
   2174.55064449077     
   2322.90105494119     
   2205.66000000000     
   2427.11000000000     
   2335.73817479220     
   2351.17969927976     
   2367.46201891649     
   2318.33608602956     
   2205.66000000000     
   2190.56040413103     
   2161.81929376928     
   2185.16306041761     
   2199.87116223802     
   2166.54875594676     
   2135.99841319358     
   2154.78741861526     
   2128.02612769544     
   2004.34000000000     
   1503.66000000000     
   986.831606609216     
   767.150000000000     
   1223.53536873989     
   2004.34000000000     
   1940.22664348426     
   1965.62570045344     
   2134.83836775329     
   2205.66000000000     
   2177.00726247574     
   2427.11000000000     
   2836.03474346476     
   2670.70000000000     
   2875.32065673660     
   2938.64000000000     
   2938.64000000000     
   2938.64000000000     
   3033.72931919487     
   3056.39366532115     
   2841.98076774446     
   2873.63094502946     
   2853.59736292967     
   2897.38477367296     
   2911.06995933797     
   2896.70998973860     
   2921.39583397688     
   2960.03431367491     
   2976.47045644608     
   2938.64000000000     
   2895.79525984725     
   2875.56113932612     
   2823.45428860265     
   2670.70000000000     
   2670.70000000000     
   2427.11000000000     
   2634.04101363895     
   3054.78227023041     
   3146.52813350606     
   3161.16985480286     
   3167.91024771385     
   3226.19279219150     
   3231.13369712623     
   3233.37000000000     
   3418.54760645514     
   2938.64000000000     
   2938.64000000000     
   3233.37000000000     
   3490.01949234290     
   3517.69671292522     
   3527.82811418323     
   3233.37000000000     
   2938.64000000000     
   3183.16174306894     
   3233.37000000000     
   3519.52015046516     
   3635.24049183829     
   3710.84698020447     
   3810.86551791851     
   3859.26879584082     
   3557.57000000000     
   3557.57000000000     
   3843.43217546114     
   3847.92360030955     
   3557.57000000000     
   3557.57000000000     
   3779.01645474152     
   3904.52853671104     
   3914.19000000000     
   4020.20133011657     
   4101.85806116935     
   3914.19000000000     
   3557.57000000000     
   3819.63962776750     
   3914.19000000000     
   4219.45037151800     
   4306.47000000000     
   4388.96270827622     
   3649.80679429195     
   3557.57000000000     
   3557.57000000000     
   3490.20021823500     
   3233.37000000000     
   3363.63451954157     
   3233.37000000000     
   3212.31563289580     
   3289.87776068680     
   3293.61613003468     
   3233.37000000000     
   3157.11152033218     
   3122.94908074119     
   3076.20571349772     
   3054.06249241639     
   3031.19676133583     
   2997.79633635786     
   3001.10222324303     
   2999.88389213732     
   3007.09710445061     
   2987.71417965581     
   2971.43506931921     
   2935.97545820010     
   2610.68349883776     
   2382.19740568675     
   2205.66000000000     
   2205.66000000000     
   2205.66000000000     
   2205.66000000000     
   2205.66000000000     
   2304.98278296344     
   2352.79473996964     
   2368.21776196164     
   2356.31389438121     
   2323.86004018741     
   2283.18487431706     
   2270.64141577228     
   2283.15328072209     
   2292.00333424580     
   2273.25790114564     
   2205.66000000000     
   2205.66000000000     
   2193.72683683704     
   2138.32662625590     
   2145.25488757581     
   2182.60266252851     
   2272.50677997143     
   2263.63146896229     
   2245.61069711158     
   2247.50004532092     
   2159.77329386117     
   2004.34000000000     
   2148.21876124613     
   2155.60750312943     
   2178.84220782870     
   2142.00970983448     
   2004.34000000000     
   2105.01838910955     
   2004.34000000000     
   2178.19640994505     
   2252.20012591584     
   2281.15205573678     
   2205.66000000000     
   2186.71550696524     
   2132.01369235465     
   2004.34000000000     
   1821.32000000000     
   1821.32000000000     
   2069.04698636821     
   1979.99366917318     
   1821.32000000000     
   1910.17111890315     
   1990.62819545146     
   1803.91677119534     
   1762.30480775764     
   1721.45518064319     
   1654.93000000000     
   1654.93000000000     
   1584.01382983237     
   1634.90290392775     
   1654.93000000000     
   2205.66000000000     
   1654.93000000000     
   2205.66000000000     
   2321.29300879733     
   2902.11229713591     
   2890.48796619250     
   2662.10553017153     
   1768.34683608029     
   1366.14000000000     
   1222.29623376648     
   1233.53104325428     
   1608.10243287892     
   1654.93000000000     
   1821.32000000000     
   1335.18963374559     
   1468.98151996025     
   1503.66000000000     
   1610.58688015329     
   1654.93000000000     
   1749.21095605824     
   1501.05806293067     
   1821.32000000000     
   1971.52183115289     
   2178.20823644773     
   1821.32000000000     
   1821.32000000000     
   2349.50032099023     
   2427.11000000000     
   2205.66000000000     
   2111.77744783473     
   2004.34000000000     
   2283.79646227584     
   2321.26374987265     
   2203.41779510787     
   2151.76009288259     
   2205.66000000000     
   2205.66000000000     
   2205.66000000000     
   2352.38444450610     
   2205.66000000000     
   2205.66000000000     
   2205.66000000000     
   2399.02397211869     
   2205.66000000000     
   2603.36467590468     
   2553.33650749698     
   2427.11000000000     
   2371.91061189143     
   2363.68331738691     
   2424.48062343074     
   2347.88101329864     
   2301.12949061854     
   2205.66000000000     
   2159.50231818766     
   2163.95534335010     
   2175.69642624438     
   2159.09233826535     
   2004.34000000000     
   1629.86793251143     
   1608.44292136928     
   1503.66000000000     
   1503.66000000000     
   1503.66000000000     
   1480.40777847156     
   1801.97983388802     
   2331.60598016194     
   2564.01864159658     
   2608.71525927738     
   2741.89181447788     
   2784.88266260325     
   2811.17450341647     
   2878.16110561338     
   2893.97976676569     
   2915.08540045731     
   2836.72722632328     
   2839.63266350364     
   2910.33410857091     
   2938.64000000000     
   2938.64000000000     
   3017.92989702349     
   3049.77767925658     
   3009.20488233034     
   3007.16730137212     
   2938.64000000000     
   3009.54886967646     
   3011.69456809398     
   2938.64000000000     
   2884.94521586099     
   2935.05835252075     
   2899.04869197097     
   2834.35327419787     
   2797.15287124431     
   2873.30791877743     
   2892.53899370495     
   2863.09016367649     
   2808.89995498538     
   2670.70000000000     
   2938.64000000000     
   3165.35137444536     
   3233.37000000000     
   3195.71478261446     
   3207.61434133770     
   3233.37000000000     
   3362.79934266615     
   3413.63797050009     
   3374.27803526377     
   3421.75757497445     
   3433.07253845768     
   3522.71255414120     
   3505.15156649125     
   3391.37144943120     
   3389.15394576046     
   2938.64000000000     
   3209.28243891428     
   3233.37000000000     
   3425.67312336447     
   3557.57000000000     
   3706.75047545323     
   3787.40521342884     
   3796.48616563390     
   3499.64401303559     
   3543.60848080572     
   3836.69637218443     
   3863.60992725371     
   3853.57416381592     
   3820.82120152254     
   3914.19000000000     
   3982.17220506223     
   3953.65313293897     
   3791.60302699499     
   4160.08253988066     
   4260.92205929701     
   4111.46388440697     
   4306.47000000000     
   4184.01162803683     
   3914.19000000000     
   4393.69633168671     
   4406.42511153891     
   3614.97287496787     
   3557.45968630156     
   3543.81346794694     
   3481.24002677002     
   3233.37000000000     
   3333.41026801102     
   3233.37000000000     
   3305.84538277338     
   3292.98522514693     
   3301.69075449294     
   3233.37000000000     
   3179.23667679735     
   3117.66637525647     
   3080.40187594026     
   3058.79789101709     
   3030.46391188067     
   3007.92788087313     
   3028.68523755046     
   3024.36641608252     
   3032.17422173933     
   3012.55866891089     
   2995.41040177575     
   2938.64000000000     
   2670.70000000000     
   2427.11000000000     
   2205.66000000000     
   2205.66000000000     
   2198.66419247091     
   2169.57830672846     
   2205.66000000000     
   2317.51752724018     
   2384.91047394814     
   2408.01717619948     
   2388.52194816952     
   2355.15782800945     
   2299.94704376876     
   2273.46067735507     
   2282.44433281828     
   2302.54453084129     
   2291.19011577610     
   2252.09627826097     
   2205.66000000000     
   2194.71441410732     
   2165.00737628492     
   2154.75164957317     
   2185.74282475186     
   2317.87678426542     
   2282.36894156253     
   2205.66000000000     
   2275.43486504606     
   2241.86960098175     
   2004.34000000000     
   2205.66000000000     
   2205.66000000000     
   2205.66000000000     
   2179.53574732212     
   2174.13708993959     
   2165.64433624264     
   2172.62497759470     
   2205.66000000000     
   2292.11302109388     
   2340.27169747843     
   2320.30224833281     
   2205.66000000000     
   2148.40398697771     
   1923.91662598921     
   1777.82701675071     
   1747.27353893231     
   2097.92399002370     
   1987.02243524513     
   1654.93000000000     
   1821.32000000000     
   1990.62819545146     
   1821.32000000000     
   1651.58823121813     
   1649.40695124750     
   1606.03121041833     
   1816.05496192399     
   1816.05496192399     
   1956.68450810634     
   2004.34000000000     
   2205.66000000000     
   2114.63370206214     
   2205.66000000000     
   2670.70000000000     
   2938.64000000000     
   2938.64000000000     
   2938.64000000000     
   2205.66000000000     
   1580.19555111279     
   1503.66000000000     
   1608.96231454594     
   1883.37357259799     
   1919.28721217165     
   1919.28721217165     
   1117.33006287054     
   1366.14000000000     
   1366.14000000000     
   1366.14000000000     
   1445.71757561428     
   1503.66000000000     
   1503.66000000000     
   1983.35861090688     
   1942.35105870843     
   2178.20823644773     
   1821.32000000000     
   1813.30094522418     
   2387.24015894895     
   2427.11000000000     
   2004.34000000000     
   1821.32000000000     
   2004.34000000000     
   2205.66000000000     
   2391.72548580751     
   2205.66000000000     
   2112.27296584625     
   2205.66000000000     
   2322.15355735981     
   2381.84121058652     
   2381.84121058652     
   2366.58284412498     
   2405.57033640175     
   2381.96238984526     
   2399.02397211869     
   2205.66000000000     
   2603.36467590468     
   2427.11000000000     
   2205.66000000000     
   2205.66000000000     
   2205.66000000000     
   2427.11000000000     
   2340.79754509373     
   2277.00108340276     
   2205.66000000000     
   2162.17941048114     
   2188.79149541828     
   2166.75526162777     
   2135.35646040891     
   1983.78027765710     
   1223.24834142902     
   1187.42170824112     
   1076.07143859996     
   1503.66000000000     
   2004.34000000000     
   2004.34000000000     
   2342.05539859647     
   2650.23485914846     
   2722.96234557601     
   2756.39043501176     
   2806.05569222349     
   2832.11089634397     
   2844.26831345017     
   2880.28272843888     
   2891.43282280622     
   2907.55790183102     
   2846.46797589191     
   2784.58220390010     
   2875.68460364325     
   2938.64000000000     
   2928.45418969741     
   2938.64000000000     
   3034.93288163095     
   2938.64000000000     
   3070.47075570899     
   3034.65671461188     
   3044.25050905113     
   3049.99645621063     
   2938.64000000000     
   2831.52872236620     
   2872.95629784269     
   2938.64000000000     
   2903.97544942547     
   2787.83082721893     
   2873.69282220336     
   2929.10019667666     
   2913.85631934399     
   2927.60710613142     
   2800.03151165293     
   2860.95364045945     
   3185.82613912501     
   3233.37000000000     
   3233.37000000000     
   3181.27299194656     
   3233.37000000000     
   3402.36230101432     
   3430.91255194596     
   3471.32754680133     
   3516.66764875948     
   3525.56740874697     
   3513.98036221706     
   3464.97094943602     
   3231.89075199741     
   3441.63570858011     
   3536.19929769935     
   3457.99081144157     
   3233.37000000000     
   3402.53662784979     
   3557.57000000000     
   3720.69578466225     
   3822.48338539431     
   3857.81805953315     
   3778.20972787695     
   3529.55800717988     
   3873.50700512754     
   3841.46761006554     
   3859.98230542955     
   3822.34914061350     
   4011.62497983297     
   4006.79954235284     
   3914.19000000000     
   3557.57000000000     
   3914.19000000000     
   4349.53196556431     
   4362.01067899080     
   4414.03526881897     
   4386.30595415203     
   4245.17502551801     
   4385.86485903098     
   4408.87935755757     
 <EndGridData2D>
