COMMENT1 : Automatic generated grid data file
COMMENT2 : Bathymetry


ILB_IUB : 1 165
JLB_JUB : 1 241
COORD_TIP  : 4
ORIGIN : -34.0 35.0
GRID_ANGLE : 0.0
LATITUDE : 38.0
LONGITUDE : -28.5
FILL_VALUE : -99.0
HALOPOINTS : 3


<BeginXX>
0.0
0.045643153526974345
0.09128630705394158
0.13692946058091593
0.18257261410788317
0.2282157676348575
0.27385892116182475
0.3195020746887991
0.36514522821576634
0.4107883817427407
0.4564315352697079
0.5020746887966823
0.5477178423236495
0.5933609958506239
0.6390041493775911
0.6846473029045654
0.7302904564315327
0.775933609958507
0.8215767634854743
0.8672199170124486
0.9128630705394158
0.9585062240663902
1.0041493775933645
1.0497925311203318
1.0954356846473061
1.1410788381742734
1.1867219917012477
1.232365145228215
1.2780082987551893
1.3236514522821565
1.3692946058091309
1.414937759336098
1.4605809128630725
1.5062240663900397
1.551867219917014
1.5975103734439813
1.6431535269709556
1.6887966804979229
1.7344398340248972
1.7800829875518644
1.8257261410788388
1.871369294605806
1.9170124481327804
1.9626556016597476
2.008298755186722
2.0539419087136928
2.0995850622406635
2.1452282157676343
2.190871369294605
2.236514522821576
2.2821576763485467
2.3278008298755175
2.3734439834024883
2.419087136929459
2.46473029045643
2.5103734439834042
2.5560165975103715
2.601659751037346
2.6473029045643166
2.6929460580912874
2.738589211618258
2.784232365145229
2.8298755186721998
2.8755186721991706
2.9211618257261414
2.966804979253112
3.012448132780083
3.0580912863070537
3.1037344398340245
3.1493775933609953
3.195020746887966
3.240663900414937
3.2863070539419077
3.3319502074688785
3.3775933609958493
3.42323651452282
3.468879668049791
3.5145228215767617
3.560165975103736
3.6058091286307032
3.6514522821576776
3.6970954356846484
3.742738589211619
3.78838174273859
3.8340248962655608
3.8796680497925315
3.9253112033195023
3.970954356846473
4.016597510373444
4.062240663900415
4.1078838174273855
4.153526970954356
4.199170124481327
4.244813278008298
4.290456431535269
4.3360995850622395
4.38174273858921
4.427385892116181
4.473029045643152
4.518672199170126
4.564315352697093
4.609958506224068
4.655601659751035
4.701244813278009
4.74688796680498
4.792531120331951
4.838174273858922
4.8838174273858925
4.929460580912863
4.975103734439834
5.020746887966805
5.066390041493776
5.1120331950207465
5.157676348547717
5.203319502074688
5.248962655601659
5.29460580912863
5.3402489626556005
5.385892116182571
5.431535269709542
5.477178423236516
5.522821576763484
5.568464730290458
5.614107883817425
5.6597510373443995
5.705394190871367
5.751037344398341
5.796680497925312
5.842323651452283
5.8879668049792535
5.933609958506224
5.979253112033195
6.024896265560166
6.070539419087137
6.1161825726141075
6.161825726141078
6.207468879668049
6.25311203319502
6.298755186721991
6.344398340248961
6.390041493775932
6.435684647302903
6.481327800829874
6.526970954356848
6.572614107883815
6.61825726141079
6.663900414937757
6.709543568464731
6.755186721991702
6.800829875518673
6.846473029045644
6.8921161825726145
6.937759336099585
6.983402489626556
7.029045643153527
7.074688796680498
7.1203319502074685
7.165975103734439
7.21161825726141
7.257261410788381
7.302904564315352
7.348547717842322
7.394190871369293
7.439834024896264
7.485477178423235
7.531120331950206
7.57676348547718
7.622406639004147
7.6680497925311215
7.713692946058089
7.759336099585063
7.804979253112034
7.850622406639005
7.8962655601659755
7.941908713692946
7.987551867219917
8.033195020746888
8.078838174273859
8.12448132780083
8.1701244813278
8.215767634854771
8.261410788381742
8.307053941908713
8.352697095435683
8.398340248962654
8.443983402489629
8.489626556016596
8.53526970954357
8.580912863070537
8.626556016597512
8.672199170124479
8.717842323651453
8.76348547717842
8.809128630705395
8.854771784232362
8.900414937759336
8.946058091286307
8.991701244813278
9.037344398340249
9.08298755186722
9.12863070539419
9.174273858921161
9.219917012448132
9.265560165975103
9.311203319502074
9.356846473029044
9.402489626556019
9.448132780082986
9.49377593360996
9.539419087136928
9.585062240663902
9.63070539419087
9.676348547717843
9.72199170124481
9.767634854771785
9.813278008298752
9.858921161825727
9.904564315352694
9.950207468879668
9.995850622406639
10.04149377593361
10.08713692946058
10.132780082987551
10.178423236514522
10.224066390041493
10.269709543568464
10.315352697095435
10.360995850622405
10.406639004149376
10.45228215767635
10.497925311203318
10.543568464730292
10.58921161825726
10.634854771784234
10.680497925311201
10.726141078838175
10.771784232365142
10.817427385892117
10.863070539419084
10.908713692946058
10.95435684647303
11.0
<EndXX>
<BeginYY>
0.0
0.03636363636363882
0.07272727272727053
0.10909090909090935
0.14545454545454817
0.18181818181817988
0.2181818181818187
0.2545454545454575
0.29090909090908923
0.32727272727272805
0.36363636363636687
0.3999999999999986
0.4363636363636374
0.4727272727272762
0.5090909090909079
0.5454545454545467
0.5818181818181785
0.6181818181818173
0.6545454545454561
0.6909090909090878
0.7272727272727266
0.7636363636363654
0.7999999999999972
0.836363636363636
0.8727272727272748
0.9090909090909065
0.9454545454545453
0.9818181818181841
1.0181818181818159
1.0545454545454547
1.0909090909090935
1.1272727272727252
1.163636363636364
1.2000000000000028
1.2363636363636346
1.2727272727272734
1.3090909090909122
1.345454545454544
1.3818181818181827
1.4181818181818215
1.4545454545454533
1.490909090909092
1.5272727272727238
1.5636363636363626
1.6000000000000014
1.6363636363636331
1.672727272727272
1.7090909090909108
1.7454545454545425
1.7818181818181813
1.8181818181818201
1.8545454545454518
1.8909090909090907
1.9272727272727295
1.9636363636363612
2.0
2.036363636363639
2.0727272727272705
2.1090909090909093
2.145454545454548
2.18181818181818
2.2181818181818187
2.2545454545454575
2.2909090909090892
2.327272727272728
2.3636363636363598
2.3999999999999986
2.4363636363636374
2.472727272727269
2.509090909090908
2.5454545454545467
2.5818181818181785
2.6181818181818173
2.654545454545456
2.690909090909088
2.7272727272727266
2.7636363636363654
2.799999999999997
2.836363636363636
2.872727272727275
2.9090909090909065
2.9454545454545453
2.981818181818184
3.018181818181816
3.0545454545454547
3.0909090909090935
3.127272727272725
3.163636363636364
3.200000000000003
3.2363636363636346
3.2727272727272734
3.309090909090912
3.345454545454544
3.3818181818181827
3.4181818181818215
3.4545454545454533
3.490909090909092
3.527272727272724
3.5636363636363626
3.6000000000000014
3.636363636363633
3.672727272727272
3.7090909090909108
3.7454545454545425
3.7818181818181813
3.81818181818182
3.854545454545452
3.8909090909090907
3.9272727272727295
3.963636363636361
4.0
4.036363636363639
4.0727272727272705
4.109090909090909
4.145454545454548
4.18181818181818
4.218181818181819
4.25454545454545
4.290909090909089
4.327272727272728
4.36363636363636
4.399999999999999
4.436363636363637
4.472727272727269
4.509090909090908
4.545454545454547
4.5818181818181785
4.618181818181817
4.654545454545456
4.690909090909088
4.727272727272727
4.7636363636363654
4.799999999999997
4.836363636363636
4.872727272727275
4.9090909090909065
4.945454545454545
4.981818181818184
5.018181818181816
5.054545454545455
5.0909090909090935
5.127272727272725
5.163636363636364
5.200000000000003
5.2363636363636346
5.272727272727273
5.309090909090912
5.345454545454544
5.381818181818183
5.4181818181818215
5.454545454545453
5.490909090909092
5.527272727272731
5.563636363636363
5.600000000000001
5.636363636363633
5.672727272727272
5.709090909090911
5.7454545454545425
5.781818181818181
5.81818181818182
5.854545454545452
5.890909090909091
5.9272727272727295
5.963636363636361
6.0
<EndYY>
<BeginGridData2D>
2664.100641047142
2341.875033862072
2652.036576871706
2410.7062349121543
2417.5491393780007
2565.643839102706
2530.4513615683063
2605.5020945001233
2503.126067091037
2616.673976369075
2527.76712381429
2777.7653388071594
2883.572922885827
2964.215817720386
3082.289177670603
3111.4007505014247
3132.117392964009
3139.052712345051
3089.9684372648667
3080.532581583487
3085.771206598257
3082.171620204544
3078.48265628221
3078.0877462818685
3069.8987109166264
3126.2224352556727
3112.7258961741973
3048.5203411988527
3009.142930445141
3031.7997978370845
2762.5954725266392
2551.4524951398193
2613.1371302492607
2851.296042887133
2844.0963962908613
2771.573043129639
2776.796845443763
2720.1737029602614
2803.7191859682025
2817.1659015024384
2824.048511789624
2911.157577316806
2956.206265072655
3023.0817351406017
2736.5299996747867
3320.6056003022595
3287.4628149536643
3235.602885912318
3077.672869846615
3044.103896594401
2863.864694931234
2880.2821655892703
3026.4704445609864
3103.715266693295
3056.7740064652235
3169.4019175748435
3206.110728285932
2886.7227133614533
2469.431006301228
2610.066262836908
2647.4193577169804
2901.90046097224
2967.4918940201383
2754.8291210452635
2919.678449742071
2786.0774038923983
3240.7673624461413
3369.752191017374
3384.612235285027
3391.9216990399555
3178.5706898019243
3310.62684652212
3256.328800749737
3266.3405929509754
3281.8790187785885
3283.6832553226527
3204.5750766682168
3480.116041921684
3482.9239323317715
3491.706375285936
3487.357079041064
3492.3714814169057
3487.632695113136
3492.5108784255144
3479.073256496129
3556.8769817627904
3345.542673095052
3309.374448249808
3074.1250547045915
3362.9503101481396
3396.5653048379713
3359.3529762813155
3389.6252752127193
3501.071472614094
3503.7013051675285
3475.8689694010477
3542.9156604504215
3597.001166195346
3499.9227890887796
3493.0735999490794
3513.19414743513
3449.4764845225195
3336.48898347488
3365.430487555237
3564.2276723717737
3592.6730378442358
3587.2807097229174
3501.710489932052
3578.2722791862047
3614.6592321532817
3674.3915029480304
3668.74339028902
3677.4180311281566
3660.764892046871
3653.0877478072466
3638.137603074307
3606.636256375421
3550.3348246860282
3558.0149192584645
3572.9443716080477
3550.538629552021
3490.15887005454
3472.188885391582
3228.74373304807
3032.6073984301793
3161.35316723995
3099.119775894019
2879.9597065919215
2763.10679094298
3085.7295260000637
2466.047025255147
2572.6292400230577
2597.3102256925713
2546.080776919346
2693.8062751567336
2818.091538304612
2751.585863712611
2609.3393996356745
2161.903770487404
2399.039695063002
2491.077228758462
2528.614130079452
2678.1861865912833
2835.720249147625
2880.7105329156
3250.589179364294
3681.862055658921
3918.9992282967683
4317.039364535282
4419.93273205559
4405.6895787185385
4253.022170568912
4278.460447559509
4212.830403451243
4291.4842125774285
4249.395879111728
4256.886706638549
4258.464994117367
4095.2137127472115
4136.705888647467
4130.1810514133385
4189.24813121304
4222.779296211541
4199.25057317725
4211.038417185656
4202.474863330975
4164.058786573856
4140.094252927002
4148.388369075435
4239.514301552963
4214.283161556137
3763.5463523464873
4267.57222729809
4277.7884407066895
4554.340893956919
4395.444220749983
4083.0935574703344
4430.2520621192425
4572.898907488302
4743.837650662694
4680.840344300349
4439.016350484524
3954.6374486516142
4007.4162399773522
4652.161025701791
4660.916044127623
4641.778107476067
4634.892721348515
4563.613148191585
4611.647024983955
4498.801453863225
3721.5246984649934
4429.529902395815
4811.356629457142
4827.84500766193
4401.771569213988
4739.911000568522
4899.218828398763
4441.558986760208
4851.2873082551005
4395.254157118998
3841.1132396964786
4239.124566824486
4057.995353447363
3781.8470612524543
4348.925486899244
4073.9080192296533
3962.0939458586063
4462.600136599029
4526.409618736022
4999.99285696776
5080.624046237672
5094.927657471599
4749.7055303568095
4692.37997993431
4699.341272557442
4381.47321209213
4965.435493360907
4634.521029882795
4431.546682728806
4404.9705201453735
4186.300413630166
4235.246339624056
4486.767698968151
4510.84430424546
3932.4037844136546
4538.0509695602605
4724.441687341289
4676.253149366403
4872.991359219989
4871.985595842161
5063.742091956591
4870.787422837355
4813.022934384462
4977.3250661590855
4882.143693458848
4926.8641272008945
4677.787272891023
4953.317436155017
4385.642250610888
4516.683330497465
2331.88570892707
2279.548284166327
2108.842355004203
2246.830038632277
2105.6298717056984
2302.104069324405
2250.0056508494354
2555.7726226762816
2430.4892897203126
2599.6451985421822
2430.7389379673104
2573.136095271062
2793.9369278666313
2800.7660896837515
3095.745717192199
3114.609382716034
3126.1439143762873
3130.7887723178155
3114.0393787436365
3109.9219794569954
3068.8007441952677
3069.1828390859714
3076.7928890957555
3092.70592592309
3111.6017538643596
3112.185343880867
3088.5551678722572
3044.2245883304945
3050.2675631591956
3078.849791781019
3029.336332408105
3095.0905953407673
2977.523897231578
2950.98335655011
2939.9938483877245
2926.280773890155
2720.283097656511
2668.7067385755695
2653.6692377825407
2639.568110848527
2733.930582594764
2921.0576768503897
2972.102257912458
3093.0688366088148
2878.5960244358603
2975.65742344902
3269.9975711463717
3305.145935297413
3227.1636590541457
3216.155736323295
2886.025704194938
2736.6615701185133
2963.2237980252557
3055.32964373472
3038.740410781487
2736.542361389172
3139.919229581382
3143.6360377565206
3092.9944551257704
2791.1339572051143
2997.8921973951287
3084.5517777765986
3171.933536701635
3162.0824317902725
3089.3957648213677
2580.2569553688622
3250.335644066476
3408.8762807273915
3417.193893193721
3379.9035045254086
3341.673087151621
3294.6274601719024
3325.0352437447154
3348.3616204525074
3350.071848076372
3319.0437611804145
3267.9637766461296
3366.998542984125
3461.225322897991
3460.660054661835
3443.6804984478595
3460.0117691060595
3426.989345726334
3439.355380058346
3437.4915596680694
3403.4769903750885
3309.589015451781
2906.3970668498264
3299.5605537289944
3358.3390075674743
3331.3696785723496
3350.006058071428
3351.5143954451482
3466.4373956056575
3470.0834328750857
3396.039375596678
3492.3251078011913
3526.5198821412346
3449.1366207693236
3378.5608054164827
3362.6881792398103
3323.236982293773
3308.5678043897688
3314.581408117338
3424.589684037608
3575.203715838466
3594.4415397084545
3552.710384437117
3527.9431980470467
3579.5905966629934
3667.9343596998942
3674.520552783631
3663.6182497058294
3647.536391132319
3636.2325233110864
3630.3485359856577
3576.5071689919064
3550.8725474661424
3520.6671759631527
3547.661718629276
3540.677272688
3533.443241022432
3528.890575466602
3470.26508057522
3339.6096137658574
3291.8484966437054
3297.8726582939744
3094.4111738753872
2537.885687871247
2886.414106613378
3157.094361097708
3163.790628194665
3075.244703890608
2814.8930031246077
3107.741596778521
2902.769527797454
2718.0980596889194
2736.703539237594
2507.4470909398296
2443.559492913028
2339.742676066315
2569.982868809904
2834.139599076867
3103.432855397274
3423.887729344509
3597.413472117061
3835.0713444155513
4133.1293454306915
4186.94143956596
4319.128028546993
4322.437254929523
4295.399415359471
4277.227463528101
4273.101872793927
4283.289139853942
4261.561190350743
4253.269235416667
4234.820919028454
4136.516159468558
3925.1505695381334
3723.2061021506793
4054.7701787378182
4143.983550911533
4238.088156182458
4217.678653861484
4192.978548960366
4215.470268473119
4219.421566046601
4174.477520864181
4026.3050180593846
4222.031153561261
4264.210671660813
4301.40574918671
4298.2847823854145
4328.4339634397575
4387.148956860982
4217.461328495989
4150.3244962222425
4382.885802202489
4709.7175623724725
4715.383599407874
4563.350754919473
3843.004724371866
4323.564199638445
4686.201674276873
4710.457445219926
4698.767305646838
4666.0729733870785
4513.159747468476
4609.009927710556
4393.099618985226
3791.008161797018
4535.3150927497245
4860.935577522119
4886.563511871696
4906.342753642098
4925.287240094605
4914.003149686903
4905.762188351373
4802.04064093894
4897.785789687825
4633.911166941642
4342.230863484845
4594.184283346438
3851.349793381106
4109.226361367735
3982.689375412578
4119.537774092124
4588.623334031193
4319.877309186065
4630.254142241476
4973.948379662308
5014.4693743123125
4531.108486021308
4590.931737595356
4459.766378235668
4435.577540679844
4877.992152604219
4527.348613413098
4915.645046375011
4608.368087088878
4929.8979058416735
4207.401669971853
4481.899815284806
4887.517714107227
4247.117281288214
4398.903970904233
4694.939574843043
4491.558233358445
4858.952328825332
5022.010923147414
5056.583535458688
5053.734734585952
4880.046520627702
5057.170456321396
5038.8076580610805
5043.622582334484
4946.98378666429
5053.770430410167
4508.127306155249
4159.630443217113
2172.240437374904
2167.1102705875564
2037.3415242093079
2089.0164459781745
2184.6190331376433
2167.0829882309226
2388.778273339703
2464.28629566873
2439.5245790969198
2487.547550057757
2367.066110900193
2409.684917684634
2580.516538116947
2661.4884226725576
3052.9509833447714
3077.9762356644337
3107.967241242205
3092.4749808549864
3114.8298990194935
3088.520204865765
2992.4769834023837
2990.3915582067193
2999.4957231218473
3049.0271466455224
3071.8549636675866
3045.8544734409943
2908.973955309243
2980.3016361235395
3008.5704263990874
3003.9486251785943
2826.2188805116625
3000.897835040164
3090.295295858321
3041.722023790144
2981.53644642983
2938.673968813099
2896.5365792378097
2694.5328167922435
2618.0884597387185
2535.1397441341146
2517.3265534512293
2621.0450784070376
2969.447201176429
3031.447478586488
3027.8966458725927
2991.31952199865
3057.2299649275164
3054.372187340762
3265.4336330342603
3239.4968620610366
3224.908010330185
2993.8637477970465
2794.6291971645055
3116.066536375912
3132.6677376418256
3213.331060288231
3186.7569455759517
3069.0138096127444
2994.9043860705974
2843.525917778838
3100.738594513912
3133.7689039282836
3197.122740041078
3183.9076990181834
3170.392032942287
3032.6133873293384
2895.09071462223
3360.8042098999304
3392.107966969069
3324.2093096462413
3318.430797517639
3318.17172795391
3347.8083799764304
3358.2923035906824
3352.1515856152473
3331.1668708847596
3242.7038154024776
3203.6143610811555
3281.725340244176
3372.2931964340473
3419.520889207252
3356.2255954461853
3405.7122217509464
3371.1837222536706
3223.554322772974
3200.5571862207184
3195.3381913115923
3114.0541883602245
3254.504703027603
3274.520235485279
3247.6375937902467
3233.0011348616604
3266.7615444429457
3416.392931692837
3416.8161539251723
3355.121020717119
3360.406045262785
3443.629533444843
3404.9073621314615
2609.967393438508
3041.7617189049647
3275.1709069726835
3311.338983580006
3311.545572871265
3364.7927898827097
3481.9069754382976
3496.317157802142
3457.619622227681
3486.0353816347615
3519.8385485933622
3563.372006771212
3471.8618105464416
3560.447770037593
3616.176603869461
3575.2120729777657
3594.6687120102188
3563.011054705266
3554.7875932910965
3573.0667807289624
3566.142951490668
3556.402956212376
3554.6515124509347
3522.5835059514056
3520.0381444144778
3531.3110586407247
3373.609664182839
3497.2960494287645
3147.0285285009236
3138.310009298975
3212.8873884564387
3301.238425517329
3208.8009955793295
3291.64563962334
3338.173663525738
3316.8660011302286
3046.1066669968327
2839.3903206003097
2697.690247825052
2649.5881813860283
2629.355831351156
2371.212586711386
2602.494673296009
2884.0458355339665
3165.8002435198846
3557.975636658879
3827.506853051499
3984.4444545509236
4150.556818794593
4179.646570712027
4214.442679225531
4211.061258371846
4221.309885308733
4243.495456607869
4256.067445812956
4251.868092832042
4216.179568720751
4185.330274498078
4178.337407230189
4134.889849245048
4008.142940297003
3958.6938587420427
3915.6918205919346
4102.351712373683
4189.289040404829
4183.764546292627
4183.355539614456
4087.3404661093214
4244.376561850779
4220.408653142834
4190.851321117957
4233.090920699878
4301.093405107935
4298.675828456628
4317.158028244321
4282.39604555025
4303.467750985492
3824.1557819608406
3883.174754649096
4303.172389509891
4665.263038594528
4719.6030574819015
4706.241264723504
4217.053483178239
4191.952951692468
4694.380870538193
4720.794463770686
4725.693492915236
4692.710382787136
4622.086342678648
4593.465826270549
4609.1858938518035
4500.907624002155
4397.042541518925
4805.528588744042
4894.239834866858
4911.397161417333
4974.748902973478
4967.7467765210195
4918.904775528989
4889.11579855508
4925.915783924558
4890.057940497043
4677.478106186543
4800.575342447755
4809.995259200294
4191.501920076504
4311.297696641965
4595.986623922852
4685.749859820171
4457.429908783636
3784.4708376782155
3793.7425444599744
4230.460301413231
4401.599184390348
4583.3695435521995
4227.250642013219
4811.545454468226
4929.54147374547
4708.178290083113
5010.818363627442
5061.937263285262
5072.232874233981
5066.326995634842
4889.6530247054625
5017.463197606744
4947.492244295873
4471.417045647
4675.693079749178
4497.158415819305
4564.706800973362
5029.343757506702
5058.888928291385
5060.355268118617
5062.073902654222
5067.421850012361
5065.362287389138
5056.960856968497
5056.8295875706945
5040.864391486458
5058.264175469823
4456.669968203188
1989.2074333061116
2154.5440805660405
2149.0885650138894
2105.2401820376435
2181.6145975782156
2121.17644921736
2493.3875648980465
2553.634025120544
2652.9967001755585
2461.659163112033
2600.4188893236487
2570.384948720909
2496.2673411303654
2598.429314209348
2888.258785201922
2888.90141029451
2963.9227944630793
3050.1494112038613
2904.418740684619
3041.4069735500343
2994.607145316229
2817.87075347205
2724.395262085382
2808.206095117706
2891.530335942615
3025.2888039451173
2686.663272830712
2697.2966439804463
2980.7700726470707
2989.0274829132854
2949.741816063478
3008.819302447377
3027.9555444912653
2981.4684450165432
3012.747640126726
2918.7704228484345
2875.2335702687114
2830.1282547458436
2604.6444233123934
2523.026234603322
2468.433426648752
2622.300783546753
2976.2587718735417
3020.1020398372316
3014.8280487224524
2978.54315761293
3036.350164568497
2943.4975040322083
2987.598265319769
3124.257297055199
3225.4633782335613
3216.6873808384794
3180.58424627289
2999.526201839763
3207.3628389034984
3242.7987081794085
3207.454856580813
3202.778624345675
3104.45051387794
3054.691434887719
3114.7631010626765
3166.1907186025624
3183.07714599798
3209.976719692516
3214.584718513798
3250.965358781044
3211.373018072513
2834.5151255648684
3320.038516454473
3370.716586286921
3338.0237759339266
3332.5791249931826
3342.680933328348
3366.411048664499
3350.8550430291375
3318.0614687175807
3280.0243519005066
3223.541663852233
3074.648296891767
3241.3239552418586
3354.9243631073364
3306.541124927047
3301.3319906736197
3281.075890336039
3017.7592521008814
3081.2286424126023
3091.5264584887504
3065.542056173372
3174.7967469211294
3209.80755210893
3206.495329614467
3174.474748934743
3203.3542919323468
3226.6947774470755
3385.7010262505237
3346.3743763236375
3304.31395396211
3275.359281853684
3246.8234425387113
2873.0668367221356
3039.6654410402302
3254.5994707544264
3295.218648362157
3334.9115737504494
3380.7242696135345
3393.8204938308645
3390.357081146222
3420.5801024472717
3424.9955603438875
3432.7392627617223
3448.9708754043786
3321.335960767883
3476.365568372672
3583.3182081950226
3430.1471051632184
3205.8501593503406
3534.470531626431
3524.705120558926
3581.8671957297474
3585.3067598850243
3562.7368148000105
3553.888626856418
3452.5093425323594
3502.210910319046
3524.3493550243506
3520.2809489365354
3516.509114789814
3466.2410622576467
3398.3405773354502
3438.1521158044866
3449.8880338264776
3373.937887242359
3430.337105147609
3415.9853533286137
3379.94285861874
3213.7272749708773
3038.7584201765994
2932.298179894204
2719.792158647364
2655.7960276763606
2700.125199526834
2752.9975448020145
2932.8378619701107
2897.3265591617064
2945.9116427048766
3693.21434946804
3869.6407207948732
4163.905293071272
4162.525201612864
4153.588785289814
4140.80643034525
4145.023447453786
4200.941510107544
4227.850401464759
4209.859893086344
4149.252745418293
4097.925200203594
4093.1724128072824
4109.324964363403
4107.0416228765025
4098.65605359966
4094.631394778077
4163.614130911142
4169.668160792244
4153.5921401468
4165.7557965333435
4142.387593183199
4158.686640661114
4205.102272835823
4222.250754664657
4250.937226704112
4302.107769220515
4316.70050770501
4340.980439027202
4314.807230389587
4281.177895237849
4137.107856794287
3645.3619354044154
4365.8329327531355
4573.802834631381
4702.295742786749
4733.782874935243
4587.614368325241
4602.467531936899
4740.479444483321
4744.906658186172
4735.816513422681
4656.692441400287
4640.816184043069
4635.6091644881135
4616.542813086714
4605.176315193911
4600.478763648151
4800.155693035284
4913.906897239015
4910.841105824427
4964.846194164178
4977.8491026078
4932.45721585904
4857.16886564896
4893.4119933518705
4917.738512791641
4811.415733110641
4736.6574520427175
4781.812559765082
4612.9181189047085
4613.959210399238
4712.575124344496
4908.547479393311
4851.147511672329
4782.389771253146
4795.734256579802
4896.454742421202
4805.6684579021985
4773.890391800925
4788.961133517232
5031.759656437556
5031.293243889325
5048.860475680412
5069.931930496174
5055.889549293221
5060.9580407614085
5065.784492380202
5067.591664105797
5069.785243669129
4995.674076872402
4844.535522796435
4831.180075771243
4854.342208710075
4921.738502139389
5051.107611787388
5056.948769382157
5056.397478086105
5056.202248238733
5066.75785163726
5020.196094718992
5006.777694061399
4996.211935033877
5069.791113429746
5073.8898453298225
5057.797020471513
2444.7172722099936
2279.439430106634
2211.4130088468146
2179.850539023087
2133.1090237192543
2240.6393542143264
2516.4428845058114
2528.480835238224
2705.0190120530083
2686.3577518576058
2671.3130418027304
2706.989143091106
2544.364418543099
2656.582224576504
2805.7173769088276
2824.2500797757416
2882.5019679891034
2882.037946390315
2838.586981796724
2815.1571123200442
2795.3140341460935
2525.8984412749774
2551.777092722673
2595.0639509361904
2659.334846136174
2943.692171961759
2647.625174219356
2402.554832546193
2589.4504241746977
2950.7761272615453
2949.8612009443973
2953.8256136093514
2809.34667908789
2846.380410662659
2847.2701771977668
2860.0733225852728
2852.1556643825156
2842.8551962038505
2541.217236533754
2526.7175272640857
2426.5604812093675
2314.223991264431
2862.509635452557
3014.420461352697
3063.858334442885
3090.544090643362
3091.153589451961
3066.102247778786
3094.2421918952004
3007.591369656405
3019.7789930631866
3165.8532215490736
3195.0629730622522
3042.968539567581
2798.3051561169354
3267.634386592201
3269.2777657845104
3275.913611182645
3246.8153308351184
3097.791569072084
3120.588563878883
3174.608817068156
3190.8748402152996
3199.3407231062183
3235.2372917516104
3240.951614540288
3238.6527456198887
3119.401470199387
2735.676498523966
3264.8281472148406
3304.794253493277
3307.050762717495
3327.5768096533375
3335.1750212245756
3321.719311653237
3306.285766593755
3273.97462520629
3262.044678422107
3068.0826360344877
3062.435232166682
3239.655430267201
3040.125766776749
2833.258756551263
3035.982456467147
3058.6955287777405
3082.5916035346204
3064.2474330609166
2980.746831656811
3019.168153267267
3130.734469801128
3140.29936379552
3101.1773752845907
3074.629868940482
3093.3668840782316
3112.2439579793554
3195.5460142303646
3282.2996127323927
3258.436077880004
3171.2874213440114
3207.4691693143086
3185.845619333168
3198.468843137106
3211.961799998068
3377.6362131595256
3381.204219806394
3369.4373709133724
3375.321883814234
3406.0639786319334
3413.5246676414604
3428.965388765132
3496.5527436000043
3595.9801256047695
3522.669776100339
3529.724120821901
3421.6119628948686
3445.2007974924772
3517.384872419198
3484.157819853172
3576.8827112195463
3596.451902136767
3597.5770460239987
3580.0387822057583
3389.8855938494885
3473.3883553629817
3521.7358999077683
3518.3226400139497
3521.6253615777823
3509.787171589051
3484.5644026326368
3390.2413055077286
3496.1754518384905
3465.6564519685194
3456.6050947223284
3471.134210868039
3402.124411232172
3343.4706062024147
3186.8002850723706
3206.433937210368
3173.5038066754205
2974.8214317030215
2863.3254255994334
2745.9300519269646
2780.874588192135
2988.2445289888683
3316.3439276028053
3558.5498908354925
3920.60233531659
4065.6509826691313
4091.906436962008
4098.146489940191
4122.443581005004
4145.605831488981
4189.128991799966
4198.722098333711
4134.930483860745
4041.0723121899746
3992.2842378401874
3990.040124118666
4051.283701289423
4114.116509122068
4144.995446906066
4158.487623884293
4057.510729642126
4127.937632578294
4117.891269796553
4095.371216333226
4110.2591954027175
4141.44458571214
4190.95339688517
4215.098415849353
4238.709927411729
4230.386417020832
4294.359886259842
4356.879668809461
4336.9507147285785
4261.440931527847
4252.744959334081
4133.626676624003
4374.088906099786
4490.93440921695
4631.003555247094
4740.21543888268
4761.677467086935
4720.288871505752
4775.700966365337
4750.878571943599
4746.2086146559
4722.944451430071
4456.305868465663
4572.413820488084
4565.017888534061
4537.759131164699
4387.619503283857
4427.963607142706
4615.950552932416
4910.712722007186
4898.224331854953
4903.803149906896
4548.320685950423
4580.148008112472
4837.116496161342
4908.622131264756
4848.264072968526
4735.82977853659
4981.982402495542
4922.169551135304
4800.387505409888
4727.184302682529
4792.475122274656
4871.476415810577
4938.665442459558
4945.003376334784
4904.053470670289
4851.829077787343
4844.437020999425
4702.601794707067
5015.436637102048
5038.6428213983445
5044.09503734323
5047.949416076072
5046.865583306011
5048.852432934081
5054.91001278786
5024.045626529604
5126.055908889803
5094.010050361951
5046.8704175623425
5027.194801790701
5073.860194853755
5043.938622205728
5038.933145350648
5027.2308994285995
5051.447999180993
5055.937063903615
5022.435047770477
4923.77449194219
4826.1835112707495
4924.701677858877
5033.395751008192
5056.621842635919
5057.868502807658
2863.682938059357
2806.668008893731
2865.9002011589273
2753.6713273396626
2254.7839895607244
2533.526516523142
2325.5081656857938
2537.747488802594
2660.3825663796492
2744.9115557716236
2706.1496247812197
2665.50681717232
2515.3571901176815
2696.9549275086897
2679.2275760884504
2496.924185844526
2839.0560161880376
2834.4581680822794
2777.955874486478
2799.0792365755847
2501.667066431702
2497.6294723430797
2735.2358556917093
2856.9971890722895
2694.801333867676
2833.0827981809434
2798.9167453100736
2287.334723037905
2374.2224200657292
2853.7186406595624
2928.52276994068
2888.705049867528
2792.237140010616
2756.737582307286
2749.281658737647
2803.6414002664624
2825.4191363906184
2839.7122101604964
2630.023562746775
2430.390307567835
2326.728133122054
2469.906322710386
2770.048638416643
2896.633196802502
2989.8740037589805
3043.9985785387134
3086.156348959398
3101.10972936332
3101.07331835546
3058.0000104535166
3057.896047202501
3139.525265415251
3180.0287143370615
3089.764064857046
3010.260362128868
3100.587404359307
3292.288943448096
3300.1153832278883
3285.6247401527307
3258.637853595348
3109.2703066528857
3158.1351552171654
3206.1850429660485
3211.014015085968
3240.5829492129683
3248.7265465182086
3256.4428215357348
3219.526087730584
3176.4633713425146
3239.9433781909024
3271.878778689501
3276.281673169654
3267.224094384567
3311.792001620266
3312.1101707016273
3286.7208455742584
3250.1966906099515
3240.6615152685167
2906.6173386255155
2876.5096444951364
2885.594274751789
2857.6637738520976
2895.925549428015
2961.1712328678773
3029.4826396623143
3085.453945896075
3053.2755181105417
2941.38560111959
2936.794592844978
3046.651803304039
3072.338302632623
3079.0290671130283
3097.7471686556864
3067.695009253424
3183.1467471969977
3229.0454538104545
3253.890826624893
3231.2206820596666
3079.906629052042
3146.264105001226
3185.163018270057
3158.933910791868
3155.67287239038
3311.353849164818
3081.843738534674
3289.4796864800933
3350.903848887365
3363.9358529533197
3407.8113313540152
3421.344865593661
3457.570111436595
3491.3253843281814
3420.3303066932704
3332.0897084190537
3491.4785955681214
3569.947997448499
3601.8330913084174
3569.331417583894
3570.002410492744
3604.5155603081835
3606.684999999999
3576.9399062073053
3526.545528350841
3353.9308795638926
3495.6157901872075
3525.817199248203
3546.4633611770964
3532.948319651456
3524.1259780220016
3504.3377698446893
3543.7013386148446
3515.1400632004666
3481.5298349534214
3466.1550281925024
3430.451618060083
3321.9274590499685
3304.424390976753
3276.7491601857305
3278.622335719845
3155.6967536185857
3210.122787322282
2873.617200811104
2879.315668479726
2687.3096052519445
3339.4907018558906
3451.499672399669
3657.0005688051283
4048.7987822415
4027.2266610416636
4060.5558184274546
4122.744215620769
4164.825921905565
4178.73662904149
4177.450238798739
4050.1075346962048
3900.2805884524114
3926.2478214877356
3918.4089236932614
4060.8555927781144
4062.3517116607763
4025.7305197319615
4044.937449748436
4054.243453337802
4046.399251955248
4039.276187262279
4071.422399185889
4085.4973757098737
4090.5053316291373
4091.5364577314563
4180.655933414966
4228.163488394018
4207.4831544431545
4305.638651376587
4399.316404215933
4298.837382791042
4243.024782062367
4287.359467734926
4417.632778858118
4579.549322740378
4673.213485850049
4596.658048774778
4763.727691416666
4835.790259847276
4809.838943533954
4851.221907539596
4783.491242169312
4748.119419211421
4547.252442679491
4520.041518112822
4333.772938000668
4415.884556599284
4496.305860729356
4399.432404081874
4291.675676591677
4387.143036369788
4908.6620334605
4842.355785250748
4839.364687693675
4116.933219779768
4364.657001432071
4840.88676483983
4868.602239526234
4801.454847758815
4828.021331460564
4902.490592394085
4768.221337833977
4389.14348933952
4547.210950097803
4507.803542570506
4688.172585537533
4840.437530568221
4895.496909429907
4901.409843486843
4898.4754029310325
4751.463667817221
4504.748633493797
4892.837638508751
5014.691385599611
4944.898250269552
5035.075209070214
5107.2072821343945
5094.956636086915
5064.654604882396
5099.2062977003525
5134.6143568743555
5127.303984109742
5100.3103710428
5079.619999999999
5072.397893413608
5045.238174006169
5021.767034996504
5000.117156549444
4944.536774590277
4980.827563656447
4949.5194900819715
4916.71924400501
4906.344710520501
4923.11385952187
5035.980581023002
5041.5878632808635
5055.554511473696
2969.6470798369
2953.3963771841804
2958.1028851726055
3015.964134293997
2980.3711946599783
2928.5617494032344
2786.427314440492
2606.685769025779
2511.4932051940586
2681.098318134991
2542.683227544795
2701.6121977495523
2691.16634908482
2875.9484951063146
2774.572019319598
2784.961605817254
2846.591278286724
2857.3320887565324
2743.7925043806194
2874.591512859427
2994.4131564385775
2990.50583862129
2939.3436847799103
2977.4049727788297
3001.892445493707
2958.067302080312
3027.74113870553
2284.601832314733
2244.333764698856
2683.7262353339916
2896.0720276618754
2863.7807324522305
2804.6796624276926
2716.0618555107912
2655.1456908448254
2685.6506805754757
2684.845379074583
2823.527874490005
2522.196886831064
2388.657611342351
2347.4295309099293
2713.834330891511
2882.5864296457407
2794.918197895766
2787.850664481872
2985.235012452675
2919.4770761760715
3082.5696422858073
3086.155874453653
3070.011734647672
3126.889258210688
3134.044339745908
3175.793327371659
3156.6798921708873
3132.762025752968
2993.963267602718
3100.36793817659
3307.84454195997
3313.9340985474746
3288.0342859931006
3263.1649272990885
3147.9501777421183
3236.4731414162816
3228.917420077865
3223.581628959225
3237.8140837571686
3245.712531968403
3242.0194163110104
3243.228121320572
3243.015128142164
3271.965885086632
3207.2807676781786
3035.897472965757
2965.12525348141
3302.602091568774
3267.4330582460284
3229.141088831106
3165.216829613747
2815.2187619513015
2664.283206068348
2782.7226838939837
2795.143266195863
2848.1715345316006
2923.1473111438795
2997.0212766953055
3055.2958597766587
3028.8256191616338
2955.753962539014
2933.5747409002565
3057.8085578804235
3111.5659862129023
3106.1034316410955
3136.4636541514733
3156.0463924052024
3168.4652000106207
3235.3354487152983
3222.8869818861594
3207.8452991836516
3094.8852002474887
3082.231230147602
3154.7311978046487
3187.7457528197847
3273.9131278735426
3236.8392169582444
3041.636714162389
3308.7060036215203
3317.3769938436985
3353.0642705416217
3435.800896478423
3460.4616898019062
3366.6717837959673
3365.0126168064417
3376.638072006193
3515.687294206307
3534.174800501733
3594.632968883055
3605.905763548368
3598.6426628023237
3609.2744017653754
3598.4464060172204
3593.165909967998
3556.4320044379433
3570.3652353909742
3531.4020074848927
3423.91160335098
3371.9365677408905
3535.8702821384627
3579.0584763057313
3547.4028625270116
3543.044982561044
3534.2374590795594
3526.0068782813537
3492.106007838309
3356.552117595901
3382.1207383168953
3279.277863408381
3315.62816045758
3282.114458878359
3275.722394340832
3262.4455259319457
3260.475171771168
3242.5798025969634
2937.450580090494
2153.0381562634466
2665.62477562702
3394.3535369137076
3780.9983354785063
3990.0758757070994
4035.8012000379445
4044.353075265522
4078.112415389877
4125.089634429233
4077.751101771933
4112.501151323649
4049.4692081935104
3875.3259896172185
3931.578566767814
3799.81624042725
3975.7878715119655
4008.476182906741
4094.441127102546
4032.1065851520825
4048.7922781396232
4013.986648723008
3963.780662600301
3998.454513379381
3987.914987432734
3991.3009927185017
3998.9138920969654
4112.941566311856
4189.52652944231
4031.718469250577
4004.1228378139726
4201.16620236009
4094.838700548898
4147.808660594842
4286.889019819095
4471.991450579402
4618.919137360297
4676.520361355256
4524.705292844906
4646.868443492859
4804.15362990899
4741.209994440318
4874.533960981245
4803.244080789235
4746.508693648388
4741.688084818687
4466.014883380521
4383.743723043854
4257.676682961523
4130.351389533108
4348.154070617486
4505.604518762394
4596.771351322537
4561.74625422482
4671.482762012669
4770.187729715367
4734.29073881872
4016.6730390445387
4734.414489968864
4832.665134849464
4757.481797993683
4808.281096153597
4824.430655463388
4784.8375938429945
4693.868805006691
4686.727816148806
4660.642328341168
4717.306394484132
4796.907651692947
4808.507829048366
4896.3629192441285
4956.856861204045
4969.339155560441
4951.104890016019
5028.220042606744
5099.405567830714
5060.974050206986
5034.262906434757
5081.890393559433
5142.028001505038
5134.7472332810385
5150.716949065231
5132.442287476516
5098.188342596817
5056.747307712321
5029.286838812953
4984.764006871501
4672.305459586821
4827.920352419038
4951.2057898421535
4880.3245920793825
4924.442702229019
4964.8849974234345
4948.1049984160045
4967.376864744838
5001.011162109463
5049.646008121571
5042.489462532712
5029.451280395858
2911.2152430446718
2922.2963088478245
2926.8007452856186
2984.0108156539904
2977.598800363307
2992.0224309141986
3005.9449306512147
2977.7650767838845
2695.380147257988
2490.899148660635
2610.593690079079
2742.817913959535
2794.2226426274638
2875.070324321535
2809.2918600096773
2764.5673886551804
2797.464013612102
2754.7869042470616
2710.341920857088
2787.0051306990595
2943.4520912756107
3003.0873467221268
2981.3352524476595
2926.5470201437297
2997.7719697365665
3046.0595725873295
3037.192792568084
2795.96654061051
2360.6580998448358
2260.6169212204213
2846.639955076595
2827.173039221029
2828.2368299022364
2391.075178663241
2364.671817417449
2621.0239479523852
2706.952447731937
2689.8125688423333
2683.077602390737
2341.1079605308682
2358.7466382812477
2611.3989056263385
2881.2571864956135
3007.8923251660476
2948.52303396216
2891.6943861161394
2843.888573259275
3012.9072023170993
2924.8352045820097
3008.3017584344543
2943.8672099978285
3128.0478584462135
3162.5799001750484
3193.918925919108
3216.23267062931
3300.918149237076
3323.247776477793
3271.1695998833857
3332.393756800568
3292.6907991972776
3273.261406520153
3257.3644137502665
3249.324292354699
3239.6249537791273
3230.9735723188164
3252.216497843463
3221.0762695423978
3223.8939220610177
3229.485123668485
3265.9737478016473
3265.640639332271
3190.72868582087
2875.721431628293
2841.8640515287966
3224.6071145427577
3215.740781729207
3189.223923404674
2968.897821960317
2657.6996438345886
2638.3430614616473
2828.1403406027252
2832.4099811682004
2882.212157823049
3045.672575570213
3011.0334155853106
3005.807828357304
3009.9234125257694
2954.9390423150476
2956.9169518323656
3007.441489658803
3072.657111125097
3099.2977679381297
3113.3074883665777
3137.3419814474005
3105.584847463463
3188.7923011279145
3190.9093175109647
3196.639582898165
3141.3780548844215
3046.743138722259
3125.8856270382817
3176.4955769315443
3238.711191699369
3250.638217999953
3257.844114129709
3312.004006312162
3324.5503197421162
3319.5261554862836
3360.9713390087236
3575.780221422188
3537.003556383797
3373.7699946563903
3478.6508706006707
3583.1457931021555
3613.536133555954
3597.7501150763883
3577.1808876232267
3603.7803416278807
3609.53499536036
3610.658282360077
3574.803635360003
3418.2475882615995
3563.358001700323
3566.671167935446
3506.492574671553
3498.9665181405544
3510.3304741100355
3585.1722527033435
3578.964682037872
3557.9799616008386
3553.1068953021645
3515.0979190773887
3473.3830913912766
3339.584102742444
3306.659708709499
3272.2640365611155
3254.6490698776724
3280.9453914047176
3279.7282473879955
3282.492464441981
3284.1321175275298
3286.3476306573775
3151.572003377118
2647.930937149178
3348.16085775721
3634.611024765125
3842.1390225849605
3983.160875460455
3984.528071147879
4005.6305015245844
4018.158876060322
4021.0439326595783
4034.2281611953463
3938.39506220914
3924.1078330344117
3858.7262679895366
3652.0549638629714
3676.66122215144
3726.6027264082204
3864.574134283813
3846.0612740318234
3833.127679955959
3876.0564772482144
3794.781151461281
3407.3642640054777
3955.8460970103492
4015.7388937045343
3943.9960883812882
4073.8010049579443
4073.171937229646
4110.594764261962
3994.710743171464
3828.9679488495035
3913.516885282587
3813.261199440508
4196.6190292872125
4211.090857697488
4378.066708860614
4442.914794372432
4363.645575357769
4414.929835254884
4469.550263760309
4563.74296971383
4489.610431222609
4455.280156607308
4639.991374142499
4715.808905218884
4746.070285650156
4720.012169981195
4432.935634146473
4359.3796333589025
4352.626756296057
3966.976062289877
4393.136633174178
4613.021125081326
4626.964602271498
4223.2489897411615
4538.739524989922
4590.313001420553
4440.540939549436
4794.198249537365
4802.520902952691
4760.69318581688
4672.429387903323
4758.667788304351
4798.5166734591485
4811.531935736399
4816.5520792784655
4789.656263753434
4804.547526960928
4877.565860985005
4875.648099052259
4778.608121146257
4930.701170802313
5097.638834076251
5193.69879283562
5171.84010769338
5215.698217164266
5176.91245269752
5133.86182942215
4960.411953237128
5068.579303803597
5075.716314955179
5106.787897670271
5083.934559710447
4998.90201655211
4887.087759464142
4905.720172629482
4757.832729124487
4588.0050837848175
4573.6277090057165
4789.638063966173
4957.874158597603
5004.7226219581125
5024.005293533511
4992.018030381828
4968.127056642438
5038.476260149414
5105.068620979231
5085.495565241012
5046.876051223262
2613.473959749663
2629.9028848482267
2736.7244996436643
2756.817613582913
2897.3741636552777
2936.7629993049286
3015.214541517797
3029.3275515182836
3010.252431364174
2621.005094536927
2621.6413310041416
2762.107160753431
2812.781125275931
2752.5680486273786
2784.9268676086544
2711.003053137207
2790.483782030142
2580.762180918425
2514.9598047114073
2688.357977313481
2960.5834081442868
3058.3856188077543
2924.6926644193613
2822.9739817315026
2927.9431292211334
3044.570002393446
3042.55756272202
3036.3123134936814
2964.158855820637
2772.3067016189902
2652.1698243555034
2798.7127105850977
2413.4164565602186
2272.8306796531583
2174.7491422491184
2483.6967343971064
2647.547983820767
2660.826804266339
2679.2728392136305
2174.8356652909683
2195.876978756605
2419.188624645164
2668.4936832985213
2838.5711607909625
2887.0555781202256
2852.6353171257074
2883.455360143627
2860.94695675
2930.2881819487734
2963.36391341572
2940.8488054738045
2979.606896452719
3095.888266546297
3156.15671432302
3142.6883964800877
3278.698964181423
3213.9922452061073
3331.196351867831
3296.7074975622695
3313.1264168090656
3260.825324605941
3152.9600095405867
3232.203744125901
3224.906550722752
3216.9005464314414
3207.5936811860915
3189.197871103266
3188.3910729920717
3182.5225694002866
3228.9735310257997
3255.8491014172246
3232.5263888360637
3179.6476920452474
3109.5362730276515
3129.969954971283
3162.402633541824
3002.3804363391764
2706.0126861522576
2701.092827417892
2564.134350325487
2715.9062546238806
2799.300334171871
2717.8219354993635
2742.334707106781
2949.4231357029917
2980.1205744173817
2988.6074284708698
2971.983743568279
2958.109856870552
3020.5591719464087
3046.5119717417724
3075.824385501611
3087.529335023891
3101.6602504435687
3069.961142651186
3120.669408608975
3172.577030852146
3193.8745936160476
3129.3910600497807
3037.953169244368
3047.627724533866
3068.204673024688
3119.012497518564
3131.153895363622
3117.2766228084247
3215.450200593318
3295.9968840231186
3361.690480886769
3434.1066037155542
3594.844979236166
3532.3782656200315
3506.7771313867183
3504.621452713409
3601.7642785997014
3615.904950320555
3609.2731755391396
3565.8541345849612
3539.950884244671
3555.996164673002
3568.2064125229363
3596.518409064727
3534.2754564093902
3586.120705643914
3598.4518944271176
3597.0451021282647
3567.1200299555094
3573.611901069629
3586.16735481273
3575.2627683915325
3574.345622872192
3566.5572858566356
3412.444822455735
3360.2968008993184
3182.203997589361
3257.116042475694
3205.08870823025
3195.549760130146
3243.9319553950345
3227.6889872001566
3257.844242885062
3289.191088008717
3282.259935633529
3038.141117744302
2733.744416457912
3492.0317037228783
3609.2637449791637
3916.0074203892636
3953.770950635309
3953.0519664508133
3983.213974101839
3970.1775064868275
3970.524420311241
4068.7278025647374
3913.3588178227947
3793.721383927483
3725.892818611479
3588.840000490958
3816.4726592799593
3626.7481749329363
3846.8078049010164
4073.1020443110992
3820.234974289416
3802.962468653406
3654.193414238006
3641.9333214979924
3751.660096273602
3747.4507434440884
3973.843123904949
4087.803962450301
4086.04182150373
4063.9882435230843
4034.5670521240136
3909.606068258965
3989.467734430773
4036.6251969133277
4077.395289571499
4384.530361963027
4353.053933218272
4390.8893393559465
4398.690985452571
4404.532521065632
4365.871319790673
4433.828861390816
4476.456544325852
4237.308831359995
4621.177642474547
4607.591612613255
4483.299728575512
4708.806747353072
4664.325177667434
4320.6470732134
4478.182325073497
4228.870905335718
4361.293295018323
4633.5745167894975
4621.99627501574
4477.755537706733
4045.2960851012813
4441.070954410949
4441.526686359935
4666.145390132237
4774.153644028777
4761.9518701211155
4564.50891947448
4585.422383146278
4697.230262491997
4547.055056312371
4800.040699222752
4789.450615082539
4815.791716305243
4923.526032336534
4802.568593081492
4503.509333286227
4821.9918056208435
5004.784983699071
5074.067263402174
5057.873732937293
5032.956180795182
5028.953504652945
4984.123177669138
4714.312866006201
4420.959196028701
4982.581880650396
5002.56011374833
5003.077174127994
4766.1262662920135
4541.739834705638
4330.181041759247
4605.761469645535
4479.6545526312075
4262.280329838184
4392.574634980764
4845.604689315397
5002.566224526472
5039.38233514954
5042.169238680344
4961.5870325828255
5054.743833818234
5125.219862460414
5088.764527598
5045.017920933134
2652.3479457470744
2589.436157393853
2616.6931372469635
2589.4662236128615
2497.3510946309743
2669.8849832898595
2957.0129823887737
3022.8170654409832
2984.353915174266
2665.5507747583115
2094.11382283563
2560.209507860681
2820.766171567473
2801.6484148183554
2544.655734912213
2670.541485801697
2785.1182259379166
2504.1540858758844
2401.3177939293323
2576.6317690164924
2989.71517335075
3036.2250227068967
3014.1100349451826
2910.472039649633
2800.9466570043337
2976.3171817607167
3009.789491165642
2967.464979195354
2969.9364623726515
2937.3449938594417
2757.5584733789974
2812.2017825771313
2653.4006576027423
2307.371179037222
2458.6474602778976
2457.776731274363
2580.743226900416
2578.7687202904913
2362.8417430662244
2281.285263727968
2168.0514696201685
2295.8102816066694
2567.2742720474944
2711.8498061919427
2760.411881654821
2869.633498653851
2897.735942165783
2890.1227952035847
2930.1564959332727
2976.569699285654
3008.9220730317857
2931.4277496180507
3010.563295558679
3066.9681950635077
3101.1026685407546
2898.9725970992904
3184.7408376615585
3076.3391990682985
3287.5320971194064
3276.208411966774
3133.2339907592705
3026.1077228568383
3153.905009992327
3192.9103603922194
3212.9886376655318
3194.835862446728
3153.2630245024266
3005.050166339541
3082.7117643599668
3156.932234161079
3238.9182620713545
3236.8961728062536
3204.496938714483
3214.4035484930414
3174.0972562316974
3196.9318776139307
3149.5920248560847
2987.468042917412
2718.1428788276994
2646.314273624238
2744.992128797796
2787.3205732341344
2773.390641025511
2790.372332870692
2818.152620737765
2947.5246874119184
2958.253194104505
2935.4621453418545
2921.8626917267375
2996.3669485058185
3024.5140046661395
3048.3530796596174
3026.846375047414
3090.62127047825
3123.7630398997453
3117.1325518396206
3152.790312747735
3151.318958251286
3086.2909095657096
2962.938401513923
2973.9132924809182
3058.464502254503
3079.2468337220753
3115.790915528547
3046.23890468745
3150.9342745831054
3300.415734275099
3451.2870598239915
3573.6874332077327
3409.071727012842
3319.3968213023536
3466.0597274414804
3548.1800407499663
3630.1004920230603
3628.4705797340685
3599.362845380176
3585.4610222285214
3563.5879452697604
3496.241847657237
3510.249789479877
3566.7893183279994
3587.918968794177
3588.8012910033267
3624.6183200437067
3614.130423060715
3585.15436630016
3538.301801966333
3591.5187631180756
3639.038437888007
3609.505890785324
3519.5860516291814
3310.141570639369
3202.172100085133
3102.971681373577
3194.765081753785
3195.1240322793087
3084.7653553931596
3254.889264523521
3266.586219595566
3228.441959663329
3283.0214545918816
3216.503119896161
2898.3738152760716
2696.698210108655
3323.9519581561685
3678.314756739223
3901.507081181898
3879.2411529882966
3897.4186681130777
3928.4358650614404
3943.5592909813126
4053.7683046401107
4202.8170012186865
3907.948750312604
3935.0405817384108
4170.131207018314
3935.142978774539
4231.074044291408
3663.4625138732204
4130.920194594161
4115.895512639607
3674.0659908757725
3834.6308752957193
3600.4869195823157
3430.4472536050857
3604.1914322922494
3556.9431386192377
3832.4743318402825
3642.1419235595677
3998.9552084070306
4053.5238788500155
4001.9420634719936
3764.8057761732575
3845.400692753051
3934.772523892689
4246.95674140887
4275.688700688845
4359.788255729655
4407.096810131725
4444.679358113898
4439.8178594593455
4310.145536453201
4369.183523238215
4351.557456090809
4355.306674486468
4628.256720251812
4555.394537724872
4495.478935842689
4649.197352018855
4660.400987656173
4682.387959531589
4603.030526967879
4619.175385320343
4626.269923081631
4636.101785714004
4622.204568819725
4608.3021259956495
3665.9536411340073
3933.9600108226027
4209.069506260283
4526.428603240766
4702.23444039932
4726.0914412185
4644.063229023342
4571.565033833228
4571.124237618332
4356.067795259482
4418.864306329252
4780.310424761792
4752.331003015555
4652.326770157627
4859.550806318806
4854.059304032502
4817.769664969995
4954.453050333516
4967.016980613596
4858.716947145537
4759.042497347995
4806.776888764204
4943.05357674235
4952.5957798117015
4744.534183725819
4958.767417911994
4974.010341136827
4908.073413435164
4474.390683177747
4070.763149371453
3925.0314168209243
4230.748819027595
4382.862438846178
4310.006061508723
4317.386470788434
4770.620745442732
4988.064865549651
5027.514212993519
5082.090026841481
4938.686510812527
5047.947030619161
5110.233302823071
5083.292596246433
5076.116125329778
2592.01874951671
2535.195147254239
2545.4146310587953
2496.2066476016494
2379.5177104897834
2329.4531933132057
2572.19732415008
2899.6505564617373
2970.998168081255
2692.2131374879023
2335.1638495413067
2527.0004272416727
2549.863522988142
2682.8151139601
2784.121092618957
2848.1665754964256
2815.696498352031
2613.8234978752967
2469.1409802649064
2563.9375149875304
2843.9402484187076
3102.4672755318666
3158.8328489823994
2989.9878911887304
2847.1237812753666
2659.2893138232885
2877.466667046399
2925.989133580963
2897.1383082050493
2855.6138026470453
2828.9116686300704
2833.117173837843
2822.651512500618
2717.901611581426
2761.4362074085734
2607.9289170853963
2507.7829263495832
2505.39304307624
2373.6128619716274
2360.133331853903
2251.4665667081563
2239.659431475332
2526.6617979472967
2695.632255420421
2774.6213032629335
2671.7291676029395
2719.780799153734
2756.6102197741043
2739.3424054021143
2958.095071228563
3048.0700084515856
3022.2862980290492
2999.6318599759197
2976.716454246115
2857.449169774327
2973.5574339059763
3086.057573558599
3151.7974034627127
3210.5367441835742
3222.30944037036
3054.629727799405
2961.3592341142776
2985.4595169489676
3127.9829417191695
3081.9435037966414
3130.315350297375
3162.4774123067414
3079.904019212409
3035.8422562094192
2990.6140523569575
3200.933983719015
3227.657740495518
3233.976058722964
3230.8820967866327
3209.4226874261462
3222.553960567229
3200.9367060595623
3181.168169595696
3038.4176289539228
2909.7792982326096
2742.6581208120415
2812.1329122052143
2792.1502132343358
2748.8864093353945
2755.0045439505066
2848.830879849094
2908.417249322852
2889.7770750355685
2871.3406150983415
2918.9142139432784
3022.2264982785277
3041.2227975199935
2949.990856828059
3106.5438127233647
3113.1601665785847
3002.087292870698
3100.9790917017945
3117.984967798125
3046.7156722387876
2872.041629946488
3057.372970637825
3107.0451159465338
3015.1314945312643
3095.5105828702362
2980.9403796981774
3232.8015141795368
3428.097345323498
3401.31669170361
3547.261712795469
3700.6741166304364
3532.633834781225
3627.4370966739984
3574.532625841644
3617.159089212091
3629.61940138879
3607.5148116266864
3558.271807617904
3490.2643027649297
3517.6522783967557
3558.017871082556
3580.805682871997
3561.5059657410575
3590.9469148538783
3627.6635047511263
3613.632759183282
3569.838686149139
3569.9156331499207
3595.688384098498
3624.705279905681
3487.579880965216
3222.179237918097
3370.452608360041
3389.3712230586552
3350.008965544472
3302.7374495005033
3274.4924705232784
3211.3772468340208
3249.7543707796035
3278.986267727926
3178.083082199796
3226.5425931920595
3231.5974291097477
3193.2926943012253
2996.3864782268865
3228.7088700338604
3558.783800635168
3831.75721692127
3851.176807726761
3940.7292674967644
3884.6998345582006
3836.6598286487415
4124.011646897745
4348.869955119399
4413.315767564093
4447.03454162776
4501.059284000706
4496.672307186126
4496.851685008762
4489.848495644402
4483.544702412571
4039.2106199919012
3638.318708207097
4053.5995046495495
3605.2792628373454
3396.7821439414693
3709.3594009926387
3852.2327681019506
3981.9626256331258
3948.1293770239376
3973.4664740280928
3989.0791555077562
4217.433220783068
4313.586630210138
4103.0770838303615
4137.45402227626
4207.489118746844
4133.5689230915405
4115.6037481288095
4219.388002102443
4341.316742399316
4443.771153843598
4365.099391606189
4456.447402990374
4315.0201180727045
4222.138676842231
4585.379927733678
4543.360948702807
4353.067529371899
4437.336839979973
4630.221218669677
4668.388172275772
4659.472548321713
4638.701179250803
4624.0654904953735
4611.879500622004
4608.945798941247
4600.010484791223
4535.672744912877
3678.336329941203
4016.439351872749
4426.438215257511
4588.375632303003
4622.473366921719
4517.925669193808
4655.356100238595
4620.6250627681
4555.91346634836
4579.080844248097
4821.775053330934
4806.523509721328
4815.788306929514
4671.395907043327
4792.2506449889115
4878.6124290797015
4891.531303466809
4851.5906337353645
4431.984256386162
4693.924917163244
4768.098376399708
4912.201083543976
4957.441035894819
4944.221556315392
4987.067175469665
4968.830236301414
4808.296458249905
4259.8329524113515
4189.121653876103
3848.7778046625717
3802.235317193192
4530.281442581193
4243.639214451911
4069.905916244547
4375.262245347235
4905.909088222364
4896.6556805808905
4875.948903659056
4839.386862815374
4884.093026627474
4979.809348902649
4980.86367799247
4951.827355864626
2486.981385500107
2320.8596036843915
2397.083314048932
2381.999245597062
2313.8308526489104
2271.851692872654
2354.8913721095655
2615.4812340659414
2858.7826159606357
2835.5847546009354
2751.8967260751833
2700.2821301021027
2462.3635321857278
2360.9658747747217
2798.9483139578433
2861.768950926966
2850.6716565932306
2743.431835334513
2577.9867984636953
2583.9356662471823
2765.3768242336646
3084.8669804299066
3178.3817774612216
2914.841789633237
2781.520025024488
2582.4923704775
2719.6340519507417
2752.306663033979
2736.357179163278
2705.4040737597643
2734.376783270053
2728.856577722486
2820.8621690075843
2795.6573344343274
2782.286641922584
2742.773755293898
2606.361066195462
2695.401622906261
2423.994755075302
2445.083135050555
2405.7526998091166
2394.07276693435
2598.39631453731
2689.2435703548335
2733.0370373863266
2640.4843235407143
2675.934420660472
2616.0134826440576
2712.9356536635337
2806.119130859269
2996.7873723556513
3060.302084014808
2975.5774164114328
2821.495887029661
2684.4222361696948
2536.5751377239894
3085.3940461646453
3185.2724130180236
2919.799853638237
3141.5544611204555
3046.523470450597
2792.707571289716
2936.961382458125
3028.167199314533
3100.80258072983
3072.069909276119
3115.9877432675376
3093.224809399831
3031.6769407171
3075.9116094824185
3129.99372180298
3159.7846063893167
3219.917840397273
3200.3114970313827
3118.8183074362164
3209.9031028902987
3218.6354123356314
3146.6024058842027
3133.5057201587606
3082.8344267808156
3038.150140390028
2883.7332668848558
2818.6967059372314
2703.6714530360746
2790.8993881380625
2792.339493484147
2789.090397319663
2818.9309852329648
2778.188183484115
2823.690443266824
2983.288243094419
3085.8306743713965
3077.755508131904
3104.817856308084
3043.2637015121104
3009.9759984092098
3074.1060387091043
3079.422532280201
3011.6036438233955
2798.9047631274184
2954.058315481255
3193.086777429854
3081.855874597062
3103.376841007526
2959.252410542827
3252.9493334227877
3492.3387632160575
3407.1273228371792
3583.556093250635
3597.0165562109732
3615.616402843161
3629.670052906083
3586.0026055982535
3544.0556980975925
3608.914722829651
3615.3416560336386
3576.364076301333
3399.262597303844
3277.755302625634
3508.343307434876
3555.0706798480105
3559.526020021232
3546.080030393905
3577.4652957996595
3595.175682925113
3609.6139755006257
3610.7000673136668
3597.489871730415
3595.4398647800604
3557.7751276911895
3290.5224677131287
3309.4683068392105
3307.436055344378
3341.370472314833
3346.574768977835
3293.206092624377
3291.9075438134714
3250.2054274834954
3275.510620557349
3220.715635411533
3162.1922698095586
3294.792815680399
3383.043078896914
2790.872056404813
2917.31773584094
3345.0121084926086
3760.9823155581958
3853.3204469811267
3929.6239374449356
3897.962701727394
3882.620704408318
3836.3523901557755
3971.0769567653656
4033.364820355467
3958.6912606891156
4209.944307285638
4390.946040117789
4462.839980549331
4515.669054213801
4506.627688380316
4503.2974558350015
4487.518173078881
4290.957393612788
3435.5756363548953
3409.4877157052547
3650.4394581797746
3613.868591177239
3890.574399266708
3889.556558985812
3903.741609356915
4093.9167736373156
4084.6933554334346
4354.765905267451
4298.141201217316
4310.961502630581
4171.172019170082
4070.924432278017
4053.8332773458437
4072.0737273860773
4227.448840268081
4384.234031051989
4499.346353148529
4599.653279372878
4294.960645648282
4090.574921873527
4343.009015438853
4380.248315891707
4336.014030230935
4191.047277645799
4530.36767611644
4681.006108500547
4632.693021022782
4644.165789953012
4625.404382465666
4566.14064424534
4565.894418628749
4593.382479203915
4574.897986596772
3930.3737848950846
3834.852001796937
4232.135781946345
4398.210218130487
4403.556826720716
4213.1371474672915
4326.217560269541
4533.691888085472
4672.735502678315
4840.348183156926
4790.709623440046
4856.642166119661
4744.9054741396
4644.9131119489775
4492.835034903394
4740.833873736487
4889.384058221746
4833.954600024454
4910.864234987218
4813.606472103761
4917.835248766584
4932.367506781085
4885.427013369017
4718.044603292146
4964.959676387675
4967.924726173479
4913.441567169773
4751.506044556688
4644.664142658761
4703.215504445944
4760.272246912405
4793.161828911585
4675.519557399513
4404.330897759297
4493.7804179982795
4757.126869676493
4711.669450096241
4665.305310175261
4621.081498817761
4639.200215208035
4899.6310602475105
4866.235528595839
4772.363905163227
2212.2486055055783
1922.0631061374972
2282.130841392729
2197.9990735880083
2214.681503025981
2161.1149609116324
2243.684482111748
2462.9747271526535
2747.3293183083338
2886.0498053400497
2865.4688479228066
2750.421344659915
2201.872198423
2126.6235106013896
2385.1960632528044
2848.741483416152
2845.878650428442
2804.4640504558115
2668.7149625890593
2669.234104688196
2729.8001437201688
2846.9604917990096
2808.7567270303616
2703.5788813505524
2650.971382863255
2710.995118150986
2717.584463858655
2813.608278302262
2694.145636106268
2640.1518077274504
2709.6897043335593
2634.31134013182
2748.3015405869546
2779.2095304257564
2771.6004268349684
2755.7186157436267
2724.5417997867035
2767.3071599612217
2767.1688826457043
2640.8180443948645
2642.9724631980425
2593.877267959052
2599.0377997856226
2692.21071408514
2717.668335633196
2748.332143806946
2718.6766858699702
2666.3433533768807
2732.352937711224
2877.069614223183
2966.5758419836075
3008.1741921178077
2785.567818337812
2818.52781332843
2690.6656255806997
2392.8482980060985
2531.4310701156514
3104.460268721103
2722.704858135195
2917.152841356578
2933.07247477355
2833.850359301721
2973.5781466433004
2994.1593795644194
2968.654480703816
2937.918805601703
3116.923845511488
3250.2749876087973
3046.40345805029
2928.430660234935
3058.7811524142253
3089.4343836488124
3024.570050852237
3175.29806412361
3058.0435077530988
3124.0664317608725
3218.9598759808086
3099.46083457146
3103.4751168385797
3101.5942355389693
3052.5650856163006
2995.6354740475645
2884.917780932003
2675.442882997889
2952.9604414089413
2888.196710982791
2812.9224642874997
3131.5835808256925
2953.7291727205657
2994.5626668368845
2828.578935927448
2873.624933516028
3250.6617921114494
3051.2738080160652
2925.42207702231
2979.9327060081137
2978.313643295752
3030.4818588068606
2921.0243066476814
2670.084416434952
2909.6109337297994
3206.4215280661774
3294.909880896023
3529.7645330872692
3361.3479495640204
3442.985520087832
3537.9925700853205
3545.7360754865754
3575.4838090068097
3547.166237036365
3564.7511726851912
3618.7563917816183
3609.5042230014546
3620.121564264785
3615.2831151206137
3614.628509784924
3593.7566666851253
3598.589592815538
3570.789842403324
3540.2393331204826
3568.946818447999
3592.709915357903
3556.113625754518
3537.929463169504
3617.8885348898043
3638.737339632177
3652.1162129049944
3606.772748133025
3596.080795609202
3520.1328293697616
3263.9364669921074
3389.128911027399
3314.576482852546
3312.6803356974415
3379.4193281172597
3284.109746694011
3296.2950765236715
3317.9695053838536
3288.4329350295184
3232.5677268276545
3022.9998487414496
3328.903519860411
3398.2094687051544
3008.2730990671002
2992.933349859004
3563.0986163763564
3706.7601773866704
3606.923180877347
3949.6381299456693
3810.957038896341
3911.8454859063827
3818.537379779191
3708.383110929801
3835.5235576941186
3973.4540853210137
4050.6830178334008
4120.951756583295
4173.560806643718
4215.611207531506
4283.728144687772
4477.964026086193
4528.678711736473
4500.027797768496
4450.221188951239
3334.3126992598654
3482.048526835011
3534.595189049379
3739.741545027578
3630.169328986288
3900.597034998976
4027.1822871551294
4086.7652651414155
4204.608569086413
4167.4381455201465
4117.083839846616
4026.362798678419
3969.5690327293637
4172.746767053236
4058.549155564137
4213.736483714465
4222.910560015359
3999.4441903186726
4266.076586172124
4102.62472487664
3900.3824096789313
3699.7565850317364
3960.836908397398
4249.2315376606775
4308.071390805964
4454.89489859865
4599.090791670843
4653.871794635879
4691.502735235297
4625.9389194331625
4588.897283017104
4109.890487030661
4549.745748114182
4552.51838556864
4494.204202424384
4006.989091091071
4030.004090172883
4226.875384812373
4145.753415533531
3862.0307821159904
3963.115893074382
4175.909930666176
4617.89880829205
4633.831982045934
4654.74621330492
4742.098016619607
4655.187368249631
4632.448351125267
4637.2391295925745
4729.658864691182
4708.596268198526
4823.515477514829
4931.127284079826
4947.665169417573
4942.9174519579365
4940.891627464951
4940.646686750842
4770.528274000488
4903.660447638014
4943.695271330998
4929.398565470345
4899.246925794496
4663.265237022795
4670.700532449436
4846.44540310071
4856.061511749909
4869.8212302779175
4883.893794205383
4908.399187946782
4898.5076688543695
4848.698638156397
4645.929036597802
4455.405524549485
4590.892542310755
4953.7372347127975
4735.742967314767
4635.559060562723
2041.5722706494143
1809.1385662520631
1969.6204269847603
2014.014083945961
2161.914979181879
2101.1401623653323
2199.350363299832
2367.1930457940894
2647.1516174969865
2841.5588001744213
2807.3024158051717
2641.799065996998
2317.7880894251703
1932.4009492950527
2143.287849730077
2781.1512738059705
2833.485013617473
2815.625108275819
2667.661064967809
2719.596787807229
2705.0303742797732
2739.140653482193
2673.200554234066
2633.361938713941
2550.618844625619
2746.6832495261006
2797.9882086937364
2772.966730591484
2740.810806384623
2586.9031922777085
2681.6312847688837
2608.203283966296
2652.887310007185
2730.0069302367147
2748.886127084691
2729.8959510194195
2611.6464292491964
2769.0088882775904
2767.3765807011014
2689.182927276715
2677.328363966673
2660.8768431984863
2651.5332181925714
2586.072408748244
2581.5522591826148
2778.212895172506
2813.0047062736567
2771.3831983067653
2831.845696488218
2928.3867068790655
2958.8362022356023
2938.833017959927
2844.044987331134
2781.3849169378
2843.561142935787
2702.56641864392
2496.1319541744224
2811.052684376952
2904.5528453012776
2962.950538530312
2871.7683880407994
2878.405363074821
2947.495773546375
3009.88077974213
2952.310014997249
2765.3738424002872
2932.206028293022
3313.9206958015297
3347.264853621851
3343.3665214029147
3026.194065383703
3139.488340558118
2878.3629128061043
3138.7170992308
3114.523778971265
3172.28056595502
3177.995657185919
3113.421356072557
3051.5107109466185
3069.3177050222234
3044.047911336155
3067.756119047688
3033.1367344227347
3073.2529810251667
3142.1375532236248
3128.927527877034
2965.849319783099
3214.4863015915066
3337.305084308893
3429.0486002405632
2769.0620535217413
2719.8230639022645
3162.8049884462366
3411.924904805707
2781.746504941272
3155.8631797433236
3086.489946506132
3199.2550632671437
3077.658739314478
2865.4228060083847
3237.88969739323
3533.6822699366967
3578.960183114037
3578.617404672053
3587.4646357449788
3577.745423114581
3579.726844937489
3577.919867458648
3591.4362081654704
3592.0697788146726
3588.104446552894
3619.370868115087
3610.003057400282
3625.6200591495613
3630.476094214803
3632.8610567011583
3645.0704796561554
3646.6895427310487
3639.4407829949964
3628.446222984367
3604.7784096407304
3618.307496337513
3602.9417715826467
3589.211696943054
3586.6824595003654
3638.480383620846
3705.170814613314
3654.2104850441274
3603.9193019301924
3567.9162145757073
3510.7454976958275
3578.005889949757
3626.948950218253
3611.6097501293916
3572.1493626062343
3406.3972596596154
3297.8334468836174
3320.400851935062
3302.7536107515357
3287.70544177709
3078.7361775738946
3231.510807935422
3435.9221530153854
2986.2892654208586
3264.299108197062
3540.5077564360527
3593.0369687422285
3420.9899111016334
3709.90912116027
3661.4375592193846
3865.19544433412
3794.620261845708
3844.809581333042
3843.443062759712
3922.927029282658
3811.4974729094747
3818.0399192057585
3737.067100812373
3665.620918166082
3957.2887290713447
4523.362032788253
4693.535171482122
4592.173758211422
4487.441303185073
4144.755561893039
3534.612642406448
3330.500608583092
3886.5272053875583
3887.89267577182
3857.150667169526
3925.7237161984617
4076.5169738118834
4078.725196191148
4156.2963951278025
4021.257632288912
4151.591449025407
3946.1633488873636
4001.568237321472
4258.345972923207
4316.830798785254
3926.814985310273
3369.5965961748975
4240.150562590111
4232.48660304524
4177.451820168745
4108.340287079702
4271.45581100273
4346.489505824739
4425.650706037392
4540.157350799355
4634.397501149687
4528.009515091143
4220.179616939754
4605.684184885445
4578.271210091019
4428.446904039954
4450.812218695516
4529.2633432512375
4488.328035100519
4255.948134588226
4003.1921115794503
4186.079068133718
4075.844088418967
4453.712388584463
4258.17913425159
4260.469830054894
4484.483665192102
4555.792852072577
4562.243754574744
4743.274458579844
4806.95195677567
4777.869496699273
4658.38052306844
4755.484410026228
4820.295497186984
4889.630840128946
4896.841446191065
4953.149599187423
4949.603359094898
4930.259135679779
4934.185100604201
4933.927593976874
4927.539552047963
4927.639085731972
4925.117259099422
4899.299207729855
4577.279345625148
4181.800358780326
4620.969825059064
4874.084667679062
4891.191830995679
4903.148679873034
4910.409114597809
4912.9962278298535
4895.173587359615
4694.263189513314
4560.3244451390365
4599.393303963475
4931.670483053417
4835.549656151866
4347.981070027423
2070.217623537902
1834.7533637318536
2004.3004361441317
2124.2860996318927
2003.8753901746977
1979.7865534511118
2014.6181394767393
2180.719204033483
2427.493386022905
2641.1115592710553
2592.5744221115783
2423.9017059821117
2449.663349221435
2304.6851921121506
2492.356247025496
2633.9361005413557
2799.567607621607
2759.678239241075
2674.169802241146
2651.525896814597
2710.2644863044184
2722.189873211423
2732.2580398345403
2472.065674019407
2402.0772548188156
2795.8024097314565
2796.3966063108687
2769.971936091621
2747.549924211197
2740.0679944421768
2641.195926037811
2552.973042486291
2496.5705342870974
2669.6424640327027
2738.614147304228
2716.3773310917672
2626.8595485302585
2433.561023116419
2765.6834845258054
2743.590196733071
2701.2781411889328
2642.5606976554827
2610.7954758501664
2545.319104439787
2490.146566217712
2685.7840546135453
2842.66024052349
2847.292936976621
2863.6890910398006
2868.9942959900573
2964.970907312372
2946.2416896617096
2871.7586745860963
2876.656883530238
2883.2127230964725
2853.0915017688567
3210.9415638303894
2902.2994178437416
2972.430533708532
2954.847414258607
2950.391694303071
2948.154082449964
2920.9132498227955
2975.1214998481246
3001.283293140979
2774.9603781414057
2800.3057475727483
2999.0977481242708
3407.9381701335456
3318.2089766489685
3247.951188569425
3199.563604378742
3087.4332411092164
3185.486489674768
3218.1297876128906
3178.021946746016
3185.355130701079
3129.5770857137236
3128.474609278759
3084.9745840631344
3060.5884290241893
3142.7152208569423
3107.2112788741774
3149.5428806500645
3167.892822515784
3293.0454582134416
3192.8777077145983
3279.494887836063
3452.9337266848447
3393.686028599011
3387.6780791052206
2778.9318448480144
2931.0510523624002
3559.8652357359415
3323.7273358451257
3086.568043868603
3647.936206210004
3609.0790788620925
3530.011908196158
3522.41938587613
3570.474256647113
3601.9095223130203
3581.574246967724
3580.826941502132
3569.229973783568
3564.6319741499
3548.940535826199
3554.5954013406727
3583.6678570469253
3584.945364533885
3546.3016919787556
3592.4766018054024
3589.7076185938254
3644.528393138068
3580.2318523199274
3617.0811450739093
3614.848338690233
3621.1920836475724
3644.0268338035025
3646.51269849432
3621.5381808800053
3600.4831127917096
3574.136891229242
3553.7351867469624
3543.4716862587343
3595.4915227614147
3626.218252261116
3625.651110905718
3606.6866740041437
3596.9763248654126
3547.733902815174
3588.755816381199
3612.492633639858
3593.1941421905467
3489.583646877179
3341.745454431626
3305.014263614868
3320.126852909297
3317.7021807572305
3306.716365543563
3261.7775023257063
3196.9983117774555
3488.1790979649345
3392.3988650402744
3314.9687322658365
3576.304989830611
3597.230270218051
3864.9837718221384
3930.7704595753744
3913.3583000310514
3911.3331780000244
3853.951725266715
3778.4205211163894
3774.5224664844236
3752.3436014741387
3678.4055645083613
3675.763673172303
3484.8518367163897
3219.5812250672693
3635.197775573839
4069.319070952655
4178.706113658026
4015.906720729219
3849.015890566048
3637.0830165622306
3501.6275826278143
3329.3202048615403
3843.047766271268
3967.655888057196
3854.043738318035
3924.9878906147705
3960.6963880285853
3991.7560238028364
4055.31019758461
3889.0088820653664
3989.9905472782298
3767.146109556201
4028.888223068471
4090.062152485155
3984.5800971990416
3929.8186553657133
3644.039235302047
4110.18702352283
4261.17865876249
4342.464822363132
4318.618288998198
4347.196699112144
4384.825393442098
4468.562269078072
4254.407681278167
4324.732856551511
4320.818257583527
4342.627291407295
4292.817528893721
4476.981485076633
4520.9680764386485
4477.3302458125845
4452.547197436804
4447.5912428
4251.591850389881
4080.267296774351
4092.32426355794
4417.602685515888
4652.324159969065
4560.442325042407
4596.821899720853
4342.409469828722
4522.476158136069
4490.317563775781
4618.600463160141
4813.561881151078
4718.092151762489
4700.153320262073
4708.305199908424
4782.763919792447
4819.206516068047
4849.34252723827
4939.84766328117
4940.601554141512
4911.502075190053
4914.90006472265
4926.910976942132
4918.1982173558445
4911.66642592
4903.511060046783
4902.967264808162
4873.159815506922
4745.411342310119
4497.267115047829
4832.670117877424
4853.897964536414
4774.019823712349
4900.4696450501215
4903.221679373811
4901.2306731038025
4672.2310372242455
4591.727206806196
4486.467065177933
4753.082382767734
4672.646884639325
4961.265601747111
1980.814856776675
1857.381502256596
2272.8565750843163
2090.3417739349316
2112.8672501544947
1922.139798004571
1795.4763472422048
1977.5255212289435
2153.5056429293436
2328.450588161653
2347.840387082722
2346.97527733593
2506.952473855813
2447.927138830019
2693.93877943395
2687.9558751210557
2499.2257983023806
2629.24614272385
2453.1432348495578
2425.742158868624
2239.0339729748866
2201.5334352354466
2320.592831062844
2716.2684202431446
2570.780523912718
2745.77256445436
2766.398119908385
2758.6765037453647
2701.4805155714866
2700.115208923381
2643.3593035619
2502.5713818426175
2496.9239969370155
2604.193481180243
2682.7881299692817
2702.847659982454
2604.109613189189
2381.4647903325285
2487.045122190608
2700.2253582818116
2695.096856106544
2674.5206815122747
2553.9660628216525
2460.6089215727447
2359.459797645476
2590.6582108473262
2881.224160953315
2890.2411148226315
2897.0621160176865
2930.8334205104475
2932.7110927513563
2914.6098911387976
2912.4022578360673
2880.789221159626
2901.355337889461
2894.3414538393367
2877.3174786341756
2730.3653244902875
2820.753784547007
3054.2497451211316
2915.3761321773873
2908.541508357806
2812.5361043221174
3056.2824401540133
3216.9202409530994
3210.268946391262
2858.226383247756
2851.5248275084814
2964.8346137337835
3257.094742387489
3143.9905084036345
3242.887936007515
3286.9735093324757
3179.5631916604257
3222.0165906878783
3114.5913140468974
3156.810762535565
3221.949731904286
3117.646337111114
3003.766575143287
2981.2679205524178
2945.5227612841063
3073.3418301340057
3142.933858277448
3203.8131554279908
3319.876044920379
3364.0836916941776
3359.0155243293807
3479.149378316949
3497.7290290837386
3494.043363447654
3046.9687038043257
3181.4472047906197
3621.9005620158646
3536.9546970067613
3449.2648102717058
3685.3463044035652
3662.0195241964066
3634.0799707643273
3604.1843656746473
3632.7770643745603
3590.161255882748
3564.0983238833987
3535.181593068251
3515.2043194511093
3497.1744093286593
3486.4032812724727
3517.519353763766
3487.848846732953
3554.8245614472935
3554.3313082109394
3521.365734594965
3477.0075202735384
3617.432671398425
3575.0351189041858
3587.042006185307
3597.832610857961
3643.732297760688
3622.687408154423
3638.3917490460235
3635.8954549119994
3595.374061004319
3548.8558750905304
3503.5042976733257
3520.136458937667
3579.4169725262263
3596.0228067696803
3575.102691612834
3580.055450196229
3576.190843818974
3590.5432178550172
3521.423973694464
3542.7580952905937
3509.5284629580365
3434.708610430682
3312.434622315594
3293.397447375106
3385.6932253330574
3364.2800165740723
3300.4760563623763
3250.4736109911028
3148.005963925491
3505.9469541155836
3632.6805327656475
3433.8886265647006
3611.2765178602986
3837.580967227118
3817.9000429091384
3869.2834114321913
3879.39383354798
3667.9834294909947
3933.9758306730105
3830.684274536434
3727.3314110904857
3698.627996607422
3706.1958765825634
3728.716813391973
3739.8430846054816
3544.4191907527684
3320.1981195561975
3338.2739817348056
3456.9664725237208
3538.857474186112
3657.24086089015
3608.1453153207503
3599.230250676872
3562.463961033528
3904.239422004854
4029.2758842327025
3996.6684856739166
3827.102758304853
3841.3504446101774
3957.4518519235626
3923.758764639761
3591.898011097979
3843.6422170412434
3578.83161400294
4029.118599340582
4087.604546066834
3913.3399961664218
3918.180785282721
3722.412818210897
3971.921110389585
4243.725846059475
4233.5602761921955
4249.369899169073
4242.744405002316
4304.281152915253
4389.215288618578
4150.547717579156
4047.5467522163794
4017.2817496380876
4087.4155220974885
3931.9444478565665
4123.082439520903
4506.328424898583
4502.1258366394395
4157.131251001609
4382.751569989948
3902.7517412071566
4103.161457499015
4178.609091007151
4246.854940052708
4560.50920525673
4575.728128605957
4616.407281364875
4573.3430386315
4593.146751774139
4225.152079891137
4368.508772921259
4773.939896281699
4717.182045633953
4706.6631552496865
4718.409631454398
4809.593521118619
4856.255088647135
4799.91823259451
4905.995198467922
4854.871690971923
4601.774496174992
4860.242900598229
4916.716945635262
4881.035372795267
4895.512726592002
4890.718665599381
4889.926277769373
4856.79848382462
4823.914788925896
4753.368159787819
4579.8427543492735
4664.2667217348735
4583.5983643353875
4866.378996101939
4892.50246269525
4885.612604277048
4585.48442020974
4544.137404148362
4477.127242236517
4655.211945337274
4866.17271354276
4882.801911269941
1684.5685317109646
2065.2300943803057
2108.8926137635567
2057.301236565218
2085.056778978712
2029.68041088842
1939.023783019115
2062.6686929502084
2210.7764408564526
2261.628213293352
2335.431993662834
2444.4048296717774
2676.963576666691
2746.39603099966
2733.104424726395
2742.4524878426046
2517.7481639366647
2252.2251120758524
2197.3169280941
2277.7827293481555
2303.673754518678
2109.582855622087
2404.6674817465882
2726.6820669433337
2752.4597303207324
2755.551463658904
2751.930735287236
2685.7044016221776
2602.2873835965147
2554.924618788147
2592.1220748421865
2448.5931977932496
2489.5705198865858
2565.376707388849
2618.6800932176097
2669.283599589553
2640.7579957204803
2499.3819997108626
2367.290933846962
2625.561074301114
2647.4107882192316
2636.9986099711236
2542.7866766736784
2544.6998757590786
2406.0389700090204
2231.700898454763
2868.395299703473
2928.9067220181832
2853.4489059918865
2932.5755581535236
2878.9081027218526
2971.215379970785
2939.287306225499
2787.677811370349
2839.0184655525095
2866.872355788253
2844.925855921124
2960.240924495849
3072.3942330235855
3132.9563671913415
2998.5962439558452
2837.6165135048955
2320.202818928747
2947.9510398210477
3122.5832610903035
3242.0213579248157
3266.284910239301
3270.7397940017986
3017.389377691202
3163.474712869721
3100.582867717378
3246.6102400819136
3275.06594570145
3230.4271163198105
3226.176137790106
3161.5153739707657
2882.6398086331296
3161.5364746064924
3035.1350012960047
2865.5726861471862
2901.363228594716
2724.459279050685
3037.209916179895
3105.512694702814
3196.2180104651343
3268.6726118703446
3425.903932466677
3434.695487378979
3498.213607690957
3557.6584640312003
3526.741662033714
3347.3969159289354
3505.111100008145
3522.2246674588837
3563.388028635948
3461.4850127575523
3569.935364669386
3578.00671166669
3451.0772769504656
3588.6495889195608
3591.9021911947207
3544.2440038645855
3465.0112858673206
3467.978281485814
3407.956784872102
3275.1038413029178
3362.473151869053
3448.6110848611324
3281.4353906536776
3479.836901070231
3489.853629171038
3366.0881012818754
3467.5325836386687
3575.2987771535304
3537.813464031221
3565.9932874587985
3581.1764099999036
3604.1723539642144
3595.212937387272
3588.23437797936
3594.4600000000096
3586.3269195290004
3508.520525155972
3483.1626460357534
3498.531318271169
3553.853050484057
3599.9273120546127
3629.3005293319384
3557.574036463543
3559.6220955089852
3585.792220731232
3541.2146717788314
3517.3492356530405
3455.440186435186
3393.252043097943
3298.262299943284
3293.8114184852825
3363.3476065261057
3375.142294097809
3314.970518830537
3228.1024060144027
3157.3759468923877
3345.361832189376
3673.4962333117237
3352.305486702265
3810.4658781160365
3916.1144966522975
3895.643800065744
3808.642572886573
3658.3364785763183
3158.14668229527
3912.6004488035287
3838.6404927877397
3688.192106222621
3632.395392861635
3695.881940531818
3628.4470192736867
3775.785319026284
3703.170859193315
3538.5197329632715
3495.832811370279
3528.701697671639
3569.2479154243965
3623.428124906555
3759.786697271344
3854.9284693111495
3988.285932549348
4080.9540456302043
4067.784023322014
3910.560861931697
3558.027847674614
3959.266482841386
4041.1994087155676
3956.393390351274
3694.714047838211
3763.1836755954114
3807.457786362252
3995.111949305248
4097.711028561541
4098.339743790149
4152.554191583394
4136.775213955659
3996.8484912153585
4218.875466087965
4182.633659334063
4255.39042546985
4247.17987494186
4217.206737069165
4252.552448044983
3988.996064108004
4049.756369626212
4140.460591242065
4025.6924224446684
3894.520233910984
4028.0198483137146
4469.206162190014
4501.074222226724
4127.691082071464
4163.3032641474965
3886.254489078853
4046.1755643881847
4170.089223474756
4162.278744449284
4555.724356949601
4481.181173758706
4563.9723757831025
4535.065005354918
4431.1006114711945
4337.222891104688
4181.696407053674
4712.707696766805
4742.411399426416
4658.593993976602
4759.452599096657
4925.999468214928
4889.450729098789
4798.7047230246735
4746.010414173723
4814.033313027536
4465.7175853561685
4427.110802262141
4564.838583269705
4869.276165981999
4870.473122284653
4869.1153734463805
4865.664377403364
4852.805951873806
4736.14975438759
4751.2934330069775
4698.108338190276
4605.63466060544
4530.1313816156435
4836.72547259492
4875.898589040146
4860.035176557684
4568.228165586309
4452.646939475837
4399.3020073303815
4581.359212500784
4844.601534831542
4839.689192649961
2071.8395469072675
1943.5929732185202
2003.2805924731128
2136.6603726858048
2075.4215892851485
2085.260746544787
2130.4894378570825
2222.6951391118027
2432.5085503190326
2277.4449749190976
2480.0505281962764
2383.699695329883
2514.3797527547918
2717.7427066873397
2715.4234327462545
2717.20077499188
2596.9372783029435
2056.8708163930337
1970.6290250344957
2362.3903416499047
2332.508044323772
2170.188953086799
2545.401503746232
2682.894146788538
2736.93517981242
2749.133625454836
2718.8843029150307
2589.4839153055036
2461.5571482432943
2536.4523473330105
2529.5366801209198
2463.821645244348
2428.0094459198667
2500.55231034409
2612.2352827788823
2595.65767657844
2550.600056142444
2394.730339805724
2315.5986595372315
2486.0264931833535
2594.281150119736
2621.3001946311356
2576.847190553512
2444.7171350358763
2369.728805955097
2255.229517652621
2487.0542696263865
2913.8262140464753
2915.675554709731
2962.3651019507806
2963.7268286673684
2761.176915980035
2712.5350424127805
2646.300490430251
2745.4603794987024
2737.768943827297
2678.623800068599
2926.6729658883573
3004.729911466967
3058.0051247657448
3060.493337575804
3069.507037624577
3000.2247847971853
3183.8608577957198
3199.370459530983
3250.475858096245
3234.840158918144
3296.0612117639444
3248.985909538867
3217.79990763757
3039.178445126475
3198.9149723967375
3305.2861123502316
3247.706254125119
3198.9829047095513
3324.1139711523792
3346.3338785699157
3114.6374280392456
3146.6861107664813
3202.5587147259016
3153.1721591405085
3074.7761421621094
3087.842268479063
3127.3604389111497
3167.7645582780247
3295.734423919877
3402.8677147207313
3483.0810253251293
3497.3493602040467
3555.6241913579556
3542.445062765964
3450.1650657386936
3323.1900177715274
3306.926892265471
3578.0106082798434
3491.3289947306635
3388.3934653529295
2551.7505901012237
2971.9924886775093
3567.186027487134
3485.590595442728
3506.512971189173
3188.7076385705986
3332.856936107548
3122.1859786215678
2969.890472688056
3004.6670634795846
3234.2512626455973
3094.543554568167
3275.1015327216014
3323.1550134687277
3235.3767549160652
3283.4289071103904
3457.6591299868255
3454.467149959486
3538.296022745875
3512.0796535839772
3527.6235969233594
3551.508782064122
3548.05226573946
3535.699093055982
3513.903892984825
3443.083975588827
3455.7426442354636
3437.834366616817
3522.371672607336
3564.518655932733
3603.1165550054875
3597.7672776157747
3535.0454597495564
3536.9704858028554
3545.9878655598295
3501.4500189381256
3467.2792648250474
3357.136275620132
3293.02384552719
3299.366293010564
3348.683311588794
3347.9107104596173
3307.243703880795
3218.440778844796
3101.6049166075545
3205.6831456387085
3689.6257954918633
3352.101601607201
3867.5224351113347
3933.0969473960554
3967.3084510018425
3959.5549259663917
3866.087431803757
3681.042139763783
3823.5845754808047
3525.0691886933
3474.653113645002
3611.490011047853
3695.66579621735
3709.4043239797666
3822.9529964194567
3833.8868070115113
3738.741565176345
3684.4009019558785
3705.4264617316853
3752.7419387194095
3804.1380198504653
3896.896296182098
3958.0477892663903
4019.866891383672
4069.2168825647886
4077.3182926364007
3896.139402735295
3555.9820622467096
3746.9310296805775
4038.7583871727866
3901.5707593579364
3537.721031108402
3838.4187569773812
3849.422716423712
3941.7402567979775
4018.4027293247477
4101.098901610925
4174.889356582552
4216.822715807334
4158.748789895485
4196.127398937938
4087.606324145574
4234.722468383597
4237.164658885044
3989.0300771816324
4124.14705776959
4016.9193351543545
4108.073445209863
4150.99354567277
4107.298039918146
4068.3421713625257
3966.5725251426993
4368.283366501948
4490.5108557140275
4409.066031445479
3960.8136464145714
3974.250902182988
3984.327371166467
4068.5461596679615
4163.062864689526
4293.992424602777
4284.547116052787
4369.515528668063
4518.6653729133095
4434.620956719523
4070.608716402767
4037.2725826960445
4491.455362296228
4660.48934419073
4731.3523609941685
4876.42634316918
4799.268643000114
4831.464241341283
4815.830333377506
4363.580454313385
4346.642591861513
4390.629890560408
4456.602573761388
4296.328482719418
4712.283103025183
4745.189910328494
4835.714280405637
4831.985669079243
4835.89343992563
4724.799029683497
4750.395013238326
4720.865723230795
4529.665746175675
4495.348790142815
4709.132526539376
4846.7188335764695
4756.845618334489
4480.968071027966
4343.17685716734
4377.899355027585
4440.1264496145495
4831.073224039408
4829.4390490673295
2012.5693748774645
1976.2016259027084
1972.1509122567902
2174.896850436606
2169.070776257513
2043.5781087763469
2293.390398917002
2250.7723478208945
2530.436568966973
2548.6658430250873
2514.3896577205246
2495.6885590758384
2256.898909669862
2680.6890005887653
2676.8638126730357
2679.9354714959013
2591.0725330632813
2283.306640331022
2061.7135478868695
2445.3737398328244
2381.9551440354862
2508.3879813409394
2673.103089490126
2671.8256014517465
2688.768871432516
2713.2613351033165
2724.702201659221
2611.9029348971844
2366.702366240962
2627.153668263903
2613.6130514237266
2573.655022845069
2451.3604023416283
2455.4915570044436
2498.4456868587645
2156.1983178486703
1753.689841139367
2220.159446079707
1821.5226091749603
2473.1811134749496
2579.5219618534234
2601.498024582567
2532.7458706541834
2407.535796956284
2368.702572170919
2267.1194520376735
2330.402264018627
2857.467823279849
2978.5312475390415
2945.8801941508113
2992.375198629001
2628.3247466195103
2663.118332911265
2623.7535203850875
2404.5572835615903
2686.2500314286917
2741.4044263371447
2951.775182942258
3021.6780236285144
2969.313108119585
3002.4379496416595
3027.2460018340275
2990.7332269389462
2952.3967735427505
3150.388860675191
3235.236489453829
3228.3007675164545
3247.675979134902
3242.813788133974
3226.5956922973883
3110.4677968777733
3269.391532998605
3411.099013741194
3325.3241822716514
3184.407570599045
3435.525563019065
3438.814543473415
3413.4224870536386
3363.2043893031764
3258.745043097425
3196.829102205246
3173.9015112280395
3102.502112957923
3110.3663773046706
3161.933282323877
3201.088802200062
3331.577760670234
3438.432988194777
3520.731761792511
3499.500796440293
3517.60800000991
3430.894337317385
3331.4032067891767
3339.2684476874047
3433.8989699981207
3373.521961091594
3330.984302073622
3386.9820578606896
3207.2833186528346
3533.0768300313603
3515.297221565539
3393.2230912148084
3063.7941631136127
2844.642850327538
2911.9022357514086
2888.4016728621496
2809.3205230215262
2939.2447777877896
3047.079258402652
3153.3904578162947
3183.3312370097574
3186.258685020329
3088.6679687335427
3133.520127961918
3362.6657295708505
3505.4548989404416
3458.329283166699
3377.1359853626427
3467.018881356832
3414.444147311961
3525.0418102400245
3388.186218573049
3439.525093846817
3411.09420608649
3389.950081769403
3455.7910365502653
3511.964754516799
3532.6412514896565
3547.727366610903
3540.880304554403
3502.456389143093
3558.81527706607
3551.577428884716
3549.2497391109123
3345.303001410272
3336.106302581704
3302.636307112221
3365.298509842877
3346.732675536124
3282.6616896037176
3201.455626841347
3185.6871034589954
3320.5888927955766
3712.5759650726463
3250.5478425676642
3871.3337247207673
3939.9160224888346
3954.667708104076
3864.6639555291404
3576.447870331061
3680.4463897839155
3084.415374918094
2391.804373323683
2777.105608993784
3497.207726587843
3613.8104471069146
3665.809429564738
3837.926683539202
3879.146319151092
3759.8943472131828
3606.219868915017
3680.7008356089905
3800.752564839697
3906.462705145874
3950.6769942553947
3951.047727535423
3961.509207258113
4032.125732058079
4098.14009900816
4068.714026520794
4045.2978891450493
3981.3378527338778
3959.296216426002
3846.1039605308233
3959.6646738742425
3991.054099978825
3873.621662933799
4034.97650213601
4036.6911993755034
3999.058768366629
4133.594877804513
4144.040869824621
4214.727149634608
4151.533248793253
4081.4585132494826
4127.044191834526
4068.595696112613
3970.333776282194
3981.3376245581258
4077.028406197383
4160.999361621607
4138.942603169709
4071.1076413321707
3977.685457972941
3900.874287743769
4227.196053192766
4480.162191979062
4447.242592551288
3864.8300258456998
4027.7197864357054
4050.910576015041
3982.1968556107545
4111.0712227947315
4153.900584355835
4063.1291343529824
4152.144052462516
4449.280344809264
4361.259429488015
3865.0214293330605
3816.358341942121
4153.174729415472
4381.814259064601
4582.532909556973
4707.445997814337
4782.656016637974
4780.227922306125
4831.991194526652
4338.613320358401
4358.0304644648195
4253.49885734434
4284.58532293616
4244.521529475032
4463.947796201251
4692.658013833847
4826.076720819589
4815.064210816465
4806.584538850844
4769.903092758296
4700.461298211694
4700.830753485361
4419.209887324735
4455.510229273846
4698.386450077695
4792.182625471561
4617.759595226175
4572.948325933548
4298.014243772934
4130.647255847772
4317.283404879001
4573.598901246373
4786.282300655032
1959.0640078870765
2002.943196812048
1796.643379585282
2021.1183812842296
2256.18854132058
2178.738661730108
2174.582043566932
2429.6958361715356
2357.2655785603965
2571.4395945800666
2531.8774813898635
2447.259436355313
2378.513278884379
2429.6874337100467
2533.7438601771946
2618.742143842014
2604.3308416472496
2523.3581788388965
2419.3071761134624
2080.3338991869255
1871.3872578924838
2660.164672623678
2694.8374371148793
2684.852432784921
2679.922239794263
2658.115072357026
2766.1514377599624
2649.3386077733117
2556.698630822177
2512.9937352432976
2471.710549621685
2469.128949026783
2433.428831871318
2441.4968769090515
2251.0536121456953
1609.4914645280746
1521.4242502536658
2004.8937291361542
2207.3395601892657
2349.2241155557454
2539.3230439122076
2572.4589152518206
2530.3521698589057
2401.979386593094
2301.1092270076283
2279.46760969202
2364.6165159838592
2799.5464974198376
3036.3380806971822
3064.1262856889393
2996.5088459417825
2790.8382875475727
2858.4191971233063
2771.8002968891315
2570.1098925603806
2520.782108490877
2829.989476306854
2626.8225855618666
2941.937050932089
2885.961765812835
2897.828200874018
2920.0108310127316
2962.575984473666
2923.512548339663
2981.361415281725
3056.2512067598063
3206.778503904324
3174.8943579360675
3235.402052648243
3194.4305686301796
3198.5206813414434
3342.291088795449
3403.2922691272975
3444.7530696646704
3421.26445195499
3229.494355557974
3463.596843884375
3437.2178596726903
3435.842229645875
3248.879131098957
3222.5188831325095
3198.823554414886
3153.6381040234246
3106.2860893760017
3234.4957042113824
3295.7640389609355
3344.9409405220986
3461.1633545924733
3489.0174526103824
3484.5823172425553
3440.8009272161366
3390.187041679962
3314.0397778636057
3288.2138347177033
3274.7109760695284
3232.9634896369835
3255.074681007075
3378.52512780948
3382.8709449717226
3345.909769046298
3252.7586883369295
3226.85578854808
3019.0059355681506
2911.5013985627547
2979.22453021716
2975.7754956518434
2847.007005029665
2816.717792597383
3173.1346260733453
3138.852521000281
3156.9447027033502
3201.2862130913886
3131.065582779039
3030.525835704265
3214.7410651415803
3276.736744694803
3399.1979659289377
3385.482823192924
3350.4581394070033
3370.1950909443826
3310.8870566517526
3385.280488161616
3385.7520270970153
3430.3606073960595
3398.085273126323
3477.3326649561536
3474.663191055072
3452.151416851327
3406.2687028328705
3309.0913251116117
3565.6462716162555
3592.7932836681125
3610.7668079060454
3583.980616694628
3399.784819151115
3317.2153689374027
3288.0537166250087
3345.23223125451
3347.2711057523798
3222.803629921833
3117.1444000784663
3155.7029771828775
3348.550684685137
3731.963867713899
3754.6724639011413
3651.55905296757
3917.2864989734276
3655.753663582768
3267.591321932462
3196.9414123480237
2998.4860010651437
2742.992353775187
2838.0430693365374
2989.2462982549478
3518.7699372948073
3506.8792160087564
3266.7293815868406
3609.4623389901158
3838.794153566737
3520.9576654296056
3265.1822673378633
3476.5504509812868
3683.0298538819
3835.283815688784
3894.434142377633
3913.983045992621
3919.062047509455
3958.694169938053
4050.494999474903
4081.7790673537143
4107.064065434058
4114.797596691498
4092.5173555577603
3952.6049410131873
4001.3115702056934
3968.317505339279
3846.6325369304245
4006.4248711695004
4015.9949853667244
3652.6184153206577
3962.384422532197
4097.806110949725
4115.159119732575
4042.2486269390374
4048.8382787060227
4033.8564392094495
4099.078791614398
4041.549182771781
3975.901301205133
4084.601214129194
4143.44915378446
4147.38401460466
3975.2661709099434
3851.1942984561983
3820.1363251227185
4012.1823339381394
4392.74928227918
4460.035644915458
3887.2701911182307
4017.336930542099
4035.0887521111763
4107.174352357005
4190.631879418852
4188.844782433512
4147.49805898992
4238.527730462057
4429.195719552437
4440.068984194109
4168.658125821198
3989.548946219058
4249.182450749627
4354.820260755235
4458.894159593183
4485.353128119715
4570.430413498648
4701.953471934079
4831.617250107813
4586.224994105117
4290.929161370998
4117.929693930244
4211.236099661533
4114.944284684244
4297.781683880591
4810.804950280351
4815.478346055628
4798.991749966098
4779.246998551549
4737.621299906533
4589.344956695846
4676.8530949876795
4388.506090912637
4370.636167165817
4651.700529891849
4766.546666735019
4600.898798153635
4507.051105251422
4337.6439893049455
4164.034851357231
4103.776186056839
4025.2588766221443
4698.693055707284
2001.3909351956058
1704.6397561588306
1746.2259637548384
1921.0932044377412
2101.517265862464
2215.1389340934325
2174.6393195596443
2267.247574354136
2447.060042922848
2366.103471170904
2485.008832776733
2433.9232227107295
2429.4999938095307
2380.2731208538503
2347.0525012691573
2547.6726633415956
2602.5131123850674
2514.369086428307
2642.0868585179933
1926.316095699787
2021.6153685788074
2543.2492425319615
2685.2102347452974
2672.7763447122165
2596.0850410642165
2518.077585037948
2655.651190881086
2440.4695339834966
2295.333940972518
2270.3887351502476
2333.994447913004
2369.914683214445
2467.457192829414
2470.471842002937
2187.3240106062635
2023.5649721760788
2184.6295207208623
2416.2309646696417
2429.6605903777177
2343.8894223006614
2514.5475632802454
2576.281473547387
2563.298361004158
2501.179219784283
2477.580518776586
2543.413176870261
2545.844393760233
2799.6359368036274
2997.0435074071734
3028.0170953698457
3044.3015740276173
2983.3716374253904
2919.292523605267
2859.7976353223394
2860.5108599757127
2668.7282817425703
2734.7853121066723
2728.6044429262115
2935.4404884222386
2995.6510147360113
2877.1389146968477
2887.3894662744106
2968.02622210953
2960.6253404496306
2976.51886898967
2957.176128805286
2967.985005486613
3054.907793089919
3162.034379703973
3110.4647314957992
3206.9684666842263
3312.0778564242964
3436.149059584612
3504.959029466081
3483.8719502353747
3497.4805540139505
3476.0168883200845
3438.3972646062243
3411.4093379609776
3025.1421322525744
3194.8061042189292
3133.6235947015875
3225.411940459495
3218.833986144338
3281.569499197781
3347.665964052331
3384.3141283477257
3436.012720744705
3434.734554945441
3389.036680778102
3344.8025866731277
3291.4234286146834
3203.095688766498
3211.2699772823366
3199.6967964726987
3193.8698645615696
3207.7925387122746
3218.2211858841797
3281.974917370056
3181.154975101366
3096.2824689889458
2954.633856034818
3004.800111601631
3043.3008318458574
3029.552979244727
3061.617940401739
3052.0804925038105
2978.4208946284803
2982.6927205522843
3263.0663701544154
3234.0424498213115
3229.3398574493367
3193.071174127243
3038.8318539085762
3160.896039015297
3186.9983018853886
3419.9357144616624
3402.4075067377184
3340.9641627000346
3278.7652363001325
3200.7527269760053
3287.3631201232633
3360.36039472426
3341.000967377946
3391.0932558229497
3423.89130763031
3471.19897635558
3426.7804058813317
3314.5555758925702
3439.7580510975254
3607.927920591913
3626.012579166677
3609.2512768025654
3581.0073017964305
3446.3141350147034
3288.129069564404
3287.255633796527
3358.698835702082
3380.2495240832172
3288.7695252360922
3163.1124837929683
3224.5626707429483
3368.734086102358
3729.725070997544
3940.354494754428
3967.6201701243112
3992.0882575352693
3993.76298232824
3989.814285819848
3981.1723463319495
3994.199172614851
3981.862707523842
3871.535294471358
3857.6640041002474
3770.1009745121887
3603.906879015578
3220.0568560492443
3329.9450471921723
3794.4272893988987
3606.6206594752794
3386.9656809313196
3444.2318052855453
3644.3253042446177
3880.8690672033595
3650.0132589424798
3415.7718336083512
3855.1493902275106
3842.4927549760787
3865.2284687461333
3967.5587245598067
4067.3969907867026
4123.865141938922
4028.738962484999
3945.6559902560602
3906.832171874359
3863.3469309220086
3870.2599101923265
4018.556246801438
3885.0944015969776
3845.0123662641577
4009.3833790351455
4194.120068148385
4106.25947301752
4026.902588933248
4041.235247916364
4071.0441775946415
4041.9284652112324
4024.7705636647283
4066.3134087536364
4077.3641726979777
4102.860550986029
4113.904053341169
3940.1355531910276
3913.862049767921
3756.328437843115
3817.305641690006
4159.4438798319425
4486.845019230338
3890.8599612089974
4022.925618502538
3949.497799332025
4119.3582324375675
4201.03333254067
4225.704194148849
4134.6177261990515
4344.332474938424
4428.5192336989485
4571.491427514116
4488.3496336743865
4465.181477731243
4442.436314054199
4447.329599407743
4435.886109449052
4403.935665062499
4430.745889074411
4721.239190442765
4833.50659565585
4527.769423693048
3929.064443556831
3883.288409186018
4037.8905475827814
4156.558299351133
4428.358795449078
4797.8428868013
4804.231655266842
4691.740914913353
4676.047217000144
4709.365214881498
4472.954286923618
4617.298735418483
4368.146293854462
4373.700087936316
4505.112525467978
4732.636986859483
4677.077991289786
4281.37764600103
4064.7267147723196
3980.034422365497
3938.9400155072153
3443.5154085438367
4754.550022884818
1831.5756367547522
1534.3308811701354
1696.0625342452895
1923.1132531088303
1882.916576360133
2093.3448713307826
2177.1036175904846
2237.195836769389
2267.969971025365
2298.2943520731033
2484.16784886588
2381.5178988804173
2287.914842546639
2289.9560321218387
2393.7188448513257
2449.113740535055
2573.2804482716147
2515.3042321252824
2501.0734652047668
2234.234906802344
2465.9954188727947
2615.689870877355
2651.3985344494313
2648.0896074746024
2450.276612079036
2324.654823566012
2496.5481801541514
2507.9588058544964
2150.50978700328
2205.875039165821
2318.935505857938
2382.962468039823
2492.6390177788135
2556.5835902561125
2511.349749812534
2550.614716961307
2534.019193560925
2507.0063327780776
2431.078577306925
2473.4161034716353
2530.563056266909
2576.6620731790154
2572.402141833066
2565.5738876405603
2699.1367188789604
2775.2744595944982
2800.394332562769
2768.9296536781976
2991.2623722896333
3014.7586486396845
3022.8447997109074
2992.2831712092484
2808.0298059419843
2912.449701493147
2909.2174605664363
2955.2591834946643
2813.5375374560067
2821.7138407578423
2904.792278859613
3000.9298992544846
2988.188375840965
2946.4934610199984
2969.815034734422
2975.8014548394217
2971.864993815653
2959.8814523344295
3119.385337382046
3182.8407564261397
3247.992469435634
3245.8626946774602
3291.064228486681
3333.600614005159
3454.671502252584
3504.9714626777936
3480.011809344674
3497.288738490188
3478.6902789100786
3414.790765845654
3365.3149608264116
3216.741757588749
3162.4911300600875
3208.628651949044
3360.2089281304907
3311.243646817065
3340.3824692527755
3357.0842352637424
3382.7945896391125
3369.3340492541843
3335.4583606452084
3180.140760764648
3283.711867755998
3320.446184145372
3254.242723973221
3238.982106206455
3156.554313096977
3156.12837518457
3209.934447597008
3190.279116812349
3192.819430656268
3044.2344986618136
2691.2486418200156
2889.9786540682544
3133.2571026131595
3225.587517460022
3146.559043550774
3096.6917503129657
3068.6345342081368
3080.336975998653
3205.5052964078295
3248.1052141121454
3261.7811416542586
3242.7769022672883
3207.4685800490793
3021.423149963404
3132.2590679246523
3158.519387264746
3353.48601413698
3351.8247376718823
3406.5726508772073
3337.8975557553913
3233.0990918559974
3295.5808592030503
3422.915599594152
3404.575243089745
3346.477113648428
3401.3923934757336
3475.5678032849632
3460.180225975918
3380.272890686625
3405.2007991352484
3554.4727089609946
3604.1068490335774
3585.733038708513
3575.114856336874
3428.190509514732
3263.53148562536
3269.800821288472
3357.3210372180497
3380.171706106876
3322.844570986788
3257.0634525596697
3288.8851075371595
3409.315623743122
3682.2500567790744
3922.5041571680003
3967.1469482655
3985.1311392112248
3995.003758097565
3980.3934419865313
3975.7008976592792
3982.114492222009
3973.806102916951
3968.147156074221
3975.2647933568223
3988.1543914650993
3956.8968191983067
3952.789640531353
3704.306582821155
3932.5698995802404
3863.829266120669
3721.1902179665058
3688.1299503504
3762.644184663103
3794.9931151966334
3009.190413229666
3205.4763647873992
3818.4513868478816
3829.0319322975074
3769.207775443124
3978.6715549469654
4086.170105128328
4126.890422049169
4096.4429053158165
3863.527049971237
3666.0700519759284
3852.1436161305
4061.729013033458
4145.289724192291
3958.9839741108317
3986.452405796278
4100.768399448396
4189.796208498123
4138.621052490079
4008.73458533075
3979.1841547420217
4047.3697194811125
3998.51362331337
3939.1923555908566
4049.9388844885793
4014.5960884870433
4013.1926846898864
4020.21758890238
3705.8344122798735
3819.6748801707745
3716.4043811167257
3716.4938369852234
3905.2397420681173
4470.384875256701
4219.10710718239
4049.9463344831947
3957.919389718805
4145.3185563964225
4182.63748122198
4177.885767663375
4107.4016152909
4270.312301886355
4273.123416126871
4550.540782873419
4584.163500790285
4494.530766818732
4462.099921155256
4491.641067796293
4469.880832266635
4386.365957972924
4456.425860652748
4788.695138818895
4817.588746347187
4749.2574547890845
4063.038377639395
4077.729877490481
4176.957724057605
4354.797403969576
4432.273421662369
4731.306881788912
4790.591269464089
4625.997742505359
4425.42529446279
4662.468560110746
4440.295258319232
4521.39711091643
4242.895486664584
4390.215156452683
4572.223846107055
4676.525298000503
4699.480263794028
4429.823929895448
4155.36949682269
4024.533252705594
4117.905090869977
3973.1867177612876
4703.715905602859
1557.7144884677928
1523.5418027552669
1526.8377712866888
1881.4423229690467
1831.0838394968757
1909.141544021537
2149.320253339067
2230.0961761178355
1890.954847479131
2007.2370720772954
2347.8665395707
2396.894260017249
2386.650133168381
2352.5296767916634
2382.217601572187
2334.5371807644387
2347.0676346540154
2498.051971345014
2370.1412445013943
2130.500317743883
2543.20706539586
2647.465109152221
2624.873949544835
2403.7270482636573
2338.0486125473894
2184.1686291699084
2413.2246202382053
2523.5706817668515
2383.442983236246
2297.1295668486655
2361.321042560342
2407.6015068641464
2352.2170555997345
2472.866313108648
2554.5045987586745
2574.620896942745
2559.8867052015694
2530.5531015869806
2458.0728948230667
2455.471408556133
2555.286494696068
2542.1183853146667
2620.913525350249
2667.1487423576077
2770.6026502487157
2820.89173262151
2829.213191651736
2823.475028782788
2793.318545536957
2981.1541628204695
2981.0932086488056
2971.821346164421
2863.688642598899
2913.7516631257877
2948.8775316515976
2943.885810768297
2945.369759537415
2944.55530545638
2915.4662144793047
3007.1167189132984
3029.7139329885094
2988.504288177735
3009.8605445230446
3049.9344021134416
3077.9324299782434
3046.8005773609643
3194.5133862844914
3250.328722826849
3296.164754058271
3325.543331828114
3343.1925704407613
3358.5016693982193
3364.274307431161
3440.3193151843143
3456.393543892963
3445.303021564401
3426.292468379109
3378.251207333003
3323.2279027495765
2999.663228010467
3111.6685933609206
3399.6576973238143
3422.7150976679877
3416.7634934431276
3384.4879609687773
3367.6780904130014
3352.8554243358067
3245.8450542925543
3193.677237361173
3206.1453438913873
3305.2051070642187
3320.8262369159156
3251.096713605597
3153.5364502993143
3135.022427956046
3159.9752638547025
3182.529010560882
3160.340473439361
3091.7805204727492
2857.413659541128
2723.6349833158615
2758.6344091718715
3016.4672880909984
3192.9444192663736
3146.86217845571
3116.237124134241
3153.720680097403
3338.973318948129
3294.751493356284
3275.2070027223854
3297.4080920855627
3228.5152084578644
3186.596734880974
3009.3545292871495
3100.175916519418
3088.243976568878
3302.9717187989527
3377.0948272921464
3436.907664601027
3402.3529375366215
3238.2799936160054
3323.659610516407
3398.3191535481487
3435.468976258607
3334.1034649644785
3375.0970558940217
3449.372137188541
3435.5797382446467
3334.958199570595
3367.587658513486
3538.6305804877707
3538.7633431142854
3566.1599138835736
3585.461509067616
3411.6040861977913
3239.9982743912274
3297.327960619403
3342.8476928311193
3435.161808068794
3371.6231786643966
3322.249184003213
3358.097594386935
3394.8008548500075
3564.5232783112974
3898.6583216023723
3923.5158344261663
3963.870915674225
3980.6465639872554
3965.254652141515
3973.137559086806
3971.175502055283
3959.727332675376
3972.1332588124797
3981.007454732153
3982.030163342653
4000.179508796257
4031.411898992717
4029.953852802137
4038.0324274066797
4054.671237374136
4033.9804505469297
4011.823027713439
3996.3964943412716
3926.8709690467317
3802.38293516096
3863.585685867538
4017.0735117419104
4075.033561630648
4084.137629128373
4176.90902260476
4213.9626530340865
4188.793547592449
4257.666889458235
3943.168400446631
3661.8667097472558
3993.70062565583
4182.056049842414
4138.879988800645
4131.5879931668
4190.195039565236
4233.867227268576
3997.624648521079
4218.318553578103
4060.841077036528
4026.817211492066
3764.0060654570048
3722.4895089151264
3865.2388835592265
3895.0212110139637
4010.6973425174633
3926.3003681323266
3794.5084518379026
3780.6231959772695
3839.340824011241
3805.32149363918
3663.8365809592187
3011.3517043509078
4170.9795673077615
4331.5854612407775
4001.204966050978
3974.8845752423854
4143.128234084147
4197.742489923063
4078.779683951384
4091.981806521038
4159.924247410244
4227.32627041805
4487.006452410285
4447.998942047453
4498.499836518052
4499.552133891254
4504.410458806817
4492.494860481866
4354.643935414679
4440.934859070332
4730.59085655144
4734.235491131231
4439.334192991175
3921.018240239801
3952.359784187975
4340.452196597899
4579.521243920637
4679.845719542598
4731.966837857091
4703.88420813293
4568.020392654291
4482.705218599953
4617.588484734227
4304.024293097199
4386.509459780084
4271.055862202117
4320.718220050957
4569.7330122269295
4563.089288296629
4646.595358742063
4545.575815912291
4451.327378685077
4290.131132769488
4191.508660333766
4457.8087523278045
4660.134549794732
1243.541845722875
1419.310127244584
1444.6250110726812
1664.8178663589292
1622.1195806520698
1725.516685399093
1859.9659917219924
1951.7824034107366
2011.1806737919978
1835.084763430588
2290.4824203103085
2301.704921153875
2337.635746547665
2293.2820459822556
2280.240080829719
2255.9773096200747
2398.5778995179153
2370.1631338687466
2424.7752455183486
2386.2600963982545
2542.068741355007
2579.3961787543135
2497.3415230957835
2371.9946348673207
2305.1233301745438
2241.7901910243504
2421.1669773212952
2495.2372522507844
2443.9891801920858
2314.3929034703037
2410.3125790272697
2443.2861223144578
2384.6819261964724
2398.5429766368616
2561.2854300530744
2598.7816782401746
2583.2165777856544
2496.4264497314916
2464.582332399367
2466.2361336750905
2596.64686273364
2639.5521775383095
2657.19592356714
2623.177732764733
2768.98791840249
2807.91142267029
2834.976951559309
2796.3145862586166
2693.53256557514
2883.481465717722
2935.074823975943
2944.408568635756
2908.170967197164
2882.5844066262725
2962.790592461905
2970.966724909727
2950.908895088176
2945.434663212722
2923.498358284003
2967.818131488998
2994.587016951191
2984.6023976621527
3039.402794621591
3133.1989925974913
3187.4972957935106
3170.8120308737653
3193.21161523009
3236.944770624497
3287.2912072628055
3399.7343512151137
3396.5119984905627
3355.692347957175
3292.9601287067208
3326.744863386614
3405.588893734969
3424.045688323222
3379.6123919542683
3325.236730633945
3304.427143856116
3008.0261236146507
3214.4562375691257
3461.4818054806847
3460.0188885646867
3459.2997208589923
3438.9479358768644
3329.1751250936445
3297.243149689096
3336.0298176606075
3186.565494069843
3077.838979970689
3263.3627424022975
3287.4607000717033
3267.6294798001327
3205.112057128097
3120.2631591922336
3108.554928145945
3129.9541763908296
3129.361195163221
3065.4494975877305
2825.265087459305
2696.9630221436464
2824.942344372665
3041.9534196155723
3106.639471815487
3200.4972976077006
3095.7941020467347
3129.3886092289054
3257.2822561930943
3329.1459897274312
3297.110246699992
3331.6366074084417
3302.61168245952
3202.4530312442735
3093.0558870188797
3037.6084089576607
3281.42943721953
3344.0905071576353
3413.055182646433
3452.776685155127
3413.8498559832456
3340.2536370400085
3387.774502487535
3377.908920371795
3402.4191419230115
3316.3762743844186
3358.204548185031
3470.445475300278
3475.258322125695
3439.193931094625
3354.3527234454514
3577.4193212653627
3440.613952999165
3455.3660196049404
3506.8464488921
3442.1538910838526
3310.539629921342
3339.7090578718926
3363.51862018323
3418.0269951512396
3394.7416051138343
3348.6652687777455
3360.1361811458573
3313.1547673888854
3150.638530305472
3810.3812776759996
3896.3287566762083
3920.6879146008937
3966.2662851331115
3889.9634522466285
3964.8945961080135
3959.9765198487844
3859.1834955393174
3951.769576811736
3962.0755361481197
3971.133881604248
3990.6320964427473
3976.8201557994284
3922.4442906836216
4024.0090242044375
4079.744713895882
4102.741360546235
4117.22457804298
4130.888880592205
4142.631329587638
4179.60047996462
4211.553533166411
4241.374876063119
4276.68032870085
4281.404639098675
4195.867100204139
4228.15807937536
4184.034130981284
4159.981184917363
4093.683733667132
4055.93579583239
3970.7211752842545
3970.6739148312945
3900.1376251783945
4006.3382383146577
4084.336681381625
4076.8749443868123
4020.969466521687
3984.398092409328
4069.519549805541
4008.39423745924
3712.4408970149175
4095.8484586281875
4053.194176422827
3801.282233434406
4095.176488878093
3804.0356729237146
3652.786154774341
3653.1051617085745
3522.407370579837
3673.8378053692545
3678.030520846282
3707.135804189109
3960.0596616239145
4309.215147495561
4240.266661997452
4028.6170505040236
4181.151987084147
4232.226867789707
4024.3754937357785
4037.8649778146037
4200.771041018851
4284.593933726181
4220.283491407247
4298.760389223877
4492.87144171725
4498.550899925315
4504.0714279511085
4441.840795480898
4283.697953495824
4549.704411245567
4668.701154973397
4313.860407038858
3901.008694926742
4350.781617118826
4426.866622848697
4544.568673249405
4620.326426428916
4685.4154189389965
4697.9159157572785
4673.006621370525
4511.691310582032
4524.266977594185
4444.1172390305965
4088.3002388106634
4181.468919602756
4041.672570260282
4206.316671976959
4550.33282853047
4146.054863593235
4503.420355427742
4445.262701734807
4444.175881906484
4095.062038199707
4416.006240730918
4818.923446443073
4896.981494728018
978.3912600002798
1343.9047982834745
1345.2623646820607
1593.7609775490662
1460.8262294616316
1374.8286430095434
2172.0892838117084
2130.8425727013964
1781.0331985810226
1989.299571621446
2068.4288829372017
2342.310533928168
2253.0732268698202
2208.9009204625886
2134.6315823479104
2257.5186983616286
2401.524294340228
2487.075029118312
2532.002896602172
2559.780929618874
2668.839802802256
2562.462443528825
2384.719040188457
2276.7031763489576
2256.5809095343384
2312.631902550382
2431.4144885564365
2471.9411095640476
2443.7809132387288
2392.2445410132214
2450.963571438495
2465.6220976935583
2383.4132353597192
2370.098871102325
2571.7526149928767
2598.693797719373
2607.706908658923
2474.5578992998794
2388.140935600161
2470.008979974985
2611.2479103067344
2640.778880440303
2674.531379510858
2647.3729820345907
2685.289212713207
2777.898367571264
2793.5092948131924
2793.637013952311
2650.1169435086395
2790.32089493003
2920.4254220319203
2932.5409216599305
2927.0723122603463
2857.3869350634604
2900.7662508335225
2943.375265578946
2945.1562619783513
2936.0603422793206
2922.6986040821703
2909.5055313418366
2927.919889100759
2939.9990428758124
2952.800941792513
3103.7821996083812
3121.2371832618505
3135.332284398105
3157.159302130377
3146.5465417056234
3178.4926027102892
3406.709564249419
3422.104000975689
3321.413772842721
3315.363713942813
3222.9019840689216
3346.2983962499998
3379.6640139982237
3362.703572501552
3281.007225664864
3262.3498949210775
3170.6050308661374
3149.256117994544
3168.125536065741
3266.197468550089
3449.603985106233
3504.0248212177285
3427.2922692296183
3368.8967383425233
3452.4147988919112
3348.666279557333
3217.1887147283333
3236.8749310503267
3263.1468841184683
3232.1690734197155
3212.2050464190033
3174.8428053677503
2861.4729785691497
3008.9207983770357
3056.315171288188
3145.437925404151
3121.6395732351225
2793.6899217977207
2903.1411498812295
3065.737839495543
3118.6605888484473
3227.617325658602
3155.876104863607
3136.811358151465
3210.21184057987
3278.814921128314
3286.895444674291
3338.621779879024
3289.589833242491
3157.718455141925
3076.3762723009386
3063.302516898005
3272.815266326497
3369.0197960455566
3412.815425804528
3418.5462736813492
3417.2580582404703
3261.7449909759416
3321.9478496006464
3311.068773550744
3310.19547748882
3328.1813565002058
3266.712525668556
3395.8698223697425
3439.167564822549
3386.8582422296367
3304.7064258940222
3229.9020357521476
3060.627046209808
3309.8764213656727
3541.083847279755
3476.7769647449313
3338.530080914379
3355.3787979477174
3406.4999673075226
3421.2143138239203
3398.20118771069
3398.352028270296
3388.7334581859272
3256.979057457792
3136.951028255567
3527.1682118854037
3796.5169948089697
3802.0816516931473
3952.5620219766497
3715.4310080353375
3940.402028177701
3946.3070712308827
3760.7054680678652
3772.6686031419167
3942.7129739505963
3861.2999827594435
3968.637537592612
3822.222534942854
3578.2180342378106
3819.337779030733
3740.667092703754
3880.309863541818
4081.4226349681185
4114.247696537171
4121.562447449657
4123.098092761619
4145.644471470639
4180.648473173056
4178.203552635919
4188.8177250242825
4185.105258330875
4190.514422529374
4172.615593610472
4144.695528905054
4146.884618989624
4175.757088287893
4163.52869751926
4111.95476344035
4023.1497877726283
4078.3461447598866
4076.317589504963
3973.1772359650354
3965.080931032424
3965.4227625460085
4085.1839699851334
3906.887296191804
3672.7446415435948
4158.696910112963
4151.584392685397
4085.729116719119
4117.980003724307
3858.311830083045
3776.651134735846
3642.298263762194
3501.914512538054
3420.1465944598685
3820.656252013105
3990.3718447482165
3935.5265952007167
4284.339670443468
4294.6054618892695
4071.5965388456984
3950.7197520249915
3794.5362909366495
3884.885411151749
3884.8498295284385
4206.607950414301
4219.95569167461
4027.1481207233105
4157.965601544515
4454.983347949048
4465.569632498594
4355.674714107187
4081.8336234043745
4095.35849833554
4457.841576409793
4597.681011419364
3900.9790506631666
3947.3259060075525
4315.842062249676
4432.040913176441
4492.2082472422235
4652.765726566123
4655.014059600203
4288.2853946017285
4586.698187076108
4350.1670938373445
4511.143886699984
4341.526047882647
4175.518299737075
3940.329358252371
3991.3391869304646
4083.801543406666
4548.915224180755
4208.4040157113
4180.581790778257
4195.727686164234
4348.821869734335
4141.910192212295
4409.953575567061
4800.7416302504325
4872.148812138544
677.6709339521244
1266.33382077023
923.4358356632515
1595.5125725116666
1629.8137953737803
1287.0524306029158
2253.319368209191
2719.459778542884
1769.9784606838125
1675.290827272961
1757.9757308937092
2212.2962493243786
2251.973217974927
2086.4990310213925
2091.532490018009
2235.6698655020055
2274.7211384085344
2433.3227384026113
2557.8986208281526
2589.9026034140584
2623.0945588025215
2628.927040635046
2340.600234879019
2312.7772494625983
2212.678006347335
2329.958470543724
2358.1349715157494
2465.431416946989
2502.3004310701463
2332.2578812496085
2467.3986209995037
2503.353133613753
2353.549450240901
2415.4999095049534
2546.9085241905154
2626.728767268864
2600.8242445178585
2360.494936422735
2416.3626161385946
2447.339774737411
2588.4367624686893
2623.239799147403
2663.587915753398
2690.555139437043
2706.7859834128694
2776.3173731647234
2727.374359130744
2753.9893925288966
2700.6561198184068
2825.221515265802
2925.790063433392
2936.121901850895
2910.570161576896
2906.2891482491914
2840.1633515105163
2892.2024283483725
2910.1583421963674
2905.6778773495125
2875.290578648818
2877.7053612709747
2901.9173615415234
2942.4955462117673
2934.0660849646474
3060.839790876068
3076.856404401194
3083.595181817356
3068.456577798087
3037.3695910210104
3091.2151905603237
3243.062768298406
3286.8302022755656
3167.3870095494344
3239.2400040255015
3272.3342604285644
3289.358393919531
3326.3013895925014
3351.1948967860617
3321.8357934356727
3158.4608973587938
3154.286674301847
3159.0496975996375
3144.0244701171246
3087.790543209774
2973.803302424477
3039.7515810677482
3442.1762496690285
3443.248859524953
3433.593327076937
3320.5575172408153
3285.3826571417153
3220.854834174063
3250.1624454247967
3226.8510084222667
3210.4460376547822
3159.8554809024927
2888.870624534939
2885.037244654976
3092.8386224098317
3170.259977214783
3123.562314141691
2935.7557947665514
3091.2175693330214
3095.3079225348083
3103.591807894867
3194.1773457376057
3255.233696182718
3349.9602750990466
3125.630174913746
3080.8076710933633
3272.7572763163066
3339.9628145600873
3335.282419502272
3348.1145835287653
3164.815991698492
3196.13049108207
3279.1642746452885
3390.745346224998
3410.161908511026
3414.5178701422715
3369.1951688323607
3193.5788688400003
3334.0488928750215
3351.005445909608
3296.4414030667035
3213.605664386248
3226.2772751813254
3329.6841438488495
3411.3721467107907
3388.151191116867
3314.829076543247
3310.601165166284
3061.9512520521207
3232.9794694287993
3401.778682296841
3258.5318233809326
3249.1590526762607
3293.7785871329907
3374.818866730876
3423.1728173203173
3416.075180658114
3469.615047682498
3417.1668922156196
3335.2697558297277
3283.5092257690103
3480.8323338081996
3774.6956330629127
3806.2679471573824
3847.1768623604835
3773.658836803155
3768.584979699529
3926.502227894088
3654.1672023885876
3798.1354312716835
3880.0925058256767
3703.274842981305
3849.2203384513828
3576.629482913703
3448.978823581734
3622.8412411836293
3409.131995911644
3318.1672176622246
3777.032831492612
3976.9074150810593
4096.405312223837
3806.688580319971
3793.620014534935
4139.771498597507
4170.101435722912
4181.836040654164
4183.4472261549145
4176.201123059283
4191.811081313021
4235.484619039516
4210.185187538165
4205.059724337043
4182.964987811054
4192.846399458651
4186.398973170765
4177.692022291874
4186.803038726327
4183.187239622901
4155.597136093358
4148.609164956095
4127.337339341203
3956.418629435848
3817.8669862082006
4159.50951306859
4174.336304607403
4174.243157226425
4175.62859061375
3991.466780784578
3984.5222299221045
4078.2466579105308
3665.408383424766
3390.022257659936
3674.9787633627056
4074.4639762674465
4119.566274230253
4226.052354468099
4320.833072119914
4002.8520101482172
3278.2195010943406
3564.0174426012986
3590.634836273513
3743.548606728718
4157.812934600219
4331.103666532687
4268.584776579845
3989.9334303086625
4445.617849995876
4496.460045901212
3955.065176355857
4200.8768029220355
4233.94400548593
4600.486017028933
4532.629334153898
4147.724854470418
3840.443955806155
3966.9715797649524
4306.126311751282
4237.038338204176
4676.526769624544
4642.586235525596
3853.970867128804
4293.904009851314
3982.072487784446
4338.106670082188
4113.414646920775
4203.354757108867
3888.39340937442
4164.364947440585
4311.4929640146665
4545.059086749499
4300.583144200358
4180.515773885911
4158.247364747246
4070.933155646354
4136.889809031699
4424.4212450818995
4696.602247407742
4722.450852227596
977.2616421545705
901.3163159984325
1147.616296561886
1101.2435708889302
1619.8644476139414
1391.4715698647342
1165.4277618387378
1053.1854120010728
1513.6682671662247
1756.942532387944
1694.6995790546675
2042.4200166964513
2220.999420509447
2196.977829156713
2132.5901670137096
2216.744750244201
2216.5328092544605
2415.482936918703
2582.3001566396697
2565.0529199302064
2613.746748933871
2599.9472721577345
2306.7355497839294
2284.666846154561
2316.341405105878
2338.3284897607214
2351.66779254388
2437.500353458923
2508.184763898046
2397.416896801213
2477.187672155289
2537.0693873803134
2467.8403764809354
2472.0710296115153
2507.881590010626
2614.145691354741
2630.7618947686283
2529.3758458875404
2450.0893065597484
2382.34442098464
2470.2581110120914
2617.8245678209523
2696.548988336469
2777.546697343333
2791.2958727132004
2726.841287940538
2630.875838450205
2731.3596522087882
2667.066657236603
2836.6063489222374
2833.339155442125
2919.7293342461535
2946.5565166810366
2894.5999103621143
2848.8478667979807
2810.145681344218
2876.854726635451
2884.7225520616157
2768.895593187013
2816.940623300547
2772.967503181191
2904.455457058854
2910.6911203482014
2872.945664120895
3060.8435113761784
2946.6724204787974
2901.787039071965
2658.2855351599296
2981.784513240018
3007.1678161191144
3242.7815632415154
3173.989338250377
2973.9101258965907
3240.880441114282
3257.528317384688
3278.3535099552423
3324.8140421603566
3320.1488103514635
3308.2370319209067
3241.8615762651184
3144.2387863352747
3114.1183559049514
3071.065445979114
3079.255210997278
3102.66675151427
3240.0922457559823
3371.6756541654045
3449.70605407584
3441.6249827164806
3448.3285416377416
3490.942175946592
3292.78802112785
3208.652443874515
3158.8875763546207
3002.011709107566
3046.737198925922
3103.671920332003
3142.0358510346928
3195.3420527978888
3209.8085297922476
3160.241361525552
3166.8878309835222
3174.556737439062
3061.5426097978107
3143.4409486250383
3162.7386201936997
3226.521454006316
3104.056931572894
3099.401870675546
3307.023426441063
3402.1623558543965
3414.608472311638
3362.5981162286116
3274.823742879643
3250.56157852926
3306.111463717089
3408.872927983732
3410.905285467145
3379.009705044825
3298.1964399077187
3107.019313095989
3311.9875643583796
3340.4959913981825
3262.765604526201
3159.5899710029385
3192.5178032133563
3269.8743814239524
3386.0331556977253
3404.370774604009
3390.7904304654344
3306.293553167755
3309.15413249692
3344.928590334424
3362.8436346596595
3310.364198995242
3279.8924996338674
3284.26028799174
3339.17213390766
3375.1171402162427
3421.8444406846006
3460.3404769893064
3405.7985724903624
3416.0826169389456
3397.735319915815
3423.57407702553
3711.6144768893337
3639.8306462288665
3826.853594802298
3715.2118754756984
3558.2043847277987
3791.614136835167
3713.3565316591744
3506.8399236302184
3910.2822764215625
3418.3290637224577
3465.157077957074
3335.1335770000655
3352.8655493890774
3596.243948629372
3481.180212693703
3198.9684507222355
3727.0253621080774
3999.0299572835575
4059.7467017122376
3706.342985145714
3670.3470698977876
3764.543768774551
4005.149022739679
4131.429628693527
4147.735608859255
3840.0280921000754
4086.697776236238
4173.492179037943
4197.606772759011
4191.233909734532
4187.781120768516
4192.50432266216
4185.217953107492
4190.149079997447
4163.847140057076
4162.280018222939
4161.8792985527025
4172.047826090194
4174.34539783166
4123.289033141017
4104.122357603833
4160.313111547206
4133.704955057355
4147.6564703266995
4191.809232268177
4251.011995850567
4278.500161332687
4290.507501390214
4194.357861796617
3986.6580635050864
3997.946204145368
3994.221764526542
4251.942421119249
4148.697971829175
4293.52414358588
4321.286413917324
3720.2079513993326
4005.1302735220484
3924.8267258937767
3905.069622656544
3988.2675013165563
4350.6977215001125
4291.302608533634
4137.130163626074
4197.196181465652
4479.834563123914
4477.565255888514
4451.012121259956
4304.088577958414
4601.090940234652
4601.427076101525
4425.583269639579
4084.8148386412154
4314.605792822222
4253.476674877645
4359.8576080881985
4598.676298003999
4315.609328974121
4000.8891121015463
4460.978323246654
4152.366501343822
4159.209000894801
4241.848818335497
4262.650790369707
3818.527975992671
4233.074511680356
4447.369742539891
4523.092455048953
4299.902060452124
4282.056209407888
4139.085801683541
4200.406347970435
3992.235559888656
4630.510832158205
4598.822477020967
4583.579199196638
1703.9089636674312
1492.509974111503
1312.3970404098268
1409.1696857121215
808.4823632926184
1304.7040051816984
1573.770405382912
1296.3719311238297
1609.5162037963337
1755.5641095986641
1719.818664459449
1887.740041430041
2183.3456398074954
2100.114982831376
2123.337124650634
2182.7805021476897
2157.771379756878
2168.687943520674
2509.482153776004
2499.607341889408
2535.2806863251076
2520.5838666153595
2270.1614761283104
2222.4864726243322
2194.9000619847084
2306.093436126951
2395.320676982191
2474.125166726569
2494.2271188157893
2490.716066834119
2496.6063494394066
2579.339751419755
2510.757200475084
2477.12419572193
2525.4460016064813
2638.351628609496
2601.022812741322
2530.957584429859
2400.8797276833297
2506.958169398146
2551.904792659785
2807.868315576359
2788.521979609467
2829.8371054343907
2827.825757058255
2807.9344512972243
2714.7541237855103
2612.898266397507
2706.4022931157806
2620.2696840052013
2796.0748930658933
2950.538459049777
2998.7552826740853
2979.9559854900244
2883.1774988479942
2763.8765305928123
2841.8542100527848
2800.3472241872487
2683.72302599595
2742.3085157080113
2600.1084041907307
2823.7819829320006
2850.4814960895064
2841.045515950561
3030.324908510421
2796.643646176292
2525.8918594859597
2845.9427829062306
2992.7468258323124
2897.78645005144
3018.5259969677636
2815.477438626448
2691.235245956584
3188.0824479489447
3213.600055627575
3285.511875795356
3285.7162355078804
3322.4292028557106
3310.885414776432
3178.499452790521
3086.6525697044453
3048.127780010091
3134.0681534831533
3158.6554148724317
3156.474833609429
3131.1134864740216
3194.695076821851
3292.349377781381
3375.1816953513794
3473.988425145555
3537.038759126694
3537.144698963087
3413.24526669275
3183.009648952027
3144.0489087278756
3129.0092447868687
3033.350270636667
3158.5147928497954
3164.03658722785
3195.020176891982
3201.729087003086
3214.09014533975
3198.67798795499
3136.813353027677
3185.0504446966665
3060.7141299691384
3134.359698963092
3163.8554350154313
3193.9540592996063
3025.76008679527
3484.1514594489477
3497.415912556148
3485.811343212314
3383.50373610788
3302.5564175147265
3329.7567716142507
3377.1764815417528
3387.7301744439915
3348.7248343294264
3223.7364893445924
3072.6274999999996
3238.696348527402
3327.3135652533206
3271.16570911448
3213.59447756948
3160.416143934153
3250.054651533461
3376.6465264273825
3386.4239560994765
3369.391888360765
3228.510373254373
3319.4432531390053
3358.9050219628175
3394.452728825232
3362.2894291424136
3351.9735915706074
3352.5152320870316
3381.9227044947806
3234.9504896935746
3388.8139418161
3408.1771052731433
3431.8357959471914
3412.2453531599654
3437.889490177981
3310.1914591949385
3573.822277137363
3633.748034443936
3713.5689065304323
3664.126642438647
3484.5397161739115
3653.8598296945584
3603.39107906384
3460.828461028352
3789.4425728865763
3419.3358028380776
3208.473019553438
3273.648010465122
3268.3404305578183
3415.9382608982896
3507.231487733742
3423.7177994874783
3785.367459049962
3964.704316266884
3957.34681908181
3625.986067725314
3622.947905595017
3885.53618229218
4024.0704045630214
3931.8703790355044
3819.571764802392
3662.183457353451
3931.170235545268
4149.509730275319
4118.08180566281
4124.02673008791
4193.093000827709
4075.376379458309
4170.599553719338
4180.041267349729
4045.9773993298786
3941.9475088185004
4059.164057370565
4153.646627553494
4170.952213829738
4180.280645423462
4182.917444348959
4148.13576799177
4181.698216461343
4141.265333730588
4023.462788458064
4052.6138442419665
4247.192863856867
4356.921689457962
4336.223997288589
4279.5361279977815
4334.347075658155
4314.760227865225
4295.0480389453605
4318.5682820138
4327.966623633091
4398.01264603575
4418.617167311665
4400.761608518669
4400.899169727139
4339.289007236118
4130.156919240997
4394.223515804012
4298.30907334245
4141.745489310618
3983.5020669045816
4468.451389669043
4487.406545285043
4415.740294327492
4376.425861403637
4502.633817323817
4452.560083291286
4490.326844020832
4286.45504876785
4381.120834304845
4391.653848588348
4389.321961726638
4348.798202178505
4184.757524621082
4093.1444848760125
4525.013516668016
4439.600657796866
4412.475979660971
4455.178465471201
4304.739169727139
4007.655930639913
3891.349533388514
4339.88251076541
4435.408340483778
4582.302551955054
4439.931549103961
4303.497999675714
4197.303997347141
4078.8482975071693
4577.9291289694875
4572.254484225953
4410.528169751721
2475.1215514604246
2304.633130860461
1647.3128956593746
1646.0081950984197
1559.6040343170234
738.7238054965787
1753.0738582639851
1421.6340887643653
1922.639471183835
2042.0114252873452
1960.1291967829757
1858.5075315069266
2009.796897500575
2158.096487018777
2005.5699023464474
2088.0918286396595
2135.1136948548387
2025.6035619587544
2233.206214554337
2385.5144789206247
2458.019323570738
2496.6514047542655
2290.740660714178
2272.026625755211
2286.2060115494346
2287.121726626733
2360.38782939549
2360.651986056419
2492.248213665996
2493.3106745250348
2484.8938651093104
2530.577277318423
2484.9772656013197
2408.644557456944
2500.5324181747787
2610.7684192078377
2646.502223101988
2502.963705092712
2498.555847311482
2434.3217864201274
2611.189244473714
2817.356430661211
2946.011228108058
2837.0886581018767
2856.2354740748137
2841.863008042565
2713.4224658680496
2720.092652007342
2716.8137207528002
2680.973634812305
2505.1789302840148
2948.2375994116182
2968.1599109176013
2947.2554258949285
2907.081369286575
2752.7180876220277
2708.0843243343124
2628.877526114566
2504.1334446226842
2584.540809273088
2543.897039748289
2645.5236501844415
2763.5775832187223
2812.8676747249915
3017.9973692546323
2768.0768554054616
2566.7707584781297
2823.0283290378943
2942.609948597399
2860.2277164996767
2759.7388838308757
2622.927436108022
2580.5878778886454
2989.604140667638
3068.2362252425023
3178.631922944454
3320.3930360639843
3224.6592256546046
3270.061119115018
3185.5025864279373
3054.9026045680976
2968.9188089671416
3137.7060357864602
3192.023222651262
3233.8654268107516
3209.6137198243364
3215.9665101948694
3162.102309121854
3255.314971915626
3349.2793408127773
3526.475011319639
3498.861665867746
3341.946879887042
3275.6447302813717
3205.9230818314854
3210.416181174684
3078.1746684831437
3141.151048570928
3171.0255402347543
3162.2854262663986
3192.7182795743975
3230.114853172802
3245.708928499748
3210.1666956543677
3320.1384696764203
3198.4284681542945
3223.695171228479
3228.6644803100958
3205.4326262488166
3272.3120181740987
3580.6097912582068
3494.370436328352
3473.1233968326687
3415.0729693640424
3356.913181821711
3356.215440512352
3394.4029331345796
3373.95920956631
3299.129652089134
3220.44505632324
3067.9172811840176
3191.021496031143
3330.5149551311647
3300.0097593609903
3177.590511380826
3120.0564616149054
3230.8868905292534
3323.0642905959094
3352.5509077413576
3351.862669672848
3253.3029135064658
3261.5778572849135
3334.8473699819106
3377.7471512185434
3348.9889902942728
3344.31752343071
3386.4545821389474
3406.0870768043865
3270.4273783078434
3302.428147415587
3373.9504877939926
3420.960521345322
3391.6707153882817
3426.6968507173456
3470.437656605498
3561.273721717095
3570.3953792120215
3602.0746170559923
3587.028140062829
3393.175676738413
3535.243594546486
3487.4347118151754
3599.981737487154
3744.1464348366644
3450.4787448951984
3360.870961182587
2993.374402074324
3325.659736055733
3457.380254700379
4011.882341382522
3724.2768116882276
3861.014365831282
3908.4767666630437
3778.2229006447456
3548.1571075464685
3618.3084739700203
3869.642994295792
3874.6416113162613
3836.5035331100726
3724.1838164837272
3718.866193482101
3887.486826006071
4039.879755910773
3937.96433425937
4178.745052694968
4164.739521593565
3840.778747552145
4165.070792468764
4053.36166333644
3895.701587680067
3799.8921438800344
3808.7257920753173
3987.435051670529
4130.932196250005
4137.883413031206
3953.8870973790104
3852.600763167137
4040.0309760300224
4119.722105158288
4124.394596964708
4028.196402768958
4060.2248678729943
4187.815376629762
4165.287054280786
4207.697504356109
4325.79755712762
4308.4860339701245
4325.636360586788
4348.155650689436
4370.301973998206
4393.258435442929
4402.426468064387
4402.073651843709
4425.503670186195
4435.499664871775
4439.635197599459
4436.289962175915
4417.152532357233
4435.547624544896
4419.732293816042
4415.57345162553
4494.190911097883
4498.025336074888
4487.9163814766425
4494.693306424655
4455.6611088716845
4503.727681893043
4485.275776950771
4467.623370508342
4438.146100396825
4443.0474842378935
4455.281031913986
4174.682414289054
4528.405458544486
4562.949976070559
4462.237518189984
4539.690468332901
4507.098285310119
4422.203243894481
4469.107919337727
3819.7520657843315
4258.952670884876
4508.025049526229
4546.607603296723
4605.468159223126
4563.581021014381
4375.434584166644
3871.1606790378323
4443.802713654089
4440.7463475840605
4343.81150631078
2099.4109611018625
2375.9148834169923
1176.2693533329364
1786.4529014972777
1267.6164164275372
1429.2355233920707
1598.9602253945288
1908.3347489253417
1794.40329655331
1849.716777250867
1933.6580578837654
1994.3032058911401
1548.0883868872918
1995.5089379268572
2115.1643956103135
1802.4409201411293
2020.4656789190276
2129.116493889752
2180.9047558368075
2291.703662809157
2411.0877126934947
2491.5496130636857
2320.560233314811
2257.301981586277
2280.110023369734
2353.9620084298795
2339.7981576160764
2392.7739983484284
2501.8294984646427
2494.7117474488714
2462.2637794350926
2498.7756826984355
2453.1695384744485
2387.485385822719
2314.9796891923297
2344.1236899736823
2421.0149012180154
2366.4079396554034
2340.832672111763
2213.2949553581393
2369.6528275964138
2611.586515490008
2838.6188325741596
2909.16796710488
2872.0337260659403
2838.050536188759
2768.9731782009626
2732.5830329822493
2550.4733850873326
2405.878881786528
2482.685472403292
2857.2927165744272
2895.9710150856263
2916.3035097234792
2891.7940516954027
2857.7106019734933
2651.4183194262723
2396.9236080799938
2375.238526660103
2748.077604495085
2824.266453569361
2721.6936016659592
2723.502233360624
2787.128983524094
2962.028510889505
2996.713239145338
2719.941554987024
2840.6092693336664
2768.2050019908993
2488.3492830570626
2567.1439734752557
2582.722710809212
2632.9091361352534
2675.39177424101
3116.130252268742
3183.845202064992
3239.43686778244
3280.3279036598146
3101.8030227309696
2908.33398893882
2890.137626436794
2974.4198857439283
3134.7448544726044
3180.9122561376516
3194.383272223373
3230.346207876991
3187.899187753268
3108.5492915504333
3196.249590128801
3246.4190424856106
3255.9182018635447
3325.5141079423042
3338.378431812142
3360.398036639872
3359.427588649309
3136.7665866750754
3238.51493383863
3251.5728295769504
3226.085325774378
3142.1710719971866
3170.717909560473
3217.3245173348914
3341.303569605623
3360.78637782184
3386.7273266088337
3343.073192330951
3372.077816164733
3339.79654202318
3415.3574091026067
3371.71459314846
3504.51760449212
3599.840902652042
3366.269552878617
3464.5495725989535
3322.5652195298576
3395.5111802297956
3414.413573701119
3339.587597310291
3236.2135754634114
3217.8216760713485
3054.89840644
3205.8469626015108
3340.896972635397
3348.7296787138735
3208.1825004650846
3197.9264425886527
3237.8054892020764
3297.7776444731535
3358.049505150165
3327.3457512250197
3288.278058241301
3227.136267940209
3302.5755214478545
3368.1046436513975
3363.5804006389053
3358.3373513989745
3421.2761274161107
3436.792559872047
3314.0813585423575
3428.6006228959905
3328.242062009141
3428.425089658998
3394.8063725206553
3390.4317322101606
3431.3322332376197
3241.343458596116
3479.7564083910283
3353.178217531582
3563.8236471842424
3342.5580634218095
3439.3420080084425
3287.4432824258993
3595.1629488182493
3692.4180946333304
3614.1170489239653
3456.720192739545
3131.228873365214
2974.0296921867143
3455.465423921444
3597.352829874414
3741.020807067806
3860.200763081988
3811.5620225881867
3512.7420492535034
3506.059077433217
3616.140180279486
3784.4460347193726
3811.8434976390927
3685.1542541808153
3596.817224571951
3780.4411390170867
3877.1584483962306
3858.4325095987238
4048.7872709977414
4148.804509029596
4033.0546116123023
3598.3623903885073
4036.963398698843
3815.486378210163
3758.4276021269984
3602.512171511625
3715.6050320091713
3869.0298845239595
4038.618762595245
3730.359848205914
3337.6845136873208
3602.6251798896474
3779.6025616209613
3749.943955273945
3949.8197634361636
3978.1202286092084
3912.1518876514865
4019.226201309727
4027.4022214150955
4057.6579456197715
4177.524926716762
4279.161682571424
3997.2802113091366
4221.148586567971
4227.536435892255
4337.378262191727
4359.127107354374
4359.636635224988
4399.790629778496
4406.832091090559
4414.736693965146
4424.4884325241865
4436.632569852284
4445.984944605866
4453.647029279937
4463.78542728199
4482.072341755193
4486.451875394
4478.138548866058
4479.15917991784
4499.033173182467
4497.755269457994
4487.029706577615
4492.051170970565
4507.055634316571
4530.93243858798
4527.386249105883
4579.472847693519
4566.157798948912
4567.091584062538
4582.278057625937
4590.049801909324
4586.35630926989
4587.123346733694
4599.184188681952
4291.113876743046
4476.829089121308
4611.690260804724
4568.909595269406
4601.531726459158
4606.215165450536
4567.564036946975
3845.950106299073
4276.96187188538
4315.735608306668
4436.539535366263
2743.1377151945608
1862.8984326761204
2195.215928914579
1157.8949238153346
1733.8594356740173
1605.1963672980837
2126.2439316371097
1956.4559010989205
1741.1354457699342
1434.4651646382556
1767.0303230318466
1820.884502714241
1867.1554794056126
1992.852786570352
2140.6482827414375
2042.0240326722408
1824.759547865493
2082.4736485978074
1938.3385364216279
2161.2599597572757
2328.0544809474654
2461.0219388652854
2452.900431335166
2268.6158388280937
2246.6596296200646
2228.387762455682
2303.0770010994356
2411.3817923266365
2486.0848577107286
2418.506504156392
2386.794574754405
2285.350612704032
2192.408053156884
2286.0154045863587
2403.933313403052
2489.403891995386
2388.3471361834504
2236.848451967202
2261.579665639169
2533.9995346782152
2566.321056954715
2576.7920570650476
2818.44899996252
2596.715292764812
2845.7957178688157
2848.4927449485754
2787.1985400451877
2779.192443101592
2486.2758339588404
2101.4633690882197
2295.4743376052757
2624.717553491783
2704.494967652005
2874.776226415256
2934.722872003576
2885.4034487935
2821.286532748481
2685.759726719462
2490.2661963400487
2819.1540579241714
2878.8768853238403
2688.591066805609
2523.11816605194
2950.614914288612
3034.760894261893
2983.7948783809657
2932.4606472583378
2918.199953049037
2911.8157117107785
2858.084982040082
2774.943363246728
2666.2620717732516
2931.1536848056294
2971.161064582899
3124.1094636287285
3250.56944127523
3267.491292633293
3260.936296823103
3217.5472531419246
2616.8892197961013
2870.2773757862515
2990.2502126924805
3091.2690990725646
3148.053471394291
3174.4480884164936
3144.594216091442
3180.9267571348933
3118.8617648889244
3028.4092151545906
3194.514310553785
3226.2217423397715
3151.6879442990903
3212.8716094693277
3310.877785681898
3398.632373863402
3205.964583914728
3362.838816012505
3348.49541052725
3320.8997284332654
3263.793938018922
3194.581782222166
3162.974592567825
3364.638215300903
3416.776348097828
3412.2670747045413
3415.561745430324
3377.9734588428405
3320.6936102482814
3343.891594865725
3436.551738443839
3472.2601060832853
3414.308983110351
3523.229461176528
3424.8816704287974
3367.570197611235
3407.9460605948593
3414.0076840040538
3319.3797983221625
3308.876995840272
3254.2398755453028
3128.8513479969897
3193.1612300502247
3315.281486888514
3357.795400720818
3241.747670251642
3244.4706664233427
3246.835082788381
3295.738348983554
3344.9687189160713
3331.2606509827656
3281.7702781594744
3183.538296965798
3260.239332572797
3388.9793592454726
3397.853543611674
3382.508195911272
3461.8489079241845
3464.919835564885
3182.83384725339
3267.598786126371
3396.827875879378
3441.4528495238346
3348.3026102083477
3386.8391587745546
3380.04367244221
3121.740050878524
3315.2624541630144
3279.5050275388703
3403.428964063876
3384.157048275124
3333.6193761038908
3232.5018979200067
3547.6605590221184
3618.1040795227123
3643.928092166018
3395.7115043922686
3261.7913267420795
2989.989829029781
3467.890786989775
3610.098044527161
3675.4062737381046
3779.0473039414105
3861.58843447196
3806.1950922448214
3746.395450546615
3688.6228968538776
3681.6034483212284
3784.4680316775234
3688.866364729469
3558.621875031847
3712.789570100263
3793.987282578621
3858.7964797195946
4071.437764381659
3889.6672722976427
3971.3143426112056
3812.645967002296
3652.5087860886706
3418.814501593262
3531.6202196881272
3636.9280034629355
3567.3760033569765
3696.4216197107776
3806.63225396669
3314.1654619577325
3279.0534436721296
3223.8226247785456
3429.165033414137
3349.8925203866406
3346.5954714404165
3755.9006067189134
3743.3152310843507
3988.205542363016
3783.1729694054015
4039.9567630156403
3883.229349928977
4222.138318523638
4134.453249559376
3662.405386708758
3990.9124370856352
3985.4258916823937
3979.685255666703
4249.497038901875
4374.402903605696
4364.016220934364
4291.2741184135675
4252.480659055176
4403.463187093648
4410.410658805825
4419.811519383618
4427.690434012051
4451.107207174153
4451.468690204638
4459.208957795466
4477.689591621407
4483.536663931323
4476.288977915247
4480.747269400137
4491.248759432076
4492.260580598498
4516.4750497845325
4535.941875754973
4555.035374225674
4563.979818040358
4567.4882513022385
4579.095552225284
4586.771777840684
4608.765819319179
4595.5809074300505
4604.283077623023
4571.030142147914
4611.674663662626
4637.657786860574
4631.680253282666
4620.620195654684
4615.540110400441
4622.504096411343
4595.748275915444
4279.140117679719
4427.21585984761
4495.237408514963
3119.0684200468436
2242.3445451668326
2262.3478779234665
2462.3118669060937
1501.9614491116126
1367.762332941332
1968.4248304014461
1996.2653371041667
1732.3723618137785
1536.3930655677416
1365.6346604651596
1638.2242251479577
1322.427019583325
1524.585202655087
1900.067400153346
2061.708257128502
1890.4067618981005
1841.9962524355003
1875.7134341041728
2059.276789799548
2074.084245632657
2358.4494803241055
2307.27488531079
2256.8016448768803
2232.019408990743
2258.664056202853
2325.6850805503927
2400.4223395195063
2436.7575838108937
2355.1067006060607
2277.8424189985326
2145.219060879434
2426.8776215647254
2308.927377769287
2226.21205462578
2383.4484593346115
2331.2847493695817
2190.1749246900604
2010.4147581930702
2732.0096409532443
2732.303943633963
2711.143269422854
2672.7613110950183
2661.793417799782
2802.208390523099
2829.9677037142947
2832.635881952813
2892.940764385833
2532.831220403469
2557.43922982426
2654.9057561405375
2764.3898070833006
2799.4712627853646
2858.2294741846686
2910.3487660229
2895.91519411837
2773.8983708045635
2900.216431432437
2926.2476083055326
2924.588931734541
2894.423394776175
2823.984671148769
2691.865253168216
2945.966618190181
3079.084494883015
3027.2937457170237
2957.334781365634
2915.4399751087403
2912.358538739959
2869.2706255239996
2834.5044740091444
2869.0832646917693
3126.8356581373605
3237.178482496089
3225.8729108314487
3252.071974738941
3256.9819039964154
3254.8296004213994
3201.25947858068
3049.4551084210566
2856.9040877735765
3066.045588970052
3135.9938229438917
3167.7903791488666
3162.8280624182603
3018.9032221866187
3145.2538934698996
3159.12572924985
3156.94141786873
3190.8181167866683
3168.801475728004
3058.096277980674
3134.283832374799
3237.571055652239
3295.9930837859874
3354.5229921657005
3429.4994541709416
3357.3120873339294
3259.2975091755784
3258.395326549175
3261.5211196726937
3343.491729352835
3402.5789307967575
3434.085056077243
3438.6250844432843
3446.9456990657186
3289.6433304834954
3319.876889085572
3368.622420220739
3495.112197999024
3491.3806457677033
3439.815755414587
3418.8673921309155
3403.969492338423
3493.53579963599
3377.2539939691706
3411.6382602311332
3391.6263558066007
3330.6102636055184
3299.8089981882786
3224.422502856036
3298.4883009090972
3333.768400162575
3356.038147432905
3247.414509189729
3262.675703823012
3257.925847537776
3281.8094967928487
3267.069727527604
3307.1507097867025
3269.916791573748
3168.98067379736
3365.6095477661247
3408.5827148726953
3429.964215182972
3405.8001470696922
3459.8624942857236
3386.501244269003
3294.9484016463266
3363.263153306027
3406.776418443393
3429.9400144689002
3258.697585692465
3395.9372433491917
3357.5466661332484
3074.7143321038698
3250.7747324674433
3384.17172726626
3446.97268306973
3374.058523395655
3253.3438415699775
3248.965731594049
3455.2848876543167
3564.699821022738
3602.1381288539183
3608.8244870521453
3585.462787204477
3503.259448734123
3553.95631239767
3642.4330722151076
3662.100916843221
3718.2381302329077
3871.899614522476
3743.6041537630776
3736.2001173269737
3724.4928801831234
3711.991326143719
3700.393617032021
3595.1181128300946
3734.82312082794
3897.787244082791
3901.391601286125
3942.6377248247163
4058.8822690588977
3851.734159608559
3718.158103779369
3734.3646747048756
3451.034445767613
3414.202956502436
3478.7049778759265
3678.693980373139
3702.358623833085
3937.0863110724026
4029.494648717512
3980.2931207866145
3356.6614340804617
3176.986122976807
3056.8078843283183
3121.0899144557347
3467.6541654881453
3574.4545737903063
3563.9693855264027
3695.897266362183
3339.390453762889
3453.2210483309455
3433.2479272402975
3647.1671643778823
3857.1264746289016
3336.7322353463737
3778.895085683357
3707.210449742382
3621.517770912456
3554.7250954292185
4132.507489416386
4175.904072371108
4207.56501016777
4063.1613329407464
4265.0128475321835
4342.529612294752
4250.300335252691
4102.188948862208
3956.416156688718
4260.803866249552
4283.169752738564
4408.064824443729
4416.532659995047
4448.260805593322
4460.136414624716
4463.355497333287
4454.249463196001
4432.3977948851925
4476.161606256849
4429.763292774532
4525.550298503433
4504.018098833522
4562.383204616434
4583.263054875691
4600.898812826292
4574.104966446055
4563.871909546986
4618.803123625769
4641.105638298438
4604.664563942428
4611.97607351863
4613.527217065751
4613.06906049797
4598.300589597534
4602.435732859548
4597.736097261942
4590.2694925636015
4592.3250676535845
3113.3544510650295
3146.5116982534296
1963.6263604044063
2237.2351877657675
2061.290521994941
1704.2673816244137
2215.325051639962
2135.8555518617472
2014.0535914866987
1858.3085423240057
1466.6846790083216
1326.6504538860188
1130.267903145818
1197.3223259171082
1277.4888453856875
1938.4270397391094
1961.9929138100717
1871.0650005076
1970.746322492934
2147.6997132031274
2299.546303969987
2323.1197334975213
2390.7645578609013
2271.248918419047
2257.1091076445255
2201.776767530122
2244.0042229450864
2261.99439253871
2341.590239218287
2435.3400620643592
2159.432253471843
2295.287366571293
2462.280135497293
2467.771871994942
2134.922180573624
2269.8884726752162
2423.1591785980677
2391.6388112994364
2490.9957727487395
2743.341864621738
2772.1900250302306
2516.2893162494242
2416.8702834912997
2681.3252294091017
2831.3849038536023
2846.13535342426
2827.2630627104104
2886.004296751519
2928.454181713549
2910.701608181297
2891.8775575700797
2863.0293499586855
2858.7192608874057
2811.098575449807
2833.8286222657534
2816.0625383617403
2763.6399471740815
2878.6735524139212
2911.0958915903466
2930.198623226354
2927.828529546337
2876.475943354054
2909.4721256355288
2981.4962257859443
3008.728499976408
2990.012838675807
2932.8250767435275
2939.072913626185
2909.758000778382
2885.9588942664573
2886.311162603831
3094.954685040241
3190.4366087110666
3212.490700454878
3253.845351271214
3225.6302510777023
3213.994172842777
3223.092518224485
3177.0397603781635
3108.5611045798405
3101.7347147462424
3050.831818292993
3130.2500627824948
3118.946224239147
3088.1175646058523
2956.881167172224
3118.7293693805386
3070.9609805029486
3155.856102337815
3202.772557917465
3235.5353085772663
2964.8589379476593
3131.7760372377747
3267.916660682634
3229.974227409474
3336.6171683648113
3399.9747866048942
3276.0276091731826
3195.559269719655
3078.5592889022064
3090.5736089785096
3309.7490060936198
3381.2768331345223
3439.370076801189
3436.061684310449
3440.716174569598
3428.3985725169077
3314.2207422161027
3389.1982070784434
3476.8251846417747
3497.3896712621145
3503.1609330638203
3435.843510453837
3498.3623912450857
3546.0631323721145
3486.8954603213238
3353.7338361553834
3372.234527300201
3355.0418149071056
3339.25480349038
3109.971823679995
3282.0170367628148
3363.398481854311
3354.3839858251586
3172.7701321101463
3258.5053335199323
3272.7921035670993
3268.7653928555305
3259.3489033125484
3286.768547320765
3237.9617500755485
3188.5130036209043
3303.854721953041
3351.1018735506696
3388.533122688829
3420.3086165984673
3407.070657446187
3377.869953445084
3403.4491200121106
3408.573194957153
3434.327431695833
3470.0505333029273
3449.8948458526625
3365.9995962319335
3349.126497838701
3152.1202519092676
3240.84155788657
3371.1717792705595
3388.1013491916838
3306.7239691255136
3219.4199977261073
3232.2567168289497
3375.5903900823864
3552.731538487526
3605.715316244681
3617.414509227682
3617.458900884283
3586.4685081526936
3631.630222412392
3797.463829801922
3754.5447271886906
3738.5102865083554
3754.233467460387
3676.6529835165074
3672.149026616333
3782.417435294232
3786.3419975864185
3785.850944732543
3617.7109503406623
3674.5096357600787
3897.4823912266597
3908.0655414055345
3905.9991698696663
4037.561058582893
3821.4783409248093
3779.1230041445338
3563.740717038525
3769.468551514767
3536.651758136884
3631.86567388168
3773.5108779981624
3934.3997693591373
4018.5391272893894
4014.3071618757863
3938.4278677385173
3402.7915301277662
3220.3411184108336
3109.153193669325
3238.87955179181
3498.540558111199
3579.012643277108
3528.8847553754817
3489.088636925615
3346.8444042533793
3149.8315042972245
3072.6976614054342
3216.858294969208
3465.679865727585
3313.6053736388435
3527.4481725953137
3412.5782435255937
3126.6626166853457
3036.6704876390704
3608.5192780005677
3466.808800709497
3825.414366880677
3967.685964839254
3457.114072367514
3903.1558490996763
4064.855764565144
3453.2352387029414
3373.7232782147053
3786.6389554785515
3969.6094153878685
4142.316939769634
3992.464637054823
4376.730573650427
4374.446905995311
4394.634909416327
4400.998640868418
4399.588981557367
4373.367549839827
4401.500397287058
4491.267924679764
4487.308007746913
4455.190909316157
4521.470241963176
4542.95586357481
4483.844758066289
4480.565015633962
4589.399666587064
4640.196117269133
4570.603542585832
4517.553704093433
4586.940671989515
4597.211781188584
4591.335394339113
4488.148688646073
4581.8296002787
4597.000280119896
4577.969592573526
3036.957908494791
3031.208779630755
2027.044700445083
2491.653751411627
2996.690287535151
2612.9227200703044
2335.8195567032285
2399.078556667765
2167.9121771506284
2414.3967127845317
2177.2695114971
1405.8079653408086
1569.7144858156653
1497.5564504968834
1559.88719024828
1582.7770677175374
1879.216573602091
1935.662503688286
1661.2135981364545
2007.0559550580558
2185.721753112995
2330.2879487509863
2297.306827517395
2259.235077099935
2192.237355526959
2221.3883499813605
2199.074441693005
2383.95651357643
2403.307697452719
2395.64846397684
2317.568615795395
2499.0567447047606
2541.171615483015
2554.9519832392284
2446.656176057035
2337.4155917590147
2460.3389469997715
2534.558358102784
2611.8553317113824
2709.2997122011225
2746.2580334521817
2736.966243007572
2671.5964742191513
2368.8247934231244
2798.969311411731
2797.2849010638447
2903.9568197009908
2944.963848002355
2845.2541480026352
2936.9320019231486
2909.6310571002946
2874.333773094929
2831.9501601745933
2773.828812574592
2782.121238014139
2834.8787177405043
2671.8884788753144
2839.1533067150835
2888.1933763217367
2934.0238324423194
2980.0531827039476
2986.7750238571557
2978.4316579280903
3003.004299470405
3012.05357833344
2978.45393256796
2900.152858993916
2963.121883546803
2943.2927770329347
2899.3784725587843
2964.721451553351
3160.112035001063
3220.1662629311554
3219.801507018589
3211.4830193231314
3191.4275397691376
3181.5825402375503
3075.900443768769
3134.519255781979
3122.710526711952
3098.909932878548
3065.4685875282976
3102.537638188183
3108.798853418245
2996.191442238598
2990.8334423448937
3098.8618583720668
3015.195726430002
3216.0017284424916
3257.5313278092426
3256.6476451972526
2952.6172896367416
3186.764558534855
3259.0203183414924
3304.490386821517
3356.7487999353716
3356.9689962481184
3363.357780612962
3345.594509380286
3119.8405975250007
3041.5887837416412
2970.5526627828713
3150.292233015549
3408.4196200149345
3338.3219447044326
3354.0025582553703
3384.517896300321
3429.8181835557325
3383.5564076150727
3458.6529777501464
3430.021679693095
3449.9915554742443
3340.394954509238
3525.872623084025
3589.0694542026827
3552.303396276024
3454.47444498741
3346.80399875717
3356.476427419893
3367.054558800118
3350.657005272126
3427.615914361911
3391.3413961479296
3355.258918246918
3261.2028320387044
3238.335493676854
3266.9762484667535
3274.1902297833512
3230.7042992832075
3289.658750209728
3254.5364741637377
3176.5488273367077
3287.6357262542856
3385.608658054751
3415.7314941143277
3380.7659800476163
3326.388889287694
3304.4457476272937
3303.3119760806194
3398.329926212657
3382.7765397735616
3466.8103914098137
3467.5776316818983
3415.1075241681856
3373.342776485742
3020.132170024543
3115.480276935139
3316.2046140823663
3362.7486431261027
3261.4653114462208
3208.615130146086
3250.2442901468617
3405.2300869800665
3536.043857959206
3587.6821957951743
3610.275017478977
3613.475084248847
3628.5190425699807
3612.7185650528163
3804.879299144045
3679.6412543948004
3724.8531813262284
3484.8695335737943
3772.5341821612355
3627.9597183545366
3849.0870007993126
3855.470774682864
3825.1212284534904
3734.0639944746704
3680.999158841128
3885.0482965970864
3894.113038819862
3903.764075650067
3997.6187596900104
3997.6498963868876
4042.6346741076895
3964.7957398589238
4121.8117874299005
4087.489610022312
3968.75598048385
4003.6669213493974
4090.3159112852054
4049.1882819652583
4012.7094271079236
3853.1151997001775
3388.5065023451407
3399.208882703098
3482.2317023003807
3594.6391946884555
3661.234164839679
3645.5395457866257
3576.898118248765
3497.762170081276
3435.773615155215
3258.63660424298
3201.999711961639
3007.1126708685347
3236.220760891665
3467.035517721246
3532.670703264791
3281.0237514665246
3040.650910925926
3199.273157907122
3280.9956671795258
2971.112500017933
3254.873469678686
3737.5334837951086
3485.4529615067236
3532.007558705701
3655.8085740751103
3001.994423040518
2845.4470928811866
3446.303831490413
3868.6706899085716
3905.001686305917
3524.0016105325503
3985.5548109750275
3958.0185832578886
4110.558698769204
4262.441067675588
4292.663469076813
4232.704909432335
4298.063389472345
4444.091767674754
4494.278586807237
4364.998194464533
4414.072665367863
4349.4623440557725
4411.684557158676
4420.176041307216
4557.810506524544
4614.596121017862
4260.834143914582
4364.697302990754
4460.35656971654
4578.592492341824
4563.874171455133
4371.335001473826
4482.9183372002935
4568.784854773797
4572.553970341997
2813.7718976275146
2986.2530300062126
2327.485663499867
2506.4417158805127
2980.062594221503
2955.669912311822
2339.861635291498
2207.0040545493252
2160.363468058657
2126.4307183988317
2230.1040832180224
2328.615623270267
2229.444259953671
2189.0933599612968
1962.8511328886214
1903.273355548815
1998.9952101472506
1841.2829584046306
1954.3515456288953
1730.9438477797116
1870.412700194301
2179.175389291468
2243.4236662403614
2203.405940370615
2164.465862589022
2126.3933414849193
2224.723014973306
2218.751876183914
2365.7059626303126
2514.0360139773306
2440.9170638083456
2527.2604373469417
2614.9246536372602
2586.053962857501
2617.0006805885428
2560.86646594133
2458.0551238993025
2478.2576161511556
2634.9339661260346
2676.5883576613064
2718.2931322449963
2784.986158379372
2772.6445816920445
2785.735992793629
2768.199534383364
2804.198241217676
2937.0055907555725
2981.222242838739
2520.6657548132803
2709.788245539132
2899.532767579014
2868.5141735943657
2830.369038584718
2762.2797806620015
2724.5558006377446
2803.8127035943294
2806.326085277691
2802.3186767110797
2753.283520224918
2883.502716490623
2941.1659068979307
2959.1893476576333
2997.9602933625533
2975.824147856534
3008.326842183309
3013.7350763262148
2926.7256104912567
3075.243533296388
3056.846719955471
2990.92931532775
3037.3990117854923
3135.0495189955495
3178.6468866857754
3225.1858618356396
3145.243084048202
3123.3177858432778
3143.8695607746204
3161.265521594456
2840.005615966631
2867.1890228218376
2987.3764401034578
3010.842571912814
3060.2171502220476
3083.4206890850614
3012.8296615753884
3083.215158926646
3150.307601678439
2955.4666854954157
3204.103358877514
3268.6291637740787
3290.9973744522813
3306.865140356435
3275.59705729175
3222.670122480309
3299.690579715445
3342.728047135377
3377.5891423480075
3359.548271346783
3373.8927832876107
3367.758295907872
3408.636317060498
2977.200356890457
3425.2210897961613
3376.526315111631
3064.6124512949877
3122.953145551981
3235.7681511014157
3373.5550332757634
3440.992887860522
3324.07994539824
3334.8780575498495
3355.7085670901215
3454.8093294887385
3541.7995578769383
3573.749380455489
3590.537659887932
3440.1424430623947
3304.2168976024004
3345.617316399948
3338.3806276636856
3201.1027052324134
3482.9295522707603
3347.977641092757
3369.100912501757
3304.948463361216
3250.4679685695323
3271.1756035352287
3275.5106999708323
3232.78461020381
3266.5503236795143
3254.2142964033396
3090.9411724546317
3273.822413094951
3383.3069206069576
3447.460992012754
3335.6678894086604
3225.837354831147
3109.2148038298633
3143.577084738458
3287.9025156597186
3392.721651374735
3490.1977154729507
3461.6767841349824
3407.9086951044956
3238.9076097645802
2923.603422082664
3035.43935659918
3247.0899368131813
3212.0937825600713
3231.36828861566
3208.4850602124925
3227.8186895098847
3462.546738465729
3533.493101164336
3558.4202568903993
3611.7361818433756
3627.635407871392
3644.349815198904
3522.6585023928264
3500.2226459538424
3608.939360947461
3626.511801758946
3580.6164167595325
3814.88266773102
3727.881814843245
3842.377418540431
3874.5410315073163
3880.837462769664
3756.8842159238548
3732.395156186841
3833.529308532051
3799.44589908939
3777.286701298692
4015.694049102611
4048.2877998739477
4053.9864584858624
4055.1829741480037
4059.643075903876
4018.0874527162573
4079.1320560504723
4124.315272134507
4180.409518084704
4062.651852430031
3764.887779180543
3477.9883473699865
3410.6736493888716
3586.4367934624174
3736.2534551083636
3857.7459573183037
3731.3589738880505
3583.6807084286315
3595.346702478755
3515.091700744566
3435.2155631496116
3389.129055567144
3300.4592122807376
3340.1133751183133
3192.267587079292
3461.7369126786166
3456.9554642947064
3265.1412806841427
3267.180066129563
3169.6553284756033
3193.464738947925
2936.5489016928045
3088.321670567054
3253.3124053341207
3447.4778200211013
3424.677188643215
3298.521729034769
3038.527613656178
3028.718953250174
3385.8047910500995
3499.746056677342
3717.8518668411602
3335.5678134739974
3478.916517272572
3571.487118572132
3660.276040409734
3902.6674665928363
3699.9097629643957
3823.238796262784
4217.787687019628
4217.893130019638
4309.288613186781
4102.04919522329
4001.495969008226
4235.363148049538
4288.161177423396
4306.034509364103
4425.772293652749
4607.875132906628
4614.097913986757
4362.7830666295185
4426.086997097335
4567.173595660831
4503.683033127971
4352.802792484095
4193.415251742044
4528.827804954436
4532.917802815987
2010.1595197450945
1925.9387063553795
2571.8900970316754
3058.283456017997
2921.047576020747
2552.755390662795
2516.364372555997
2065.01143406682
2169.0097339358576
2170.411060909595
2099.381570442336
2168.996112985665
2330.480037680108
2202.20639495767
2147.2447391476526
2052.7702483218536
1773.302401228587
1957.2503010773082
1952.9081351850211
1686.0008919908294
1632.530591613737
1825.5040554033944
2253.8715703293087
2125.287481364437
2079.6832680422103
2055.0893339410013
2051.756863182874
2089.4245894392616
2191.049001021194
2411.641347018013
2532.0298048068926
2598.7909750917734
2589.411125715497
2624.0315590255423
2627.8001435106607
2656.552121462024
2588.792187693081
2517.718393044996
2568.6393857057665
2548.0159846635665
2522.0273372432985
2456.880983975287
2349.022549441352
2570.722991871708
2739.8829520688096
2924.3983636802436
2956.4276878599107
2976.5167515161866
2826.2121109572395
2600.721506743435
2833.988732329123
2821.4475584325673
2826.2478473318815
2788.870882969061
2743.4494704165995
2837.3780791256804
2972.4927710258426
2879.4900692942915
2794.101184661206
2886.124949348224
2938.159445576963
2958.752542536785
2989.5439632789153
3000.731422706824
2994.9625483177983
2998.759348245061
2965.1668484335396
2814.312360379863
3114.0471868478385
3093.0582540868504
3070.849828778964
3094.953910311013
3140.4208908261353
3166.0834297344486
3088.467428062757
2991.194944112631
3029.9912948633423
3073.7633688413707
2835.735222933936
2581.3730227227493
2937.255433930013
3024.498671575179
3041.843285693752
3102.098088307171
3044.294090222752
3108.197927500019
3188.20810702504
2942.9868612961322
3210.9251023362226
3294.1629846951714
3293.7035275412595
3315.6892690034983
3301.8263495806455
3292.398426264558
3362.938048147139
3315.839174129169
3350.3121381838955
3213.215745814638
3307.973528199222
3349.23083951106
3404.927033840892
3428.1362312878723
3389.2799759574914
3342.3306660699645
2742.157262390482
2782.187993499441
3015.7737895034365
3344.664028962907
3462.759874925558
3462.4982493060666
3433.5296477199954
3447.2436534419676
3529.2370790123105
3566.7025874281767
3576.505104520153
3584.3701706536704
3309.8930462394646
3270.5401384356464
3310.0820977750222
3336.467315196129
3238.600021504224
2829.026864212346
3486.6379922777314
3262.339298985756
3303.7050065181847
3198.6523964134376
3270.9735721477023
3234.2380196303425
3200.065918967788
3257.4771514364397
3250.8107225263134
3098.220025764244
3285.9785142015808
3374.936149013071
3428.5658026627675
3343.021883660552
3279.424396194281
3024.151196333497
3019.1006306334307
3238.1644878719794
3401.599455348013
3467.678827610212
3443.2062445560896
3439.1337916086145
3188.8608188880803
2999.0289639099037
3111.081745315142
3200.282446058423
3067.871464349672
3124.0674716660865
3181.099527299361
3237.7314105151318
3457.8199373845478
3521.526741810098
3527.872399453414
3591.1209130271186
3588.90260109719
3648.6755903322082
3597.3793014186876
3433.4372941407273
3617.6436289992753
3647.4834234348527
3737.8427567862173
3820.9781653517302
3805.5096522658887
3823.5518646510945
3842.404337398314
3836.684112702847
3775.5421344131946
3735.9716203114353
3778.8978583381254
3688.3076250322474
3568.5510770404335
3927.385671486822
3656.5920071607384
4045.9605109046765
4042.8296627025948
4053.0246294076173
4044.8057318384767
4053.1660376666937
4181.150473652061
4246.25008497167
4113.557204698883
4019.2742772404854
3955.6290503300143
3959.3652781368396
3791.175989826367
3776.594383834972
3836.0069344642134
3717.19189000423
3663.296606860577
3642.492298404903
3516.4802597809876
3355.892747702183
3346.287394480628
3354.7752444623065
3352.0870549206193
3267.8890274713326
3454.4143087013886
3417.476116930251
3344.8744295226215
3165.751719547434
2958.0997267985376
3715.4755914839784
3316.1632105208037
3234.5436763790444
3411.6265563521447
3399.217127455264
3490.402226633308
3455.252218756697
3396.8031014887147
3143.2957114070473
3348.234274893263
3366.8301427142355
3490.725338973328
3211.8274747778373
3213.9922317788864
3241.705469777223
3190.5486765076307
3643.7397440979016
3387.3961561841857
3590.397341510656
3861.3493926808724
3951.1261344092545
4093.0790781824176
3956.945023367391
3757.6222498325496
3917.3018793729952
4163.1918580440715
4125.732557561182
4149.3334858779845
4490.264587078232
4341.866831384357
4311.639942270211
4484.294377161267
4560.073035803004
4389.97520891201
4109.693120057983
3973.5348371384225
4223.790846721028
4482.3249753986465
1901.66310409414
1317.2492702399502
2041.0739972014658
2398.4771961738434
2820.6675648397513
2773.423793285233
2749.1996880953575
2227.9339461031286
1968.9644409600728
1871.1659159020653
1711.5330770089713
1643.4212878398603
1888.7133914419492
1968.8261587804232
2140.9470578473474
2072.2257386642145
2145.709385149785
2176.452941235763
1960.8707557964647
1941.5864436592958
1802.946039299536
1609.9668911078802
1957.2970744191384
1872.7254131860575
1699.5158546461948
2067.469663490413
1999.8092033982884
2024.2383911356883
2038.8077573977462
2095.9805092774977
2428.1276194509574
2569.7636515914587
2599.265021910255
2622.8801563565207
2631.3980149755234
2627.3000212066563
2672.1728253701767
2695.204257326014
2649.817460320187
2099.5677149250987
2497.78722846428
2631.7983428042553
2786.772956332094
2790.0944385404878
2614.5602561244546
2916.727644516239
3004.7009346454956
2982.440154255649
2892.7604743701
2824.2012931126314
2743.616085283836
2803.8358964806707
2829.9710442070736
2811.8525783826526
2713.169540838633
2614.3638156659968
2987.464432677412
2930.578351589772
2877.09580499943
2948.275955545372
2956.1045169888807
2958.114928538902
2966.764687983967
2986.0089122338986
2968.4338275324894
2955.719536244658
2923.9970682789317
2802.4959724622113
2997.8692722254023
3105.5221246318483
3098.012524194937
3113.4891291738486
3126.8914292125373
3139.85784413153
3099.678809839727
2973.0223047903646
2971.5800397811176
2888.7603703083664
2799.510760681146
2461.852069324785
2892.4107640138486
3011.5105550453136
3085.977582860065
3135.532560959454
3118.8906426097133
3160.622780818278
3175.903407537624
3051.6881017409587
3220.300254259582
3303.087964473502
3318.791806233198
3325.8246416330026
3328.2100070180263
3322.609764940823
3397.6571732215302
3262.0604872518957
3316.208787232302
3220.9463413860954
3232.0225762045125
3330.599335482675
3381.330655629048
3417.914466772359
3329.8152862675424
3249.330044634775
3428.4616286627033
3419.298525225829
2563.964187569189
3311.917868000151
3505.4623543256002
3518.0812494907464
3463.180505440544
3466.9405267073234
3505.2031744665624
3540.2900071059876
3559.675788628469
3289.936204839435
3209.5188700707013
3004.5154554804776
3306.117985003026
3320.5994036507777
3342.5079550799983
3237.5203810801904
3152.597624931296
3260.8788234873437
3076.6913403727153
3017.783879898078
3160.8556774192866
3232.9612082718413
3222.1645671354586
3243.399447297917
3251.727183056665
3120.765190087051
3246.1951318551555
3353.969891122838
3434.669208801076
3418.378559007591
3281.2277527848946
2938.6304011579123
2890.620044820504
3020.2571542726096
3274.954471536431
3437.367736537932
3457.44599002075
3460.801179782632
3214.518299791923
3061.8836446205823
3091.1422926690234
3106.6920038154485
3112.837876328616
3157.608131719176
3221.3831541378972
3202.102726677687
3381.200325421385
3487.4726584144587
3477.056079073066
3530.053518359679
3572.0456483066305
3619.359406865292
3553.89528375653
3347.0827410986035
3570.649077008347
3697.6798607753954
3732.8506934189804
3821.4617285222967
3842.2989859260124
3960.7136217592524
3879.8108389377126
3837.2043411739255
3713.9931969584427
3718.352034263809
3744.1194317265954
3721.045492866851
3722.1678970409084
3660.931009114673
3609.668056582773
3994.932622491072
4013.5164930790947
4047.818522962443
4047.154186517573
4048.9314972544566
4044.6441367896946
4120.556466102583
4092.9958276432176
4009.005606428378
4004.3573469581743
3992.101898182958
3947.3088840673436
3922.0109217518866
3909.2919117007555
3862.4321481843745
3789.8877719804027
3604.9966520610733
3441.5081277159757
3272.5668954501775
3279.645227422545
3349.919030692804
3317.414215079857
3226.299931909644
3395.6909416656645
3340.3727445929967
3224.083128815505
3052.7874111240744
3051.0760540696783
3321.580165537281
3353.261873137963
3405.552983224822
3452.3816238119966
3484.2141021193174
3492.997047184469
3509.872191252862
3505.3544344623538
3210.052711976009
3442.5162991040274
3487.8301630215005
3515.1698243035466
3425.5677245795005
3078.325708936047
3265.5173116801343
3085.3861154653528
3462.3680653937313
3615.2389374735017
3479.8201777869035
3742.4935918410783
3758.611291091693
4086.3077614203808
4187.653470587854
3991.804473076916
3648.812209327891
3674.668038662689
3932.3420630199544
4082.570589878968
4288.803087915068
3837.1972618346817
4028.617302281353
4343.112817081775
4456.636177144284
4244.032998360635
4234.812002827633
4064.553748277592
3978.3406952756613
4007.7805191920875
1969.6082393778997
1860.975984374548
1915.1053253172777
1824.8019780085099
2668.5302861557766
2725.5394635868847
2576.480406896447
2691.4606243129524
2087.605151282599
1672.9357964935866
1903.1425867564537
1333.3445253564055
1595.0113319028892
1779.0443486546703
1776.2643111493824
1730.772914512827
1808.0322204039628
2125.0386753618536
2137.797909066394
2102.465159711472
2196.8064813504543
2109.7333235137635
1920.4709109775556
1952.7345691196886
2059.922655812547
2082.250245128314
1992.2584836610981
1939.0339104810203
1977.092441106044
2007.5656472204391
2082.3924666398784
2501.6873635432476
2657.4440948532088
2666.926673808513
2668.261575042853
2411.8166016910495
2708.984623633091
2739.857021106908
2768.6300973963826
2432.3998469173644
2395.4987644305725
2400.268260711936
2851.915328793299
2837.8940528857815
2874.461670006628
2858.0074740095497
2878.071720901227
2923.637401016637
2907.4257588710475
2895.015740914202
2828.3180060410223
2804.27545410183
2790.4887730979535
2782.3877487899094
2756.3248450834712
2676.1541071429037
2852.7403281420193
2959.6947465619473
2935.4935638637594
2935.4560300802377
2941.3996721996805
2937.7153346874306
2930.306920955446
2932.2683292450693
2875.471167355993
2837.394962501649
2871.010357686582
2766.9018310503993
2940.4486132979923
3067.8972282468912
3096.038509130107
3085.6452177446713
3085.66486434417
3096.56762169416
3001.188663694251
2937.672967927081
2922.585277468998
2884.4699700291508
2796.301343094596
2818.41047982379
3001.0123742076785
3044.6225287934444
3200.1864266281736
3155.1757582956384
3165.2485107789207
3187.692286881585
3185.137117196116
3038.718794749033
3208.7475833981725
3238.3853705170286
3312.237837971597
3341.830282205846
3356.3512621355453
3366.113530591627
3419.3816049199763
3225.2514137992116
3245.7506046105245
3111.6975326517636
3273.8048335352655
3319.543007941163
3330.309495832217
3411.352992580343
3428.4556010785354
3449.2451074252554
3122.793327786239
3222.520274749957
3348.0847139014218
3474.7465037259894
3546.419753805941
3552.491923550709
3446.3319835933275
3346.5716863389443
3517.899415139178
3498.8031607317926
3492.726588545883
3360.4042796289577
3339.486226824955
3275.5901573280894
3203.0933765433947
3282.593423753632
3324.9404540480045
3319.186239974042
3297.522051877506
3394.113652502171
3206.915190935143
3048.9245490275466
3134.708925580531
3275.8682014159226
3229.7454730301183
3229.4830152536847
3223.283644575988
3133.855460043671
3212.224132617188
3355.5231637042625
3408.620465954187
3420.68187116822
3430.1597734808074
2988.4198134831613
2679.438600773364
2466.733949301429
2980.5237127402347
3317.286334569151
3418.512961029166
3372.8723315553225
3168.966394115496
3102.6410034108562
3133.316546428216
3192.5452606450217
3143.4037624336434
3164.8683490887774
3159.835528881226
3212.106455767633
3243.3368987924914
3389.3464712807236
3230.4310295392784
3387.675537697341
3506.1244238574814
3595.617624920134
3536.4199570693586
3438.102468713007
3728.020489021433
3764.1579634519367
3782.2251229942767
3849.145530237465
3843.8322109789246
3546.4023086606057
3686.317530803181
3736.842628176829
3795.5331222324166
3759.209191255286
3726.410391932332
3688.432838017403
3597.6659600120447
3333.358908047688
3781.8038946881506
4008.1058299777424
3968.1795855431515
4021.9739045474507
4033.563544793543
4050.0304169825054
4053.7739629153352
4051.5017459088745
4038.2086112687257
4018.8541493546822
4004.1146997877054
3998.9824096459347
3984.5565351865575
3965.3492719556225
3946.5789359447485
3969.871383187594
3979.382151954538
3778.663148892409
3041.2767997759215
2865.8429702167878
3309.54228881447
3242.5942855742574
3170.915716220522
3135.208604089275
3222.1046760320555
3154.4088072014415
3087.481699700417
2994.921490631129
3109.2613805154397
3167.0948853642017
3218.1256946830167
3353.1445554965953
3461.4169335258866
3494.124927423607
3500.9097981934897
3518.587518214416
3510.966741644399
3500.9386093560197
3501.2121958058156
3502.3102997385236
3601.1666303073216
3574.9234740675956
3485.6500923086614
3408.4655249697926
3476.8273680076404
3586.803997427172
3624.6020888561397
3580.3546647010285
3557.7785703805334
3588.385196076974
3967.0938128644425
4334.624225293188
4352.245806278595
4046.928364932426
3975.8594606562247
4035.8713097083714
4067.1454537083278
4280.329287984438
3836.0408135513026
4019.1189849865887
4189.192434640952
4362.350103891077
4229.737590913331
3812.2182252706184
4074.3607485484063
4218.046818853103
4213.947745512721
1788.2846170906896
1857.2792859289414
648.7508242244862
1814.9942881588722
2082.570371373892
2613.727865845359
2533.5070557366384
2578.5107651044077
2242.942187312367
1647.278434505526
1798.776550011788
1667.3647230246454
1376.9267624397282
1661.4626173211886
1545.2246688776086
1360.0383934598376
1406.594811644854
1526.637554307055
2050.1512299292726
1767.745847915658
2067.5578980320206
2118.262033912021
2177.2686735794578
1814.6259616868474
2067.605393585377
2015.0242757012209
2020.0570488670216
1962.6396257892216
1946.5298552631846
1884.5852635352635
1973.0130762576066
2261.119963220283
2616.9482856943564
2689.5871116907488
2710.4597514197444
2515.5829898462716
2704.674526284805
2799.1692950240754
2796.9987494307725
2800.6804933204817
2803.7572650675424
2829.3108409308848
2833.2292414984404
2860.6524507384574
2854.190244740192
2805.8016581457464
2793.781322100582
2879.551660545744
2904.461201843655
2852.3319409824153
2780.9611622379784
2756.1530790789893
2758.251350831431
2766.9223437988385
2763.4824374709433
2725.239605938404
2784.7629205604135
2873.587869030326
2898.3230189985243
2928.2032781572757
2936.363557487903
2934.6258714625046
2907.975559796097
2855.4987967163324
2726.208020168918
2706.1589019598564
2753.9566002626243
2567.7777612417176
2788.424076894436
2999.202836720348
3052.5692742612305
3038.368879047624
3057.458391033869
3058.779398454162
3018.2847564012204
2899.3769564466565
2848.1959814954967
2833.5734356319103
2806.4556140632244
2862.0934289224447
2908.1980834950186
2922.653449470923
3128.374771174767
3162.698454009796
3172.4950000000017
3180.3245019322776
3188.981836141705
3102.809491906016
3204.3854870863174
3194.9077187296207
3183.8057988646315
3336.4580824870004
3346.1981321921367
3387.47307946301
3398.844042510199
3266.158729236527
3147.495571097574
3236.4798887449274
3293.3338256765855
3336.1939229732666
3264.5065037589884
3403.485518830528
3458.724204295718
3493.891608086687
3075.240447939662
3417.434283720987
3073.002378806941
3243.237260667367
3540.785808598048
3544.670786635224
3358.8340762722382
3405.5959539858
3487.1768464313996
3228.5862373693285
3258.957109466368
3343.516047932553
3359.7585478505257
3386.201887448758
3327.871820919999
3186.421361668803
3316.040000000008
3362.5713271406025
3351.0378114663295
3380.5278097863315
3289.262985046322
3007.7521710452525
2783.564820457438
3105.4372482031818
3221.5419708069676
3204.9186824008225
3207.913568743573
3149.384339765689
3191.945352381431
3328.097502677464
3403.313080903004
3399.0224677754723
3431.615428061849
3415.102502328
2832.105448071628
2527.606762200096
3006.0685069930996
3279.774490134887
3213.9566556016925
3087.603282189281
3104.716274777554
3102.246740061723
3132.5044250624114
3214.11692053699
3148.87774244673
3112.796495787107
3108.787938827239
3123.2251231369073
3224.186265812138
3345.5172821082765
3419.49764349179
3353.532451058402
3531.7555697594007
3565.5697103764833
3536.5369194994073
3581.351751842435
3766.9614752643215
3765.7106440856523
3798.036494491147
3835.8959858834805
3811.088395081317
3688.243469732645
3604.132890139904
3506.1248235879802
3558.62834183831
3554.5532248027303
3582.3944843854274
3603.073658323683
3217.1908922732678
3212.0803214773878
3812.1625475659434
3874.0131643651157
3405.337885371644
3340.448573125176
3775.352936689548
3962.8136685019012
4031.849721261871
4045.398952067445
4045.1602388924503
4018.229163719164
4006.209365797936
3996.73008281129
3988.66753107253
3974.1044095315797
3927.455314359748
3752.022554833799
3861.240137718259
3827.2257782532783
3786.8417871386605
3650.8995752876713
3328.788464569766
3309.1686207363528
3051.426679431388
3121.4742275996473
3130.0702131376665
3047.690176835155
3211.7123045772573
3362.7782377084986
3348.6837204436038
3338.6458419743303
3244.205918757029
3321.909513105735
3423.7944625508826
3415.6029020324736
3507.142822591738
3515.7560065985135
3508.0620748421547
3503.476221226213
3540.3024022953296
3590.7985670398784
4126.75941921155
3746.1070889435723
3516.6980867406364
3422.5939812777615
3460.564619463776
3545.6830180675242
3619.281263556138
3750.617312017202
3701.802325196074
3673.84981390266
4016.8988180918604
4360.04173136757
4382.250544430787
4162.2770018122965
4176.367624456941
4122.2576753096755
4028.8241223454866
4226.206612550632
4058.3361324352036
4038.219832937413
3817.7175224324683
4051.0364847740148
4417.856486821695
4043.6450795106084
4101.86383493007
3983.50537402233
4169.568919794689
1997.5713808486787
1537.0180949999462
1217.576930344237
875.6136092108393
1028.1583369602774
1879.9854643538147
2435.3275985505047
2623.5607190503238
2479.6148692877127
1457.285888970234
1769.5495666531715
1375.3872673974604
1411.2284251572592
1267.325275191506
1551.4403635817707
1540.0429869303264
1240.5674047071964
1597.5030297155454
1775.3656476224467
1530.6420260886136
1430.7930970946504
2063.856288264741
2061.993920066017
2019.2783812541202
2119.814950679477
2038.2918294572826
2017.7022732110438
1901.1917504119856
1907.882059550433
1922.717297256589
1880.7437063050436
2086.668448885857
2436.2370834283724
2642.814471463545
2688.0739585990104
2725.1833264792886
2745.9857671493073
2776.042623564757
2807.680767602102
2794.1714224601747
2808.0487721930795
2818.741769880996
2822.9355174519073
2838.4129020771966
2836.199337432308
2819.679455086327
2792.48120122371
2790.1876751482537
2791.9110678109423
2681.7781331172146
2614.3300564955
2569.864895269749
2652.812562960872
2732.6999880204817
2727.6582111891425
2750.571376526614
2797.0180831740795
2836.9638291605015
2814.658314101842
2908.9939160063122
2922.4161938446027
2918.502327064838
2880.653125877835
2782.80263388445
2428.8745812143193
2464.7780525149215
2548.6370044075184
2490.576201262045
2797.1162542565103
2984.8797078931066
2986.8638002038792
2962.550204909797
2927.9203686533547
2946.2565420564956
2967.454463184848
2893.3114378586115
2771.4443597636096
2699.3585187520644
2800.5392654329485
2878.3222368383017
2958.5469769104225
2931.3007583932663
3130.698792000364
3172.9700543383797
3188.4714494270916
3167.7961690701345
3160.304305061755
3135.124983945885
3100.724238917325
3179.4032142591527
3138.9059260561785
3320.908358104293
3274.9639347240595
3349.9592593788207
3298.9484316555595
3127.365053383618
3175.4143748934544
3289.1332675307117
3335.2280896973684
3361.854174271289
3240.731763476658
3402.4166690738407
3482.4934983893677
3499.1781862168764
3548.119622430156
3586.419234644125
3501.5959707148545
3372.6155381240396
3544.1491731312885
3548.0636303144806
3406.1845124241895
3370.4329410283617
3509.3146051412637
3338.2592139543785
3322.8321014775074
3379.649482231355
3385.08676962964
3390.6276924647204
3377.7043575955945
3149.6256194585435
3400.921136919998
3396.514710800885
3354.257434584629
3307.998461204611
3069.3215479546107
3230.003067482548
3284.0048099682804
3105.6486801807346
3133.637635516991
3087.366312949417
3304.5608671623463
3353.7123081317914
3235.1682492600016
3306.555861757676
3386.984621707277
3403.5036657409964
3433.824602139401
3431.7031569442324
3408.9973322496057
3369.846271707414
3207.1834394667344
3199.0217440617116
3059.592297947705
3034.880241436593
3202.1564064498007
3065.444217224566
3113.500272485998
3279.576746608048
3273.5949257063735
3077.207299594215
3066.20134519689
3230.7628771767036
3157.2193892480145
3358.532897488821
3399.656858459772
3537.347242529535
3558.1724870402586
3535.091899992019
3513.262083868517
3672.3573445315824
3744.723870543636
3754.8375940846536
3761.7535043964517
3761.189321156303
3807.9529591204414
3687.8346483144346
3485.946414513289
3119.4534221152653
3311.634652189616
3366.009105395709
3542.5195581190615
3495.6928913156653
3140.658302415789
3142.303151202146
3645.467473758794
3870.8026680242256
3576.8539208911943
2761.539671693595
3119.7032705937822
3061.008164099777
3105.8325511346047
3690.4313978133387
3956.025389587146
4033.700167597088
4012.80780435551
4017.8221233122713
3980.550257166126
3957.8273302926773
3964.886043895211
3952.29376612121
3824.289487951741
3803.9873562101047
3793.9729460650815
3723.802719081863
3634.014195477641
3474.247559325432
3532.021181108717
3588.723352101069
3694.2786765450533
3700.369249737466
3649.9444873468915
3644.0933187115525
3650.356945119647
3631.2516771422142
3601.8115355735895
3555.1879818589723
3377.0978511658777
3429.7161259212817
3496.0269812051665
3502.384288565471
3483.342400645712
3533.7391803190944
3591.4145856119744
3627.4811293441135
3674.442685011942
3595.7944502095947
3554.597237361687
3517.171713915109
3527.7795561852945
3576.141402159823
3654.265454250792
3873.160591237375
3868.782232714725
3940.3993186184593
4140.045920265835
4250.284209140788
4341.086800644127
4257.10577109432
4216.759451008238
4097.608493562825
3885.606681422723
4088.881019010014
4021.9031259170174
4009.1932722561382
3962.1984951488203
4115.365941004577
4317.664231455692
4184.318809345109
4117.992502052696
3958.545391161449
3891.15298451293
1548.756585075444
1614.9872329514656
1430.9007095692066
888.4469680172468
1432.8253368750113
1405.6223264360176
2275.6635670768655
2599.2330934898205
2470.664731493818
1853.3428100391423
1794.137296959745
1571.4991990425829
1801.881833555352
1433.0449978802471
1534.4228676492426
1673.3604080103835
1434.5919597743473
1756.682519310436
2175.804586404433
1925.5613835446607
1966.2789393856092
1925.1564857447408
2069.145988227525
1908.9564656174193
1972.3236344388965
2050.329929464822
1978.9713225538922
1867.9395039362562
1878.9542437232665
1844.0163231990082
1825.1153052455472
1898.8045981360049
2221.565219923933
2611.3306875032886
2644.2624228830464
2700.5414882194746
2723.5195778665748
2739.8036083116676
2782.26030506941
2791.5465709128594
2791.573883595399
2806.115767703961
2800.8468264090116
2831.326059086566
2822.246149948289
2828.472089149545
2796.3490644328194
2768.70540264942
2623.0768366970733
2566.5695959652903
2629.7077998437157
2353.676705346239
2757.9791917821867
2739.108820712763
2706.969504345211
2713.9134778648045
2765.9911061021076
2831.828372542523
2821.985796142682
2860.4352459590705
2909.1125982185786
2903.6340249751083
2875.6660540694947
2781.904309068349
2511.3819403147336
2254.2723278017306
2027.0189346955733
2286.176981161993
2732.5738188641003
2939.575817400819
2903.2455752394358
2848.3073409035496
2680.0897286106356
2863.6996012349896
2818.8289061378878
2802.7249363620012
2759.1573824997104
2729.055459380102
2829.5146761817277
2931.6306716298004
2994.5654776869524
2973.089475681775
3139.1184177765763
3184.429680424194
3181.0759822227888
3149.8300589026403
3120.0545437823052
3114.0938493251247
3076.190259946906
3104.13739533007
3194.4172810179457
3304.6463918754607
3236.150477133343
3260.8982024217116
3269.366692880781
3284.9212863563525
3276.7009666961467
3341.7941148620343
3346.879020815134
3362.172388116985
3237.841143043415
3439.3766019000486
3482.358214865781
3521.1059116544493
3553.9483247927483
3579.38962771333
3538.905292940052
3449.342599711765
3558.2005157622007
3547.250935403761
3478.146445080765
3503.9998246777473
3494.999033462306
3364.3869405902333
3255.8565412592375
3432.9329438394634
3405.9614889679674
3401.9408387083336
3413.8120215323784
3343.3232028614575
3410.5736365599982
3372.716748316974
3303.0728823028894
3111.832936786512
2852.2843090438605
2972.852148092087
3037.1595029862183
3004.5663118182665
2769.961066339791
2589.413710931495
3404.484037645373
3293.2509237025943
3313.4722305527453
3285.107614609361
3331.775537213982
3387.608462142098
3365.846716433516
3366.5922428461276
3415.7947348983103
3419.744672848281
3464.3281585813343
3199.8518217940004
3195.425854826255
3191.3674002732228
3208.53755007326
3099.859673455221
3208.1666817868345
3316.4986037295753
3440.960819862818
3443.0639052154274
3518.9929730850363
3528.0635235613327
3558.1682675467223
3442.7245351230135
3269.9644949953436
3758.307319445333
3665.319465261018
3226.2338533248103
3008.7139032533487
3484.5682928664883
3689.9895525793722
3722.3337524234444
3723.7745261534697
3446.7121671074087
3638.07543645607
3640.0606516471325
3010.8229405477423
2715.84759113365
3079.220649579173
3280.284051339875
3411.2358241876004
3408.1196243027175
3172.588259989293
2935.1714214434423
3245.680464214364
3717.646095957281
3288.803553931142
3051.5589376001853
2869.2955633108527
2897.7831207876534
3001.7022152323693
2920.797640016544
3241.1077744859695
3984.6412713643062
4004.845747947052
3960.996267388589
3957.427583991783
3929.364454756266
3919.168958135476
3688.801860084162
3686.0992418554492
3746.5843752824985
3735.3423888020147
3708.4730160919225
3677.5260084325196
3679.949603507376
3673.3109575354038
3680.112792785481
3663.0537411729847
3656.4963385669244
3645.4177894499344
3616.4046916636403
3605.544106784756
3606.4718047425145
3592.4128064559545
3594.327467269068
3583.4607552395114
3323.4306930393864
3482.8169377673444
3473.366734988844
3467.2904784573907
3481.687824484933
3503.810104974045
3535.299123838185
3578.5274710702015
3580.26347360071
3569.700340007579
3586.336488242436
3597.392809342355
3647.4983548625137
3678.737268969785
3875.4583761937038
3993.0244112522064
4099.882320933724
4188.168353901478
4258.14681149739
4294.2664360495055
4246.703849843649
4235.481870306669
4223.103805957114
3874.689140950321
4053.931091061497
4157.570220316656
4152.9426403817715
4038.4952976798154
4061.8950316453856
4378.263921552703
4244.502341503391
4213.081829351078
4102.168145424318
3961.1876916255505
1618.3787059313481
1783.1544535286125
1491.4288644927938
1317.9130171017875
1730.6999765269686
1431.4838310963587
2277.04660653857
2675.194035049367
2702.2754301448067
1961.0499832310297
2052.9643332779497
2438.4631822049637
2453.528658731845
2719.43956379064
2093.8476435766397
2272.741142853835
2150.9032876447845
2194.4397632410232
2398.9462161518068
2429.690415225154
2466.956769786496
2493.087833715388
2527.197440916925
1987.9592339350609
1784.9721487594768
1930.2975923670567
1957.2177604059
1874.3660871832346
1837.7408571451895
1796.7369475830283
1688.5594818418197
1773.7963189026202
1969.552138584771
2423.504854448583
2531.217792371443
2554.7144833209654
2751.165182193698
2773.148833971751
2795.6521254015097
2780.834181023475
2789.1020799208486
2801.5294687725714
2811.648026317582
2814.632619176309
2837.4965276139505
2847.1876249399334
2771.1746367846545
2754.9751819230623
2630.0035362777485
2543.666491451964
2525.1610727499938
2557.3629305040067
2613.9911948945655
2703.0143218335184
2695.2034680394327
2692.276226710507
2733.516268312343
2801.544278796931
2828.598067087861
2776.0472454304704
2887.6525246418214
2847.9095700476582
2799.820110604709
2858.143064809054
2722.2777220358894
2301.5803271667273
2449.8528835169204
2501.4312938279045
2279.497899111898
2627.9200795564893
2846.847850935273
2631.0761761444155
2633.590161166765
2771.0277549255793
2842.7249166465876
2746.263478831733
2806.260383717214
2867.2421381876998
2889.5640546727527
2907.6946352312525
2980.8589794651716
3010.674756020811
3135.438264931191
3189.9136781798275
3178.3291597606726
3134.366944869316
3102.28466336165
3083.033562701995
3029.18910771635
3047.4316595770442
2992.7286104201903
3239.27594104482
3270.1317502371667
3263.7398088884524
3299.8895664055963
3318.8902626732715
3322.171965200248
3361.712597048761
3265.415576799004
3319.0144605406194
3161.4627469138695
3443.7664950501503
3461.5797523957312
3512.7882321904635
3546.693250815363
3574.7466101708997
3543.9654562008636
3491.4098862610563
3521.932209002738
3530.4244242481454
3565.015511716736
3586.872387521346
3530.970671336988
3481.02934750054
3167.6769333881216
3403.169312880684
3420.164309631386
3430.943332196667
3457.427775600296
3439.30584840877
3441.9086366429106
3298.7861309261543
3122.6415721771536
3094.4390555889704
2797.7030399565674
2929.3748091703046
3079.16511582319
3152.6914617898833
2985.2261689851584
2847.503652954152
2842.714036516223
2933.8296487229873
3348.8668576420837
3225.029714219497
3240.0471312825475
3332.25768143198
3253.355815972504
2911.0794744201366
3086.417584854957
3333.7491229752964
3575.4202488563697
3586.790947611684
3501.064038472832
3464.8722721874515
3410.2404134253584
3078.3581743593604
3212.516761666668
3310.1072093366174
3361.2685411711673
3562.9060720669418
3582.312941787972
3594.518759937992
3614.734694454759
3526.8631777458017
3234.3056455390297
3731.443585553026
3482.407467323543
2739.587693924953
2251.306828738985
2747.7641438766404
3548.1117394072
3461.987834875345
3145.458625859106
2995.271373654884
2912.419964142933
3581.0503919600033
3140.3629833712857
2521.4731404603144
2770.4177753578724
3209.3049121799027
3213.124631412275
3157.2521469616895
2956.5637180666226
2816.593965267782
2790.8367972292417
2892.251205766527
3003.5256417408473
2844.0118002596887
2734.7563237929908
2393.895465887828
2589.828262615294
2535.9173429277334
2951.3258822359926
3538.9189481222443
3538.2216908542173
3674.4979837956375
3896.714941240708
3928.674182355999
3682.7493734497316
3530.036079770625
3611.7098548989525
3716.260127563035
3695.1480375609613
3680.5352130203682
3663.371478010564
3670.173127716957
3672.369087074227
3677.7929280654084
3681.62252921163
3647.830375553551
3649.519596318032
3642.532052071942
3634.358696491992
3600.4497447478093
3569.450002314462
3563.1489174141443
3554.6377352190507
3542.884544508806
3543.002257915235
3457.0662868416557
3426.1640624462784
3430.962176281307
3519.907779684646
3468.8123824210843
3525.4332008256324
3538.0586730087684
3592.8776191516367
3614.1713035772163
3613.022765228682
3690.0948709235695
3706.9032629150975
3882.354949552853
4142.3766563645
4148.308699513825
4188.1486483452045
4225.403586350543
4230.800244924136
4245.624484788824
4234.279241123368
4187.17051943182
3768.09084595485
3991.764462369141
4131.136687787406
4131.577463984799
3999.2614996545317
4094.324975547079
4347.864415838968
4484.26416300729
4320.519889998024
4213.92317093908
4001.594052739163
1652.3600814779072
2006.8101660447542
1848.9791316937533
1655.8698693748217
1764.3557080808898
1690.1500661091204
2114.7956679815484
2808.1792359981287
2833.6560271882013
2558.5464072721993
1853.6614701323801
2192.418822132836
2476.2832689631664
3124.6145478347125
2915.3725135959044
2968.9662190293266
2707.0873552264416
2577.93322687664
2620.9218985169036
2444.494689233114
2525.1040138612143
2283.957379278562
2480.080660408713
2283.232988105667
2289.4557275517427
2012.9681610967612
1957.00845250573
1911.0191596534573
1878.7467236330358
1805.4337854236173
1692.240012181222
1533.536317409389
1732.1831607029335
2196.408377668716
2347.338471028536
2373.3023591526485
2409.462857056062
2668.9655177864456
2769.60172050713
2785.7427437649294
2805.204396569206
2810.0278931977946
2809.5747739206313
2759.6416201893962
2809.936661106445
2819.963369061166
2758.266196652278
2711.841912275944
2507.086890088028
2571.325419684777
2575.639856360324
2557.247012171613
2602.6105607181544
2693.681430152871
2670.6036404581428
2685.9423150066455
2648.89328845943
2724.315568172779
2786.530977936742
2831.747640322964
2840.650045291501
2714.8271133552316
2727.964728782439
2784.084775205141
2752.0836036598184
2688.793251119753
2528.3199611609343
2564.128521449213
2313.0196326435375
2228.6341668434607
2759.231837300577
2695.9514189244264
2685.0603793693417
2803.146747856875
2839.0249883188176
2848.7271181793567
2875.200972111384
2908.0722279444053
2930.621404566979
2939.0648651576284
2948.788109376664
2949.237688937787
3116.200110812728
3163.1164370449137
3141.8822137270063
2971.2033739484937
2997.398540616256
2817.515441890756
2979.2505027458965
2958.170050886011
3136.454758695092
3180.106577041059
3248.585332516738
3173.3541654918995
3289.3403357910906
3352.975760618497
3385.7494653644126
3328.1286020483058
3227.2870873913794
3260.493809904991
3299.4645688474684
3399.159125759514
3414.279435086023
3480.012109177755
3509.5627751975626
3594.0187267652577
3582.5050790218997
3533.852022717285
3502.863605799432
3533.8941504804316
3535.20212950753
3527.9333311359705
3504.4324548761947
3493.0697888401196
3178.974301639749
3368.325348559979
3451.2673348458866
3460.789248520614
3454.651336787899
3454.667227358434
3441.8386364160006
3164.2321748979402
3042.623763896647
3079.0963633863953
3065.6711516061728
2722.912744654524
3028.643558842825
3113.5978490340826
3187.9300188005445
3164.8178154130296
3025.4353472947423
3008.782619381939
3113.0119917063316
3149.3859338580114
3141.742660099096
3266.8763882327307
2997.282061707668
2647.8023929399806
2906.536500185103
2937.807561752467
3554.4563496166816
3587.6761764628
3546.7965961133696
3584.8624057900074
3572.312021031748
3512.7288850407494
3405.40189718884
3430.2668300170103
3351.1872094885953
3572.531602301476
3599.873874778818
3599.240460204267
3609.4668475018752
3598.0199136951155
3605.044578728287
3544.1915854786803
2737.3499824908645
2550.0998370724083
2267.7278075311106
2250.2689313859346
2849.8786249046816
2587.8809136311006
2282.6287017329646
2440.4123303438805
2076.460139782961
2640.925147599735
3035.4859600170626
2670.260621980987
2386.5612170240984
2664.6091666062475
2952.0967977632954
2657.8237879614385
3035.6730202502104
2900.5375642799618
2761.889933130502
2403.5464545856976
2483.6553060756023
2918.858251676256
2751.309099462284
2601.479586031634
2496.1454573289448
2343.099469484238
2859.0407034432533
3215.938815155855
3246.754352647678
3194.0292306918163
3344.0749596242986
3607.5351843745525
3501.8880221927375
3510.6732726223213
3573.5212017544654
3631.3154512321707
3653.6070596063064
3653.8310037975007
3673.608773623253
3685.003717919721
3695.121985583654
3719.4100991489513
3744.249587048291
3727.5573328856485
3722.7432358330916
3702.5472155338653
3677.3009046331786
3683.9106439625216
3647.4118321880414
3595.570981310658
3574.919922898429
3550.4971072719486
3494.007381992269
3455.9189431209493
3429.9971539749768
3391.682618893133
3403.5404417177065
3474.2779238692287
3459.474876311438
3514.908206594911
3562.0469747719567
3587.5447057958863
3630.5701990523416
3695.268304460009
3917.5560788632315
4018.4911221895222
4151.0855278332865
4164.822817285385
4208.082216557365
4181.874022404501
3909.9584333901716
4044.139950417218
4235.193700780308
4178.011178145249
3873.0175851153467
3848.4304393516663
4119.099486958025
4145.39194352789
3886.64526863939
3945.2488901487513
4370.512334168696
4445.381969101988
4423.483994312676
4315.0978863334585
4211.356361696947
1707.7603406113087
1775.6665945186749
2147.013734145557
2072.837050359504
1999.3287138491928
2009.2648196775724
2101.5534778168058
2828.3278270797414
2985.1003991981256
2729.9543663679424
2139.996225270416
2109.052480055693
2320.3863487827957
2988.3644928029903
3112.673021441384
2971.7202644633835
2688.7041094097517
2706.669248026052
2609.030884208859
2438.5927594900913
2408.4917964962096
2212.3873350724384
2318.566684276952
2181.7015605498013
2311.097930177536
2282.1166585799406
2189.7932148405866
1838.8149658927668
1907.575202207049
1885.4220083929654
1719.9591989710736
1599.0541521741955
1539.7817970003266
1871.5657332965156
2149.180414419851
2282.580758593353
2273.6152371658413
2341.439458313158
2664.561206259615
2733.231349273138
2766.867393841692
2771.9117512073153
2773.74104305708
2785.598624375658
2780.5955875267455
2755.1992333957355
2698.0080199559566
2637.7462637500744
2503.607019708873
2580.451349720759
2563.5576220770135
2502.8463294044864
2592.9170169931726
2668.254082973784
2695.2828848423283
2707.0614388942513
2679.179271261496
2674.628627744543
2720.4186300822157
2813.1820800748283
2799.7391691293674
2687.357687198045
2702.660785926746
2673.859270821522
2606.3177823937694
2580.105787590607
2553.6533811432814
2576.516785731578
2336.4078496548054
2273.839018365898
2675.4887565740173
2731.9321459126595
2743.92195930243
2790.5241368852094
2855.44529138978
2879.139566069917
2903.6118861960767
2941.0481928572035
2949.87036892905
2973.4451319740087
2917.3289000984732
2867.480271340346
3027.564331934303
3133.1801991243265
3121.886531696296
3030.0387769583594
2787.211618428801
2131.2980778214055
2676.6660760796376
2884.0037161166892
3232.1073393872607
3235.4202016828062
3187.559810808525
2868.593505904627
3329.603494386177
3350.1208753006163
3364.0392437337277
3348.697150368299
3133.6517230915224
3184.850935023431
3318.698348662343
3359.6536304260503
3356.595402330671
3442.9535549897355
3504.795760968399
3555.6313984926805
3590.4681498129025
3547.271574310038
3558.588602574801
3585.606766407914
3549.5349024487673
3481.3892567110165
3469.001459038688
3448.630522473514
3452.9370074307776
3328.6511804877555
3453.783965891166
3505.77856341935
3503.8612079927425
3348.678491375663
3407.092044248007
3021.9853747345774
2991.846820085159
3107.449811616036
3146.6839955362066
3059.3716981486205
2864.777163105393
2975.6977063433956
3110.69474279173
3144.734882858766
2930.6812102041695
2968.487336783214
3045.435229911429
3090.3087304068886
3043.2755736069344
3106.8326027608746
2859.469255414804
3074.4221328468584
3262.6829749674043
3156.4580984952477
3468.1046425916143
3574.5610045431386
3580.1063468371203
3561.11942894811
3547.482302397311
3565.910078960151
3555.1075177088965
3519.144203145929
3464.9480650033934
3547.404774942299
3604.7069418577253
3556.301963194992
3113.4730332938934
3024.910635468781
2863.4239972240134
2977.107701655481
3078.2780605243393
3139.7071679165133
3280.527755219653
3196.663981984702
3027.53154235943
2066.3766733495827
2978.652629442059
2847.5593069898364
2666.367367629789
2992.866211427154
2903.7431889421855
2923.411888097485
2429.742525270091
2507.8012263738747
2400.002540967168
2689.1809065557204
2622.207799375352
2869.811120333094
2793.585239682482
2557.774178102242
2546.4487994166543
2899.938819368005
2801.0297643133463
2666.484126772712
2433.859918330035
2250.7176986055147
2532.7285211490876
2888.792179503792
2787.2221578477734
2734.6627006149806
2979.021868050944
3236.5143408497706
3484.772271064608
3482.014924322652
3506.2040856911326
3544.7408190962365
3587.7371262447023
3614.269892614162
3630.8599184976847
3655.44869747813
3667.86033149719
3691.858079528217
3725.1898798064276
3700.7708634776177
3726.3524963560358
3686.9797828512724
3699.494036960921
3697.3346221624292
3674.7870922407583
3620.5787654698174
3593.295984550948
3525.3646784855046
3472.820632314669
3415.555567970488
3350.6386963466557
3345.8586548242565
3397.582641193312
3440.9671363411753
3486.9812018491907
3537.613636003478
3594.8789093707514
3486.855463902858
3633.2667101025318
3646.199741294269
3863.8752244246634
4070.082546812377
4033.525471620633
4192.728723591983
4162.313823549685
4089.660139176046
3711.580646330346
3795.058600002339
4061.6029701155576
4200.397266601085
4121.616066333698
3803.0289889466517
4148.102708537693
4075.959103056407
3944.4882683666397
4010.855480058515
4358.799254055281
4436.4148528618325
4443.2828380395695
4403.569644727798
4359.296873273076
1491.7643910168142
1373.7756130257444
2180.7880509685474
2219.1901354500137
2193.274909400927
2321.1117626574937
2180.8632717373557
2648.6155502178117
2913.176893652894
2824.388674042369
2264.014868352479
2086.1281150627537
2162.855469920548
2712.9637805577295
3080.999388707748
2705.2568943480014
2607.62377502248
2562.6878836671162
2386.2246970559536
2177.801069370734
2143.670343284008
2195.14142636614
1896.0370269346834
2012.2031687786514
1969.0364633355894
2074.213326500885
2165.8011035047043
2085.492994125793
2063.040513210845
1873.3779123982765
1803.887223771658
1684.7372729801007
1387.882697310161
1614.093790540349
1925.7646562436223
2073.796326096989
2142.3344094959803
2211.3666527670657
2409.9465429569004
2595.985348310061
2638.075342364526
2678.5711509959406
2760.84677762843
2758.149720206835
2747.95117089476
2705.852930651531
2614.139023880737
2522.4763769119886
2543.429862602717
2555.5437784397027
2570.8725278144834
2576.8147278839183
2605.6895217980978
2650.3685769586846
2674.692943257773
2691.689858838165
2677.87301705478
2588.14527116576
2622.444632924907
2746.433160196895
2772.028853393829
2750.1800106364794
2721.6985833172675
2736.1847853966697
2739.890337139655
2706.5664230216144
2637.0814528940746
2568.5202626412106
2306.999051536533
2190.188306227599
2576.0223183109574
2677.862518022863
2780.076567021802
2808.640650361275
2857.1348630106218
2885.1477677816447
2910.8225764913122
2925.005465524261
2927.7124159348778
2841.190770099727
2617.1861351252255
2891.1551450795955
2924.975743019564
3105.334470070583
3133.040143071726
3078.5101952037653
3013.713165331349
2507.3243245459716
2632.3051110939955
2939.546687018798
3232.6301450361116
3267.763293973093
3293.6964808574517
2884.666028845644
3359.3448317834436
3366.6245329000285
3408.417639302166
3361.6148813808595
3115.731891470259
3173.2244033852576
3275.279191957435
3267.528518140618
3228.2221453449547
3386.972543950984
3403.2889507447144
3518.656693004604
3568.384274180197
3511.013605833405
3548.996828715361
3584.196087912725
3548.8582084397963
3350.800496175344
3430.0438725703552
3431.5466607275043
3448.257481074887
3136.1933569414637
3251.8420688823535
3493.93831193883
3505.1807444457854
3467.4633043605154
3400.0415866480134
3344.0171711051235
2974.00695807006
3017.1957792099397
3057.844141338823
3058.037836635497
3025.3239345386787
3060.545270660537
3105.0261442296983
2987.112928746637
2803.7687499489994
2910.990213298032
2967.160380025887
3068.206978921652
2993.602193388469
2772.1257975565527
2801.3320180060155
3160.5892795180794
3328.091373910715
3371.9715651709057
3307.18974959539
3122.324329051463
3215.223457750454
3425.327239154461
3503.7482202628476
3524.260860660596
3539.5774716758806
3534.3178989383746
3505.4999260248724
3393.889585649316
3632.5737434704606
3622.90081659969
2644.628095503334
2702.0202491845043
2630.8016444781565
3114.2297119661407
3586.6157416710516
3576.897102227257
3662.7662329414393
3663.987236688831
3663.872534122504
3661.4806388182405
3656.1964195434193
3660.787812505353
3657.3469083332784
3660.513693017128
3654.270712501696
3650.537074635862
3652.088704281087
3640.651941247015
3621.1614471165294
3623.7222918953353
3612.4764718966653
3591.274214354057
3566.724514132471
3470.7766495223477
3204.1187262533426
3298.460507339957
3489.64645546485
2814.659546205831
2012.7381999182683
2234.0582062033213
2211.013791958275
2565.142436621981
2583.9040837047473
2582.3207094816107
2492.5778400004965
2780.072402947717
2932.257333451056
3375.5573065266644
3501.144750868501
3542.872283082838
3576.683731078747
3612.239956874899
3607.9111616243304
3608.6287343995195
3602.733133306741
3629.954401071879
3701.366051394444
3726.7205230192176
3692.3669004638655
3714.9255007127617
3672.9197075694838
3684.002382112549
3694.80372111852
3657.7843923324044
3604.1135028838307
3541.6333392766674
3438.3472651788284
3383.171415190617
3275.7987863074463
3319.4843154793466
3375.594843019457
3419.651095018276
3458.2724336718657
3529.226930159231
3539.954913875474
3486.1779223208737
3509.6437804020893
3344.4453449739713
3616.505161928649
3882.081647800651
3771.2518352377824
3678.025029692942
3436.224520905357
3447.059819630673
3499.5070595839993
3693.959717179719
3852.5880629899634
4093.9425631872014
4233.622224551044
4001.6628613909
4120.813797031962
4066.0449087549905
4074.324213268588
3967.5809951772953
4352.578908817902
4430.055708934102
4439.868924462752
4443.586085643559
4411.623024353518
1961.4952358063417
1874.3688782540673
1835.1952583227521
2402.8443569408137
2340.934487629485
2630.262430495798
2481.6182435216483
2600.378510017093
2808.006882454619
2748.699239456212
2143.714104367386
1699.0339715913192
1824.1589727998553
2285.0502672807343
2780.7065897178913
2674.179621144035
2444.2197509457737
2332.273376838296
2101.1478007554283
1963.3215538103116
1874.2209209463324
2001.728212352801
1591.7969072087926
1902.3299681632084
1633.0964136573457
2016.1161649205646
2029.3638599943877
1909.297615064288
2020.7459467130225
1916.084349927748
1821.0939303236348
1720.4481968813784
1615.5472547615036
1662.659547906365
1610.5141732316283
1832.6646916697223
1913.142604440484
2069.6764902354475
2028.5514773398688
2213.360893732429
2542.090449508395
2633.160120382391
2660.968726690317
2695.310642786097
2685.4083671832327
2671.3041253019874
2606.072843548055
2518.291584333018
2499.6394060372277
2547.034175542996
2548.8330217966977
2554.6722367001817
2558.5391415071686
2620.763977725299
2650.5419248992926
2673.346473264428
2641.396505038812
2608.9173779931407
2652.3467612126638
2723.4736589634604
2744.942651301784
2730.5312066969996
2746.9415638747223
2741.6934435064923
2718.9253075519464
2715.5205291395073
2655.901059171355
2593.5903396160998
2498.909107248308
2140.603493991625
2327.383511749915
2591.829908232919
2730.082527181098
2831.0579263183045
2864.087554349317
2899.604666813764
2914.5907794806226
2925.479999904
2924.094271437264
2916.581186761736
2536.9330242471447
2575.2284599579416
3042.074263645597
3077.0161953254255
3083.894524747681
3101.6894381024567
3192.729240868045
2994.266950771133
2937.1121176495144
3010.8475014280107
3393.4087540927817
3354.967056265691
3373.0388332435805
3256.1076819543255
3386.452208461334
3396.142930689065
3431.575829887834
3415.302349204447
3144.596231188224
3164.997057122064
3157.324174640383
2988.932772074103
3144.9772338111447
3049.769525547206
3093.114517230157
3441.4014977831544
3514.1436334453465
3525.999362428959
3554.2807426955765
3484.478204349347
3327.7957745514086
3211.889536167678
3320.7249027350063
3356.4900731630573
3420.380821102332
3223.388124732476
3405.5479152518983
3445.2291864196723
2890.1833290497702
3371.7716686463527
3402.298181504001
3337.2090176538886
3066.5386666810537
2880.196213277488
2955.8819488062873
3035.5729738766368
3064.898820456644
3100.0750551882797
3100.1276274321444
3015.3260197740155
2768.100624609965
2658.233937066073
2580.365113271968
3037.3251660152373
2954.4157886038697
2634.710616117098
2671.4421096847836
3221.099728947862
3324.155087893252
3404.7253637913786
3465.388342812857
3543.36610050821
3149.929620548643
2945.698706956648
3310.1754048377156
3483.357770335951
3479.032059968495
3535.6009722761332
3283.3049766097347
3031.224768783622
3565.7093689460535
3663.7328722616685
3452.2786491160573
3505.811316651647
3656.190129984029
3668.8728106352264
3661.410558976164
3668.7659773733253
3666.1033749620665
3669.9745655058896
3670.2877846622387
3668.564778815202
3664.798248675585
3662.786395121513
3662.108689818871
3660.728553663233
3658.3274092532115
3657.3984917201187
3650.9476826412074
3643.5023603953796
3639.5775675674886
3637.6553294918244
3634.138207349874
3622.7181674740646
3614.2164317049546
3597.9009580600223
3568.6790416421145
3538.7625252335224
3507.3479373544938
3290.6446292271635
2584.686406344307
2092.2670312538053
2047.1369862544889
2485.510575684416
2569.454500276233
2572.575033377194
2624.066403409361
2736.731275677526
2870.7406463885504
3064.51277913299
3471.7579463524694
3381.476588253986
3306.192203699152
3586.6691025065747
3512.2504792297773
3037.7441857331764
2886.399165287027
2988.4129566815695
3167.535424006657
3655.2417422002586
3714.5465913454987
3715.8177214211087
3689.222406696281
3638.008997757684
3600.4797209398625
3589.631565588955
3568.4169882935494
3514.6919440472034
3388.15897696829
3360.9427184871374
3311.485143083815
3342.5068572507025
3401.5714104677804
3465.5803909652386
3503.9576476123875
3539.964454390216
3620.5146313325768
3825.545997065945
3509.7133694349222
3518.7718256400867
3463.291879154448
3879.766549716709
3984.935323906829
3932.9381334625386
3675.6116994322706
3416.9144483557798
3411.258411538798
3712.373518100199
3722.2743480211193
3862.8014616104088
4201.1936959450895
4154.089468597974
4115.507981184319
4128.359333240028
4136.702354896678
3964.913644752621
4142.674253685522
4418.453207061644
4445.165010452459
4446.901006842165
4414.1142239764085
1951.7535165205693
2155.208844542868
2296.5059667662545
2226.6431482858648
2434.697306942549
1973.3812046828336
2239.0931895837343
2730.8726968603314
2611.410604302251
2433.9104599452417
1791.0008217820641
1401.1747264545556
1775.060711808412
2182.85632207527
2578.457420051969
2473.6861065059543
2233.8707547349004
2184.7373426063273
2188.37109670268
1824.5531964123686
1746.0134071258349
1873.955858322181
1420.4544494479223
1698.6535754414485
1361.4385367430407
1505.839791882788
1781.3663652823698
1564.3708722491579
1354.1159957722034
1761.589674847482
1807.2997014384437
1709.798944274643
1645.411387570953
1611.8316672424146
1659.0688334696986
1516.7932319806916
1670.1089248263324
1766.0147651434775
1816.33909400557
1956.3836009429315
2131.7028985649
2234.7062611376004
2195.776119110972
2502.284308069726
2532.2554215926766
2623.066902001504
2606.2577492869273
2553.0307279346803
2520.1701327073442
2507.9045297848133
2504.970834276057
2522.269123162154
2541.4308741106174
2601.8384926545905
2633.2035002805055
2665.0685709719232
2655.529929642318
2670.7031522487982
2658.948408310414
2656.83336691616
2718.357920345748
2695.5219842759643
2711.7987315124924
2726.8432676357547
2718.587645395192
2691.173263594812
2766.9054561289036
2756.536301097404
2731.466990412197
2496.9756016017504
2399.276800045831
2669.850466995718
2783.4535849650388
2859.5935312163174
2888.900988240248
2891.774621035494
2874.3261673438637
2911.4469828109086
2928.5063711413413
2959.6190291496728
2833.499325543726
2605.1907165213534
2932.6362016306216
3056.6403420280353
3038.591900371112
3067.462948747931
3034.9056090081513
3089.4669068499065
3226.7759359860283
3309.78237587899
3347.891038676526
3316.6699594939014
3379.219783656062
3324.9783387405796
3328.586507404317
3428.275939019451
3454.013936978472
3463.89207211089
3416.7571177546333
3168.512286459339
3359.8718617066893
2816.31462556172
3339.893936247348
3200.083288328971
3242.38414316254
3310.304852305315
3438.6106811806544
3512.9237269061523
3591.3983298064913
3490.056279195968
3285.363420658116
3230.5694011023847
3285.1506973123983
3252.4519732429294
3388.221887604226
3311.5492694488707
3393.969328282563
3429.3443463484027
2950.649364809829
3145.363792957797
3369.8452260421773
3372.6348592466834
3352.5010263824493
3165.7932146554203
2879.9776973720404
2949.0012317872793
3009.7607182772113
3056.0798143487095
3051.0977897957096
2831.422193786229
2746.980305994873
2766.4255155316573
2697.747310025649
2952.192720973571
3228.727889460896
2607.0873118882705
2734.443015505584
2984.7445935125384
3190.576869208804
3274.5586788051924
3365.943074019959
3627.431223281973
3388.0282066225695
3053.864863850681
3271.4703079491464
3551.6902971002155
3548.4180422177074
3668.1986017733766
3666.7787727488435
3534.1311461852715
3668.6360052512723
3669.3491902620613
3673.2655158645907
3672.7639337556507
3674.083271501151
3673.068989923719
3669.544814328394
3667.8088589599056
3667.882739944484
3671.0726970289547
3671.5273392804797
3670.34491762197
3669.5797181950575
3663.0680774558623
3660.9675678215144
3662.1162398504466
3661.1155981414845
3638.5323194162547
3629.6180474027096
3629.008234421055
3621.721527607261
3625.9255565054227
3623.8064322703485
3618.216709770456
3604.75597402368
3590.073876293029
3570.609306381005
3549.2034577417294
3412.501697142542
3036.9852017687367
2324.9111184169515
1292.1767746114394
1586.9049516592488
2414.029654073448
2532.448400083466
2611.8123862067505
2676.060547435595
2725.9748839978024
2848.806882472742
3091.01478877945
2969.489502782368
2870.098163028766
2702.1120138399187
2802.427239033051
2721.220885054782
2544.0628111990045
2419.1790667736786
2324.8019572868325
2172.092138610938
2643.0974787950945
3350.084430251969
3546.4845884726456
3575.589029001349
3335.6900444277085
3153.8990965214207
2988.4793121329703
3057.6545838665793
3402.089680424438
3292.9374055432627
3233.137572256568
3294.046363737661
3395.317827561581
3426.786956025862
3449.4399924065224
3517.265181407497
3609.595595039575
3780.4697512032117
3859.5095343229295
3952.233195632596
3992.0335911836946
3964.073072283941
4121.259897767788
4208.646706033474
4059.8676436791916
3985.44853861879
3680.694470814829
3689.4363195076885
3775.511342802903
4027.735278204469
4075.2625861415245
4124.774400419277
4121.786921609069
4135.8772143360075
4114.0307179058545
4147.0113414985
4031.9842511772854
3975.8161025390887
4264.5815043208795
4435.135847594485
4437.350801757083
4344.856908365528
1977.5709003447573
1989.5325523521465
2249.2004352559948
2323.73637073094
2149.5689990637557
1704.9111342813649
1467.2171030748887
2144.909864445674
2328.807289801027
1818.921624109164
1652.2181693674129
1071.3945263600276
1806.9020885143777
2025.6336788429442
2159.5462259967107
2489.0815884002564
1913.5407646083468
1872.7861356508924
2079.610549823424
1655.349517807527
1435.9712869943542
1665.105575979778
1632.8681743096954
1388.265468742091
1251.3351025206882
1108.9506315441433
1331.3483512782557
1239.2670471686079
1167.3119575672772
1198.6208731726701
1551.5692495693934
1722.905086674502
1673.6803074977572
1653.9795161533664
1595.1989194032453
1605.4184977586037
1547.786571454331
1553.2606508710628
1629.7731030814803
1719.284875354866
1720.4528751160267
1829.5200742838945
1973.42511755477
1984.68028349871
2252.8887239662567
2289.164992366012
2450.5919330672523
2500.2895028718203
2486.63160140449
2497.859567867687
2435.0171174379625
2521.6521619001983
2460.379026406685
2596.866404438728
2628.485350583387
2650.1403274734625
2653.9156620412073
2662.7878469950147
2674.1568321417008
2704.04920762756
2697.2405568846843
2685.326038314981
2641.723289846927
2712.2182637137685
2708.440592080987
2691.0056054598235
2696.5693728907645
2681.9034195778977
2545.8760838672115
2709.3404851495065
2664.985080626913
2588.892050565406
2834.844099567844
2846.9933914351714
2903.845493219594
2881.0279985875236
2874.9440803475495
2892.3984223048155
2907.7295731263757
2923.5799694126977
2863.8661204022947
2810.560108592875
2634.1093381802943
2848.0442013506054
2994.167792631617
3022.692266318101
3053.912945405093
2996.159778799097
3193.29175686637
3256.1265615718285
3351.027014063968
3356.7041221749446
3372.553371741155
3404.2380928719417
3400.511059523724
3411.8585633796424
3431.9311616194664
3449.891390898677
3407.645577804453
3435.5520445526745
3485.825408899562
3347.9884414387207
3422.557673466241
3404.543975732491
3420.7520190745954
3163.43325173889
3404.70875514561
3450.2013804171615
3540.2886078472575
3492.248056052234
3452.2173934567254
3290.391854685086
3324.56955116342
3192.314708670207
3332.815651304964
3152.285692901527
2809.3361811838927
3286.338383789675
3165.7196549646487
3298.3182297352937
3341.891365839993
3374.7891065202316
3387.488078811145
3298.7347798190635
3081.1039320854743
2732.0578006219803
2912.4457250005325
2980.26839394635
2867.971009322901
2582.896959423005
2781.210655331376
3007.666756130302
2784.9224881746463
2806.390315238769
3454.751390593315
3453.7649157178794
3337.103134046654
3516.398216602944
3671.7234103890687
3674.914696683611
3673.7622760790755
3672.8466308572397
3672.4592138030307
3672.2138380845745
3672.7763660864116
3674.224301306983
3672.978778615072
3679.2358108811864
3678.7335059921234
3675.17250722588
3682.1976638323677
3673.9556908286995
3673.4803923717845
3673.5800854879067
3672.894239365193
3669.658457131822
3669.3936523399184
3655.9537492176037
3665.432469007299
3667.9145130511088
3671.0271695798724
3668.1270753969793
3664.8441859558116
3663.5024627738385
3662.5126667554587
3663.5862331256144
3644.5702821393875
3630.843093254735
3628.932429100206
3622.01790143262
3620.061517040803
3613.566307897978
3603.7132896830617
3601.6677389272463
3597.660112877143
3587.9493370619625
3574.7789343626946
3554.862550400418
3486.5435160109705
3082.358779340815
2400.071379658454
1279.8576716998782
1925.018297158323
2457.837328493641
2524.0149202944617
2574.621158058805
2626.728143708765
2633.709839516448
2795.1495950721423
2785.2876548846757
2783.256199626406
2669.482997445711
2569.606088110021
2506.014056888257
2463.887107158522
2400.921443128626
2484.963687585792
2613.360867316224
2640.9279521444814
2679.2366988931885
2796.7268402323707
2840.624327830839
2917.735834348442
2964.8482879338403
3027.3185558404803
3092.3110219757477
3111.5790146679096
3222.9063535992777
3201.885823660093
3198.251123027728
3175.281009875338
3320.8048109751276
3389.440860481865
3434.4136690872206
3535.27663111471
3677.552680712733
3818.7123128865414
3896.6634246578774
3991.466225207377
4107.677450469608
4142.135518895883
4148.306951502395
4159.536986739956
4159.227253031492
4143.554429599855
4053.259098451591
3990.2875775453904
4061.141967447442
4117.051730754163
4156.624008271347
4096.798777110194
4162.049703267149
4164.753627631089
4159.142617702784
4214.866908989973
4078.2399652283843
3896.0200662402144
4086.857060049016
4192.250020355638
4407.176826790678
4369.7844185763215
1964.9691565790117
2130.627368559639
2040.564466329963
1884.3382633750302
1526.575225745835
1341.7032366145377
1506.0165373580548
1376.455312830141
1552.0848486649027
1508.3704427065768
1395.1876883705854
1210.3071229844604
1301.5073121876353
1992.9084003368857
1976.8368128949453
2619.024573983016
2098.1202050618544
1885.0489353333353
1821.6894272167167
1671.8000751318864
1284.4303209283116
1267.758630377282
1635.8747367413182
1529.0033911635937
1375.03425621251
852.7225390532972
1010.7836172588111
1049.6976816649653
916.8147077335458
882.0119216270973
861.7547840147228
1474.7253906410178
1638.876118087615
1627.5444285278825
1574.6745357704967
1490.5723632454624
1609.7795335564056
1580.7811531518346
1521.074706572765
1585.7495107164434
1610.234295132604
1551.0631764196783
1761.0671286577724
1863.7617695985507
1955.4372480816835
2203.885063634685
2273.132906842755
2179.9582663177102
2377.018035458885
2354.388588382868
2462.5185545746986
2503.8270074769725
2556.882429266386
2571.107389348924
2612.888491231635
2617.252545145411
2628.5360053322006
2633.022145758034
2670.0083332285294
2689.8149913381058
2686.938863961677
2649.5504034047503
2680.049421651275
2696.1437148327336
2684.2113851854765
2682.992162478226
2669.9725831783176
2707.6743807869707
2632.806638352666
2681.2769852564875
2755.487145530462
2809.863642701263
2863.240023062797
2845.671120693264
2958.5354602460616
2917.155974725118
2909.0019156007575
2917.441040720284
2915.5351783786186
2909.077926256909
2903.0858434033094
2916.5413313540244
2773.3690528681973
2864.263930761238
3030.635403769232
3121.8110213883324
3066.5754275759464
3003.233267877472
3234.7360272806154
3297.7701561482336
3358.361056487419
3353.5112351215917
3370.3883281799453
3365.968435147645
3385.396665830767
3398.9126943049573
3409.8892709861957
3441.6838625775863
3451.845912588661
3500.7362934777066
3525.183433698912
3539.105464689192
3482.8814834807085
3448.2997318834055
3475.089983930648
3246.1839861471967
3167.4202313590154
3402.900834587121
3425.9708453611893
3384.3939635903575
3398.609430929613
3273.5201476148727
3292.546221013506
3241.497597712875
3208.19554733025
2900.8230879051607
2457.445367736505
2542.2639631618467
2942.4455170657147
3113.8304663043064
2921.276104520099
3290.869595672253
3318.3052694736
3352.627490720666
3348.555161387842
3423.8950639057316
3044.7713077990625
2938.601252659261
2821.1196721439164
2864.108667174532
3164.149332947388
3562.089495579297
3387.481034563745
3439.2569521026576
3679.025794007851
3680.7867644724406
3677.8339064179822
3675.5810939975345
3674.2985142876473
3676.908238090316
3676.8551066463947
3678.1677194061303
3678.156432865342
3678.554149357383
3678.2331709694918
3678.3149705952997
3680.6868051497777
3670.202675550404
3681.1106147427927
3680.7479960394294
3678.142222713331
3682.6781782292146
3678.6434245123314
3679.2906434934926
3671.44932736357
3666.080131846634
3655.15318037231
3664.314325446535
3650.945033487844
3667.806881054064
3664.3322012063054
3648.1608154448686
3623.479826869369
3415.24560882007
3552.401879628359
3641.214421813369
3634.108784139714
3624.0485860561935
3618.2211758598064
3621.3074243487304
3611.609180037899
3606.334945875297
3601.2187767209725
3582.6003582944745
3584.23597852153
3573.9123672760434
3556.5824183492814
3541.394215440003
3415.252324651144
3209.811903821464
2660.404110794797
2007.3879846924358
2411.72467931659
2482.2733257876207
2571.5965606404975
2556.889543477019
2615.9485821140133
2639.2138479617765
2687.5716370818577
2706.3789407326362
2674.215794558855
2577.3602591502076
2482.5127954174704
2390.477328596118
2372.9043170582513
2495.453417010838
2567.0485194698317
2678.525921529849
2714.5511677691243
2721.920496781404
2742.0821365102456
2777.542262321579
2859.062781060812
2924.841779569003
2990.2031574631287
3004.244299628547
3070.6875141505466
3110.5707934521733
3179.4008952103513
3202.409589458026
3247.5578428853037
3355.928336480123
3445.285319437665
3533.1565094815046
3754.0805159488837
3891.285017270485
3895.4023095150637
4011.77827347023
4125.206420382835
4199.81629387004
4202.190947079276
4245.221030349078
4317.715824173222
4312.232188076457
4318.136803799012
4280.139153085125
4220.3143524792595
4199.830159374887
4190.2081072190695
4067.1588676982356
4132.415719713405
4190.887405242726
4189.974846400812
4156.648120534403
4270.986954333012
4034.57318410527
3752.601403896998
3859.5050258767064
3941.8684421819544
4316.458199993786
4380.3438045404455
1959.9643119468449
2115.9834049434385
2111.2207484216024
1670.4754525951532
1165.4295782458196
1165.8875567069833
1383.8424067823962
1604.864898105864
1713.9745135810056
1495.4942457188283
1507.2352622366845
1356.4999999999775
1065.5018710539089
1800.2867645941506
1854.0835911310298
2327.7675497294003
2364.8788399587374
1755.3256662190836
1898.8484410029378
1590.2743240696932
1477.3785949124206
1125.797006871515
1634.9122553446166
1673.123631216577
1182.0467201569043
913.7958474356986
1012.5859022660247
1176.1377547352565
1249.504186176807
1115.4462732163358
985.80839450528
599.1734847739054
1330.9269292682393
1594.268485631132
1504.5029615431918
1305.2053935337278
1405.6398650000904
1565.1000000000072
1552.6599637543438
1509.0404576504718
1469.1126542811269
1425.1838038838114
1318.8595523379097
1575.0184688312204
1821.903728703686
1830.8454326592896
1799.1352804766648
1830.3990180187352
2125.751449557536
2306.460994321014
2391.6404515020713
2466.4680636547387
2452.642532584275
2553.770133216897
2581.77925425925
2603.162250064692
2596.517019753662
2622.8074574073953
2650.837552387029
2668.1082975283025
2657.3159580926877
2641.597494061465
2671.3689159490646
2687.7535248796803
2676.1896271296373
2674.095641247487
2673.1487537507064
2684.5062298662633
2648.1962655720986
2681.502919302989
2780.611611820111
2779.435271836671
2858.352696792704
2834.916182520836
3044.786800670773
2846.61772179106
2972.728603909547
2980.177198864208
2894.44012961693
2668.9821146601266
2960.657563261938
3039.111366986223
2951.8674906024767
3018.4511526485835
3022.9897201099143
3089.431047874492
3023.1968122589046
2891.14217853318
3346.125341688002
3347.39625243071
3354.5096361946294
3345.9812966443524
3351.874429664932
3358.8315351047963
3381.6781436234664
3391.4323959448952
3393.272334401423
3440.254939390953
3516.7513787836397
3506.061389189051
3505.992427497429
3503.712956422077
3485.9536401901364
3464.9145660927425
3469.140423597848
3470.5892937692897
3467.4681741196937
3382.9767740142756
3319.8540696299815
3056.442569309944
3264.589312564328
3191.6940012726145
3261.5750363525694
3161.3236702779905
3021.0964574189434
2799.768707732442
2634.9446826641397
2578.870765930948
2730.5803014583757
2781.5400238348557
2812.422500000116
2895.5640135020203
3146.2246306477878
3252.8731968082566
3407.014503084274
3451.6686103656125
3475.7403017194692
3524.6940977801246
3532.4246717171277
3552.066743357001
3579.548152523137
3625.253624336346
3650.784361776508
3672.5650508275476
3667.7182780298094
3665.1858096138117
3663.857936379249
3662.476970452051
3668.2131637446623
3671.2515352487967
3672.7243984963993
3672.606659729726
3674.0899787571784
3673.567074574074
3672.98709541298
3674.268600296108
3673.576722594195
3671.507666270575
3670.996358465854
3668.502042953926
3674.770313986326
3673.650544393348
3678.149507212269
3665.0001348396354
3362.489255274433
3199.1198435137594
3358.4020710339682
3478.8601820280483
3117.989563064648
2882.1248133266085
2704.4619831134587
2592.081040657686
2682.702807839478
2780.3352148302647
2905.08835763572
3055.9218999825816
3275.774696623535
3197.0764555575456
3258.461536047918
3248.4016951699946
3520.2477322655036
3587.1476553626553
3595.264190873963
3569.705786786776
3560.184356928532
3546.4894593506456
3531.6168678078716
3519.338744689299
3470.214109147575
3115.7035656689404
2705.6021358241073
2168.4825001814356
2003.7584549112692
2453.3871697222366
2494.3109456923794
2502.0232809578033
2517.7579875709966
2525.327033460531
2563.76430251786
2505.3693433282665
2459.32569831453
2376.815361840874
2366.5739220132878
2305.0430995538413
2288.4829112484554
2327.8841211560866
2487.984516077045
2549.388307566065
2668.084498870867
2714.7777921223023
2720.1055710015953
2761.0157887067967
2815.167475757198
2890.052741412409
2966.0740533385233
2980.3351037660896
3281.8960016064852
3331.343141932886
3543.3981666796217
3544.581121693574
3524.43511857696
3513.7310215851494
3627.9464602191943
3995.155074021316
4368.048496529002
4373.4323201560455
4422.901723752186
4335.528081041278
4542.107130047747
4594.149314100293
4722.908785697507
4512.09636935922
4432.102455890019
4391.430833355257
4316.914160177655
4317.924925636688
4275.772681214848
4215.622115700553
4190.06034246655
4153.228307117783
4235.141801229475
4198.496250521277
4229.483038974527
4259.9335706772945
4294.514614372105
3864.769636743789
3755.956700007366
3589.2352236411743
3798.0440136939696
3904.656491139599
4286.244201769961
1911.651480486347
1858.0670932858575
2085.4876442103464
1930.1795567946765
1512.2161919092714
1251.5126725669104
1492.9293321848966
1716.8902772218119
1741.2060575387839
1338.5749830079776
1558.9958128689236
1231.5468499746353
1400.3800722252142
1597.1755920421065
1703.1339743207948
2350.796519146229
2723.561845752824
1898.567561210745
2004.7023727616795
1848.8688884747562
1908.4003532660704
1466.0575871826716
1735.0741210064123
1690.1807031623757
1378.8150524317355
1349.4053575235057
1555.216350003617
1622.5385266761477
1881.588188382652
1654.9524952910062
1506.0178143164248
1102.8942874791408
928.6812514733393
1118.2526487249745
1597.9017041821837
1219.17593457146
1375.790839538086
1331.9612226117192
1450.8953984312814
1417.157511758869
1271.7627584280376
1254.2372013469567
1241.4004936575093
1228.9235306164778
1518.8274847982884
1713.3095311107752
1706.4071414004873
1742.6326609720477
1780.5138727444996
2055.5848421062315
2168.0362235539137
2479.752467140281
2490.4094657773708
2520.316532631985
2590.2029586112994
2591.944005356938
2588.6616183119486
2604.9108810775224
2627.3969493738387
2624.502969818382
2612.018372927459
2622.365088553448
2643.683557034482
2641.166207621458
2641.8648538493317
2609.3868925059646
2667.6870851316007
2658.7797448014057
2633.4765067944086
2729.1500258886394
2777.3976028563548
2707.5003391106666
2688.455163593064
2871.2749428558154
3151.5855610238914
2656.0369921736683
2707.603340865891
2824.706660060458
2796.2536231121994
2578.451082877049
2734.383442962464
2982.1140128030033
3104.112988214934
3100.147253507715
3101.014792930844
3097.240149415897
3026.410675397433
2964.177791781555
3266.6265909853237
3364.4192981755377
3318.5349625350977
3330.826069086402
3340.170844652482
3349.5063221620435
3382.456176177316
3344.328065163388
3391.270934768991
3420.293340747005
3468.7365151365534
3480.1214525597634
3498.8166657050274
3495.9961778667916
3481.7833214854363
3467.338678284006
3460.4442475082815
3478.649242397303
3478.2132996593364
3474.238661296264
3427.0721490293317
3251.8846918948166
3153.21139518996
3211.7616209052976
3167.394137853583
2841.271128398533
3058.410779547147
3067.5029573139914
3055.703741582557
2876.039453563646
3105.3245474240725
3149.437466961183
3184.465909967997
3310.040554654594
3324.884946323099
3361.0323166386115
3410.8317044758182
3433.4710049075234
3456.4609018863157
3481.4813436072295
3502.0053440994548
3562.8399772366492
3627.088409105644
3643.717196007134
3666.06058250544
3668.578269603452
3670.616185093305
3673.8772626591763
3672.1972508568815
3672.8506708791247
3672.1392825388994
3675.2166898437363
3678.124477504018
3677.4498943508906
3671.75918189824
3659.6322990170697
3393.945664480283
3408.1130175059457
3642.380777396205
3349.1134775911487
3301.1107558825183
3336.008316381611
3248.0492239789996
3260.1428967067736
3485.260912446456
3311.6698031248557
2992.3856933183074
2792.713877435711
2965.100572297384
2921.674356275018
2801.5178477022473
2597.9117690653193
2430.411008054166
2380.905219289758
2390.370650694691
2414.915256043543
2704.2219741464633
2915.51078979754
3053.1590360738774
2973.336008016168
3156.0328538310832
3239.355038698918
3353.284284527062
3568.525698487925
3510.309697725727
3500.2493794976454
3526.303087051538
3534.338032185467
3521.707228196491
3504.6708989752265
3352.543760830194
3013.0691954710774
2429.3370758879037
1757.333888926017
1100.3014143087114
2259.8670304051566
2464.6635082840235
2434.224843063416
2445.6070383265537
2413.016631651511
2255.1568309322197
2302.099614101334
2242.2729827024186
2207.9139062875165
2169.098351314787
2184.3106103366667
2096.087196407564
2137.3135506029303
2157.789471927935
2309.180238610997
2499.8658944205026
2621.5067804172904
2712.086912744775
2732.3681205218554
2824.26895068291
2922.0977058663775
2980.706436800898
3088.8548002567563
3926.2576085696455
3965.4750511870643
4251.961609039594
4416.863111136475
4399.143883075636
4162.450490305698
4182.048238871823
4319.12689820158
4714.99475798441
4824.445500622351
4902.716724288556
4909.456118983406
5001.190541557991
5099.8355881067455
5184.023155559686
5216.769477637791
5049.311163103196
4766.43165208124
4395.562549536633
4286.609436645477
4254.361330553736
4330.476523675584
4293.869867339922
4275.200289129211
4233.717353738526
4206.366977650759
4211.138879915678
4265.092267513511
4263.813269705327
3926.0749714225713
3983.1827440241727
3932.5023238006247
4138.411865691882
4217.932761214134
4224.442254324043
1798.6410732728173
1783.3799188414503
2098.4207182057653
2071.643950980059
1811.291646935004
1422.1644627123392
1584.7637494543328
1727.8425061688006
1654.2751724447294
1597.882916932626
1730.8243842045501
1501.4401168097409
1672.0348909979812
1261.3413235812163
1819.1382711932629
2213.151591908235
2912.504962159702
2472.5820613101882
2147.4927661746674
1644.1814679676077
1640.6646487649846
1567.0758276193815
2326.965731608627
2021.4422803961866
2218.630630873036
2089.6807324336532
2204.715476536408
2081.2801704390627
1928.9827853614997
1898.1946209500156
1979.187111857999
1574.2184348122553
1268.1254290143265
1419.8724796201689
1317.2331584212059
1464.8634153846178
1357.4150883498287
1328.782179380368
1171.6323112747552
1253.1562113457874
1225.2086078939503
1099.5791368640546
1088.5865940570143
1085.5387894971575
1097.0134988677935
1239.3305843346495
1599.866496836546
1682.669571748669
1735.1452752185078
1844.7034035877778
2167.355884439675
2253.9627049131172
2489.2985860526837
2546.29318338719
2563.8832588681557
2568.256133746098
2562.240841371001
2565.612475899724
2555.5789853959923
2602.5678592909753
2563.3173726158493
2575.6921106131235
2578.532176612185
2608.7461741091315
2597.0573605335567
2621.728972776274
2630.104130407972
2642.115329239055
2643.7949648555586
2707.15440467043
2752.7885387268548
2562.660705850929
2283.4096351319918
2573.862781366219
2999.5500477875125
2719.804166073286
2522.796856173032
2736.66816625369
3010.9920152242025
3000.7760040375606
2700.768833890559
3022.1896664587102
3145.8299131655267
3163.511236011111
3210.9516067239906
3224.3266864966395
3175.9312566451517
3180.1812902577653
3272.679574148384
3318.595575191332
3395.1897969957768
3328.0204236161167
3333.1994823948644
3360.7498516756586
3362.3299747754468
3234.8695096318443
3196.2157749500825
3387.094070513258
3403.0075383368203
3482.6509264162014
3486.0743672896538
3491.004986096476
3482.6545071244273
3482.0352564901577
3477.909283410466
3477.724164877313
3477.815553125658
3475.9664576809337
3449.4338089276825
3405.226103479007
3230.967202466288
3171.231643905879
2988.756187122119
2898.419842856433
3081.7848730142246
3070.2506528962554
3049.9037690134214
3059.281743681554
3096.8408140220167
3125.2779052095802
3235.9956817200004
3309.0051698124084
3334.629496979112
3370.455322410929
3380.9575083355912
3385.1265719780777
3383.840914374793
3274.5628180945764
3086.699224838158
3236.807812252396
3300.1702132984547
3466.7924478054683
3315.8282495018625
3521.1683188446405
3516.907638631822
3575.9735862075263
3653.2234000600392
3669.629369601187
3674.5821154938535
3674.8111117468306
3672.2194979431947
3330.3708666297125
3150.8711293305296
2685.9437913955358
2200.878886264275
2544.334600975757
2695.304715491387
2796.657355373501
2712.8827002123403
2612.5481923747943
2487.3491538902754
2566.2123828131894
2721.6888551332754
2834.8092852987006
2627.994949742487
2563.886153558529
2572.3790806760244
2523.028512015338
2475.384608741401
2457.981616253721
2380.181950369875
2388.2492733785343
2375.2968510513806
2487.6683683926376
2543.754344764922
2742.326649186163
2973.4114862031133
3058.304193555694
3119.4164077281093
3233.266110238948
3283.203702659993
3385.560385680095
3413.849598880522
3419.6285215834723
3476.1723115218538
3470.7003807764972
3491.9765740733797
3493.0087662666915
3424.5004879959415
3135.6287050727983
2321.1933672690084
1488.6848143532156
1859.8644493151612
2484.0146004168014
2518.9096416019333
2424.7166479835605
2376.4637873166766
2322.075719533161
2213.3928693504495
2058.633072964027
2041.6365847185727
1994.3643105016845
1741.016313290946
1485.676997523385
1672.2371692278368
1561.636129944285
1168.7880556930863
1435.7054767363102
2190.990365354653
2449.0731204945555
2606.378535701702
2677.6977962903266
2737.6109758680464
2739.8315128159334
2915.6269771373036
3352.0902451799916
3969.113488480645
4391.609121158165
4502.154792697741
4430.131999327607
4376.596566542432
4467.035871659111
4550.523478943732
4716.73919600356
4972.7859643404345
5051.583912704861
4667.882981620359
4524.763376177621
4697.914282263672
5155.706367391011
5324.761327088853
5357.306810209923
5334.434716545116
5233.506239388652
4970.328743643236
4565.164056252333
4453.04266732075
4423.354898133376
4391.098064035798
4323.919785053676
4255.71727102978
4240.905671808801
4271.175715822735
4234.438193570381
4235.159346002211
4217.981019338296
4178.916311802644
4110.315932544414
4179.601578220541
4155.59400957797
4199.059410387675
1706.3864728962646
1852.155770207719
2063.761839247338
2086.212077122103
1852.340917942797
1440.175789239556
1648.5968037994974
1799.97874546268
1762.8585567448595
1884.9976367331099
1875.189672338833
1824.5684496424904
1854.2956938726736
1592.7991261897573
2060.2545443849062
2189.390390134148
2836.7439774762925
2731.2251053234527
2720.113149164603
2420.6414168239194
2210.8818084031846
2646.8917446684554
2854.5582486541025
2660.7998726490023
2329.5271599739917
2239.6773956164793
2210.8713833065494
2377.2920931014846
2058.8154196896767
1888.488301633534
2208.412637687459
2167.0863437558
2087.5914019005318
1811.0001314421784
1769.1154068441506
1715.373354028752
1452.5161178010212
1119.0549139406926
995.0125269282935
945.6323315146306
1136.0977493715322
1010.0943196078016
1046.154454062544
1156.8399495330434
1082.989766938906
1059.6063225350626
1150.5345229236564
1620.169268712406
1703.7936241116101
1777.5069627058426
1980.60794696227
2273.1612381348746
2545.727426322342
2504.4931010364044
2534.436720241161
2554.4752880714173
2553.3407668358855
2555.0058710167405
2530.6691487469393
2586.397981455089
2548.382553837422
2480.98923561075
2539.312273882439
2529.519472856687
2566.36828601706
2589.8164918444595
2631.4715509226744
2629.292499711346
2618.490839179573
2649.7519586780522
2603.20288478455
2655.5972325982443
2695.3446201639663
2785.5634949535347
2897.5550072022056
2839.143307635475
2720.846758844234
2510.15750967145
2705.1457970644724
2992.2357406961064
2933.9372347787466
3103.0754064549988
3216.1119161426564
3242.4326060126673
3245.434711042202
3233.0974863620518
3270.4862469147783
3283.1802053258493
3299.3664420500304
3315.0576958092183
3311.2364651565135
3373.9926121445287
3337.5385461339943
3306.8423375423026
3335.219051098813
3246.609494817497
3350.726952728288
3387.3084691966556
3401.6524020928587
3453.0066362252637
3476.8065025387887
3473.2875814509757
3460.3789334935595
3424.6493652876056
3449.8802591965264
3476.673159014452
3476.350068410143
3471.854890042468
3458.60783462143
3435.9495692523615
3270.195568244447
3184.5841204320154
3126.8447912006336
3077.040654622074
3074.0764913294297
3049.154770578271
3035.2078586842385
3052.5596202979564
3068.5304714185263
3113.4073405843046
3155.6186443229676
3258.8495334669906
3243.6396857096793
2985.2480814294913
2946.6789198495067
2929.232721449339
2925.6664632079796
2976.711970662491
3052.977324842269
3056.8591271659993
2994.3019602843533
3036.9992472749514
3137.150957766598
3438.3967414490967
3514.302482940005
3378.8038614523293
3500.0442445214107
3590.148854492622
3448.4620018718792
3341.054724005408
2969.88248578541
2475.8483674473505
2321.8777417652077
1688.179327057755
1835.4023505220503
2055.2176046016302
2219.6360493818793
2138.057064516429
2221.240056082506
2150.4934787304232
2151.9750241503093
2444.404118819468
2628.2599045667016
2688.03959360578
2491.6137790866524
2501.856979638457
2516.6250307665973
2442.1517131046417
2465.190497471371
2483.906608730874
2337.252833142566
2367.5165258151837
2469.967539842744
2642.5221159116672
2734.5330500602645
2848.380819844424
2977.1073080973983
3040.696929987194
3069.9532248726164
3165.8228360939975
3244.034363978085
3233.807569235363
3308.9030053880647
3269.7348583561034
3288.505571826765
3407.61428906324
3367.224582104527
3485.8695785082323
3378.4672587395153
3009.975053964429
2468.917613565588
2695.619600149325
2729.475710247249
2656.1254982306828
2608.171898444611
2561.8804347492287
2360.9455529123848
2216.111603768419
2050.312196377454
1742.237627370621
1590.5713383368081
1543.3667229350929
1239.4712253542789
532.479830791099
755.0872712244903
674.5088308791611
144.99923669104513
785.9192162128514
1998.0870237001984
2346.236830572718
2469.7858791407566
2528.8774271939583
2485.3711517075403
2470.4201415628936
2921.9767916851856
3059.718793717996
4023.8034170766664
4514.4904723300215
4499.110036761861
4194.894836460178
4186.711883805657
4482.327053494801
4600.573816867138
4857.09759685694
4902.914922351523
4681.266314979567
4096.043725738142
3091.109991933743
3626.621610137385
3948.006930232141
4325.021787059905
4669.350050445593
4659.759905386033
5029.461109679708
5167.147478146787
5058.287152285851
4872.906152463613
4866.0684751383005
4580.613072082513
4298.9191149502785
4204.81283817823
4263.148112381985
4191.829396009683
4223.309829880322
4201.7739682206175
4232.437736734046
4240.761456866752
4260.456774862427
4208.928834484899
4203.331326608376
4220.461905199685
1734.0860737007213
1612.6174790537339
1683.4199534282247
1951.6469222890616
1758.7654034413258
1825.9993517498704
1768.1504770563831
1926.1533105287706
2045.9897638780094
2067.3010740553163
2032.91753591644
2057.4509477862334
2043.1610974234839
1692.1000968298586
2073.6036978915777
2138.915881377038
2725.1490773862843
3078.258149204613
3039.306690906847
2704.3613414921206
2871.7066632365495
2924.6292644711298
2816.8634827321594
2789.544585538814
2409.0175143817837
1967.4251729591604
1671.1314039590873
1877.3768657728426
2187.989340436767
2114.6583679982955
1958.1600309072226
1921.103639453178
2096.680399299693
2342.656221078847
1998.0751148524594
2048.223574614492
1943.3395687427758
1827.9111400385473
1679.2326443149543
1039.1451842133467
1246.538355817513
753.537964200855
814.1862105284489
996.9449479783153
1250.1625183350945
1110.5561835712483
1042.0200675929896
1428.931589384096
1660.7179283328476
1727.5935319317982
1688.0380680457233
1985.4651067481561
2219.8833687218726
2269.647438609056
2321.0500967164994
2483.751646867129
2490.872871485243
2516.270221324628
2540.7220895117684
2547.145462416539
2535.669117692017
2454.814720816146
2437.426124192523
2450.5245959650565
2530.388757929126
2619.2574038316484
2598.865295234346
2608.3643968900333
2581.1949987167104
2593.035790346615
2615.238423252913
2660.2202583948815
2703.892775064909
2727.418685044991
2813.399182706494
2769.1757905649683
2690.7990259337303
2569.685759817548
2774.683710549023
3061.5515905778975
3186.62836471502
3209.2329410672683
3203.97708397581
3192.653534636165
3238.1436755591503
3258.4566889983903
3287.893276736048
3281.152919613018
3278.043889739553
3293.216317979502
3291.7632958873187
3298.759068689725
3338.4394150991766
3244.9266231451434
3246.0891452071714
3320.5211705682473
3355.9645453811545
3388.7226585814365
3440.4982614449386
3424.414124887117
3484.8523408886804
3435.33830684757
3407.4833072658216
3293.0612160337946
3318.1022345663464
3468.6924910164403
3472.146370155462
3466.5493986793194
3385.115252163216
3364.4354155133387
3283.7211611197777
3077.090927892736
3025.0311962001488
3035.956015926506
2907.400366120794
3029.7963145631297
3014.974712438849
2940.820393598445
2901.35248474839
2838.0427119874716
2845.0354540960016
2886.7293457054757
2968.7409145967576
2949.076338674485
2935.452724884393
2910.923145592632
2885.7565179855
3096.6434018202854
3142.4508980591677
3298.852682445647
3388.1915614702416
3470.3331869027525
3484.98890521868
3502.6401264991223
3415.0524274697195
3411.6659594337266
3440.3782361032077
3145.9624131808246
2848.9134475984333
2801.8343064801484
2566.1222012771723
2227.6934054657395
1752.7977989205292
1766.1961217484763
1990.1808850791097
2090.9208532667835
2092.4350361793827
2044.2559127273007
2040.3107597268404
2052.1879208824566
2123.525061560203
2348.114616916039
2586.0617958641683
2573.424567881718
2516.601977252858
2397.2820972535837
2411.1754112768213
2423.9932854766585
2471.340461111364
2493.140918286482
2373.8358150196054
2414.2905947640397
2417.9511883643972
2632.264104435311
2650.1679676130466
2841.4926390607943
2861.9063232735703
2977.8767602835833
3012.643161427369
3063.9366465167664
3131.561625570276
3124.5436895291364
3018.502791189944
3013.9976313910256
3101.32504776862
3049.223634050188
3191.1263227129325
3271.342080781251
3320.102790639214
3215.185531142896
2972.474996336898
2953.144499340729
2869.421965402165
2809.8232564141094
2733.308386671704
2636.114537130846
2413.432337588072
2142.7365852897383
1751.268582456618
1274.6616603575355
1054.3387095283963
1091.9776091035028
839.9267059250972
-2.05
-99.0
-99.0
-99.0
568.8099589238482
1973.3236876412848
2218.8853027293626
2318.8158563445345
2350.423411091571
2322.4697921646753
2341.3487508244334
2776.609311213624
3041.7051703661486
3956.521626158087
4207.0625557233325
4006.9978529787186
3723.520755230403
3968.8266352595206
4329.372444292722
4501.5912015463355
4788.798918695593
4770.209948110781
4099.388989302884
3400.7189352888863
3468.4071876194694
3683.090474443452
3107.049792373063
2839.833762376669
3512.69947213908
3572.0472587968966
3798.0925242321214
4150.751528418174
4357.319326344916
4302.243440929343
4235.6201948388425
4145.410013904268
4005.138844637179
4025.872388545545
4010.589690355851
3888.8013343931334
3867.474616661992
3982.863584117189
4283.821679738066
4243.368373192591
4308.821275073345
4470.057328285765
4407.093190797733
4345.430372997151
1818.4034228764233
1772.502948103641
1751.1120423028983
1729.0818141900506
1668.944344154757
1781.8876764949105
1955.7478941253935
1849.060295372099
2055.600811882592
2058.4581334548666
2213.5749508084646
2096.362246861092
2325.9714919780786
2230.9010131349305
2119.0834261678715
2496.86077771735
2645.107423480619
2778.9881714347416
2679.7058281024824
2471.103161192033
2208.9039068090738
2457.5613200326957
3034.2242696919084
2845.451846182818
2459.610470740097
1739.8777394382962
1461.5274984891737
1397.543725410544
1908.8677391191577
1955.6592502229096
2204.42425533758
1877.5769076645443
2099.9212061292087
2314.6516607907
1918.0935971760352
2024.196537547504
2170.231274142237
1949.667251924984
2070.7398644092436
2166.288167123761
2182.8458048074076
1615.7550132422557
910.3789658514352
621.8985927485943
1043.4848264032623
1433.0569433806063
1275.18330294413
863.1125563546068
1157.1762268149882
1612.4412244795924
1694.8902591666447
1478.2752935442786
1541.2836416521804
1864.4732944247128
1988.7735431640085
2308.600852685813
2425.372551725473
2469.259587517617
2466.912457524723
2487.682721149097
2489.0770841486515
2449.687325769897
2443.085167761034
2425.355169718687
2464.3964007667487
2547.7246221559603
2567.6107235500854
2560.9113465096857
2581.597924647423
2590.224116150552
2640.4308992017022
2668.4204207171056
2727.5632938800923
2795.4423447568925
2752.37924799719
2759.4985602104193
2714.883833162646
2696.696232905996
2804.329246506001
3016.3568654749038
3162.444687551016
3169.758320248474
3184.231148828108
3179.387014812682
3233.593070808144
3283.3685116297543
3333.224136358072
3355.156300326793
3310.228007022471
3284.583173280411
3297.303370936517
3289.97675537926
3199.9584447108073
3041.1854169652333
3049.0228973327617
3320.6872593215944
3372.4518690740565
3400.6478433894035
3419.996920896509
3408.9898322755826
3423.941027807018
3252.607665282736
3085.8073836491885
2875.6597527775216
2494.0227751312486
2718.0896804131057
2908.1433815135915
2809.800586990942
2659.686079785992
2641.9496662697925
2663.0119532528847
2761.6823383408787
2747.3075498648395
2792.075974124257
2862.5381426964545
2912.261208347439
2952.4872783727756
2909.749287349499
2860.1819186111347
2856.44909964399
2800.3697975759223
2873.148471542935
2887.411182473073
2912.1633935415816
2896.841087670933
2878.2165062900194
2982.018505774449
3192.3988690662422
3270.6511858008134
3469.5677653633015
3494.3139090950185
3491.0526159731885
3499.744805061199
3392.9929484183276
2893.4066090877686
3114.870943393826
3169.5050755964676
2835.720995627444
2841.473851766901
2752.423128894728
2462.087753950398
1903.5385170554107
1668.83611620096
1857.1481275870187
2045.0389352086986
2105.486934348371
2088.387533542665
2029.655649864998
1940.6761946624135
2011.1344532563583
2178.1844990731265
2234.325909844009
2527.231194495994
2555.376207891057
2512.191552288748
2356.2570736794996
2257.169535981946
2418.5445339017374
2476.615502967489
2516.4791803699813
2449.1966709987882
2401.5512803730503
2404.6403091561265
2625.7878657594206
2660.0957393047797
2620.987215214371
2719.1922715322376
2891.0793908351893
2939.618981342062
2926.417415681507
2946.885147770607
2885.4852712858683
2775.0941247957553
2695.3565058623385
2709.8291518076376
2739.7490540369104
2905.895285029319
3193.645700715433
3198.564746634544
3212.572299330964
3091.0981826617613
3008.9000522377137
2795.7844286887153
2710.5663611964615
2701.004789560456
2677.1068463685106
2501.803951523846
2201.916135462626
1614.44436916404
971.9456726175546
760.6829293742725
960.7906105410025
606.3285094982332
-99.0
-99.0
-99.0
62.21334727712562
959.0402095364998
1719.864257536094
2001.7697434371205
2183.04261039379
2242.8829889101635
2224.409876657627
2243.5051134729697
2540.0870801379615
2997.100612773978
3557.9551433377915
3663.148728852617
3668.652790425993
3363.98861854984
3589.586266495969
3975.227765503624
4130.906345555833
4584.8846741085645
4093.7405300945766
3409.7655053990716
3613.7076177480653
3766.5196385421505
3445.9386950561725
2951.6259383362167
3481.8738753658463
3729.3514799912177
3995.9682181088488
4141.0719374166965
4272.820007057241
3988.1424413491877
3443.3183614377426
3457.6309557007066
3482.3617671957177
3614.9998846745925
3803.1378245030705
3611.3692984057075
3689.510115429233
3586.159090403999
3541.529698624181
3773.6984588186697
4133.440121428371
4204.756052517104
4585.583530546633
4857.504336711329
4839.15903493567
1885.0201065888796
1896.8702770828597
1884.8879432027993
1715.4680471347249
1699.710987996706
1690.3926932633296
1830.6635260921175
2015.4412450163213
1978.9331902536449
2093.3229361250314
2218.095379818232
2232.8954032359634
2254.8294596252967
2325.3135039765316
2365.4803786900425
2394.811733826199
2564.404845707443
2249.721597932322
1840.7645708535802
1759.2666573158792
1733.4298312894264
1888.6958196914047
2449.991333107304
2807.138658036854
2728.9558273521147
2240.194248142925
2056.1675679681234
2673.31257781534
2368.8390692072353
2477.4181250338684
2119.5604974594053
2207.4813971715726
2415.279199629791
2648.043168819283
2444.9682172573175
2553.2058941686037
2512.2865953388514
2544.1072339870193
2508.1353466396613
2370.7756069826237
2351.2999469799156
2303.7108352281853
2232.140428277831
1930.9713014509466
1495.772183015153
1523.4254671611345
1653.523236441119
1361.0979842014995
1057.8438126215008
929.0927673031115
1105.2755072286002
1526.1527916509156
1405.0458578379155
1148.7198611530603
1423.949859789977
1813.5110150231685
2234.12460787144
2221.2795226954827
2138.648971835147
2339.4367255755574
2425.4627411139068
2423.7964180728795
2396.7648775348184
2410.895346788058
2443.5306148974105
2508.0844513713737
2545.5414249585747
2532.1250002606835
2566.6712983093666
2560.066574813672
2627.0885728849166
2663.7660536983512
2733.345162317698
2748.713426576972
2728.6436177754126
2761.637592060341
2724.540830782895
2739.145675839026
2771.9660058460854
2858.4416285019333
3077.119414835033
3091.727068983769
3156.532986279895
3172.560593625686
3211.7755240709107
3258.9225498252436
3302.1844339244603
3313.9877156785833
3299.11439095348
3261.5167781104387
3212.257308027947
3248.75719927844
3206.7323772948635
3099.093721873687
3017.034673321441
3289.991757519761
3361.2333617625945
3352.9904804394882
3263.2505129365627
3392.496098679323
3123.3674598314487
2915.1850177466827
2744.998759855288
2620.9822641697656
2584.53433294186
1953.9957657515197
2419.6684766628637
2454.5531243693235
2497.799281317796
2507.7462495454015
2602.6747476505757
2635.8783782114206
2686.0707689054575
2737.6413266563995
2833.432656881994
2876.661207849973
2921.213278067089
2889.4275068620386
2873.401157894017
2829.575823240285
2810.4479426480366
2786.55217415445
2764.940067794903
2685.4161481238402
2574.4739182383432
2645.317136152543
2857.813015616725
3092.4351008777735
3404.401048673351
3491.3515235169803
3485.4415498062563
3495.083155124827
3485.539532107844
2891.8794553798243
2840.9052147882335
2801.3785887070244
2724.7387109852793
2787.7445454587446
2812.366112944847
2463.0026231407946
1968.1868147579637
1559.7399134566522
1760.5208393896976
1918.8358907101453
2016.7656179330286
2092.277209688274
2103.3718123961057
1898.0418981519624
2048.7109368315546
2142.290436207457
2315.7762512131417
2462.6761908215753
2516.925383900951
2530.900995065188
2486.828235654192
2334.82076835483
2288.9128805505793
2423.0996044562503
2431.2348927979706
2523.899346453298
2410.1819061827746
2393.2981076435503
2518.048463805208
2695.3037549029295
2714.8093969347847
2573.212602881233
2730.3511122697787
2798.12969710606
2825.7994544323847
2781.84918967679
2604.2750297225252
2432.0744956685485
2366.502778688573
2193.5991511893426
1992.5354195736347
1951.0613464628382
2720.751397737023
3132.6689130331456
2915.454599097018
2860.653528948307
2827.556411567452
2751.993632785016
2729.3910860053875
2360.7948894263327
2534.234947518981
2554.365654807027
2473.004980011541
2168.3273983831136
1527.3113553029395
1172.6326618498833
1365.7909763832768
630.2622466020977
291.0417406524177
40.74989178457703
38.12143253950759
22.049699323935958
421.79956913651415
1196.6696671236748
1584.8717097567173
1915.535263229985
2040.0692119096084
2076.152107592493
2059.716283816374
1947.7023212027168
2309.567791697146
2511.6987473827603
3292.7530057810773
3303.3795790874447
3271.4903829489213
3045.6192346417733
3344.2992983956187
3865.7160483137773
4291.090463837506
4242.019420975059
4251.28687603283
4003.626638170178
3829.0881169660465
3626.0151151276955
3444.9144582289264
3568.2046335297578
3592.9300820940725
3934.9707686173356
4066.63195187891
3973.25416654017
3140.5451492770167
3133.1019412735736
3238.892646927203
3370.7235216938125
3183.6160572150384
3343.2621771424915
3356.405223457802
3463.2982962740452
3248.7524990065617
3120.3450875555986
3298.2761098785463
3445.8807546768007
3760.9576020241507
3758.145060640839
3444.771652790272
3689.3116435717698
3747.8936544466233
1952.1624779320045
1973.242140655841
1911.1907203604273
1704.195628456991
1734.821517611425
1824.3171272461666
1764.2194299313558
1829.1109175266772
2076.601035119796
2000.824901246539
2128.668422266964
2224.599473318772
2244.842193898889
2175.0653276122507
2294.363415839716
2295.362083082472
2218.824283590167
1963.161588978464
2002.9150390102322
1973.272213035365
1585.6399324645902
1683.8412990762583
1876.8200389353233
2861.742471395798
2928.695248511785
2906.452918431054
2742.030981328904
2802.8164591990444
2805.221567049287
2809.237867223414
2441.7008621543955
2847.359741363365
2954.47906937094
2890.1716617094075
2844.147287777463
2808.254207634825
2663.150254288306
2596.2088721866085
2471.1762118937313
2408.985886633932
2394.0304491286543
2329.3268696186824
2230.4174589261906
2171.747916571486
2150.627406523922
2160.897040277506
2134.59926980877
2071.3859635225363
1938.734912569832
987.6039966323247
1064.7111999780996
1132.3039838626776
1264.7633243132177
905.7796745615537
926.0032520821263
1222.5420475605408
1554.1495035774815
1465.9749921464115
1399.0980424848303
2198.7065264247217
2355.807615056623
2416.0996053291883
2345.65234861539
2370.4374890699964
2436.3761300090478
2509.321834598574
2502.2306623359605
2512.8307556294403
2530.2900405699843
2562.0357397799676
2638.727976330642
2649.7570319717224
2694.751019641845
2707.265301552735
2725.2624307961773
2740.775163924008
2731.098699935113
2742.417561566767
2752.8039990596735
2736.721307095892
2775.2608809493904
2875.0211754594866
3075.1809499966294
3088.9888801623865
3198.4500464180855
3232.1508278798415
3261.2061695629322
3252.6154806772192
3255.3605562688876
3251.302317958575
3139.808784451378
3047.480574163124
2951.9469779006204
2868.98715063806
2920.5070221072147
2919.093671843502
2765.5847223515125
3016.439781915387
2935.847052013678
2847.5840454925446
2288.180118796093
2428.0991593665663
2372.5717139146955
2349.586377511596
2339.050945799444
2360.062313975544
2346.0738992204647
2340.7079158202823
2394.0461431201174
2464.580345378776
2543.223568352427
2615.2686125873315
2668.287519984475
2759.713413879597
2806.1834250417346
2846.424757009221
2909.867732403677
2872.4401123286457
2860.7371303161895
2852.8005158385154
2847.0924999280005
2800.728856066811
2770.1131621490545
2692.927457166729
2476.2924922335274
2607.2072111639827
2609.6768434119404
2937.2392535104036
3165.9672338616692
3471.555769137505
3482.2030192280145
3502.989129094019
3279.8915235448244
2921.2068281066213
2911.4508829665356
2631.916585057025
2628.489288231611
2684.2303275368577
2470.5673641113626
1972.1989328366324
1595.7692949591865
1621.1459359549692
1830.6652620270077
1928.1492296154531
2016.8297569812673
2091.0536916059314
2067.710180602126
2009.75078835683
2202.8627347330635
2247.1458858736314
2321.041826227844
2406.54871544423
2501.572406886433
2546.285155676303
2540.643072847717
2484.8860624256845
2542.5906020828493
2342.8769719758093
2532.4679414508864
2585.4220302822646
2557.0367318686485
2583.3981250381453
2704.3865188993627
2705.620839427906
2715.86350468751
2709.551087512658
2670.0481246848694
2720.7382552925387
2675.8246720738957
2446.0736346601257
2331.5185178153406
2073.940326737765
1819.2355650433008
1557.2214553674323
1133.7460718605666
2083.7399155097382
2682.2996887190743
2902.646055982824
2731.7706772883357
2697.117163563799
2612.6324556221434
2483.4317577034217
2205.0419602888505
1811.6794253869173
2359.0156557842124
2455.5934097874224
2478.105676899075
2139.9900955677854
1661.9578475360654
2016.0171265822619
2048.2621464033687
1385.0965933712607
457.99742901921013
347.57385985013156
93.25095330357749
79.44795706375332
459.23490966950965
1269.6100868070855
1687.2679260716677
1868.530322738916
1941.3294210985769
1882.595487673956
1880.4525987354948
1792.5529243342314
2027.545577982208
2347.7865069869054
2746.1955015439094
2861.8916651464842
2887.63450799436
2849.538337227526
3374.5624461896714
3799.1029554993643
4149.1439776782545
4171.102511695665
4179.156188694994
3889.963052586242
3803.9620463688243
3615.5400490802053
3613.010537857112
3692.6055552657335
3807.014995494464
3897.7278259866325
3769.9871352944333
2888.810982385875
2778.491877450169
3211.897832503244
3101.041391034145
3352.974000798017
3233.749071837897
3244.703248975788
3382.5184073560677
3492.614513931628
3003.0248376927393
2706.500013611736
2844.118956368767
3212.6330539940545
3477.775838403355
3450.9614636949927
3213.145018506485
3492.2028695615036
3311.780939211697
2031.490761055858
1996.8723658313131
1972.7173874969278
1904.13095378881
1790.719226913504
1704.7262505093547
1819.7280712223992
1844.989331956531
2004.8202736231922
2018.5674203405613
2039.4866847729002
2019.2718817879772
1667.6497941597215
1539.671442703404
2157.9857749539915
1774.2134972653348
1956.789492733487
1516.5418714766565
1681.467819198923
1493.3527940164722
1914.8443032519808
1949.1345430109905
2179.2405203383564
2823.791885036208
3131.1392574465053
2729.6302676076466
2695.40854196846
3001.3640165030515
3005.8418956041405
2796.02933789778
2471.661201947005
2421.669161416179
2328.9960885272444
2541.9589856533744
2743.332576370428
2825.3129885252624
2862.977892334306
2559.7535142785155
2474.501971376012
2474.55028106815
2371.2857149349284
2297.666436883344
2221.3446590164313
2153.49989974674
2084.6904406306753
2141.833244222085
2114.285571188105
2076.3886833537526
1977.8991627010178
1935.3927844147659
1459.3304036494362
889.1036627613919
1154.7636861900578
940.4693231623626
688.8012988542797
589.2051856354198
709.6259783359083
832.5235387744805
943.0193477034245
1771.6714031758042
2286.0210700095477
2270.721740408682
2308.507178552645
2356.238988362507
2403.787520996327
2458.4524617229554
2497.6832372867593
2520.718791109137
2527.3485547712135
2551.8592119451837
2552.0229916054586
2629.6944892099013
2663.649205655537
2648.01327123392
2726.3084716211038
2702.800301759515
2720.3371590229463
2747.8020432190115
2728.2598214657623
2713.5650731383166
2607.3191646372393
2690.6555354546044
2629.5445452950466
2736.4852874102016
2887.1006341622888
2851.126898429784
2749.1322713785376
2947.66464837055
3228.4396413272857
3223.964264417077
3135.5949127046074
2845.87559971401
2704.321001287412
2554.9566884762535
2430.1394587915524
2443.6211026663414
2381.0637140810477
2469.948670929103
2443.173285912372
2327.321734980192
2330.8208936122655
2304.3530290169556
2290.3026501465197
2255.2894055106526
2276.6117567205665
2310.3690948215913
2305.465073421178
2314.084535039864
2379.337157553989
2440.405339624912
2554.1623154287604
2646.757214977274
2683.973335750018
2745.050204611061
2782.5053734161033
2806.1050024355222
2854.076296400354
2843.2383991153292
2837.0327015713124
2842.792584030454
2834.4981809105384
2762.473239914683
2770.3597322239616
2718.3149289796443
2697.7538450250827
2632.880055047577
2555.021831722395
1922.703901665198
2694.8141702233975
3442.5909130615446
3493.250844969074
3452.289003284308
3234.5934150756098
3003.248659685393
2849.0835786394687
2522.5889574889347
2235.7394245996966
2094.110600624056
1801.2669713332004
1644.2087839057756
1670.3799611091554
1771.4948769183616
1849.533776540361
2022.057897171026
2069.693386630642
2134.978501449765
2187.3880948011583
2304.4240914112834
2305.997422559553
2590.0479774644646
2509.9748183536026
2373.469489642734
2439.6577936730578
2519.1684852782523
2400.9469830557277
2502.780660210028
2580.135519412414
2577.874107475855
2598.2593889800605
2683.0868766483104
2597.477587856609
2687.486356707194
2705.8598581986366
2709.2412168074275
2707.132521777425
2708.1760422256366
2701.016963502717
2546.5018878469264
2329.069436041786
2215.589619818383
2012.0288107185443
1762.377486769911
1365.374643101384
923.1738943560632
1647.9339768538923
2454.2735847112376
2701.044914856631
2700.055004443307
2651.6205666467813
2476.6162011315396
2285.237822538796
1952.4420836098134
1441.308933795356
1269.8044728240902
2152.2452621968455
2303.1586159631865
2373.3086454653717
2365.4027892136473
2267.1531718456963
2220.512810058355
2173.0160439978913
1646.2193437573399
1155.6734734266277
888.0518748582745
365.9108287638774
451.48952168383886
1158.678035997777
1510.384773588001
1711.548749497908
1780.1298991543238
1779.7086924754346
1721.8795638754843
1723.2320358790937
1786.0971303248477
1712.5627690864728
1955.769854088916
2376.8996697405323
2406.6287040676916
2821.089201053455
2850.553905159545
3328.128426774435
3621.2020676033553
4155.860742984447
3810.820205854583
3811.3415281870325
3580.6378663055852
3731.8662157883473
3731.9229322578726
3707.855196626087
3688.1015789320245
3754.3295652461775
3724.6089165552066
3165.31761158493
3004.839402423655
2851.0596421066152
3068.942613998857
3029.677045087479
3391.791274431947
3176.3112636938276
3318.7979348709423
3423.7537889967793
3572.4997911143173
3124.9089389702444
2745.5563214136205
2760.1062251010285
3117.237222066426
3302.373457779337
3352.0397662384175
3362.1098075905743
3641.2813246819915
3210.0710858416287
2143.6606225943992
2067.9882183276436
1998.2102542266227
1925.8443375696957
1824.7864309025595
1573.4484981621442
1360.043598831024
1423.612277738041
1751.3397596891662
1865.8478193875421
1998.9498966753733
1937.802260747099
1927.257807679485
1873.0179349177085
1906.1360859485505
1813.0547261761246
1880.39018527423
1436.9725007154923
1288.9902067484252
1304.8403695505422
1351.2555382050955
2039.8634420578933
2271.820773827688
2405.399268931934
2621.352966379595
2404.8243587559464
2337.123291897668
2690.7556527163006
2932.950766993024
3040.482492354824
2959.9082592774116
2479.9311059460097
2216.5394984021264
1778.8771315041522
2081.2492644914532
2851.976465552253
2813.1597116513526
2568.4295323369965
2410.473848827405
2369.0046598509375
2333.911679674057
2249.650658300692
2138.52375154904
2121.3828495866287
2080.7865925161636
2106.423582906479
2076.8228959589974
2022.6992307554692
1949.9439229424315
1921.8884046910434
1546.1191387221716
1149.7756109612808
987.2749511375515
779.686811355503
668.1696856244189
514.9059369939934
497.32327182310036
608.6139667698953
996.048869731673
1651.4551716808483
2115.0460164485844
2195.8742568722373
2258.8787416331784
2363.442239172475
2429.7292609363785
2494.029196879057
2484.293386394471
2506.1461387941376
2513.346026074226
2467.517402194152
2478.5215400243214
2458.1110078971046
2595.380719666285
2525.6459174436004
2618.5602269706897
2628.935380511799
2696.2801386929486
2719.5601851802094
2688.8209332600795
2638.9505054261244
2602.7673812963226
2460.855695924213
2406.770647492082
2506.0803729321697
2653.971195790669
2516.9272788897133
2647.7028298708315
2742.0681850362243
2945.2618032331866
3051.025998923317
3126.675737405309
2893.921340024483
2529.309006418816
2200.7027269245036
2225.724760284184
2241.848024177954
2268.0196156090788
2229.9036881409015
2254.6375903054955
2311.9513266458903
2271.055450012404
2324.4575437043595
2256.3528915459488
2239.247722094276
2252.361037758998
2281.793081152251
2299.6662907782697
2310.1297750887647
2360.8981666896434
2432.63703856415
2584.978355433283
2626.049001821557
2696.6261010546555
2741.867930865239
2769.3894036802685
2834.50008748419
2813.3332164752246
2820.437282642075
2816.5267178441227
2834.313321322122
2817.4972731199987
2759.4907233743515
2765.0439929885188
2780.3557271309605
2761.6158447094285
2626.771314478599
2366.8913082156378
965.7012810294154
2447.0139704527596
3246.6908026103897
3169.8106087012197
2850.7887197072005
2726.803278896699
2867.629170647939
2690.967304864909
2318.079970440567
2018.0540332164917
1663.5203951035194
1462.9806194911332
1422.166191638746
1633.3149735409668
1906.33256120666
2029.2491945483491
2235.7367188845174
2224.907445733157
2322.4875966105997
2439.705920545256
2529.725646640072
2556.4642890916407
2651.8605717363175
2642.8547159164405
2560.6015149225686
2338.6818039634304
2446.646686038788
2439.8118672106243
2467.8628686681095
2590.9917722094315
2642.4839144826674
2629.3021870049943
2701.698835342466
2704.6608057076887
2693.4592990283973
2699.193976212733
2697.046645230109
2702.1494690943287
2685.3538978131605
2505.4578384987103
2448.8645598120115
2335.7312335340457
2050.131347902239
1819.6003803601245
1418.6676335996783
1072.8073588255854
1424.8082081640405
2245.8489536798265
2508.2100604479833
2647.357418585977
2622.5575893803457
2563.978505806196
2310.3288485195862
2023.2934365826056
1574.69905084381
1001.8522174766733
1292.9250356550176
2018.3419165033229
2196.6153787831795
2268.38126368078
2305.937994742981
2248.5603955343418
2215.156442612753
2184.1872871709456
2136.245578786761
1638.1469172182838
1398.0781229838328
930.83962314723
1183.190712321944
1485.4215070257183
1684.6444099773582
1787.1118959994537
1774.8552540875014
1707.3648048517073
1571.0436253323742
1481.5160685343192
1480.6343485388277
1401.9604584345977
1667.9627321544165
1876.5405284199314
2080.300517430336
2673.424441724977
2750.4461521881067
3028.8248447102696
3431.4443241357885
3986.2259289039253
3713.757322880292
3071.668809807503
3399.694046563026
3692.672672740382
3715.335827741201
3706.515761092382
3658.7198954613436
3790.457785491247
3656.9434971384107
3198.6978271033254
3097.3767977039693
2923.76006642054
2957.018832443885
3066.3852133013993
3428.9260289275094
2882.0100697703406
3311.684219691487
3539.7081812617407
3598.8098225494646
3560.442586416627
2970.317960232134
2777.270477896876
3127.975034647616
3242.8625789125304
3384.443224192397
3547.0921614220347
3651.755806789626
3291.5018304036166
2248.8346968502265
2133.214739366655
2046.291582758145
1931.4743348980994
1828.0384885093151
1690.4012170962733
1364.1642745582196
970.6026192248934
1143.160173887004
1335.203605671304
1094.3770269094337
1353.9824514588124
1772.9083625703765
1646.031414387511
1874.2030347780117
1880.0545991649517
1821.9248400164681
1785.2126862060493
1683.7689567864743
1627.333005738245
1645.989425009744
1977.9739901129785
2178.7731245374775
2116.3189012475086
2195.7464342212825
2355.4934672274176
2234.432213689581
2139.248207579083
2756.510461037091
2546.4214603249334
2591.8588691724913
2678.704231955197
2402.798378075267
2121.5183321843137
1944.303344670479
2648.5512001540287
2557.23124375442
2610.947850155586
2298.9343591370593
2016.3171149308832
2192.489645818586
2093.4997025297903
2109.192086506146
2037.0080983619046
1949.9596502461252
1946.9095748907635
2035.5986962551674
2001.7052447831522
1911.147501677256
1735.4641239254752
1730.307544631293
1336.3995370078867
1101.1034143126965
902.2539126849707
676.9124509440463
507.94807171917057
443.5517656163789
571.468077806238
1229.2560956526197
1816.1212793920306
2012.8806181671757
2086.2106455770772
2193.3317342592195
2387.917371830087
2429.573614632902
2404.2562711603828
2455.588381412844
2468.4600620071155
2480.1758577709084
2465.414471420921
2436.0204509291775
2416.3524785978034
2404.984121634549
2429.1342534410765
2410.1173156744494
2473.3516876960994
2437.7684425898765
2627.0626628815794
2650.1919962122292
2577.30519834291
2537.429926356984
2409.949860030638
2347.4316344328645
2383.108444030163
2394.3823765076763
2353.97041960776
2340.889861973789
2641.964311764396
2476.393792505959
2268.7378625399497
2397.2682399276378
2439.979849665199
2317.0266293587524
2267.8185568300637
2206.6844564076428
2185.372146254064
2173.9899488424808
2168.051440372556
2169.7921895660506
2247.9535226971384
2176.2751695281777
2154.6625446180906
2165.9876370269517
2227.4488848429864
2239.018188983023
2257.4052846834315
2265.3904212898065
2293.3087107640467
2209.0101519100585
2517.4555819271227
2694.296354061842
2711.958210941075
2729.5910582477372
2770.9776292457163
2794.365555340641
2793.5173412071567
2793.191358814696
2806.547962032939
2820.8618597390387
2819.0612648835504
2794.5445458079985
2808.234061987915
2806.3727511990664
2804.1881961573167
2807.7914732043073
2680.4075766970323
2537.7770709736446
1462.0426646269407
2390.03689774226
2542.370257590548
2132.9463156089664
1966.8170307396274
2193.1710321794576
2337.194768492381
2244.770286863597
2111.5321845257185
2084.216521819544
1484.2877472161629
1494.7340254581043
1654.91413827954
1804.7876181716338
2062.0238278128236
2229.0373897329573
2398.790883042974
2510.553964634426
2601.645775066013
2631.89317199814
2655.3393381145193
2656.995115342454
2705.8295312488626
2692.7301823136636
2573.7029402937533
2169.1284559609735
2277.495754841186
2427.3668558374284
2489.4689648872754
2662.1320710374935
2661.179899192845
2586.3691417152727
2693.358161942005
2704.070385986998
2677.7199179796817
2681.4546897030286
2691.3636877422505
2573.3761569315093
2609.334900321037
2583.352112343243
2554.1819547085274
2287.4121793184295
2109.365299233872
1230.736997558575
1428.8485725576463
1443.1124172875152
2137.3911809054975
2473.640547907618
2519.6673959244204
2538.3742343272716
2577.8850138565012
2510.208733732813
1664.0912709715724
1281.0331189189305
1068.5293568084708
410.4769150190521
948.6521167702793
2051.0980503030914
2130.6072718755063
2220.083147459376
2272.3056620308525
2230.9801182460396
2208.3818313943966
2190.779888716304
2145.9520936066347
2044.0631899020552
1902.26654473092
1603.3509643091427
1675.1130929818412
1762.3934076462297
1784.1264921897455
1804.5888623120038
1781.600219916106
1606.2048449495287
1311.7828072026687
1155.2153566574386
1092.349310520307
1299.8839313783594
1358.3989798472417
1658.7634332286798
1968.7536925774555
2370.191860238292
2768.818877397614
2781.9460231521903
3175.066701240573
3341.667629732933
3427.5078580345003
2895.291720482222
3226.3221417623367
3573.1194249849605
3730.936345215622
3804.041874049971
3814.2477934308195
3777.1108519569266
3637.2243290975184
3079.5957013994957
3047.2882974121867
3021.3645947261452
3197.9290517801146
3304.0077679912224
3413.891022902914
2946.7401315090074
3216.7769788508303
3602.700735482819
3674.5482653020917
3635.956285921638
3430.6768463402805
3172.7677410822766
3294.1041443870904
3321.2473965053414
3371.6884359527894
3688.4864066613995
3778.50001895343
3207.842748589654
2384.189036504497
2170.2411002212484
2023.3128633493632
1895.9892051491772
1749.6004210163774
1671.1248865859134
1571.0975141975612
1247.951660545734
1071.835660555554
834.7832094744842
825.0203926695729
591.4490336795179
923.2833896198262
918.5982609687195
1422.9249221065245
1830.7319632146148
1801.3483408783165
1745.0099565543649
1782.3718960021827
1724.0971152849572
1826.2668121254765
1997.0883842283956
2104.1974940614596
1915.4424893840956
1967.3534985133183
2045.8093312697886
2304.972412542605
2251.7811226323574
2615.1711881577976
2422.7917447120517
2210.5489599387747
2134.455677430369
2144.0446851870843
2028.993485630955
2034.6316284120253
2498.7074688557404
2262.966558576332
2445.5621444648273
2166.6433438971667
1863.582181242247
1930.4105808789714
1852.6854918055224
1882.0400199256837
1838.246675548525
1769.8995856995798
1659.9211636779407
1792.312451932902
1806.250431096332
1728.199156047216
1623.7861074961202
1597.07967163485
1209.567868026486
1085.6296759548484
1004.8508261928812
703.5817400617784
558.4520816955791
497.4806068258194
583.3428897453703
1144.7368328882844
1743.1986079760923
1963.086780466665
2075.5948260945775
2217.851225621158
2331.0066393029006
2327.2354572453596
2316.816596817253
2396.7952144710207
2426.112037752078
2459.430497827686
2412.941901941862
2390.32572573876
2374.8387904763667
2332.444205554223
2381.5433611770845
2377.084862674954
2361.658463791199
2395.3340692730208
2473.5067868572423
2519.010407970989
2410.670580788567
2406.64833729427
2341.9595002523047
2319.3498964248924
2351.98342269756
2347.307746009867
2255.9922191844616
2062.9161159603764
1874.494616196035
1946.4761854594205
1775.7559170412376
2461.5241403503
2245.1079978037087
2259.506587291083
2246.5929241018425
2212.621707388794
2177.292516800107
2159.47406423305
2133.6333972633465
2163.192511944308
2227.963267565835
2121.9336197736575
2070.628423465561
2075.69315444315
2106.7547744889494
2187.057883632175
2212.694664997078
2238.2984332469664
2399.4493164043315
2534.7627449058955
2624.964687789679
2658.274759665253
2689.392169114866
2686.4415255300237
2729.832749273865
2740.8950417656442
2773.2599268254207
2783.5835992055527
2804.012667422572
2816.179554343335
2825.615134118349
2824.9800000000077
2856.802581875292
2848.266616956084
2834.958176711694
2720.0941495777306
2638.3509116529076
2635.2452780180947
2623.2178108423273
2481.4453930515833
2285.884677816247
1626.4349812049982
1603.6572335047426
1756.3047740674867
1958.8969602469065
2109.6587877509237
2101.995779405294
2143.3711032241217
1731.9376237052961
1679.2681553820132
1882.7475103814397
2015.5367615553157
2222.4019408093063
2483.3621189598293
2497.4789930174916
2517.963412388137
2497.6673073247766
2630.1737937403523
2667.0878216317296
2694.2140237060194
2710.8141392309053
2650.175213175076
2492.6876279926364
2226.2075895926846
2298.5794708069648
2361.061443280114
2527.9102780181033
2656.402466119776
2668.7323131106064
2678.771661041678
2701.2497817263743
2679.1179322032585
2696.031597168577
2655.6183289048636
2635.5188836928787
2619.1080595161793
2605.7770078122535
2598.6587732057646
2561.3040662010217
2460.743139573628
2143.6970409110972
1585.611060642545
1737.7606650560617
1932.5359024387444
2430.212106041196
2449.808060812179
2463.4757250667517
2485.834989834481
2451.866213545055
2416.6230224729698
1997.1824685618992
799.4269196894276
369.74209586509255
398.48664854581546
1248.867575990564
2063.3924905680246
2145.377098772966
2217.4394199794183
2244.998008881131
2230.778818247167
2199.0000949926934
2180.6464004104528
2153.212655362653
2106.717844026549
2057.413899090461
1999.5259415269552
1920.0482363601698
1881.4091694791696
1844.5937877989445
1817.1204640674919
1785.7631442776535
1669.2099160847192
1042.6385272069729
813.6083887769437
518.7150050399149
834.5651219860587
868.4011706273654
1281.484320265332
1533.0384626170887
2282.7626262540216
2329.7220477044666
2421.6713995944137
3079.534004590361
2947.4054463449834
2510.6367851986274
2645.791098280037
3118.178488095414
3511.529668378241
3715.997619080939
3779.354813566602
3770.137709646189
3712.470624612648
3214.3523675165347
3129.96943637983
3100.447738052449
3030.7917009356956
3211.011532886292
3324.3890602596016
3270.9528467193595
3036.0525041999945
3118.962990642974
3591.7385436745
3616.060160438566
3416.236984002205
3485.0478422985616
3479.172021154524
3434.6540272193783
3412.530229004494
3477.902223590151
3821.83971032849
3491.049444939469
3100.896706268478
2340.503472806115
2230.94391353904
1827.4419492501768
1514.8076788439798
1701.9330856252775
1615.7533899544749
1543.1167680425374
1456.0624560818196
1166.2849410592678
1159.6705684874923
934.1326788171823
770.5455943174043
587.0396310892315
466.54584377065146
1059.6410163845408
1593.1929838620986
1697.3269745299544
1525.7917851558598
1807.462217924341
1873.7683338399045
1842.682091447791
1961.7208177846846
2042.186154074368
1880.8834324524637
1757.4272306635917
1698.4905390512774
1522.5246118234656
1635.5805521235295
1727.2488912935082
1676.5390077259688
1259.8159323365835
1850.69348504952
1764.88456799534
1794.386128579955
1756.9335625877961
2252.8650297422037
2180.9662226379537
2109.005615320056
2026.1297525297207
1684.3317872984805
1585.273215694409
1408.8805090591286
1414.871436286546
1571.205179118606
1529.1404774168675
1321.235808807737
1580.0775245698308
1549.4218457196132
1470.7646036532626
1331.6873948467116
1487.8823048061047
1256.3844183560702
1102.196077630046
1084.7090769112035
914.1054840008793
642.7840160806671
598.0280711905098
696.5944888667501
1025.5599533913448
1277.5105922562302
1749.6095647963402
1918.4082560851575
2118.3605984717815
2241.3386308261993
2235.655305953224
2299.7836988382496
2360.4775199253977
2431.9759682839212
2376.066228111945
2370.1317636848125
2360.6082110078078
2337.5878334717245
2311.9819377400836
2324.3311596385906
2281.70723291343
2304.8335055903763
2362.506369702599
2378.4819500330746
2381.766275856536
2315.150766845469
2287.7529527577117
2316.9864330212017
2286.985908382151
2336.739136386514
2344.9116837864767
2327.580568163525
2182.003686210691
1302.3614035170701
2338.5934410907344
1731.7963491299818
1843.2231849354398
2244.533383184264
2242.167492571586
2229.0645241754137
2196.70187020356
2155.9795001009215
2094.6330303655363
1943.3501345017185
1775.9230906966511
2069.142146634787
2040.8320929298955
1995.8056492943833
2012.0394129884808
2042.8958479290886
2073.496361324301
2107.5647752338646
2313.1794032787834
2478.9311770470363
2526.786588083159
2564.2773984060764
2574.8630098185135
2674.340314691729
2691.5714817660923
2727.800839181028
2738.8250465076235
2770.520555307904
2783.9813776120277
2813.3166222747473
2820.556699539026
2835.5911610506455
2884.4454623999754
2874.9819126374264
2861.9254652827344
2836.296162624835
2742.859933752174
2683.96418791321
2544.5604502350848
2503.437621339775
2494.0305542679794
2204.870719405108
1439.0593872204006
1410.9239420620024
1615.172558431913
1840.2407109955034
2133.7041980934914
2167.393090326725
2051.8156013049684
2031.27114955286
1996.5352903423761
2084.1496890425356
2177.478450258682
2363.9212560847773
2467.627525545487
2485.6278050872315
2504.7258703720718
2533.692957891568
2583.5104629920793
2621.219374010981
2655.5661205218303
2423.6282531325382
2442.218100849159
2463.3415498332815
2417.2529645991867
2309.083768867653
2456.679861603522
2617.224503584082
2671.3229989084384
2682.2722048185
2691.114979284979
2676.683221148531
2677.180398678705
2673.5969243401855
2647.303127778231
2633.4537385745543
2604.6375834595683
2587.0477530813528
2586.9235372463218
2553.3265406642245
2483.3570769994876
2395.1525000041906
1719.2184922993747
2288.816297479132
2386.0439320289147
2439.473610054067
2438.3205877903033
2440.6036415658705
2454.2026175076817
2413.1353342446905
2218.5289582599826
2025.8647458589571
1029.8223009147664
334.56897344966245
849.0162153920323
1924.7004534933897
2070.137987295162
2147.4746682466616
2201.024297762025
2219.9956792485145
2199.6017394868736
2184.5869701209676
2164.2963640560406
2142.5396904473814
2109.721742452188
2064.1316386708563
1992.1824779884153
1960.3653537733364
1939.4961313334222
1866.5291089001696
1800.273371188807
1772.0179068588122
1689.6435033887597
907.7097144699632
120.62667859291277
118.87611522526495
647.2771715894283
860.3696589635139
967.1378275441675
1322.3565268637776
1778.7481565986639
1998.3959273094292
2190.4207100129074
2849.0156364104587
2819.744536285217
2036.603576310875
2459.213272757436
2939.8794197598313
3293.763659248818
3370.7423740516797
3606.0332297878404
3593.5878871065865
3343.4806237373296
3235.306347151119
3132.352096545419
3059.660723439533
3046.3714309476823
3157.9856255966115
3343.853543932241
3417.139628406806
3225.102388063562
2975.7571866837584
3605.865615231425
3557.626884394836
3349.7071766486847
3441.7751055771632
3343.2314110066372
3431.122815227837
3513.1254442337504
3778.4178588576174
3875.9109081851543
3489.8544035512246
3642.5176451599236
2178.982624478831
2106.170839574563
1748.5962776716085
1416.8791154531084
1647.8865470167823
1650.77729814306
1528.3937951354324
1432.8561484308732
1152.7020429084055
1033.8480834919942
1102.2831623598656
978.7873922612865
732.9824424624084
503.8526552800574
446.6814950359222
638.2828831136156
941.253693560413
947.873154140273
1573.5253856052896
1583.852248938097
1862.504127115252
1952.0879764139022
2001.8701699526403
1932.5161983536861
1553.4970967087072
1606.2791397523638
1466.102270399542
1199.4073913254376
1437.0829062143284
1378.6476779505404
1565.6489099763726
1759.445679805949
1722.8622487061396
1950.9071929919762
1279.6295423839267
1873.5160709945749
2010.3339789118588
1796.9593554740593
2061.5871169176107
1433.5698212266475
1184.8797131514723
1222.7354830934908
1067.1821207446726
1245.1114451478136
1288.8134233877418
1412.6938484676834
1664.0279050764511
1623.8613683413375
1320.0579340843674
1230.6764050854408
1216.7162908040418
1518.3169544081456
1096.092092583506
1082.9184362876283
991.9348375378205
782.9473871902048
730.0598057731905
943.3400231379164
1084.7579462299109
1196.9315381895146
1495.7826172214236
1892.3603381713474
2016.130648374763
2065.5622093820925
2192.735168153391
2285.241967023221
2379.9870085015423
2329.058332633279
2328.4361377278415
2370.119110382155
2332.229859945945
2302.881387605791
2295.774395731226
2298.0322268590785
2296.0540029147955
2266.583335350652
2288.885839632491
2309.724154894788
2334.1262063971726
2268.7659677670363
2247.2638790793585
2298.547033603132
2265.6041707122986
2329.992319614179
2309.4632565352485
2341.7103037622132
2316.2903246940123
1737.6790498936095
2337.4477697918824
2029.7038165093065
1996.3724064108853
2159.552644890119
2189.18681680085
2175.5298433900716
2159.4245960081817
2146.8471533032475
2232.712506548991
2050.651816198759
758.3740936056935
1944.4400400837303
1857.995803234934
1889.565354868857
1913.7294343591202
1983.7073237822078
2031.8210633086874
2074.3445574268817
2283.780185565192
2449.0087362737413
2489.4321328051406
2507.852820258909
2375.0633951126974
2601.086596420871
2670.5951524132815
2689.556928328903
2724.752211433634
2738.807889733496
2765.443230952844
2789.870341798208
2799.101622332352
2831.1185221274964
2837.327273599997
2839.7748760903987
2840.941448744299
2793.268217520425
2745.489438100767
2494.830119537124
2460.886311694361
2510.023485946336
2458.0757098865247
1782.8247120085373
1594.9073327806418
1790.2799933149677
1883.1720803254511
2003.1166916152447
2128.536754596642
2175.399165534265
2152.2832342083916
2188.7713823856016
2235.834988753601
2317.464373721318
2418.3492996040427
2299.5048110009993
2437.5105194396015
2435.4541006374393
2426.6189921629552
2463.9673042221775
2418.7663772251567
2372.9766227100217
2427.4581202954487
2394.80005635237
2458.853652242339
2500.9276275014768
2486.181918490607
2409.6698399921156
2544.02986210846
2672.645037494367
2682.7098251545835
2680.6313524710763
2680.944211734788
2668.368842150033
2653.4762680849644
2641.3189363956703
2636.3716613931356
2612.88195575919
2575.0843004306385
2562.230819384823
2503.7546421834345
2511.443888574103
2487.4783413750415
2434.725275150254
2401.582180408514
2431.308265873892
2448.788334326815
2435.236917051537
2439.0269637524684
2445.090246561866
2421.2481800729174
2281.2765878097525
1935.5395909098468
1727.352076189242
1445.693908971528
509.41826890601396
851.6802687947642
1967.5541861183997
2064.4466585105774
2152.656917797806
2188.297170694158
2181.2002873246543
2168.238116094858
2150.249343425676
2142.0241121998097
2114.68603440491
2108.8991720382796
2047.3680861099988
2009.4441866260722
1928.177085531967
1731.5796304821474
1777.321699089099
1785.0295807659745
1758.7337843343587
1682.4248520480483
781.6003152914598
70.10228179150045
519.4454626577676
976.0897747152223
1073.4154990363618
962.5576921292951
1130.843029257868
1136.481425438131
1703.8750531513888
1966.2068430831594
2253.7823418329876
1788.384398565474
1833.8758226159775
2317.175058073844
2728.91266598759
3017.4515340022463
3201.0646967638045
3434.319366087908
3414.1651219581613
3272.3428685924514
3294.7705850323914
3142.8359765893533
3057.3476043713104
3075.1084642549454
3012.462326707646
3176.2270040252374
3226.8960509827857
3297.1456278073297
3185.0959246603884
3708.1954036216252
3713.849033553837
3648.6785502462076
3540.043018550897
3237.3738546996233
3251.0542503731253
3695.4349910911737
3951.2928706740654
3918.7102212776754
3638.78660677369
3908.8429939601965
2102.5279491475744
1993.219490019349
1915.6767590944282
1453.101851193462
1385.5001071317565
1641.771966381921
1575.4340865383663
1426.6667141369737
1201.5222065818461
1147.0047720291961
1103.4549591400753
1039.4930522031943
820.3459534160806
619.2942887421891
514.4419614423354
453.8441392556349
444.3805857782485
547.6944492482532
979.0051420940694
993.1847124620696
1477.59831222858
1837.3304927206796
1881.5615166881198
1822.876913542286
1438.966742173611
963.7209433155112
892.518934074793
1278.7542407133076
1556.2251468873467
1510.029818503143
1534.0574855881134
1616.1851227919562
1614.3257314125885
1881.8899018630632
1382.701067367112
1748.0914046769108
2086.072372762145
1827.5114630550513
1970.5134325780105
1484.1948948466872
1300.9596651543159
1322.584959150652
933.1558519671057
1175.826087261883
1651.426129766793
1687.0531542936958
2039.102082436511
2016.9086867401147
1901.1782278334288
1503.5667536235867
1491.6833619082029
1429.7772173249698
1222.6966277110482
1156.425816092848
988.5964211375893
1030.506058649579
862.4103432189036
1092.2494873296282
1120.6013983038
1192.913526595569
1337.4101794541361
1612.8805172146476
1797.6271695193277
1968.045559808265
2053.5058493077872
2130.3961268534135
2178.6722267354894
2217.944781769643
2275.331800441665
2313.1649617265207
2306.8227522614698
2262.5629413533547
2210.905452738912
2235.2676966466015
2168.676330188809
2245.256889902498
2252.869908085888
2270.9985343990475
2269.9338744409874
2235.748805004923
2217.317403404808
2252.454668895004
2246.155796776003
2295.905236678291
2375.623966983846
2271.70248256395
2277.221075724879
2264.2656234652322
2228.782603865891
2210.2644118786598
1938.2102139083252
2097.4324630363344
2131.433804856171
2151.704819981107
2125.895703679946
2112.02634456016
2094.6502825273524
1824.4951052877475
1219.5922111206817
2041.7687204824872
1786.8332851755792
1831.7930846367192
1853.211166261309
1883.411715433643
1945.8793245137913
2039.8600155424863
2256.5967175181795
2221.549568478723
2298.356203188384
2339.397694081811
2351.9162388367085
2385.42220848537
2593.825604943217
2637.2239242899936
2679.045122421809
2712.626094185543
2800.606735943932
2747.2715349812124
2725.865145957856
2755.862812000098
2725.654545803637
2731.132231594339
2698.019610373483
2613.8360795251538
2253.82849776273
2352.772114297401
2422.7063209829407
2450.303131633681
2372.123269962326
1932.4354531529557
1877.245781974172
1991.4510491765823
2142.488306718846
2172.082301926567
2224.481841463728
2260.0483488674863
2334.418103281315
2370.8882818554816
2330.197268986411
2323.4464910377696
2372.319780786201
2402.9029392616667
2334.759640918987
2316.120688867386
2195.8512999665218
2227.219293946713
2360.698974656802
2252.6803492543445
2292.6364882780567
2381.2964158193035
2394.4444772128472
2509.453054665821
2566.952671548039
2544.144549508333
2617.9144195237986
2675.372915389893
2670.0532785661435
2677.7483482365656
2672.3155731052148
2652.536523377493
2643.005620938345
2614.3227886955415
2590.73114175669
2582.0154859857066
2569.8001911745373
2510.6461275666384
2482.861797127425
2475.144828451854
2478.4433290688503
2479.1147790558257
2448.257330566099
2469.2780601377895
2422.7876535559785
2426.7343485326755
2428.5097446656664
2413.3579298347613
2368.835010151308
2246.739968210427
1797.0143890937454
1485.9927352599334
1213.3575818238571
431.69362609198197
685.5218137985702
1972.5016457109418
2096.9248464839293
2133.2546657670923
2157.8177351460395
2150.330383511305
2139.658612264515
2127.517001842669
2111.9774799495513
2096.901720870984
2086.1492948647947
2012.6219126697958
1928.12917778759
1650.628759108524
1317.6844028054431
1709.0035879819497
1758.319280914357
1774.4025006990735
1651.8254243102967
1139.5156133980258
673.9725934470767
1048.351187342156
1244.595393635382
1155.574095123453
963.6103776480273
914.7364125376993
880.1391687484302
827.9243103459024
1157.1269584235324
1554.0333336398123
1089.916286560368
1748.025475112344
2316.1209830009316
2671.477469798271
2852.235605305111
2945.575765973738
3223.636667123178
3193.7804616891176
3236.0182187813043
3034.9917520897384
2991.7204379062287
3020.2259748086153
3023.3933446940177
3049.6427903355907
3276.589404007885
3329.828860716074
3373.0069389086266
3435.283187082478
3757.7918630484714
3718.467118985331
3741.649963768619
3566.435389829663
3560.756890784341
3567.8473399924437
3624.6379372943884
3894.8985820335433
4009.9391032836725
3979.8858052976643
3968.17225571123
1912.5786790164939
1856.169933916694
1830.4621474600622
1598.3170386890413
1563.9074492352152
1623.0479433785906
1563.0400799286026
1439.107152097888
1279.4748075872094
1141.3412588852327
1120.9846114049583
1101.0749666232368
941.9795898852108
787.611602565144
653.0586060164885
549.810036998735
476.56585716582947
467.7779175544656
414.37480684485496
389.89562995947267
377.76992608466134
661.896300901276
1286.1139657897027
1416.7144894644039
1206.0664498569615
825.356641353514
1034.888448977791
1342.7377758566904
1621.697966966443
1534.695605774864
1408.16174001392
1415.722317449088
1451.9348778292756
1381.2123907849514
1568.0224333486342
1631.0849558048567
2121.377145093894
2014.5911445643699
2343.8607712111975
1862.2628220938166
1276.013010574004
1168.2934747455024
921.4788889253736
1245.1833386419976
2125.830357506885
1693.8746500804837
2334.420681651433
2694.4659379564655
1984.7138328152225
2025.1047517841605
2257.524814835479
2209.8504804386603
1569.0264773571482
1514.3174978721345
1383.9332755054106
978.2336821284773
1136.0579745646505
1143.8137014838342
1147.3462161268685
1109.9183057693815
1231.0458952656952
1339.459559700101
1527.3059787677178
1666.5728916740688
1629.583729908414
1754.182306163483
1965.3686948671857
1927.5774064459738
2029.6473987077443
2131.0293843343093
2121.040123459056
2112.6232457288957
2072.67080657745
2111.3484007659185
2191.704127973726
2196.002343227937
2199.711824361651
2195.819389080054
2210.247549208234
2216.1522537125643
2196.7212281031625
2201.25713040561
2214.7337249977004
2284.0412121636346
2229.2922505054885
2229.036599366592
2214.7387779494106
2200.9835195969554
2149.0693009633064
2144.393347825243
1465.6796363921685
2004.290043568001
2114.9901555653128
2056.3067292679953
2075.6509700367606
2067.486657900327
1991.3943733725605
1877.5426333897099
1746.6939423605115
1763.4001733767732
1858.9761651726478
1832.5796676620396
1781.9900850760878
1808.3793303862365
1862.6366902105567
1945.7345650709567
2025.5111884971031
2031.7026886372616
2079.2541831364165
2148.6025074057993
2175.0742942508546
2407.995465132499
2406.6161639209226
2313.8476967315746
2319.5549458113614
2378.5583739512736
2555.928016197948
2545.259215962998
2495.3613127707085
2490.625164051244
2214.2302165360334
2313.773297658447
2405.1632925473077
2199.582067526469
2431.486203618335
2073.6407630408703
2331.256960448672
2465.9046885686776
2510.1810482549
2097.0116282083004
2100.5802439470563
2209.4688120482683
2311.034943717129
2281.0703605442454
2359.0454009153195
2433.859262138306
2450.738925181208
2400.2151845045387
2368.002428822702
2299.63011014079
2297.5015539503484
2341.0267670347794
2373.0774664460887
2295.359994072414
2250.0963244494124
2272.0256580477603
2385.947716081863
2277.694716882772
2289.3689064602167
2301.417843864637
2387.1348542788837
2522.5213140372684
2562.735472084247
2516.3762932267978
2584.4451345805714
2647.2869866097203
2649.427694576358
2657.986797840312
2653.5400879663675
2644.7080805970922
2603.688692783742
2598.815959520896
2548.5356634622517
2496.3581636031345
2264.6134220163167
2177.987524764408
2466.1201925115492
2456.8096976665397
2467.231230519272
2471.8168564399953
2448.3997613192796
2371.973457222971
1939.9984288557275
2380.308468388209
2412.74470352678
2392.07128045202
2352.7386334644925
2307.7534831192183
1604.858804260084
1208.9178523345372
718.254802488759
353.63311647305284
746.5480805833128
1981.9520162062418
2072.514201251709
2094.4386732785965
2096.2298703110614
2104.871074482745
2110.469592613572
2098.7461598170644
2076.635801075757
2069.3814211961117
2047.7653176012316
1956.1046799285311
1722.2811448419252
993.0867038096538
951.7094112593413
1367.076987560923
1725.6647766797023
1678.2432969218946
1533.6278586819399
1456.656405660173
1381.675194953365
1602.5820419190954
1509.8735262792416
966.4536480941435
965.2535886973935
909.654742982742
544.5504046917615
538.1752689258999
987.3125747150089
760.9273314473218
1160.2426159172057
1824.091093096349
2283.9752916843245
2654.2842375231826
2643.462455257737
2888.538879086637
3081.1491459292424
3178.1080124826167
3052.44682575305
3008.069198708885
3026.0322409646865
3088.893515331607
3119.489481473862
3203.0409396981727
3337.1903896283134
3379.773006260355
3534.992041271607
3611.9384213925173
3841.5466490003646
3801.296493002849
3801.4541260837427
3641.717035940475
3643.2526459804076
3776.3619414918876
3948.8384810516445
3998.7465440317187
3981.28173478794
4052.63967908062
4228.484870010675
2214.1686578423423
1870.4784400306128
1879.3518244260079
1826.7381272459602
1791.9915179963307
1684.9325548182478
1570.6441322081816
1408.3852587727213
1137.7228684570277
1138.4334941455704
1136.542050282454
1162.776672725408
1098.7239183578506
912.3202034024397
811.6078620791027
709.1298254793097
625.9894586516459
567.7065341824784
508.6313936256932
473.2561772011811
446.7191283233523
436.9096624115429
586.5011243169599
915.5772045004761
603.710638647872
811.8205599474312
918.0620158615468
1299.4300010792742
1649.3146889474585
1607.354240632205
1364.3558902648906
1234.9735720209787
1305.765280843306
1219.4549920278223
1929.49998807483
1707.652497400697
2208.3997775546322
2329.5841516831456
2710.3288685945236
2109.6287043249094
1702.353752853636
1164.8964868004523
705.9318401542737
881.1904343337274
1626.600343597987
1312.119536984916
1951.3044778704857
2432.5614976577835
2741.380901610745
2011.3729572116458
2101.0820449035905
2311.7107078920417
2042.2074973373592
1645.1771248474745
1655.800252757479
1667.0207871527869
1656.495539702709
1270.1556644072066
1062.6891004945155
970.2059049070085
659.4896016720616
793.8701081526756
920.8752685244813
1123.9272498565203
1232.478160924883
881.0555101952835
1359.439279662144
1561.31698992485
1626.2588770006698
1852.814696868159
1874.266037896754
1697.4637973958959
1585.7518158184705
1739.0115649908262
1829.4688479405813
2021.3882962296493
2068.5582680072857
2149.6011772310694
2171.873871706953
2151.2238038869655
2106.9610279803273
2152.0415691977946
2162.958051148196
2187.33334175811
2198.1356941873346
2153.067815695988
2141.6841042968076
2152.5175547272524
2126.2796902069003
2106.672573952935
2121.6028318765207
2052.82652309833
2010.0494109825465
1921.9498652247773
1898.727881450611
1901.0465480251983
1872.146847157787
1743.9102015137585
1682.7989713494767
1597.5180954976106
1629.3827072897056
1691.2754655103722
1748.947021740359
1795.4837456712578
1863.485589649049
1926.8202690086032
1970.5284264058396
1955.4253350188626
1947.2334349241594
1993.3527467481533
2036.0936638038825
2055.97235443193
2079.40255884836
2100.4629358620464
2134.663857142746
2194.7942717278306
2274.8014092131525
2238.3768749988662
2164.877497058821
2181.0920447453163
2039.9056734640449
2157.8140999065395
2173.31871443861
2187.1574108088766
2223.0655697611974
2133.327320150491
2298.968784691175
2503.589810702815
2517.9700756131206
2118.482089414672
2236.2671328862125
2450.7962815873393
2351.6224445981666
2423.942342948471
2500.893944228206
2510.4267008255288
2473.4890248149304
2403.968311855481
2323.43506716479
2319.921014730226
2334.125929553395
2367.8796243714546
2345.7952788933703
2319.8316301636805
2321.6828569538857
2324.1415888857537
2363.7543970020197
2382.626879635764
2410.733703675723
2424.640614523609
2521.3459219127994
2537.129586342829
2550.3834144683005
2557.8188217285406
2599.256150128277
2631.01481317432
2640.9011184195515
2646.251165802974
2627.135571879181
2582.9933913818936
2542.6657453746216
2505.475768697488
2415.9612701656556
2325.1365699620164
1382.936507927093
1986.0775303771975
2449.67237095316
2428.470871062794
2449.4573805017617
2429.834224052999
2429.40871767263
2107.432970829259
2334.7402714931527
2395.020852905957
2407.017626033979
2374.3853152669753
2349.171364349665
2296.2524707733805
1198.3217134918486
793.3075735710735
679.2702682250691
346.0199333493481
715.8730229458679
1893.3999328582754
2042.2192280486058
1986.464357912491
2032.1567333970886
2061.073357494496
2065.4577206568642
2050.884197787466
2034.4600729737376
2006.5457972251431
2020.3843864566813
1854.5670984998214
739.1538538578133
285.7983489911821
592.8688368630884
1157.0959255146747
1686.0356626362634
1571.4129250138303
1569.2259541066762
2034.958666032738
2265.9354943625162
2072.99903987333
1769.6144939075962
1326.2403763525379
1100.0862733929707
757.7008985093438
377.6809737174908
766.6293608945718
861.784883738967
987.4062594067104
1184.6518817129106
1690.2390585774872
2231.075823918341
2430.011092078354
2632.4697768744904
2822.942056036529
2996.561425956153
3027.4389373499534
3033.6306772555617
3082.7863994407676
3055.3009104202224
3085.8211765696037
3121.6253284766844
3264.567126176099
3356.8999619538076
3499.165622753073
3675.434761788203
3797.6511491512056
3877.082667199993
3886.7346798590593
3893.3521906187325
3837.138829623955
3911.8714939879665
3984.0664032363684
4128.132836680147
3971.8829037754094
4180.013872980765
4145.913174253556
4313.496881987741
2387.203159670743
2042.2630794663776
1957.180575986956
1908.819326530292
1808.9809014774846
1759.8151414555612
1609.150487173471
1461.4555615173228
1344.672656879957
1112.7802138135187
1099.6635316881793
1091.5497390777557
1141.4403163246893
1094.938514114066
989.8245205072107
891.0475791037395
803.3286697300051
710.4711958883272
641.9800769070506
598.1185432964678
618.2348245289685
609.500063294547
570.735328755796
832.1690125095573
530.7554148283635
660.8950678446894
1030.4461888389433
1366.149217324811
1612.5013453468262
1656.8280227225325
1729.6530404473688
1546.0523637706376
1447.3383431774514
1508.576867387384
1937.3391987341151
1899.2642368774345
2212.614979931495
2489.2249157930155
2850.655957483995
2715.582258782259
2412.752575361328
2385.384458428443
1815.156842232186
717.3118404571892
1175.1114667418515
2338.6181240266924
1448.192160291324
1757.9697754518352
2582.071731510338
1543.458380424115
1466.3777078508958
2101.6617877410185
2341.8943591878588
2114.04545971836
1929.2844832566711
2281.648496390583
2243.940628257582
2099.6336528196366
1749.8327896916976
1662.4949642059896
1093.3571524850502
1058.7354994386205
717.3979581050462
684.1067271182847
830.8552134417728
1029.2996329642945
854.1745551800736
892.942195411858
1292.791932644293
1414.3737993636184
1419.1811436270968
1488.5015053926056
1425.5062303049817
1336.7311334111987
1534.2444838679253
1521.0236592700358
1814.1933610397398
1928.6612026572154
1901.091639940019
2044.1999391586655
1953.4713766522384
2037.7518686668136
2070.440202185348
2063.7966172583297
2135.3670490264803
2058.4929469038466
2068.1128327534493
2034.7876816140863
1922.9857938084795
1983.5646566389955
1906.9006696588463
1870.6129247584474
1860.5928866739062
1721.6561727102528
1720.8784436816459
1303.7707058662384
1649.240895325215
1599.442354111351
1552.8237584865876
1581.7539938383516
1634.5677233961062
1762.147661515737
1839.9371729823501
1876.5629303229573
1914.1823598302487
1929.0239412251813
1929.3401652911598
1913.0944702057116
1893.8088193472272
1874.8522659106538
1904.5246727425135
1907.0747812100728
2030.9270523569562
2065.776895211164
2031.5897965507231
2044.6177517821116
2050.389686417689
2061.8457521335877
2050.394837848236
2056.06220230194
2059.985446848041
2084.5371886703756
1994.292567766342
2132.154505678679
2155.6705685329694
2161.4474311095146
2253.8381556655063
2394.701463102915
2055.8644175987565
2158.9230650133863
2382.485591803838
2457.3777297682336
2448.7331230701866
2514.058027285206
2524.6436594583524
2534.584588117403
2507.9113734918615
2408.7817203531645
2371.7215621181244
2347.525841925217
2411.967762591716
2366.0552296676346
2356.1979778531672
2375.2499185949364
2357.0947644082107
2364.5191778307826
2384.8019544716585
2399.6264094213634
2418.483913990453
2431.1301421881244
2575.907138898691
2597.672771439904
2599.2272425790784
2618.839823548273
2610.738893002157
2614.6249780491958
2606.181365572622
2594.352729677112
2567.2257437888693
2484.246189612567
2051.1670966748848
2377.746324005923
2282.3140213417987
1863.8468436211722
924.0765578932878
2300.3612631283186
2393.338043974354
2425.082098418339
2421.866973586177
2397.9039655058664
2288.2674939383423
2235.3209632916387
2371.994426748396
2398.988682718873
2372.207392399049
2336.125392965347
2285.2305334160637
1958.0878312890209
952.9560939046969
413.4883675042609
507.74400102479086
609.4381035898814
703.5959900733593
1814.6624952858203
1976.6256879410012
1865.6982552927632
1972.336965878445
1981.8396186331881
1994.164295752967
1994.3738571996312
1965.3260417738652
1914.166730729631
1904.4021041494873
1650.2070930080974
467.4449582647526
451.3209879898009
1179.1935773690288
1456.0897741928122
1597.3341809072047
1758.4274628413946
1941.2818593537293
2504.8037584706344
2684.8750418558516
2220.6438383272275
2135.485887062998
1877.0565475847159
1328.008159586782
1100.3861607024376
1161.568836858244
1271.922041067318
1100.0382727537285
1137.5838765545184
1388.7333567022106
1869.3205834714472
2214.386641269429
2429.4768905198416
2616.4826020636483
2765.044994582082
2892.2567944320817
2985.8743968047083
3053.6464854670567
3090.3849507173954
3104.1046196934135
3146.5060167484135
3207.871114569499
3272.6410621130267
3374.9569282667085
3488.9040979100573
3624.6097111778013
3735.8305415769682
3837.5326137465804
3946.3173331587723
3920.3264650441993
3902.149300300718
3943.6870181425847
4178.571288870369
4139.396459785207
4250.8397995840205
4309.550738418606
4310.74794353376
4310.598896217083
2547.6636471224283
2295.8688123140655
2099.5850557555204
2057.951571463128
1919.754319676237
1793.4079602992401
1591.3826891625033
1513.169752276653
1428.8434519851376
1246.2336022000352
1063.4408517182533
1057.7562639582072
1144.6903109974091
1241.7741978630781
1176.7107143970363
1082.0713887109193
1000.9046235255433
907.6249206734176
835.0399433581413
779.6088698419613
1121.786432768617
1023.5023365582358
882.9052149283543
775.8602507317871
880.5262521637161
801.019644829794
1150.6398462414643
1368.9881283745583
1407.7852459960081
1680.1844308036898
1954.6180630246552
1834.0516289953187
1530.3258376337026
1705.8411682267993
1907.1666921735
2162.0389275164753
2176.554106117079
2663.31230019848
2973.126407476717
2991.19273174795
3312.4833561019436
2665.058481829259
2342.8462713328595
1720.6449917872114
1671.4816850328198
2227.7828318360966
2054.204892528915
2074.9426115933416
2392.081206508572
2706.0145050835417
1777.869406173753
1611.934357446491
2297.05851729854
2325.901743087702
2241.577996694434
2161.329814926082
2233.5081039922443
2227.271121548382
2217.451661458464
2176.0853234177457
2133.2501894509455
1793.9463994895443
1189.2055942228978
1103.1292778613936
1040.4369356214497
856.6269142817595
1209.9535209748585
793.8714215057639
861.0617386104029
1165.4560732715026
1256.6470070055163
1134.4048261779517
953.2214449083529
1057.7436494712479
1114.7712553306994
1297.2041122227288
1316.3563407761985
1493.68034523729
1464.9709715717765
1551.8969921262567
1653.9850023780623
1654.3651982678175
1604.6259726911337
1913.6067966134772
1972.1413354046836
1988.8942271602389
1819.896080586751
1783.4450737069571
1709.1639372109541
1769.90049821212
1750.241006395552
1724.8620477573447
1658.7338971779507
1615.4807768916944
1586.5508673071672
1442.9279970836444
1596.9042805038596
1489.8185859946266
1530.3959990244873
1603.8549891266725
1722.7737638122735
1835.9086334915748
1891.8497994244606
1919.7882986966313
1925.222713691913
1919.035089477084
1900.2917454644116
1882.743359581259
1841.4156501269345
1831.4116941620782
1826.7690898556389
1879.8911637269364
2060.9927207090113
2073.8134305858325
2046.530497324609
2087.668472248612
2035.1051762785673
1998.3868995267649
2008.0045011053217
2048.1596471414614
2102.826135432003
2118.794192362323
2057.5659192232665
2086.32383108107
2134.5333193254573
2133.9839583966873
2209.857924448933
2390.8042922744494
2157.793884289036
2168.9251748332317
2396.7189456329306
2471.3052704224247
2527.776290623093
2544.6707357030873
2540.871422033383
2539.018647981922
2517.971837929384
2373.122477505391
2298.5844343865433
2327.366819887433
2321.5683645009594
2318.9943576529527
2321.7147718006636
2325.9324532133046
2350.3678908048923
2364.453698500492
2371.966347408268
2419.5340072950403
2427.9363838245326
2448.9835603329525
2557.4225725394576
2550.13451579351
2570.118368525345
2589.9177604229862
2583.6484432851103
2572.196105831046
2568.7109002498114
2523.8125323502213
2485.8547492583175
2210.041189718095
2150.0444972998057
2326.040220534233
2102.3966331941847
1262.7441701952273
1697.005886749851
2321.884588883532
2369.1760598921346
2403.6081175041545
2414.961773651866
2397.7802509681846
2377.8615531997884
2351.0753678029687
2340.0409370091193
2386.1209790723315
2348.8137415088268
2319.320110317888
2193.055857881683
1460.786518992576
495.38148162656034
478.37812594915084
577.0051671985054
697.7866956003232
855.5713627426121
1700.6715973160003
1769.947503319244
1821.1621621687882
1869.6474611459178
1855.3646567282112
1850.0023221836473
1903.1720333400083
1884.53712347969
1817.9489742718154
1837.6431832152814
1593.4712609860806
547.7194707674014
898.6282090848637
1540.0693924209666
1604.4904846896177
1875.8280549860535
1945.9214302029459
2188.306446980315
2785.073727505977
2691.879351796558
2625.6186659428517
2392.6600918302806
1965.6437708948565
1538.6184688961414
1358.0751449609322
1551.8146293411703
1489.4159648152017
1224.4497712830146
1205.5458635034488
1504.70636515512
1934.3181937345994
2205.5941884630674
2437.9356793293
2599.7177367566364
2778.6188870930237
2917.3141638444217
3013.6502068244686
3114.5065929609464
3184.6439945576476
3197.0531007029454
3254.097583772199
3287.927901075335
3336.496106607607
3394.0320440995597
3516.9168940606432
3646.4187549630633
3716.443215856283
3772.0920290579843
3902.3849986927776
3958.7136233644487
3946.4153562433075
3997.6840593455618
4122.403251516766
4276.611431880529
4284.64250138139
4383.51356842055
4234.587979259555
4417.237113358512
2571.069179510658
2456.0641331065763
2259.5783729983254
2199.8915666625708
2005.1794662848974
1859.4342733414926
1732.953123525745
1619.9357516811867
1472.3764725506853
1317.0030748797153
1169.1449512134966
1094.2684519128325
1059.2642365195204
1000.7581247917445
1338.8266561260934
1293.077014787088
1183.8621680916358
1053.120397600147
1024.9418982888267
1006.2719325100397
1273.3237528075563
1285.295888964994
1167.7416987659353
998.1611077101537
1053.4436312016458
1102.0819778246912
1133.85678487192
1305.8654877152946
1501.283288041705
1648.8341862127122
2062.077961102904
2073.0296760622264
1865.4777483867063
1805.853884199425
1944.4621888045992
2326.5538739659173
2269.6252659447077
2716.3881897966016
3017.798437226769
3111.673116787605
3147.869254781995
2966.1585321470634
2014.6629134126922
2352.409720264426
2313.8384670527134
2021.1389868947892
2152.147913256128
2349.6720823376636
2329.191953316568
2560.4578377465823
2184.6059213261105
1449.1557424807977
1974.7964869147318
2298.484434560583
2254.6526923616893
1895.1571880774936
2165.6576764412316
2234.6960306798273
2198.6557507768503
2191.4002346579864
2177.780552121515
2157.01606478778
1910.2614581209077
1550.8991277575021
1219.3896348019082
1433.1457756357524
1561.842979203428
1534.670289709543
988.5053308441234
720.9293994082855
952.8167762272635
951.1355413812381
953.4280627808524
1013.6175732291929
955.944803827015
770.210059669114
979.4893740349696
1086.340805263107
1271.7973863434534
1197.402254279508
1463.2756137800116
1569.271888796604
1516.4515774392362
1522.4411816421643
1594.2073002040954
1665.7781150897017
1712.7972392309616
1650.058483568876
1632.3645353235224
1625.330338972972
1620.2972445973408
1618.5040989710992
1553.8592035177098
1542.8833273291402
1518.3288521449053
1493.0889360363128
1449.5279583820743
1435.2149673406477
1534.873727449543
1653.1733378170165
1739.2775160516778
1838.988836802893
1910.484094471558
1928.6543235706047
1923.5532452468537
1922.2746999624
1902.1584504563186
1819.4942427946644
1780.926660190923
1739.2825675149752
1759.8147360388948
1834.7445690596926
1962.2193107402209
1988.4130505614312
2008.3953079583546
2013.8217015060075
1980.4906353885387
1960.2476181040847
1975.0328656879217
2054.2622629509037
2097.5090992872942
2098.79983561315
2112.724430704626
2144.0834915794508
2131.2768121820354
2134.2182533088458
2222.7474683505875
2400.5062916279094
2146.43959617986
2161.7393289146494
2490.5589411664423
2456.190762586996
2527.725158492882
2542.977461281172
2541.129755575472
2470.3449838640818
2267.7617612454933
2249.6247840227675
2327.9003448289213
2337.925683750837
2311.6111168283073
2313.958646920393
2297.2437998751197
2330.331218007795
2324.0508000957843
2322.585609435412
2361.677191647958
2418.632714292954
2420.84647675768
2432.895818468381
2502.1807212575404
2517.353425052552
2518.8257852692395
2461.2988264248424
2348.4776246045917
2559.06827064759
2540.664859311352
2436.11513104641
1866.0656609155199
1423.393850704265
2284.7395614757525
2295.143949836307
1797.31628975432
1153.801054663564
2161.3444109363504
2254.901799399091
2290.581633073417
2359.2047088341637
2411.0530431078487
2401.81817960404
2399.8651792897444
2358.2424340069356
2328.5431382540055
2342.2552070166676
2319.7798413719916
2322.1602988573904
2155.845694470495
1346.6996333440034
353.2505863287488
491.6494427989002
640.6125115195238
766.4911745458664
997.3631778486697
1217.5996398189807
1639.7138921327248
1742.7596548555439
1563.377615587343
1575.7806249279738
1597.1679268566045
1590.5257123214285
1608.1118841603313
1781.2233767818375
1761.7871744187755
1304.1255581299047
802.6048685374051
1397.185774454807
1697.4678484919064
1840.9541048718252
2065.7455783879122
2129.9762631820163
2157.127817551319
2924.8835078558054
2823.346948613663
2851.9703248040255
2574.9060582395064
2071.071772357499
1978.630553365233
2127.137566494503
2017.9169791338668
1501.0656297131666
1152.3260939777344
1154.241476660086
1514.0781472030417
2036.8024029045891
2380.052558275834
2523.5732221443445
2645.876610751126
2808.5235903309745
2931.8937904396766
3011.214666514163
3037.1112743203585
3113.258875605125
3263.2702788139054
3279.930244314974
3320.4648321756035
3369.892248510679
3414.530965084123
3480.528649147759
3541.663361478905
3579.9883867945923
3833.999043195393
3878.2073662995963
3951.969708147464
3876.277207823881
4044.883470621364
4093.152033892194
4197.7883608798475
4345.312443192833
4256.7391991278255
4248.9960124116615
4399.858223159476
2647.116238045155
2619.6953349323635
2520.6023827343984
2366.0527786072093
2112.1296543427125
1994.6826120558433
1856.9825356438714
1760.6375675054512
1655.7954037190864
1400.278272909062
1257.044484564546
1128.7335735579397
1099.1258139404326
972.4926889705382
1023.5463224148446
1304.632574066842
1322.8884323691627
1242.9926427018856
1140.2615014385833
1116.387919621373
1360.8736089529125
1516.7726796734296
1483.3602464940077
1247.2168153143614
1240.3576917958167
1373.608222413402
1182.7075450721645
977.9178344800583
1635.6699748456656
1754.3940344594696
1929.1352834445242
2213.907847256694
2037.1536377323487
2011.5390160533093
2145.7569547180683
2525.1918746597657
2334.4952148805696
2789.1945140324697
3167.1617528427005
3255.599485006323
3390.1006487803634
3133.7046903035593
2549.6887083556458
2833.5940916267923
2185.5986894370444
2109.338534960701
2267.7173313086455
2687.9484962451056
2676.932444769205
2562.814322065525
2172.2935435143586
1559.7911127906957
1712.8146396850925
2126.8571017161253
2026.90508141484
1989.2570748747683
1703.895982777549
2189.7648280138237
2179.5202766764896
2176.8220018077986
2175.6749225039575
2153.720226124365
2130.8198534114435
2061.0950215992043
1382.2423801584541
1296.6135222513567
1666.3465986017632
1605.7487074478452
1256.7727774563707
622.4176621940729
500.35111282290495
345.60401757503314
500.2160404872549
649.3628290649931
605.1161677502764
758.929846350373
1139.0171966961998
1145.4819876993083
1066.5981879860444
1089.353404393163
1194.6717694767556
1325.4404265277988
1347.8351921523836
1405.5790895400999
1462.5594176525458
1564.6116562096718
1572.26625549037
1599.3876158433295
1562.3330501510118
1549.040400173219
1533.3030366866453
1524.5828612514347
1500.8460301189325
1477.5948507826947
1473.4561699159842
1426.6605704530468
1419.5373195500129
1492.1398539553936
1525.0053114708646
1539.719513032719
1607.2230207610012
1694.996971980174
1804.0258305107866
1846.4530340680583
1892.6722987255368
1862.2370696216321
1805.0165660868377
1744.899110606021
1729.0639180926737
1645.1610484830846
1641.6823705087704
1634.5716580197452
1609.8601123994877
1801.8309793134342
1921.8118993520186
1917.5930425523334
1937.6013981440767
1910.0440548942897
1952.3895602567566
2082.2697072664228
2125.972721600035
2152.015930171828
2188.515520697449
2164.7150847529283
2147.8469431083245
2146.5251346830914
2209.733913183951
2410.1447312525024
2169.4032769560545
2329.309039217592
2455.578771950406
2445.9426294066493
2527.2107517506897
2537.4672747257905
2266.7751889973533
2164.4393354309495
2184.790019488153
2319.0822282259273
2302.541166292952
2316.611578070987
2289.9065394145982
2292.2005036020246
2289.9399704783937
2302.3520099851307
2301.007772818213
2334.3659881470426
2356.443214109562
2399.633506519131
2434.093007034131
2422.5953256233825
2393.059662168319
2422.0858921649956
2104.345191343879
2128.987785273908
2437.902375286586
2539.6674465631136
2456.4731702361933
1962.9158385081623
1427.7600482555733
2184.7763384617024
2327.0867173624497
2220.908599116355
1255.8029065595188
1462.3248805222029
2198.791993413879
2255.6799206783435
2341.0259321769195
2368.6333018529144
2382.532543364453
2375.8436658142045
2359.8743796652334
2326.7682986273767
2294.8128294995727
2310.445461217039
2293.0392968380843
2266.048201208025
2079.2787166204366
1253.0950377194815
473.723284813333
586.1554214607401
711.8626907584055
853.2474210011227
1101.7037883961916
1374.4711310246223
1502.2407935347435
1291.5357751617069
1247.1008479229865
1321.8325832542291
1335.9089820292995
1497.2012024737421
1564.4260527462707
1698.8316088589045
1705.9198424335225
1227.7887035666447
1604.3663786279747
1805.711626365212
2020.6070648275434
2258.553918278989
2447.8878919634
2322.3059495256857
2545.27149904259
2925.694273602439
2882.327360527834
2869.8587070057856
2679.089107865859
2580.060770289587
2545.3649544495115
2295.7405705273172
1747.2925678022941
1298.0672898602268
984.1914284757968
1514.00017570514
1898.1623631605448
2203.4293787715496
2369.3783665149745
2584.551885596638
2713.0636880155457
2806.8527003762774
2872.780092121249
2955.5418230432515
2978.7076587125957
3017.2385754063903
3305.3586496290513
3356.9825073802167
3385.80792483797
3408.2061052664562
3481.195601850471
3538.914615777664
3545.2540854092913
3530.748498266748
3574.380533474149
3858.9303471394933
3945.53474308776
3840.6276864900137
3931.5321639404424
4115.382707241455
4221.757457204513
4290.158541986612
4155.895395035397
4229.326275106297
4261.2420120695
2663.3224727110623
2654.9984729999323
2607.8634203075103
2530.919438457783
2419.5356679618353
2113.8939301397363
2072.161918134568
2006.9046386718744
1952.64417295147
1712.000278920073
1381.9944299429835
1211.1996842806993
1025.646058286105
887.4395890951348
908.8418565251109
1222.7466843711481
1337.2071027072147
1298.7190563126264
1168.6971229545557
1196.6125825184379
1293.2806194739812
1638.3265430428942
1661.9251738878593
1577.6474151450143
1482.6826009054712
1579.5305724840964
1486.094651348296
1238.645211444223
1699.0836176403247
1828.0257944137502
1975.5726022904316
2288.3450360149586
2201.724604443145
2130.0257685297875
2268.76826893787
2295.078549369196
2704.307717183153
2753.0528397826056
3274.427520438412
3365.3992514186275
3503.9893427090133
3388.8845092992974
2738.087533251591
2388.549349206157
2298.616946808004
2496.625395918886
2574.1757191058014
2506.764607865885
2815.6717504315097
2624.0715453003995
2180.518926206466
2306.3636615351506
2168.006831847555
2197.991575776909
1997.5534642376601
1927.2465819465097
1579.9875072245036
2012.6160820981718
2166.7303989940456
2155.0745169347847
2140.8849438481675
2186.2657708418546
2055.8475278274327
2082.405881544116
1960.4351040872964
1816.917554211061
1629.8582938620834
1734.7990476740276
1700.1756557034576
1615.668127269512
1413.3915839517815
913.3974389363281
679.0458060629231
1363.6041017208454
1570.3099575670315
1516.3320687453302
1405.2366994151164
1188.8789309688811
1112.4080687321193
992.5747907608567
1002.772259342118
1151.8194467241944
1215.48258199831
1295.152293777996
1375.8226849616588
1437.7914730021116
1538.6971106553026
1549.1453408245195
1561.5469654680824
1560.730933985914
1545.4536385558386
1514.798000863074
1482.69798177574
1475.7043236083412
1462.396848390364
1428.8268979599857
1379.9935039788522
1333.1544034688482
1276.8932524460586
1430.2813180336207
1477.5914087330978
1571.9588548747777
1681.783069330134
1756.4982909780447
1779.8485777380993
1781.5213133260022
1736.0011113720652
1682.953524849739
1615.0339890781654
1347.7732007243128
947.9609992521692
1058.1319443752948
1346.832368291851
1549.1138843305798
1686.8826799867466
1813.453488360166
1826.9224835354428
1860.0360637578972
1913.645707018606
2038.3291108058054
2061.7545462399976
2120.3596918910707
2207.681801088383
2206.998682429335
2164.373208402794
2147.4566250809385
2403.5209540801834
2400.026464196717
2127.332643287186
2378.1509189742496
2503.723470537686
2519.148911455379
2523.8463829637158
2512.0866169261285
2275.086804688643
2311.1303251814998
2294.2308074524212
2260.846960785208
2195.886775191622
2203.4773443864806
2214.4436197956043
2240.204281383998
2254.337041474614
2295.866480894422
2321.677305841843
2336.083201627625
2404.8317443016913
2448.748690967981
2417.006589791151
2320.4393840749663
2257.1172363862556
1880.4591510015034
1593.438765185895
2378.0026429137984
2521.5291707129827
2526.0084511703967
2418.849146463587
1963.4318692959673
2155.561693037623
2288.379054123121
2269.617431532158
2177.4088349046892
1549.7590571603996
1430.0185982135695
2236.3223292865814
2317.0444008381055
2345.0374393189936
2361.0473276339094
2351.4956673036236
2333.326274611777
2310.7316552849506
2266.1165830419054
2250.1813268018473
2270.2249879062656
2232.2333050594953
2138.273927613153
1540.5431390526721
775.3424859920589
394.99457362938955
597.9863346339009
715.5635452396159
879.1872740906391
1072.2581000902146
1145.307901859748
1076.2787277877972
1073.131438989054
1104.565907327637
1185.926594892969
1285.2217829744397
1366.0984299143872
1512.5419648860652
1612.2652263025468
1629.7206094597082
1572.9065409014224
1842.5616296079072
2280.450737306452
2476.912252612721
2589.722131680826
2632.1156226499447
2913.3806428776634
2927.778178443788
2878.6003467864243
2819.066008180033
2761.2328232253067
2642.987933388331
2487.9761177609325
2465.6290757085376
1984.4619224148005
1530.0008203372274
1229.8457451175038
1307.424115409518
1731.7331453117486
2057.852842626138
2234.165460919201
2446.6418973860573
2608.289645086515
2751.758134376404
2843.9971590564005
2917.5574160770248
2944.347460499746
2912.3290539746667
2942.354072903917
3198.98461321908
3378.4141622134484
3415.1702027097604
3457.0829142912016
3499.3566803055483
3562.7004732369624
3618.2220657655253
3657.8904383966565
3603.9436247023805
3427.8528401685935
3899.645397717307
3913.071171783892
3745.4770023316646
3727.4710583956576
4171.6671136724535
4104.342161649939
4140.962927757789
4200.091842892188
4210.086828889566
2645.9246880776764
2645.118237303245
2633.691700967417
2623.0559242184404
2564.5311868782437
2312.805490931963
2101.45290970291
2105.4981356660483
2074.1020454003974
2029.1750979311532
1816.6340539130192
1333.8308021362784
1160.3818292882352
993.609428843881
999.0408436916764
1186.630214454719
1317.5322923697913
1324.1304978277249
1282.8408677185027
1268.5990778438793
1296.6899021378874
1616.2909661284557
1667.2567023113572
1663.389219930181
1707.2295189254357
1703.0885785867197
1556.807819546752
1444.0224526470301
1553.3980216375028
1878.8344022941724
2024.988178151754
2237.170753420875
2311.2041765642407
2270.578833441973
2323.8641015740677
2504.985270396663
2811.6608100000794
2836.00000000002
2791.4452917683384
2693.689639567867
2490.8290908041713
2163.0420551716907
2004.1733668307666
2215.429922697995
2474.3820375494706
2465.6879619421143
2485.50494782315
2677.8301963962604
2779.2568000295655
2700.6387966087746
2351.4613955519567
2339.3174071701615
1959.5642831470384
2133.6684808312184
1829.4066288065478
1795.942318716017
1390.6223518476936
1794.8232008230473
1813.1906677703557
2060.618465168534
1953.056446074625
2133.3979304378504
1919.936972577043
1950.6877619353072
1940.2856951157532
1870.2209555697916
1813.4205383933568
1818.212459732528
1792.664709416517
1757.287419817386
1693.74113564033
1686.2622394835898
1198.0747449125133
1630.584852260443
1698.7373484773643
1682.4178368265461
1649.713689062174
1589.9852539350602
1424.6413340898112
1433.0421071720605
1006.0985490024462
1070.4657667844012
1111.4068455568463
1162.7406653703429
1277.1351432383349
1378.4239203438804
1424.2640047765783
1487.6020022635262
1532.3407154773547
1565.9790311073657
1559.3122755209658
1507.6087175050989
1488.3699152199117
1479.1840275073857
1449.7802863595218
1424.68776853781
1362.704357792374
1221.593754773589
1242.2246813577658
1336.2993756754643
1381.393984964031
1426.2190873959048
1533.4896386497242
1675.735676533173
1723.2628580693042
1668.3514231712738
1673.0408705985697
1588.5024858024829
1504.4309130841668
727.5352574368135
507.6091299691877
538.1580898204656
664.5228903319706
749.5692662245259
1221.887532707058
1673.8423200823606
1748.9076644841057
1787.7477208896082
1901.0417164712894
2010.29855188247
2047.06
2148.3700082454016
2181.9389827657365
2213.343796284348
2225.0070864955683
2391.8025839160873
2396.822479117184
2050.391399813214
2327.795912420902
2497.9985695733217
2527.165580020582
2520.8663596528086
2491.2416451377894
2384.3341075366466
2245.845974940624
2287.0791212436166
2183.520936054958
2152.8589626749263
2144.309236616268
2124.3504875663216
2193.76054780657
2221.030603647265
2251.3082468135663
2282.272195792149
2335.234044958183
2371.385763298268
2406.075646527487
2381.0712243824655
2300.143674622738
2324.0553653413704
2217.0077528633133
1229.39018632101
2312.7162381478606
2401.380425233898
2474.6041180840916
2445.3860858856033
2403.380709605087
2314.74241682873
2281.346224106227
2262.2642849066583
2176.861783288112
1675.9598291805548
1046.513545039366
2019.8813326942445
2217.993531002539
2296.0767548184217
2315.4344311049485
2310.3749894026014
2279.250327984323
2226.215271836678
2180.538133122076
2173.463027273058
2131.027914752498
2209.9914891774743
2202.0141574603117
1827.731014333224
1225.589915625195
416.92919312993473
265.39252712580287
675.0569604680425
729.6348919619472
814.6476366531252
946.2146060344047
847.0114216563899
804.8835709173561
752.945248348701
966.2041836661905
1071.2463843890876
1210.4757784272772
1250.5531210261179
1415.5402343910414
1488.3030293850534
1507.6185187942608
1526.128315102026
1567.8314356269925
2214.421489088262
2624.41416755909
2682.30204501787
2865.894839598858
2918.657422889404
2894.3120018122727
2736.104706128664
2630.251737655581
2564.3396307707158
2251.763891095712
2276.1371682509534
2103.9105355185784
1778.5984573324006
1538.3576979082331
1327.9592626967367
1667.3243759632855
1969.7000408751132
2282.676262382897
2484.313498511407
2644.3608357902704
2774.761171539425
2929.758422020956
3002.6352213456335
2999.909828905441
3081.030445180871
3085.1193255202775
3294.2682887924393
3314.865019370799
3347.614458726624
3437.286815540312
3466.247820911748
3516.4319886814187
3556.7167859597894
3632.8494938308795
3700.5446892746845
3587.89367413297
3474.6129806244344
3927.389522018516
3928.518194786533
3238.6736286911073
3583.895616654831
4068.5215841664112
4057.0445009194395
4140.7687761455345
4185.577398920902
4190.49076150442
2648.817326483778
2621.9221293969995
2613.285018406959
2642.569370734556
2632.593123138385
2563.583283394241
2310.8120661229646
2235.9230673283337
2150.148245442844
2042.1104696769933
1940.544530810599
1681.7058152013155
1430.1898548346244
1371.7939108718228
1270.1027784187522
1321.4502936930946
1370.2161291655868
1404.273860470355
1313.9720131465117
1295.4798392155024
1319.834124914634
1547.074220654308
1708.6188795289954
1730.7800169067473
1727.4685162835087
1731.6103170360554
1623.51428386082
1577.7200132539829
1217.8362958736545
1875.5726302955904
1994.032158584573
2011.992381861819
2394.5337584536405
2387.5715509802903
2337.9509064257413
2472.147400816449
2606.8815234415442
2728.8362950806777
2042.1871907395123
1369.1464885165644
1174.5087608060157
1081.1780795312113
1395.4513662799152
1937.5936257653466
2110.135599615117
2290.2078830923906
2258.461525632422
2575.5112441967217
2296.683918151476
2624.7267265716223
2312.739607151787
2493.170594036186
1983.1022368162267
1801.404567641797
1970.5099446388876
1719.4989344397602
1742.2660505430563
1794.5314384452322
1875.1139615468444
1910.1354311023435
1943.2875936243477
2117.0181170732753
2072.822944485496
1780.4206919926867
1834.0071422072654
1801.0390889466828
1821.2622177483993
1803.756821423327
1840.4446050410631
1818.312509878156
1794.824859031025
1784.8727367179713
1804.2687687725684
1791.1373059077441
1745.8800793267148
1722.9268826761227
1712.439397173621
1690.40431841169
1637.7485169938489
1550.9232344231812
1139.0720685209315
1007.4179757681729
1037.6878327541235
987.0211196058083
1065.0651592299196
1171.0409212347852
1193.8255538606065
1418.870689090633
1496.9574197671982
1570.1509771725653
1550.468798139557
1465.332146079307
1460.041332564866
1479.5576945922826
1448.9376123471695
1385.1640401698653
1374.8178139800048
1114.3571493067086
993.4458260606813
1174.632051090173
1093.3068943005835
1125.2133465368454
1442.287384815047
1622.9299628796505
1610.6387244648802
1571.801684508103
1601.7184128062377
1476.8538236623735
1289.4752248668156
586.8442461032273
403.85157579227285
412.1942226612256
537.7734935023582
706.8849884454547
1249.2743876758968
1600.8589243343367
1660.2311388751748
1768.9035091335102
1861.4454932433894
1975.7530739115373
2054.9738396082003
2192.2295015032723
2217.74595590032
2284.3715427236093
2355.515219120138
2390.294628097638
2384.611372275518
2132.7339160179417
2022.3667960655307
2424.3047446395376
2520.0795777387384
2519.5043184121946
2418.9511072519804
2320.157089516919
2234.864719270463
2322.374503598377
2184.544969993392
2165.382191668556
2131.1817749671254
2129.202005215227
2125.1235574373127
2148.5646432104504
2224.8416362286753
2293.5925491814246
2330.7143792467336
2341.8708454458642
2348.3344017521686
2335.9731206026063
2291.610925606888
2336.7527378959926
1995.924696178391
2043.2968378431615
2326.0810443535265
2432.3368328651754
2449.539931340405
2413.6253850111007
2340.7723836619903
2309.739243621753
2266.4030546342324
2188.17520337655
2023.4404258957682
1071.5988938518788
1926.2319200322754
2062.8124330815654
2149.606371244065
2197.7476949233182
2233.585697035768
2208.2640571592106
2169.024227594655
2094.6848687879974
2122.0121816020787
2097.7059075279817
2035.3254246085053
2025.904037647329
1633.1761000007675
1129.8407857283994
946.5060500394555
262.97279435341943
617.8673386287963
607.3882340956425
650.0427085295646
756.7985272583117
774.1474986934691
562.3047622973036
434.875806202159
357.50005698459216
723.099016140024
926.5581675617965
1050.025674088886
1088.7710012356401
1249.3341760064397
1321.0005036179052
1359.1917349425714
1217.3288807733284
1327.0612887112527
2418.044799717394
2672.0679286470763
2823.449340833572
2895.4348084600874
2907.1262123029
2824.7085169605107
2628.568837777895
2418.8027055352195
2205.0459097283315
1913.3255712651164
2076.3320594608467
1991.1127669225086
1728.8668574497933
1640.2545915303967
1735.8265721252806
1971.5231583905904
2151.5747242203647
2332.789969442318
2525.288098097601
2739.3812333707183
2845.98674898675
2986.816085331597
3079.2800166465017
3142.033065386813
3181.684295504941
3226.5026764107633
3334.7448289788003
3361.1886037452514
3376.274707034346
3389.7780791785904
3448.2569841730906
3460.6128194247294
3363.5650449863415
3561.543340506655
3618.224211912092
3828.881584265088
3794.2764776970926
3935.5588314401557
3944.6620752966505
3947.2950060765556
3969.320607045199
4055.6375285613617
4069.375882237614
4071.4276326120757
4195.240970838576
4179.847557935713
2644.829358001357
2630.720461597989
2625.4744937238665
2620.449747964743
2622.414860679799
2596.365380753113
2592.0878589852446
2306.270343806932
2176.1017824060586
2149.0606134381264
1975.69875750614
1843.1582662339326
1710.0273163773766
1613.7613938725813
1529.7976911552603
1434.8419235494514
1417.2696654802041
1337.321426062633
1073.1386410048272
1328.1229598356106
1323.4819453822881
1558.232553523833
1713.6739762632506
1733.7261861369295
1749.3430626166587
1741.7650583296384
1678.5188953738702
1480.764674670197
855.7137452620706
1755.7559880390759
2045.520899528056
2165.1394488125625
2405.8322425266265
2435.805633313909
2392.322851592383
2223.4535211316265
2096.1250107353035
1778.0022243396904
1429.0548862545104
1496.0182527859129
1402.891520676659
1445.9764399014748
1709.3907515525996
1950.735896739813
1987.2495821461753
2004.777584195133
1418.2858885655198
1438.484504367397
2013.5474931570352
2038.168667979953
1841.2946051453425
1741.633206536723
1777.599131106831
1695.3218374495582
1886.9825383754646
1836.6625008038454
1715.7808536450668
1763.1731481788336
1795.5497124537685
1657.120527492651
1846.567185610048
1883.2637914420811
1975.7766175010813
1658.5046647721067
1755.7716322203337
1678.5018268021656
1688.6651446341043
1718.1976257538981
1766.6454162283947
1816.284515339711
1796.86855439966
1817.935385001144
1768.236045025711
1655.8547462213094
1763.9720256369872
1718.029914036152
1590.9917157211064
1731.5440184122456
1599.434423442393
1630.1206998143482
1172.038758908762
1159.5112079326054
986.7067053707583
923.4633054216764
1079.9455477348893
1035.0152277283566
1061.3946283994876
1048.7029452803672
1352.6556481859232
1454.7700636741083
1476.824909849417
1411.2127386918737
1413.164364474848
1411.2312129738061
1395.7409961022056
1382.8687215552236
1275.5256998896348
1339.9402920309828
1012.7141293084743
660.6344458493207
890.9875542291958
963.5307407777325
1041.8214459988355
1202.1072633628216
1424.3320323707003
1406.4245139585062
1386.4270008926023
986.6606755325546
575.2069880756526
431.9283082601374
303.546200835069
340.61220929918426
491.8044076998232
700.9144922453767
1084.2924907875981
1505.2520475574374
1674.3612948011125
1741.1294185659865
1848.688592390529
1977.5086047465122
2166.713682399856
2157.299292693086
2166.038592252438
2309.031858943962
2300.68745732473
2322.6212990835566
2272.074496140591
2124.747214445622
2486.337473999394
2466.4569167697236
2487.795038641741
2429.9024649418743
2235.8693940451176
2253.3075477923535
2287.0185096188757
2145.219484697707
2118.067628306445
2024.639664982598
2036.4339288749702
2006.1520501590362
2057.5077150656193
2139.1902645309647
2258.5585685288947
2279.8115513866805
2313.8560349064287
2292.9332962986755
2283.9922545712207
2193.4874314618273
2291.0125092757953
2257.353639854623
2350.0663642996083
2366.872051045187
2395.3290684212543
2424.7043108927837
2422.262676777406
2400.161077017536
2340.9589453474123
2289.4815200685525
2243.1777828736745
2206.1817116286247
1964.7496351471304
2093.21998614091
1987.5167279470404
2048.4478758283253
2088.5974538690875
2085.080728199376
2092.000793949816
2069.2858636587816
2024.644250264146
1976.9084189423909
1938.8712380587228
1941.8898769176149
1877.8383386809217
1749.8691260777864
1562.3105944351216
1363.1663527942208
1056.0788932674373
522.187830419646
661.5869093442845
601.2914107830707
591.2185037125824
440.71400410684174
544.9957358702562
386.6151596294945
307.44491935553054
334.1447450324001
449.7588451829497
378.4041613115491
542.9921778099574
802.967050364052
977.6720311979575
1062.0079492888738
1049.8323740192313
784.4369725159833
1727.8458884657489
2232.1532311527185
2536.973731488048
2795.909812434868
2829.1597656985564
2781.4563934078283
2381.0648716054397
2380.2438490215013
2107.457802097971
1810.0067508981267
2114.7413988408734
2006.101540532319
1870.2067681791664
1831.2219337307868
1903.3102504929268
2144.650456421805
2265.4678083190174
2400.422001620686
2485.442663707698
2634.3132483904096
2764.285070602031
2876.057193216251
3024.3672233305733
3108.9465154024383
3166.311002939483
3217.5049373619754
3267.3278358094453
3346.1206534326193
3356.7160749497784
3376.8553393052753
3399.4815860921317
3418.6423041240055
3400.332446360347
3347.4124882092838
3602.8934544319245
3730.844055520424
3855.192953574767
3891.566285580005
3936.777430912768
3971.2957623123953
3996.999545999998
4025.478224645723
4047.9065956296786
4068.2611131797503
4114.443458384356
4160.474469194543
4061.6361049827187
2617.661345673593
2609.4886761661573
2598.5282076012536
2462.582397423154
2461.8103035847544
2542.395311871722
2555.0638206275817
2501.8302859961072
2378.153074182612
2241.279569128168
2162.8846782963856
2171.8811277486056
2051.695369361845
1868.4288365479981
1723.07936586822
1648.739955266784
1467.498311753955
1413.1123104904084
1385.8477496967723
1358.3053604254471
1342.403612733748
1470.5582582702427
1685.9500815716585
1756.7512913647042
1743.701538190796
1733.0659013607599
1705.0055578240228
1245.1766715930462
1253.1018889755487
1627.2844864684832
2068.538494303479
2157.851915102934
2339.7413982629473
2387.3632521164236
2323.8639760689034
2093.314037446521
1450.9962495533198
1548.6070303569334
1536.335029851416
1446.4258825155473
1406.5166563195953
1075.335172543359
1259.6263943134347
1705.3567624530442
1933.9046515064058
1918.290729247468
1562.4105543365192
1271.2261255154854
1428.4500272007197
1434.2796683503868
1434.9152094505732
1726.6648665654534
1489.3361772131175
1506.5840307859805
1666.3458647558014
1794.8855650313753
1526.7031010937021
1552.318055309119
1680.6430198025803
1570.0440812417976
1585.0704172492271
1426.9170111119213
1746.9820539609382
1349.831858360543
1588.447594936986
1571.9129425922076
1434.965089041208
1539.1125436659115
1174.5709120376532
1706.3655609360228
1744.040271128957
1732.1396977071902
922.8989942294816
980.115896532858
1662.679456992886
1894.6032812988262
1510.1825938886473
1813.8455676425165
1517.021895938746
1666.493584742526
1544.2489572495022
1278.7258501604597
941.7935597380712
905.5956645630122
931.4456553981537
1241.4562844708387
1177.2269595245887
1137.9017897306494
1195.382073906306
1310.116528986402
1383.5365776947547
1373.961237739737
1152.579047288345
1159.4320609178742
1324.2507430581325
1285.914125107406
1277.243477526324
1194.8892977599332
1146.5855000896113
923.1692769226372
884.1185618435144
906.5086468954291
973.5025784859926
1110.868100183875
1086.1181398152614
1149.2618079651827
812.6158723281588
527.6122997467496
522.3427780622255
377.0550984277543
290.3417151622625
403.8221609861106
567.9809919018991
805.2930958602494
1296.1888257684213
1606.30072453749
1642.07265479863
1744.0492492909118
1856.5753776341464
1965.6573371179927
2157.6034760734233
2192.4372146030905
2075.4639037646375
2247.7535823393473
2398.8933226932404
2379.5164060778834
2446.679496029068
2502.148128537651
2527.1721406996185
2466.46209481347
2488.1006718415338
2293.354012442573
2199.598582333573
2080.1629840301744
1986.149140453098
1983.562081603524
1941.4212719966315
1911.7121672565304
1944.7937993867652
1965.6718392778325
2012.8516604759727
2099.3729177434316
2184.24814289724
2258.9348468476805
2299.368724924717
2304.599654039926
2292.6692440537904
2274.6458991552977
2305.851405510126
2335.2159650052245
2347.750940080986
2357.090496456837
2391.1090628948864
2399.832029398293
2403.3698223839397
2358.6530515404593
2323.394436962297
2273.0036025785284
2191.0105594722218
2113.554191598462
2063.2610868968577
2013.8069629597396
2003.8262620629223
1999.2624380423845
2011.7116159347172
1974.218659541779
1951.5805112960654
1906.9019999987286
1859.856848471088
1254.0806396149023
1117.9909513390935
1302.3634388085961
1537.8240866456247
1476.569512156237
1431.2816858462936
1365.4291960742266
789.0346733022819
807.19838816018
886.9210716533258
593.3575178601408
406.3279316088743
311.1618349968161
280.4170511452388
317.9960868799138
115.56440356080304
47.2899173013824
29.10151719432398
6.347199212950871
111.33952361737293
231.72542256004564
277.46663560671794
600.6477520632911
329.31947221344734
480.0571440929455
1195.2270632795867
1759.661209152045
2204.4019304703143
2447.0941315839414
2369.489360643935
2169.3511467210287
2111.4844355261844
2011.708812477721
1423.2446150982448
1829.9800160652005
2058.209588627609
1950.1225651976208
1990.5918539360139
2142.5634813129527
2248.5982111569465
2364.702613425149
2488.176591329127
2580.512666073259
2577.581695090212
2751.268190540765
2775.762540277067
2940.8746519959805
3052.772891153825
3130.26363741092
3192.0220636582535
3222.2715762354974
3283.944081664818
3354.7757705778054
3380.479516340018
3398.504508960734
3412.6920400397057
3386.731451433592
3413.2913761654404
3343.461204746637
3642.152111337233
3668.9549693720287
3861.322322107062
3895.292683422679
3945.9057910942097
3971.7920422193733
3996.4930380242226
4022.6902148462145
4051.5463029549833
4066.1339844441936
4073.4848364831378
4017.0737475294186
4087.6208609918267
2619.3885561880716
2607.3301759323977
2596.54567299963
2511.1800567896403
2514.140908640824
2446.542730096028
2486.7640770230623
2456.965747637227
2407.9107892232005
2382.5394292486153
2392.0425286143736
2245.103320760524
2258.004794394416
2020.6178176126516
1898.3825718665057
1793.8241257786153
1664.5333778251108
1490.785172304959
1436.2821115251782
1383.6411226641728
1330.242709389865
1477.9844093644801
1689.7736146983232
1768.2973563474818
1755.7291058494877
1733.5504498873524
1740.0770415939323
1244.9683902527502
1449.1356627404416
1271.3505501179934
2097.777142623112
2154.4214661056594
2338.082960551932
2314.6266770880516
2349.073709721133
1648.8164397565577
1577.1746246451794
1564.1939658410802
1514.1933865882188
1344.3971164282646
1222.392787795675
1010.0928551950722
1464.9263332456167
1755.74901325542
1413.73868791381
1878.6684824456856
1443.5934641974675
1636.5936012220127
1679.2874387118052
1519.787480514126
1513.1023691917753
1667.4299637474505
1546.7469694916688
1381.3982211045238
1292.6534682118472
1626.488347551444
1542.9676904122623
1433.2306971306841
1395.8929836940176
1512.6788789862085
1372.4903647496426
978.2605324291401
1598.4681954014386
1032.87181105659
1326.9564861890883
1640.4357877958244
1174.9911735903668
1130.9544848812857
1078.0218992367713
1055.1713147543726
1455.165161146536
1526.8387161355497
824.1956209056636
950.2696037112767
1415.153658584342
1907.3659806958474
1952.272551259976
1944.74715035265
1928.636647115215
1938.1935614084023
1619.3257341493058
1621.149836063323
1471.6490454248312
1041.9674691774098
916.6765284226408
1156.5584902667579
1295.785550021355
1091.5740648100837
985.4726165443655
1197.4432201377372
1247.0494767737632
1263.8168797822273
845.4997244431936
792.8947557909142
1216.7256470957498
1142.2116108711039
1159.375009982014
1071.2886479279557
1012.3193456951176
922.0018975088467
853.5824329603743
871.3571110444818
929.0727031854318
984.0895334035201
960.3059962519392
757.3858932334441
491.0035081282536
472.3472336388598
408.54890603324094
276.28052518656676
341.8071472071029
470.4226598873135
636.0975459908736
1246.809043040376
1521.0338837660688
1576.624119796969
1635.317000139792
1711.1065031103099
1828.7656408009134
2193.778597042198
2213.300000959982
2338.3743841579053
2348.958983408978
2209.9166267076894
2445.5315212472765
2499.3049749487886
2495.9908529989966
2490.205089637802
2479.017002351016
2438.719821119915
2381.7995711402145
2249.62388457337
2183.3952086279246
2056.045200517746
1839.9570531095756
1836.1325043234524
1914.4966120918589
1871.2906820020244
1882.584097311026
1945.6526120868032
1997.215985222725
2105.331572112655
2165.9364893718853
2217.170980198888
2278.761351422563
2281.4703624458216
2306.0585011794756
2298.9203960965565
2316.516028701927
2316.069621195949
2338.367892224043
2376.685299201917
2391.4092634933695
2382.3367022930415
2382.9419768379285
2334.1979800237855
2300.886679429813
2254.2957141253964
2203.840749026537
2121.780081738658
2039.1644715225227
1999.6748596846073
1980.7534339301412
1929.6954032263718
1910.1328886601257
1769.6052210587527
1761.4957555435167
1777.5951762464094
1133.9439673161091
825.2926959967131
953.2953384314209
1049.9524306031908
1514.2639010139258
1464.155533466804
1417.5440519025904
1270.9698970271877
1224.526602048556
1162.8999003364383
594.2708280745602
194.24003234407982
114.80610502190099
10.52353546263243
-99.0
13.099850305106445
-99.0
-99.0
-99.0
-99.0
-99.0
-99.0
-99.0
-99.0
-99.0
-99.0
224.47308417738333
1097.535033368654
1619.4150898606597
1744.894243669189
1724.2959530220974
1633.118815521899
1658.3785282148178
1557.7205602781978
1721.3966413973944
1929.3671936571952
1937.6581363595385
2102.085791557584
2273.943021204787
2365.5280844519098
2466.909560576267
2563.6071109573772
2639.883904216852
2667.0533908564935
2752.6235732453156
2807.7280009725373
2915.8796560183696
2981.359317823776
3090.6702338819505
3142.7488975460074
3235.2054060170703
3302.1106376739494
3310.431115373309
3310.626420333638
3317.719808109972
3414.5444056106835
3440.63924548158
3429.313748438113
3450.8886989670427
3364.6212586089023
3664.0504147193956
3633.6632318191982
3815.7897384736966
3870.7460058275883
3937.732400921471
3965.7347040486447
3988.0034900262885
3963.0102049880634
3983.831091470832
4056.792601173299
4077.578686723632
4058.7499417984877
4084.3050548969495
2581.6676134979903
2608.8675809965193
2617.0453838303397
2631.9608021422696
2578.412015238044
2509.5207035574063
2474.0700897863794
2452.0245258745913
2423.7073908347825
2434.4742587306305
2414.987759095318
2370.4952288473487
2364.3713899524655
2269.125382793401
2268.3509042822134
2003.3511646381648
1890.1767052280259
1703.460407624358
1589.1842105550427
1503.064483444508
1484.65363548772
1468.9749367666573
1449.4252572052949
1778.1989360459017
1763.24856684581
1778.2112562261134
1776.996843868671
1554.695821316454
1635.5985362707645
1516.8197982839447
2061.4201989019543
2164.244591332967
2161.908348767204
2383.537288204471
2110.0206141612875
2074.6674229657306
1892.3870736977256
1759.376814939826
1581.0219545365926
1286.0620805588155
1062.0804407750618
1010.1015408775538
1634.1602140403058
1884.2447652819708
1602.2895209743622
1838.5977282550753
1721.2845511980438
1580.38661554921
1791.2983352885255
1575.2428736000459
1420.5015482209233
1671.035859601974
1528.4251462161365
1124.5669588724406
1020.6244753410996
1374.20683711668
1535.0623991679001
1367.3446452329847
1141.3293549148123
1542.091938512705
1155.8946514976158
1031.2289149024787
1554.5426410256655
1353.8051121623787
1280.2945314410063
1417.1612854626114
1237.269761284176
1388.4647316831795
887.9247322792002
663.8969866376227
1003.3094962728196
1151.1473735552377
1561.8872851020233
1450.6982454315396
1836.1742326390988
1902.0344245533263
1972.2823187771116
1954.1417411085154
2008.3627161127972
2024.5758399441086
2026.4174388920924
2035.8666426429008
1807.1914252792747
1738.6916039481735
1735.7338701324356
1557.738617301568
1575.3628086732083
1180.933361226504
1121.2734824267593
984.3343807845333
1066.3848816699299
1117.789510964363
1124.6783209391126
1196.064150451259
1025.6661859027008
889.1484826271924
961.2754706683428
936.4547997426151
878.5168689427232
844.7049910672765
828.0899866509014
833.3652801771128
871.2063081314586
844.8842464980551
543.9028716313011
418.18612459041816
491.73953041382117
503.74459815938025
474.73397035352315
457.8850512852216
557.6512946037979
887.7816345923313
1168.2287676278877
1454.2359963321628
1518.9323624744209
1552.063141718972
1597.835401921477
1743.201996959581
1910.936287988023
2231.5930788112382
2253.5363660799926
2258.523775304553
2243.708904856695
2437.713505243816
2452.9877571624866
2463.1028722842057
2465.5286659711787
2434.80297575325
2429.662098378022
2422.167883260595
2191.7071833211317
2121.7513702357423
2031.4497075022005
1848.3257296147513
1812.8574962799746
1850.545702666489
1808.1438941138824
1813.6572268142497
1864.8585315470302
1917.976713695279
1977.8207070842395
2058.095373155055
2109.832101079287
2156.700082786658
2233.381073354332
2264.122403274125
2257.1025330845573
2294.5356178395555
2314.318400515494
2315.6643855578404
2328.9547872225135
2357.3674785776934
2369.2140535574904
2365.6665601029385
2363.870984611333
2331.6901755038857
2302.1459891233876
2256.1390276303173
2205.6305842153806
2155.1616362912123
2035.1117109434506
1946.4905518323792
1900.5565078493025
1761.7412026772247
1742.4515625085794
1633.1466242298518
1502.5886342226645
1504.593502768178
1031.4313893150036
1340.5022316940501
1392.1721658255228
1305.1117460806156
1382.8249791237724
1467.7275947729315
1381.0645265721012
1537.0335466302445
1440.0893739421624
933.3769780402665
192.64092363295805
109.8803941256871
-99.0
-99.0
-99.0
-99.0
-99.0
-99.0
-99.0
-99.0
-99.0
-99.0
-99.0
-99.0
-99.0
-99.0
82.62092026107958
875.1829905872995
1074.3340592502914
1192.8347820322467
1337.195812359601
1317.1576260670065
1437.6145388475984
1695.565250976517
1800.7519716645165
1895.5648290129845
1972.7010506555432
2233.424527546096
2439.7338869975065
2541.631202566495
2629.995903180361
2740.0169510785
2772.957559529045
2801.436727442832
2834.6862951708313
2899.494312470853
2986.973145266825
3046.1364891463554
3134.4697061574816
3196.082373067534
3236.7588607247976
3312.5725377781764
3347.920546152348
3350.2408281115127
3341.367926490176
3306.9559402910886
3443.6295549686542
3452.208728307488
3435.5904667422883
3322.2629700892217
3663.2882810101087
3651.4522077359843
3814.9435843056845
3846.6775778477127
3929.8857812106653
3970.048593765348
3849.1688095752475
3422.3187726721094
3816.8039509273935
4078.4606236510435
4092.727428493509
4083.6875602450873
4037.6689774079123
2532.9102567461855
2505.5936643579275
2453.9899326653085
2392.8739707571613
2410.3411714014765
2495.292514511852
2491.534119432396
2485.470465855354
2471.096968916724
2452.2865499547916
2441.332706046521
2414.590013458602
2403.5830635755706
2352.912691527302
2285.921052494044
2201.422339161067
2026.1602216143567
1979.140761513687
1845.7102276751698
1686.012015734854
1653.201029887496
1646.2739549012513
1602.355352512278
1735.4207155178296
1765.0527003053137
1801.1296225466333
1806.8610708063188
1814.9332361718436
1544.94597999698
1733.8997862488181
1829.7111924514934
2162.4841762001442
2191.9338832697176
2149.9824290867177
1790.2495286275082
1711.3499870136386
1775.0133464117246
1666.9796087703205
1609.1244041875696
1435.868071034566
1185.234179441499
1178.6519534612878
1633.744553536016
1925.4938168948086
1811.536489144682
1834.7851507331618
1796.4692532982763
1415.211914561116
1403.1079915730775
1528.821547680426
1260.7989272193504
1538.754349725129
1495.4692005914933
877.3013281679874
767.6372908655306
1137.1184497131148
1460.6274579633202
1299.3777346683366
1203.513646521306
1512.2353982717736
885.1513070501475
1128.9869546903874
1375.7562480736835
1390.7578811675207
1663.9911204483772
1786.6678084975692
1851.691291010689
1561.139826582937
1704.5768469362793
1583.2294905555452
1357.1149836087213
1557.6581978631264
1687.8781353681406
1820.1901160128107
1869.4318193197846
1931.6500380424811
1940.176641628715
1981.6734856558426
1987.8184438904548
2034.6568303504653
2040.4908224987453
2042.1115695992864
2015.5982173546129
1908.6313103026428
1886.251726466783
1811.2669256789877
1688.877040137433
1425.864789220278
1409.7164546178074
1222.0299341645932
869.6323856547863
1018.6420933470571
997.1738656005788
889.1954821488821
746.9738378408476
832.8698380220274
726.4161261360405
779.9182560253828
800.5764328101278
736.1230114786684
728.0157201311804
610.8801895070558
688.6222480150174
408.92157704654335
404.96930952970547
437.15379115128616
452.89902053294304
499.73875403298615
623.6246968506741
727.0205217611596
895.9851250171884
1244.6716617570528
1417.2121367022908
1473.8976935999067
1495.986297353115
1529.6503786042583
1495.0663812617333
1465.4899142502964
1554.367853184482
2106.900538440767
2286.6547737199994
2389.24667168933
2411.5487138766193
2455.7771956117367
2447.8667639985274
2425.8611087128106
2405.1023321496286
2434.513821190868
2296.6201799065475
2030.769550636011
1944.2197706254085
1956.4560045974936
1909.2632988181902
1820.0924497539684
1790.2934976711904
1763.411780340263
1803.5808054524246
1802.4915183532792
1856.942211288114
1891.3408265365501
1952.6188285476114
2002.22446650738
2052.982083998342
2134.002802271952
2177.170629501819
2184.633377517149
2224.864301368092
2218.0152922828697
2261.8485205025195
2292.0959689432693
2308.3906303946105
2312.045360392535
2353.5355619701795
2368.7055439093483
2356.8660706722735
2341.4997345917523
2292.615465539013
2221.77710562117
2118.623263380622
1971.8968029281227
1896.473725181318
1838.6517906142194
1721.0549051098262
1643.0012507544916
1441.1539835695874
1430.9563352719222
1241.3045456826787
1744.4084217318693
1855.0538835922491
1699.9122764325944
1471.11606546255
1567.2519012807827
1285.8254230290531
1684.9264916599782
2325.22888434684
1977.257247610438
1389.4983602902548
393.80038751448
65.19160399419007
-99.0
-99.0
-99.0
-99.0
-99.0
-2.19
-99.0
-99.0
-99.0
-99.0
-99.0
-99.0
-99.0
-99.0
-99.0
60.836584656468006
548.0917053689468
733.5452559418693
1065.7471795407182
1252.8923763511336
1296.7327343685336
1478.9314812128132
1701.416340309304
1772.8077113803706
1701.3588960284449
2194.984871629689
2338.6083645908648
2525.811955093848
2603.242440501265
2711.6492584802177
2824.526113952139
2880.8024170358212
2911.2566284015084
2943.414022514695
3007.935914019155
3053.6688870450275
3117.132948186039
3159.894133828354
3220.351390814209
3256.5043853682796
3300.1044896892117
3402.31520244023
3425.246082146957
3407.6434272813153
3293.133390542355
3472.00910630768
3467.673662423777
3457.1981027350776
3513.476219048616
3630.5073450496775
3732.9766272024785
3804.7849445461784
3623.3986207464777
3758.47247716621
3952.6780873234748
3923.398997935282
3639.211860129243
3974.3400356511065
4071.5157005778847
4083.7703070370508
4078.179492985534
3966.909163071369
2457.7884306009746
2493.53763972611
2453.3774435486275
2398.7216558137543
2354.8897448862585
2381.2098858916247
2404.4684598999715
2456.3620865766725
2473.372769734658
2457.6645906839676
2470.5676322791505
2422.904073926741
2395.635181017964
2388.204529560948
2353.412978798534
2378.1901746869275
2352.7641457428476
2129.41341978103
2057.5207251954826
2099.0868110407923
2064.687369388589
1898.582433928347
1810.6545310704253
1747.1453696305568
1731.255405329393
1802.232350471785
1833.5214101563731
1833.351410467799
1724.7162492632497
1510.0715888767782
1828.8500024896612
1983.3818743200263
2164.0589202992
2103.3873805742364
1992.390561498632
1691.937872722633
1628.4968911796116
1598.5677161108194
1650.091807372151
1577.1775538117463
1336.0211841974
1039.0994593331986
1695.6031459726792
1946.6979620793554
1965.0606195821729
1668.7386505545705
1814.6280733257918
1308.427339115617
1116.9955311678266
1348.4846312220063
1360.2833724086875
1563.1704556401976
1480.0218955217347
1038.2037595965614
1060.0799038821233
1079.735066582868
1451.7343767442287
1080.5845034294584
1189.8825102598364
1308.9840127502398
960.5428247669739
698.4094978322505
1187.812866489833
1293.5609246087167
1727.5046227264504
2080.422555302191
2026.2594859224175
1962.18181247379
1904.4821834740867
1588.9137981656165
1677.5601427099937
1482.9387241977076
1660.7535567004647
1879.6840012669609
1738.3181143383492
1924.4426488198499
1926.1100705935867
2011.2130686985297
2014.584646365342
2006.9717442231588
2037.8978015822331
2037.5471302921414
2029.661109450023
1991.7197482733561
1958.4699783365802
1881.3732218835605
1906.0179729862857
1656.7649721125758
1401.5410971405213
1299.466221352017
918.6235216664236
842.9928435534094
1147.9433243943074
933.0274934338773
804.7232670325059
726.4618393555896
697.6952919269937
701.9957625656507
780.6950861720251
668.41191611758
635.1570732657818
562.4450362248731
381.8781683897794
368.2861543023711
380.3863104144454
376.52107239587264
438.0375439215321
600.5263520098592
568.5766719735997
868.7372806454588
1230.046989297946
1411.7309713542945
1427.6755311960899
1423.6332263810957
1403.3741695113797
1151.0609236670753
770.8189547826447
806.9236994799489
1532.0936745457736
2129.770125751887
2269.2409128000463
2314.0999649617347
2272.7273189150524
2040.823543251416
2097.6545632796365
2220.3693486465977
2014.528098905233
1802.0708779093875
1816.9628194947354
1851.0509256867333
1831.6979446118003
1833.3026583623923
1843.7996133892618
1793.011177347745
1773.0689737660434
1734.5418306330757
1748.5755976437922
1821.0635464044037
1837.8492898319068
1876.0727246049269
1892.7708763329138
1906.1714685944144
1953.434697599826
2042.213727609143
1978.6689277259459
2157.6899464788044
2080.9487500739924
2127.0211304480604
2186.733981142529
2282.3335486492697
2292.2849224673437
2275.120295648641
2303.219950957601
2326.468283452485
2326.6344258311515
2306.6331002054985
2245.1587113336172
2143.162338459388
2014.3669959829817
1790.426184940853
1749.3867223367333
1678.4855811593345
1541.0420995062514
1404.0674667651424
1278.3687005351196
1441.0128960223437
1920.2967098896393
2310.3309296616185
2337.599573275335
2195.666631058622
1939.5633196777467
1459.9447429873994
1919.3038012333602
2900.0709232060676
2700.4623009144734
2058.9542497765315
1123.9573998111268
278.3699015370684
-2.06
-99.0
-99.0
-99.0
178.1459791360613
232.67021839097276
235.094047087356
83.96915000092403
94.86886462509067
104.76079293354893
92.17895300532199
20.521679743127216
-99.0
-99.0
-99.0
-99.0
97.51886542046414
166.70275279779818
179.393609312703
1038.6360864587089
1176.0899017329587
1413.3850374517283
1744.0903440883333
1693.676502488676
1921.2424501013425
2186.848565802446
2362.4353440972727
2449.463878469671
2551.911688185168
2641.815961865628
2670.0858227983204
2837.895728572278
2924.9630146551276
2990.693487664025
3026.3683795693414
3087.929544889366
3107.217598857898
3200.682545822252
3229.6886795121704
3273.027474620434
3299.3959291419123
3341.490005234566
3366.653848860936
3440.4279892275663
3473.142705915481
3441.2929624671283
3475.1809030405525
3461.515439983071
3356.426255036124
3419.0634143375537
3653.856263096161
3746.4236562114706
3783.3254006193297
3638.836974088633
3830.467622031639
3924.227068570192
3914.844856581076
3658.21702711556
4026.9817339815913
4060.1782811940416
4093.0700017706736
3839.6567913837316
3924.572014892252
2350.0240422760867
2240.7286464328286
2290.7967848690832
2355.511617705372
2302.595271598818
2350.5312113365517
2405.547065648954
2353.7807028547145
2027.6517551910124
2429.8353453287236
2446.6120310653787
2436.541755896362
2324.821387293398
2352.2269595294215
2325.2619429525143
2385.9902226674776
2334.598358195774
2301.451974854419
2247.6184976445397
2253.9491375612492
2202.6167068196596
2168.8193869221127
2054.175772117087
1813.1887491861382
1746.7116487526473
1781.5698578381166
1847.3131781314326
1858.75387189206
1836.4427783038395
1681.669840503446
2053.292932228887
1969.0391005001538
2116.4113883340365
2151.309828619495
2122.3932766873168
1896.7468517572597
1731.4394214855195
1670.704630721263
1867.155676516703
1834.6138088572852
1661.103431926723
1489.3065574161196
1770.3018680191867
1943.6787239605449
1965.5231244853192
1718.5246101363477
1709.9093422580204
1587.556332932565
1228.346162406263
1609.3421266564535
1372.6429870080094
1537.5738051773785
1575.4925053116644
1270.590154740466
1391.0734350265761
1382.9535899689256
1555.0554038847486
1361.9703833592177
1549.814668454212
1445.5523221304807
1920.273576195589
1719.9244625296756
1635.4434139944676
1712.9956069124996
1787.1466283018872
2044.629056705234
1918.7917532877066
1850.472137648792
1693.7388076706704
1520.902111644194
1413.0940274737457
1529.9225325551254
1518.0734348845788
1839.006447517343
2142.3839860125454
1963.9368186233708
1968.0914402614706
1932.7876811805268
1998.8898732761777
1727.171550377265
2027.3950461977895
2042.990972506142
2033.7082282238882
2014.983191949056
1991.6837158876524
1978.7467874684517
1849.3758033499716
1946.0326894647003
1795.3302733498588
1794.2147501805673
1042.5361977053853
1061.0595003135818
1527.0879035027933
1170.798520692575
772.1464307838697
642.4804691259266
651.1881732372283
635.9346296606534
669.0716906763012
712.5606668550416
572.4491390463011
447.8425280223602
374.29250153716885
339.8484635288454
335.2401419281442
353.203175378408
456.7339473461116
718.009149795485
993.754054095343
1202.8189345341787
1359.6126274851133
954.8468255356005
1319.9852520026534
1077.4154649695952
567.5012384850082
423.33376960674065
401.54339647028615
1215.7834872408991
1672.1448166310706
2041.8615371993787
2233.245431156212
2208.880825635774
1849.349209623674
1790.3679238584966
1973.828634612439
1670.7746471336457
1705.126109012466
1717.1436789093598
1686.294492346548
1718.1566742364155
1707.174134156839
1736.2712894573376
1827.5990387935487
1801.8054316865139
1799.1763649074753
1771.82513580828
1795.1711594366009
1804.8168642577102
1824.8085001388267
1880.7280571948613
1847.3139014760802
1851.6768387995003
1862.0217324291773
1709.1026945714023
1251.5086056854122
1696.880263350635
1723.9965830243077
2019.6181549555708
2105.0122371695034
2128.046994170419
2237.8093886162083
2227.103432754756
2268.210095489787
2300.6408730079133
2295.3025266994227
2288.8180601131357
2140.457364206768
1907.1469048261702
1889.7559327712272
1746.9937377393792
1668.4356665505206
1493.5879865830268
1324.7215516384308
1275.8594162508614
1458.0997928177742
1893.848822690632
2297.874182101513
2432.3992648124436
2573.554727094717
2370.806737462306
1909.1317917757037
1790.531079378159
3160.96607090665
3016.8732795213486
2948.343773930065
2129.38598636951
853.8058644193035
262.7740535256634
89.27957797893147
-99.0
-99.0
50.21792936956731
615.7039013660026
811.7143002878267
603.2795251796986
649.4396741092618
730.8997783718693
878.3026354387779
202.5703249470467
111.11954711290564
377.30600201338734
383.5384603519025
433.028913600188
769.2569162416635
645.2318027358507
261.8421258245608
389.8623085631795
1190.4824453728577
1285.9685435398496
1310.1252095532059
1478.315477321821
1783.2506377914528
2042.2087914538583
2242.7761977644723
2404.5204272808933
2524.598586375131
2644.2711347178447
2711.1684575037907
2819.5757380993005
2844.6560621440244
2925.35057593835
3028.9225192376944
3090.718225941535
3116.118837148384
3169.5618550514487
3207.4019000913436
3256.224985394072
3326.969157454976
3348.5694264935746
3404.0336394533465
3428.1428952673004
3460.4068386430736
3517.7529316017813
3510.575228352302
3535.216255761858
3472.852857832542
3523.5234633575687
3598.363890322935
3651.899712756402
3687.405105391383
3735.476673365998
3799.7418180455074
3878.525877720214
3909.5731888453156
3891.2876012870047
3825.3928322614715
3999.4049099657127
4069.7366364308723
4097.318452100625
4051.720442126792
3958.504814974985
2514.1233644059557
2318.896592902476
2282.5279161014823
2214.7199274493405
2171.24892870116
2392.319071495642
2237.721522492795
2094.940113996678
2100.1786270221246
2151.5329310944812
2192.5074130515445
2426.2277153400446
2407.284971878441
2460.328499587762
2469.5313151313135
2423.432165350922
2402.417523808702
2352.864311399876
2316.1421823419655
2316.6190289128253
2259.849257667975
2229.66945965422
2230.9198429724574
2045.5360640891913
1795.2686391902243
1824.6598850743967
1841.1803336405687
1855.430839990113
1869.6773392192306
1856.4360257116382
1941.4261924594305
2194.8556006569047
2061.3092579125855
2151.660244323319
2145.9504884937633
1956.9293014227924
1861.3383737560193
1860.0110731030973
1985.9204778248159
1998.650721036798
2003.184977700791
1832.6530875417668
1649.0909224539064
1777.4018897958354
1920.494062469702
1737.3782471265263
1250.2920954182568
1976.907590934411
1515.3376619212584
1835.2590951128527
1793.5654333501182
1708.1590844108553
1748.0865267546374
1592.9986375777423
1582.7197937663277
1591.6958338365562
1893.7828807546825
1935.4186718336018
2461.790187767317
2504.3481762443885
2510.4508712337483
2466.1401992875344
2341.805245102115
2170.514205877932
1914.9023264453226
1755.9245112275376
1676.9743505068348
1438.168802210388
1504.703691729076
1421.2281554974938
1551.443301441087
1710.7267325619557
2025.007310057084
2137.100830347839
2149.910217126068
2157.776667821006
2109.1255628270274
1977.2535286810055
1968.8959068245908
1953.3992626212969
1946.0747020093975
2015.727141055062
2009.2724235081
2010.2485692891692
1998.1027612638452
1977.9416792776788
1977.064936654485
1966.4068292019087
1941.1498263369072
1910.685019739546
1894.3258587079401
1869.4572143415762
1876.860371259461
1570.7525312049167
1276.5459366381717
739.5979222523648
563.5031337817343
582.1433577886131
604.1299153069633
615.0640351856713
598.6904811406143
596.5012403467758
391.8036047888508
286.95690035244564
323.60172639383836
251.85775476029536
441.5448241226587
734.9784029485163
985.7499835144853
1165.1311841070064
1124.8336970156533
937.2584555174215
926.7434789082853
681.2560142394109
855.8422441259186
1241.9083287580756
1466.890431329144
1673.2330402120017
1976.4846846969863
2053.24867285362
2064.4863656
1746.8539338661371
1515.7513936903165
1318.2191420389083
1509.224452725996
1572.9158943345196
1650.9697647662124
1663.3858895233552
1713.412704910088
1706.1055244362608
1754.4013821814958
1784.8991516322058
1814.6341409188121
1810.749765677217
1801.5627120345112
1768.8779519519467
1782.4074013538748
1801.8528269237534
1828.7565619220097
1819.1706433256875
1778.2666168801534
1625.3974166889166
1422.987259869244
1191.4932210872303
1064.8546643170273
1123.9662561462428
1384.6982754849137
1606.722557477114
1951.6955864689533
2149.4410149956516
2156.4544166015903
2208.19203800405
2255.3615135043965
2265.951210293903
2271.6469146865074
2245.510461591065
2125.896410161183
2072.7659456161555
1978.7788453809035
1825.9606601349399
1614.8556716153232
1354.733816753233
1121.1896233699272
1156.6796648366576
1937.719962138531
2212.4103113896617
2458.7667122286452
2578.2531938519496
2655.74439436542
2553.3715553729926
2269.8118820488753
2836.781490691961
3235.1812302576395
3230.223534409008
3220.8323610097395
2261.747120332255
1766.086917910916
1373.6433944977941
689.3770944389164
121.83647279565673
137.19025230075064
829.4901193570392
1065.8200179351977
1054.2881878325425
930.5197795218555
1116.760556324667
1042.4752486224777
1227.172782420589
903.5023827076193
836.3586713177539
995.8036621139939
1016.447169995972
1198.8150780930484
1280.3118432534966
1272.1350090158173
1128.1175958765446
622.9474593846471
1389.7486968360856
1682.9588975831402
1532.5530588154354
1745.9088601353335
1580.0556503733114
1917.146985939318
2360.9230963727346
2502.8623705738796
2672.361355004779
2709.676945117727
2796.052534200822
2829.3217919160084
2895.371216607386
2983.988240672064
3079.2492856884123
3117.5443221494597
3162.781084773955
3184.689861972669
3260.8581243732297
3269.797077705426
3376.821496688667
3431.4319151448667
3450.403496809065
3469.7779565416004
3516.012877320358
3507.1675508715416
3583.0059658447262
3559.9742565912634
3571.639784449461
3647.1946745914647
3677.89910051597
3690.3679482702946
3729.876550077686
3796.3712789416745
3869.2704242501113
3908.8214375992334
3881.502205487937
3863.643553369906
3861.129161036924
4063.9204329757567
4062.194628175551
4087.2637075806174
4067.3527848277577
4039.890726830654
3085.825666451586
2942.3210660975396
2719.854899792581
2551.1113769945937
2606.762250484675
2477.1423013716562
2335.5159070380428
2266.164265924258
2271.4265903288733
2484.376603630251
2477.252976932567
2497.349595777206
2549.459280973584
2540.6617064601865
2512.797546431281
2440.0660887823938
2447.157051913391
2378.842635251288
2323.822474250518
2328.9143319784807
2305.559063219288
2280.135667959808
2263.4082434329516
2202.054384661982
1928.8558097780985
1809.9220207664862
1803.880626279752
1839.4621183377872
1866.8757003777876
1913.8080943307632
1895.879977144583
1948.7049328055102
1770.7664853153226
1634.8912967222561
2092.7509137198313
1967.0896262203264
1920.8596012354956
1912.2958600576494
1833.2921074716123
1906.6267592366473
1970.726726449838
1990.4065436175385
1917.0835475913154
1359.916989665868
1731.6165409716182
1876.5519036802089
1533.4174009963588
2096.4612526047213
1889.6176216014585
2065.7825353296857
2019.1380356124912
1756.612749938229
1885.7049156497555
1843.197810730156
1685.9129834070804
1782.0950698351942
2188.5310614631026
2107.252019176561
2435.2794127887055
2638.1400751021583
2679.0697765985233
2709.1538286163736
2743.5723604880905
2731.4401481271825
2226.4158604151403
1912.3267709198558
1758.4201803385556
2071.9162091115277
1672.3549547688524
1773.4919447852517
2029.1471320086632
1989.381853704276
2146.489367303833
2132.4782146330135
2118.920018315908
1992.1394705366533
2005.3694481838816
1952.3182930797198
1907.5977174055924
1889.8844623190662
1979.8839646255446
2003.902753150241
2012.2359141380236
2005.2876043398608
1979.1859359066486
1952.4253978488923
1992.8428674255347
1966.025084022992
1952.3553690728659
1925.5535865615507
1913.7707310657715
1899.5545077709605
1866.2450010647708
1821.9082946725027
1642.325033454694
1151.6566952175851
512.3347207840054
490.29496293967367
486.53857591140604
562.749875570083
1131.609185760338
1217.366687727147
693.0157763253152
421.27438522723327
254.76948013759363
302.2649427530248
721.5263280775033
1116.1861464138897
1222.5392971141523
1230.0672558166814
1223.3340520215554
1070.4228185819998
733.8805015837604
668.3879902622351
1153.3766588967505
1411.3152897694247
1532.7095137932588
1654.275452619454
1906.331685734948
1873.3186143948549
1589.8681230398772
1567.437003722981
1220.2196984317477
1410.7569681165428
1536.039763899141
1619.6154520378038
1680.395193739466
1762.0058422640875
1800.5968951671337
1789.8371018088546
1778.9077549941546
1801.7136578070779
1814.5604110565912
1806.5579611228065
1799.8881573892
1766.6524336701414
1782.3069661537043
1806.1729171347602
1822.2194300970964
1781.5755781347343
1517.9865323882314
1408.8879903059592
1209.7127010588042
1199.731151978183
994.706079091223
1038.783701261909
1306.3478489077463
1755.7482077118368
1914.2373388976416
2017.1943766968775
2140.5111698174965
2198.7780850241525
2243.8455856860387
2230.3815154952704
2235.306330809048
2218.2335860325957
2155.1643649005932
2100.865616032137
1965.6110727020377
1821.6854127298755
1593.5565876639048
1130.6801944929732
924.3129135763195
1699.3652370932523
2144.517220420551
2546.747416960797
2600.024693968242
2669.7110141027056
2685.7627193846665
2640.2350730666217
2544.1670320690628
3256.766128085548
3109.7337384695297
3229.4746044500034
3166.9076390734026
2917.435077796677
2445.7065914354384
1556.0488983196299
989.0714775360356
853.9741097367922
975.0622661662784
1265.24502135715
1308.04051264218
1153.1184775867289
1123.5326952521216
1291.4560527195774
1459.6731462887385
1474.2208175873488
1264.2291666381093
1479.188454269255
1421.1602004540523
1508.4870325399938
1594.7279261685942
1789.2211541860243
1855.7406445172464
1718.1443793567705
1304.3861943535876
1490.5431765285357
2004.6528140108774
1930.3651517289838
2000.4590498306832
2105.485728147662
1972.1784436804528
2221.9955735711874
2556.800771602352
2720.3036259134055
2861.3354337711585
2884.045033747588
2986.475949892794
3045.28287883947
3023.3647083514074
3078.6198229553934
3177.675752831496
3192.55726184425
3222.4609956813447
3253.9136162794834
3288.748257741415
3382.323187898717
3440.7547071310805
3470.595911123311
3500.9447000564646
3523.92328106496
3542.1037529429564
3582.215440306115
3581.6704112348134
3617.027408574112
3644.848868290343
3661.5675481833787
3694.6700507895425
3734.65121886959
3774.909823953317
3809.0286529155755
3861.8927201218335
3801.644152759196
3814.3270824215633
3786.7066388391113
3999.2907054709235
3971.405568700992
4030.198897926827
3964.9319633537298
4009.986110707533
3239.877068842162
3083.4260704715816
3082.1184650872146
2936.5917153146834
2810.655418338937
2648.7545492553454
2522.010847395822
2611.3239629149207
2634.3451695601916
2616.6146223437727
2571.981845779123
2584.4934329439307
2621.6176862653983
2608.175379912213
2555.6052517458565
2522.167509613416
2456.6918155403123
2335.065074853867
2324.7499806291726
2311.5346692828516
2326.061837688267
2299.557468927469
2277.821577014438
2241.6084978768495
2204.437755097735
1975.5446040664037
1858.8948001247309
1827.1192275036228
1880.8971655628657
1897.887789530284
1924.7088172871693
1874.9016572016376
1599.0431741888247
1441.537630146594
1619.2599742824077
1566.3077073162308
1589.7066655642627
1558.366117416646
1755.3305514176684
1696.4043981546
1880.0047720889652
1985.0705616306186
1982.647704569671
1375.1638678904953
1288.7813409188625
1809.0157672643993
1835.674058473056
1991.5151285398108
2131.516183480824
1936.4524915624977
2139.1477208896254
2168.6607990671855
1836.6650053913604
2063.735267996685
1768.1916986316894
1765.6242718612514
2384.96284558943
2224.7278276003026
2251.097291147784
2468.062075256636
2918.592459821269
2947.481182541922
3069.77551049402
3030.3530089291235
2905.277206725688
2604.747346902511
2511.2691329966565
2465.354380874546
2333.375726218765
2278.3489642489717
2283.708708865078
2115.758301768617
2171.753921282922
2188.7225514270494
2025.2151250370218
1943.3679119578692
1837.9256295460686
1856.7175847800936
1836.1999478289474
1805.5423642214687
1897.4308767904918
1976.14066633029
2001.0313276813265
1988.8082974486367
1982.832980726329
1924.0670115936962
1925.321156958036
1938.082365352368
1931.630490147731
1936.3728127037598
1878.5817402370196
1871.7555973218286
1841.9939830439823
1802.754568300731
1652.0296644348691
1417.6899946450787
671.4335009489208
676.4627017952967
1429.1240029103355
1828.4282152718965
1117.9828787148533
742.5760457625051
167.82113798212265
172.910472792911
316.947698206803
354.6499530019163
960.9037419533578
1186.6801129726073
1165.1553457516468
933.2406956265202
847.6971522606702
776.6505500467724
1227.9915173162003
1375.3490131659785
1357.847282113251
1331.9716809886854
1454.6572185979157
1638.209419851539
1780.6894629563974
1731.5527712635385
1591.8100000000002
1408.7218281842943
1267.384219807315
1375.9308969561973
1616.0143784113484
1734.1765158445198
1803.1265247473864
1805.1606216846492
1807.1736204351212
1809.3835373970792
1808.8597408702417
1807.6504032190267
1817.792480701173
1812.1642542592601
1810.1152800820917
1787.8698234423218
1785.402936379252
1795.0719206809906
1801.7620952890945
1729.0041396628994
1572.5893125537618
1394.6395472979111
1295.9683278008692
1270.1775141975381
1058.5750665499063
986.9944549447636
1335.778872509091
1682.8190645210364
1795.5831159786078
2010.9034367403863
2215.1405202119763
2191.2052689566826
2213.5338004977707
2188.834439926441
2166.3025637524565
2149.8286610140112
2078.346133864322
1989.5497612515524
1895.806482563976
1759.9219960628711
1523.3893222831841
996.1796318010613
1815.2627734926648
2232.6758938178955
2203.3837029236524
2312.452841503665
2241.6280830925944
2697.7607474135757
2739.4786534171135
2914.475513769429
3169.162261584663
3240.3344939220033
3226.668848551403
3205.1277295932387
3073.120343869118
2881.746353823708
2593.298624200288
2041.9644296809122
1707.0250278190588
1604.5185619882539
1637.2200592164788
1538.154706811134
1433.8286630300086
1187.3906291306678
1169.1490489892221
1570.1787664121132
1739.5941161556086
1683.723029270514
1476.8333664945244
1493.184937172981
1620.3223179960398
1703.3537646722618
1872.8617386799124
2076.732736708455
2056.3876670971345
2092.6510342425368
2023.1332858056016
1891.7572896280574
2215.977694606811
2256.90404902907
2229.3558087900424
2275.5290490290595
2213.957997286269
2258.6691090718014
2562.2214955989557
2750.2893672859427
2898.2806782407556
3001.476128861782
3006.603871714218
3063.864275731727
3109.7068459231186
3190.5594439584675
3222.974554583334
3265.984755454122
3284.8251240981213
3303.1425929526968
3317.768895778423
3369.774050995634
3455.5084917914523
3492.921141246142
3498.335167062571
3537.764706403069
3572.958409844156
3600.5932141573485
3613.6617427497426
3627.9967121407785
3648.6447305633183
3656.0128399465643
3699.3393050454765
3728.8712547947525
3759.2244507212263
3646.341683047095
3816.9409644004627
3795.3932054799334
3819.2239731664736
3766.956465002916
3959.0760289356613
3909.6169889405337
3963.4081326420605
3952.81211541757
3951.1031216875626
3523.237359273283
3345.6635758263287
3199.128741072952
3065.9412811476996
2938.9426437458924
2851.2830139287216
2780.500328250613
2756.0690993318767
2771.0669720161213
2668.2897570131695
2615.5057877036
2622.0461120761406
2659.38704021033
2657.1812045249085
2562.65809251019
2539.478888167148
2466.8456187183474
2361.868522550596
2354.3846515612213
2375.040504113568
2359.7687836636155
2316.7602548348364
2294.287684987327
2247.9071295332506
2213.0190140940404
2159.1391738875877
1987.7584404195068
1871.2444873945556
1868.5821092870053
1902.6003022246887
1893.1407838217397
1881.238768593775
1861.5156100420513
1742.9398310397619
1576.897569332351
1407.9812426821568
1060.6748024399767
976.8853499932528
1407.499377300455
1709.2306121096049
1938.470772696471
2022.895537648614
2012.0478340133805
1912.734536653904
1711.7500369008937
1898.7426252038292
1924.6360417445894
1990.2707663841943
2129.4487391841863
2156.9607783499773
2178.6866233236483
2179.7561258169912
2172.831540452905
2135.0530788084097
2139.5369162780084
1896.4608816165967
2023.2774513048425
2320.823357133226
2408.7448258823906
2394.043210673655
2418.1451538347605
2553.992835232575
2678.637288068241
2867.5209503355063
3026.487012656334
2950.745881674348
2762.999093008386
2603.6904533254738
2466.1156806658105
2523.8742149485365
2287.7268292881563
2243.677811519403
2005.387208231408
2200.634139401342
2222.3424586876604
1822.935660686169
1676.9458523406813
1705.8984549557244
1808.1291378717988
1643.963813537573
1716.227211909685
1872.4662812122488
1894.2544262956237
1923.6237147299464
1933.7844536507628
1802.1476901789904
1819.958362303162
1930.900136336902
1914.807773520999
1866.3875739078785
1796.8686635671947
1750.763707448299
1806.3064105918625
1644.3448417858947
1454.2963876808058
1320.3418527833744
968.3934595829446
2112.2091039463908
2227.0628180483504
1475.8790037974718
1177.143840162317
835.1852283231021
682.1174183520488
536.8896929666885
708.8991664279487
927.0020458182802
1123.4766415844986
1151.7554103695077
977.1026788083508
930.1497362972895
714.2294699072949
732.1373576589834
837.7725421773924
977.150982542
1246.5428764644216
1346.2542017602336
1556.6863060247097
1599.00316369115
1580.2497135376143
1509.874141626022
1461.2745509920119
1125.0272621271943
1266.5604750202988
1534.2812827256562
1713.9195844016417
1812.0821680788217
1824.7399550321736
1833.008748042869
1832.3804921023373
1831.28332213447
1828.3850271390504
1817.858303823077
1813.8245514859263
1814.8591585229742
1813.772278981726
1793.725247626207
1778.4428422605306
1763.935337775494
1711.9082103308829
1647.9231003766788
1566.3585663092422
1543.80270616051
1445.9945100213745
1313.2777593414892
1238.3261407704854
1379.6696130154853
1607.0925747672438
1664.1330191245042
1907.2855957493207
1825.0524908226257
2065.2368283230035
2078.108750452136
2138.4051875429063
2120.9932883592605
2108.8571412345727
2081.9164479010224
2040.6646918835747
1962.7784283861222
1851.6727011982832
1637.7185954786305
1473.8555169895276
1604.3290795586056
2099.082941518184
2213.666310845272
1325.9327042203456
1963.8263130615444
2688.339164626013
2776.0618922234935
2720.9604561280503
2986.8346889651916
3234.851379358721
3215.896746131267
3215.36710481263
3098.583430551888
2998.5972888995434
2841.892865773328
2611.1759615908854
2273.24828257143
2100.4864707747797
1951.298944476594
1648.7373770488205
1557.2419702024924
1665.4297592393564
1678.9299998188785
1784.2648233325588
1829.7626955606513
1923.3961327261682
1915.5485641420098
1724.3387590808363
1737.508314909807
1915.7392382695514
1975.12536793421
2075.500415574018
2212.8736629795935
2272.833504542853
2425.6872767147975
2420.9435048782484
2318.7326026344035
2364.573855193609
2506.7227485046305
2446.247774992972
2417.6625327669694
2651.062782287471
2608.221422712884
2730.997023405649
2827.114852348525
2957.189602155459
3075.1391375634803
3109.4714622910524
3155.6627981769743
3177.262997431363
3208.762028750274
3277.6507873015903
3314.473628075469
3335.027229790986
3343.3086199574777
3343.868276416536
3359.0669184073045
3409.357243760628
3478.381315399909
3512.0342250214176
3518.7881019775887
3561.7334744845216
3580.6909774402816
3590.531011281177
3571.207447322694
3628.8263769923606
3662.73332708353
3672.4402049359696
3681.0563830457877
3737.36329955772
3791.31681069465
3819.3497918082016
3755.053435081457
3789.032086554787
3675.7885695420036
3913.7433940613773
3908.120128956247
3888.488209128772
3924.85169554405
3809.9055827651114
3531.555598871989
3280.502096560785
3015.0559260229684
2987.609295000359
2991.803232113258
2979.481781341255
2965.415892059191
2915.1917103886644
2847.609653129465
2819.7708896356853
2790.106073585169
2633.9255636594853
2545.18334806889
2533.547307066317
2511.7689510372034
2465.7812008116935
2408.572125057179
2415.165513392313
2404.2791687593494
2408.7065553384214
2442.2065823890025
2361.684561461855
2314.75924379452
2229.806940463204
2170.477862642871
2179.2865018966104
2108.559152358533
1990.1239980933976
1935.3465156245234
1919.3505302207257
1910.9689641898751
1903.4885951196466
1897.3695756890543
1905.0245676297034
1820.9074646843492
1482.1243137844954
1170.0093073530024
1004.0815073901092
1030.4530646740034
1841.6571471895536
1944.5559708690816
1959.0442862551752
1992.7629764149642
2000.209888883556
1981.1595074281902
1945.6157283474001
1903.4258634121493
2026.7817564239035
2126.825424621375
2107.939990498979
2057.5309972411897
1907.7847250630407
1341.1670479925006
2094.327538667614
2101.196885793756
2129.1253512252883
2162.384037097421
2211.872821267489
2392.647054914823
2284.8404953513773
2199.982416679104
2068.2144104093804
1884.4132128027363
1873.0427986872721
1965.0484886890256
2235.791675891422
2347.9806229475143
2345.559935901995
2396.5949329780724
2243.9288034213055
2270.7956200832846
2057.6570186044246
1948.6802886203834
2182.8737875934025
2220.9337346803522
1743.9919997935738
1440.7037152953926
1489.969598358173
1715.288455889134
1454.0149579280762
1638.7314354526443
1758.6275197645339
1847.4838962388528
1823.3891737959977
1799.2544409462992
1719.5830645874591
1831.8322357807701
1803.1201194836485
1778.3469224232858
1822.1663539874182
1314.4737676475952
1369.4686822639073
1599.6031737849025
1443.8273779056888
1049.161468677968
1833.7745967770322
2587.7260749159987
2642.560772984464
2592.365248980125
2379.64282268327
2085.7466118782754
1554.7628202215967
967.0842531338994
761.9128787183784
871.248150147266
940.2701403227289
999.253317320939
529.6527735615854
426.8982769564044
546.8764026169421
628.8241722981344
968.9246064896396
1000.9715422995552
980.4309903333063
936.6955539570595
1244.8896049334317
1457.9760952255606
1255.7570854487392
966.0726517600757
967.269358200104
1122.4754592800002
1251.83340199698
1385.2149571920663
1636.5055500143862
1809.6751392210892
1832.228725980273
1836.2076173378168
1839.0776181522756
1839.9960477510588
1839.5654309891147
1832.8513433294063
1831.0810528816214
1826.6279549852852
1828.2061311470932
1829.386121120813
1806.9192050813706
1765.791681349503
1734.3596601270087
1635.7301837729888
1606.4103407563057
1601.2561531689757
1669.458515935733
1341.0610984557154
927.6024572731886
1392.738024348779
1556.5469386547197
1657.1619838865365
1755.7311847224921
1432.2742602947371
976.8222178257258
1344.1208433539427
1874.468878024224
1923.3666651117055
2024.4687458957897
2036.1755704734962
2032.6042435600189
2015.6442188131725
1941.9382130682095
1809.3867849861304
1551.4644044919303
1669.0843032970092
1962.8869336084665
2115.2881613164377
1817.1568517483508
1404.8359288444624
2292.152883781586
2468.0246025360843
2699.145025705838
2744.925783468462
3188.1228374934008
3171.53712814195
3091.5948162748887
3157.1412263013394
3052.9555784517725
2955.97500091392
2456.7633016825457
2236.7551433565836
2151.481319092922
2008.8831006143791
1571.1059391250167
1639.9020280999798
1726.6190845952026
1899.1500810344953
1969.5944012092482
2074.838532083917
1958.0450368392158
2020.1727398887779
2067.271162672297
1915.3160381639616
2071.963364983441
2042.948550523562
2173.19916067027
2200.770385176858
2272.3693536811757
2450.1912664900824
2541.833580242127
2578.515238307661
2617.718765781686
2592.438669028734
2632.2737909511634
2617.835067799325
2623.304048776752
2703.4280836711164
2852.260051260641
2897.0625760345424
2898.3847473457586
3024.8340703331774
3135.856098901254
3211.4022134273737
3260.990767154244
3292.076075147884
3305.7057208746874
3352.919404144686
3346.929106622272
3390.043463231095
3381.7036707008374
3356.0854283361095
3385.7002054267273
3411.207960058551
3446.0260343038576
3479.044082619319
3497.658873005372
3466.9626406345715
3540.9291901723786
3494.3504428996057
3365.6123929574887
3598.9716365006057
3667.9680274516563
3702.7549677581937
3647.763982111459
3214.8430431261404
3795.1482295419387
3801.129059756058
3469.0160162615925
3804.804675742579
3943.699250798268
3884.759043061178
3916.130806736862
3869.613371690379
3895.1184869689896
3609.428101966969
3457.527208630296
3312.619200418054
2969.9235210109614
2908.5362548316034
2898.0968809662263
2879.6399492074584
2841.643706853948
2822.9338468475657
2764.706452854122
2748.4841388304244
2689.367928990192
2618.5602151078797
2497.237638379968
2489.9737912658543
2507.422981559104
2451.5245062806284
2423.6262223808726
2376.198927819018
2368.654581562003
2366.594642032646
2393.813966897374
2342.4133110208177
2315.3458763173885
2297.737069625042
2253.6297766172347
2258.8506635109916
2247.2453822047173
2189.8430215276135
2061.027401364407
2001.521983006564
1959.369855791523
1938.4186054562085
1911.3946166179253
1921.3561700331993
1920.1431881995295
1711.4528796751067
1353.9115296336179
1079.111129927953
1053.2334885818213
1626.4471668392819
1934.4899692653803
1952.8976084155825
1888.1627751206534
1941.3612066061185
1948.4557852632984
1941.4582282725596
1941.8874180890557
1907.5722738409966
1862.6993696310399
1631.3981935820375
1364.6320170850033
1211.6667656857026
1394.8392435706128
1615.7536517579247
2011.6348511895967
1973.9435355711591
2166.9511984969786
2331.3552200002
2434.120538322228
2453.236819349582
2492.0895419333183
2473.384819320137
2487.987762683396
2155.7932040726155
2035.0750596445191
1792.1137900400324
1687.5475769303025
1530.7930841551793
1842.3059484198493
2069.3413408680913
1969.152217734625
2034.1391536065998
1910.2009646417796
1687.274414613385
2103.1265112602305
1789.4532719509893
1287.6193104775853
1181.0493602921733
1449.4358451453302
1289.6781777705266
1468.6345530486917
1689.442309975791
1801.4078443217231
1831.6160646868632
1808.4445824226632
1646.9947285956496
1747.5222514804416
1602.6222373818746
1680.136995846813
1793.7425566818808
1849.7833557283006
1537.6855684496063
1250.863808212288
1510.245379867059
2283.6954733515167
2509.3276553762744
2657.1873754479448
2666.7914441754315
2657.524077942805
2596.308662796458
1619.3393410783735
938.2204998215541
561.0886563783228
632.4954696383568
795.7611360661152
578.2986562568345
252.75702112892128
378.46134075661826
414.23907549860184
462.956181711497
522.0047866889851
802.802747862823
893.130617034553
981.4311168077639
884.4818550804875
1186.8774285037257
1267.3576250446727
1003.5531618380221
907.8599725288084
929.0131036228764
1126.4959116567438
1242.7920480290832
1441.2816429250045
1711.793506101819
1824.664150663794
1832.074998963024
1835.7987141804472
1837.2513542471745
1833.1937646907463
1846.0936490107772
1835.622349367358
1833.4866208500118
1832.7847583726525
1825.5078618627026
1824.8156052571894
1796.8242421063756
1782.6278633203087
1731.1044195935694
1620.5003809906486
1562.717256032534
1279.8598356525297
1165.6658284579783
1087.7656313880188
1531.8821335234886
1652.9659359593595
1679.1616679982292
1623.7456418978913
1719.6334877992317
1043.3444626226449
685.2224460413079
607.7978043228205
714.7377680177773
1323.0323213714532
1667.6459999610968
1918.508106493216
1928.821623712578
1898.7697146674057
1814.8145961350892
1609.922963823089
1694.431934053407
1766.9260475771432
1819.2872000563027
1855.3087618312863
1968.2650297489076
2172.1348383769664
2843.382836159158
2994.8921171046804
3073.844197472808
3126.6550581619467
3158.3020757127792
2946.564201101615
2948.5172327824876
2606.690426051769
2329.7723020682647
2114.2574588452303
1958.8396929335431
1784.7143823185227
1768.89737546085
1493.3502433930646
1651.1832449125093
1686.8047421012059
2056.655406305368
2074.7033035978225
2144.478654134615
2197.513719103418
2119.773476549707
2190.509989424048
2205.604877837221
2136.5138803216564
2224.931879917347
2235.078892953775
2319.2078660042243
2349.0245966595717
2359.430869953797
2526.4087676072613
2623.7185301661634
2727.3384883696035
2809.800540398633
2780.467346297926
2800.5762647164806
2765.898202195552
2837.547902773551
2902.6552468997243
2968.2563243987256
3027.599750528459
3027.3655868781
3054.773417447508
3187.7514777140627
3294.008006338835
3343.8611340446287
3348.5300918017447
3384.5452047788344
3388.489362245446
3407.9639095897696
3433.056188682685
3433.285849308745
3396.3495327552346
3391.452994871421
3421.668077756538
3432.3321331464535
3451.2464329843624
3478.292753368352
3485.7053950745735
3479.894430408472
3490.1173371517066
3451.5361976778136
3374.8587827518163
3723.7328198906835
3745.111616004871
3630.1129140419584
3412.4218902936777
3789.616242827966
3818.7796689350844
3748.085754943684
3874.353025106061
3987.746314174879
3963.312877191846
3900.6111523944655
3791.5809480561215
3930.2617274329673
3809.8557468147633
3152.434913181265
3035.4408524956752
2916.3867856034635
2857.4233373181505
2921.5183155798554
2673.358804184905
2597.095015768855
2696.2090131090845
2745.455110375931
2706.025196222004
2652.065899703721
2495.9736904965043
2260.1571146227743
2349.361486766272
2463.9544949077454
2463.358715151636
2375.645908943846
2251.8238637980035
2345.081483494611
2334.585967318236
2350.111773042443
2372.032590105594
2363.412310029413
2334.713323460577
2310.8363460535556
2283.1296231289366
2290.0821437610825
2233.6202586805252
2149.3529793887465
2057.65858291142
2035.588485104532
2011.6502996227684
1920.513075780797
1940.8261522138632
1959.301068717881
1749.140294128053
1553.4500425966312
1205.2001748257846
1131.5162346955376
1261.0141986351477
1838.2871063624166
1930.1281300273063
1383.549779815841
1294.4768430935035
1636.0256307258967
1909.2781505920373
1918.643865596948
1887.456604850594
1887.4819761663925
1738.082921753389
1672.7335037134976
1601.1040777420867
1356.885846262613
1556.8898385380865
1883.9239810580962
2027.7372413500952
2286.6213812291194
2167.5447198604297
2058.152008527675
1980.8182783978925
2000.4130825619634
2201.9216919459295
2239.48034265572
2476.47269734687
2363.1197344626053
1932.1763004124766
1544.824910223817
1499.5013280631345
1352.966766051301
1693.4029752459376
1653.9270630700228
1995.1700295464836
1871.8442983032
1558.343065868783
1896.2313517467064
2019.2671344206838
1130.704038974596
914.1190885398764
1114.0260577983756
1089.2730619861165
1216.4090586380037
1472.1047040124054
1764.1723664626847
1751.2468506297892
1788.8472370420473
1842.2222107573737
1375.471244733619
1707.2241353345494
1677.5009672019294
1816.2426997987193
1786.366848976039
1770.9089342339666
1827.627229349713
2149.584919383629
2418.069934348734
2658.039481091663
2672.8713991990726
2680.6371203700114
2655.863061771486
1878.3465750904786
897.1473092590827
695.7009548752126
637.8110261300301
599.063781704393
554.4581362918098
497.88946277588747
412.82182852083656
411.05859082774157
489.46948209505695
374.8879406648365
444.4056799241829
698.1101549097273
908.491863943189
1181.4335034676628
1226.3168205044935
1277.8561329526585
991.5397675856996
923.1970667411377
1318.92396250211
1420.419259693897
1377.6097655119097
1368.0674812205625
1402.1190411177797
1695.4717225949673
1812.6355752871539
1825.9940824326018
1826.5208531961218
1828.712350781243
1827.4675077932516
1829.9472529353386
1832.8638577732204
1834.2801578578901
1826.416590721293
1832.5153938657143
1817.688241116085
1704.6328634850736
1722.0776384984706
1506.2340039074566
1141.5408555425538
765.4278855849866
858.3449258398592
1154.2773485145167
1482.3911131533603
1464.359089483923
1515.924649753592
1605.9075840376477
1666.2589079785696
1712.440365566282
1539.7406659636824
1500.1004423423954
1272.721413537857
796.0357871301962
1174.4982657105952
1484.2627510900777
1714.0935432235997
1810.3941267442729
1746.9490885265063
1606.7749310586516
1394.2124930682128
1641.4331383167569
1642.8670221575783
1515.407596765985
1380.3745171407777
1748.2136881343545
2620.1473990191794
2951.2744936364516
3010.1939177069157
2981.0607171800784
3019.80181267993
2843.2844129906666
2151.3902296097986
1741.312810409009
1429.9643791164794
1569.3238331462562
1231.7767376245747
1069.969857469584
1138.5598424692157
1264.4633853511607
1711.3209812006771
1795.6866711529774
2111.4996280131686
2213.06740203925
2259.7967003274275
2297.8053137383
2284.5117756895875
2263.1061280728863
2304.412590788162
2354.150337632484
2315.077993819772
2514.822950807519
2536.9753054504276
2494.4284806703813
2494.310015012611
2516.0986991116697
2605.2328463653107
2761.299186690195
2822.8960386941535
2867.3527329706803
2953.2788279293245
2962.243184031029
2888.312842779804
2886.0079680977524
3070.800496557888
3118.230481305938
3158.4852332380083
3158.7743615793174
3140.2696827391715
3242.485034960418
3341.184811832057
3386.9441829999764
3425.4283229595985
3438.0277262757377
3401.4796676254823
3442.6231226185487
3450.4785408998637
3478.138591088622
3451.4705141342447
3405.4427658224527
3413.5542408124365
3453.955321335161
3454.4959518170344
3473.1481855012635
3504.0354802569323
3507.1061020675997
3541.2301196967655
3554.937110833412
3500.854509048235
3754.9144281022805
3763.9394177404142
3532.071680099225
3636.202003703176
3768.5423407710873
3841.9227103197222
3845.500085539653
3970.381841092982
3958.3742831020645
3966.286436522916
3903.1877769765824
3854.8298580655364
3841.7968472824873
3857.0557162836717
2892.2162670756884
2775.737131409714
2668.675329257499
2282.804095666197
2510.330797218004
2179.5167936855864
2225.6099133702323
2564.5150441266987
2690.4806156051336
2597.0093612549103
2550.3721060196594
2353.706145286932
2295.197171237204
2385.8600110190278
2418.887293960775
2409.1957166010448
2386.987356465494
2246.3465880776394
2211.9053020297806
2284.987197695164
2288.8281320890455
2336.988776899698
2341.562428111067
2372.80998283739
2357.614623834642
2311.841133222195
2287.0998857370782
2241.3117219231326
2158.7000588843603
2132.169673676774
2070.237271542375
2035.1728472151
2017.4814434950129
2025.7897445905098
1963.1313232087334
1803.6232062628908
1730.0037152340967
1447.4229504362145
1140.2431485379725
1249.4477829677264
1206.3780471124128
1273.4411844257409
1217.1095125617933
920.019945325563
737.0429493834196
1238.5270219213921
1799.6384388845534
1832.0387598812772
1808.226471338326
1877.9357450255138
1919.2817846351625
1956.998649570705
1878.8486047004224
1703.5467272796554
1837.5545180232748
2056.6758447249763
2164.3974935412216
2073.4017137746605
1864.7072220878324
1693.289820961408
1457.4106024295247
1501.8419303288122
1598.9730422304858
1617.8712484469784
1902.575043854826
1634.63378095998
1918.3031283909065
1632.1027351871078
1602.9794597130021
1655.5885844407112
1429.5712255398153
1842.907962839627
1627.0853558191297
1353.693446822341
1679.8110254690341
1912.6884497993017
1312.4780897079895
823.4367227052596
690.2990900835792
895.2463403697863
762.592489842542
1090.0433942232537
1494.8129627519252
1584.2618410032028
1629.541973000254
1893.380697480191
1818.4275965048146
1588.7435996554107
1401.5335707536117
1758.684659939929
1626.5224572251436
1941.9898469058978
2131.7233895519544
2571.3647848280657
2630.773782328594
2685.547299905275
2683.910729166478
2585.9184537886445
1786.2471553327784
1019.7575499103498
706.7008764265852
701.1748829414265
711.410894462574
751.4759092190898
744.8325262399974
715.8355955475666
736.4809625547523
650.8127750361142
373.0403699809464
159.8795199170166
257.75663711117903
320.42607245862524
730.8397857236657
1208.4765027798312
1314.452515664504
1363.5391158496946
1403.017037578408
1416.1148768599032
1593.5505935981973
1686.7678433744338
1724.6031810240006
1714.4896219593204
1662.9713994267884
1748.970365366317
1805.4203896775978
1808.2310222540982
1813.4592334665028
1821.4600902227107
1829.3127779477663
1830.568129429179
1826.3161083504326
1821.1539342723543
1829.357881764534
1812.7164229236155
1567.5778792553717
1383.7038678532322
1348.7167594023338
927.5541284850508
666.3102709439164
901.1595558993774
1458.9510657555236
1577.8265288194607
1581.8878893672465
1613.0087198850188
1621.6450702053378
1642.817645160844
1658.1374375668058
1669.9935592181128
1642.1940835138023
1583.6808060361095
1555.771967438806
1599.7441832061006
1526.1360506288872
1535.2849733418989
1572.433663201988
1622.8355187639709
1595.9562250163797
1351.3072718981343
1569.0415451694232
1576.7072398073012
1389.4918167138508
1045.42707822547
954.7748738413269
1347.811716368862
2360.6913982534666
2676.4907401390706
2863.7805477925212
2964.6699673403305
2338.9003480197666
1373.9092242718252
1231.342280692601
1229.7863662593716
1095.407795905234
1022.334377121274
972.6737252595342
1080.3387545103985
1320.7177697310085
1685.879301399148
1953.89890464688
2190.8883037909522
2273.841117205431
2309.0221320168484
2357.4979434434304
2379.29503208566
2375.3031834225935
2381.3918637552542
2388.1917786366625
2465.2164358606806
2476.5530943008202
2586.858295383635
2599.6751827542157
2698.2792747575722
2563.03451559561
2693.6213354962247
2704.6849506524522
2768.9097907112996
2875.1180982569153
3020.3572504109516
3038.127797136975
3029.013327654422
3005.8948295453033
3045.062121494662
2998.4677239896137
3223.410392863689
3276.716461229791
3269.869868336683
3226.316673365129
3290.3158241515794
3362.654285175492
3434.8976126629864
3456.2796791456244
3478.440569599318
3450.8084352275355
3436.7750697090078
3468.254617416799
3502.2538821599946
3490.691353487984
3458.381817320902
3424.703665297891
3477.2038057325453
3498.052111329046
3500.705549820002
3491.804334696618
3551.4537801029974
3559.1430337780616
3579.960848004686
3570.839021945662
3764.9131112814975
3781.813739883183
3778.593720283564
3529.7061356756467
3677.0899704751696
3857.034904019529
3822.0669582905125
3922.79563125492
3960.713007171769
3980.635833982754
3932.8802036752445
3885.271045905978
3863.1611737024377
3884.204910702618
2540.1028405741868
2457.1076851050234
2416.028636013133
2367.5048657190105
2282.8296113365122
2251.842111240266
2007.618019231577
2269.3681186126696
2551.5208372804996
2545.387359387956
2431.0849631931915
2280.268873348236
2303.141061334238
2391.14268499177
2399.719470258003
2412.0772397897986
2390.4201997454297
2299.309790034829
2294.3228863074846
2298.9849871510714
2290.9858388768134
2301.999511618726
2306.502548802477
2299.956743187385
2322.3433017472616
2361.612261851494
2315.276240459606
2276.6758531350806
2217.9496514704483
2193.3639094548403
2153.8598992083475
2117.5021302145797
2076.795677987718
2024.3549381970747
1907.9616130805487
1743.3979408525686
1736.8818815961145
1586.1345008547798
1270.3049332234266
1255.7118196512477
1261.1414429946058
1005.2111018706526
1072.9759108298408
867.6668354240397
789.7723906840641
819.4048779136125
1159.1910515679533
1550.6332104815697
1828.5988240515553
1904.251960897597
1967.2248449957276
2009.5072363885822
1997.8068238220656
1841.9808879246593
2089.2757446328415
2045.408242451909
2112.803516494948
2066.4001371078157
1810.5290272363764
1478.2497582153069
1507.239735599878
1436.1082337098496
1473.584811392753
1415.7987701694506
1200.6898017982728
1553.1052332837473
1081.9273733553275
1702.3004901620657
1531.8813928350526
1528.6229062997268
1344.7774700301977
1531.2777694347362
1389.785990670604
1125.4861211619632
1431.0678045868556
1718.1093902847263
1883.9408533377557
990.9620603556752
901.1001027486534
1127.751064727284
870.276442936832
1069.8752166114068
1108.5738706236457
1385.4973796222164
1447.6525055843676
1542.0259348698705
1670.5769129778882
1446.280189255367
1307.15071654372
1932.5438265846697
1820.5847476345023
1806.6626905121793
2253.0276065225958
2624.438797914986
2696.8858722583113
2671.395403179975
2285.334161123198
1236.038464479163
1008.9214765291292
853.0885548177545
661.0557040860873
646.6224607022597
736.6102111134514
763.5577976946545
828.5430528851359
851.757976563053
809.2487436429308
633.3158730680693
381.5924505434743
233.88611256684587
236.13340388696747
492.8272945718816
835.8701746455587
1315.0734061451785
1356.5675218195145
1355.5362020777825
1503.776359438091
1618.691908189831
1651.8916571443328
1277.8386914640657
1342.027724432009
1849.9266923032872
1794.7169637424008
1811.4979028585872
1760.8777005193774
1771.8237364115942
1782.6588551754958
1810.699443003771
1814.2408057259142
1823.0806875289506
1811.551473979386
1811.250191566041
1785.3167341439666
1668.0205159865325
1434.2419395516542
938.1933009134146
369.77179615397193
581.4495930380314
886.6621687597019
1512.5258227973445
1542.83858050303
1570.8749013133954
1604.6802285140536
1617.7801313358882
1617.595866248729
1631.0486809051251
1660.3490568489417
1668.5105193521458
1642.556617998008
1601.8614677450628
1547.8363558830576
1522.706483343141
1475.6285896993659
1453.7068256586595
1467.1149671326393
1415.6729402360563
1339.3477250049368
1337.9049352735797
1494.5449561973655
1495.3120164177544
1210.5744699169404
478.50189788689056
276.96437717187564
996.8213018548564
1923.5890659613278
2403.9253064148684
2707.2792758958335
2552.8494274275
1421.9447358479595
1363.2468902185308
766.835129214039
1004.8589557078756
1082.3596153019366
1095.1860544341548
1156.6058681325285
1300.1589070115506
1514.6127233547072
1866.2812049963723
2080.963588212466
2282.2948847526213
2338.157800414384
2383.9787227137845
2417.606253832812
2459.031798015938
2493.271005062971
2496.750616260669
2473.6243622605866
2549.337345435755
2573.937344096163
2684.2475284838592
2793.4421671187924
2876.2126133789047
2775.1224003882835
2789.7213445721104
2795.016765867392
2893.4493991141444
2931.861690971425
3128.634340135349
3151.108133189736
3159.1728332694865
3135.107535507393
3104.263542752483
3165.5188730820737
3239.918503833225
3288.189080025223
3347.1347645503142
3306.176174009487
3351.2087176026234
3394.0766452243774
3486.04365540577
3503.9039576379855
3528.0031530845285
3519.7082606982276
3474.3052901788587
3489.8461486475658
3514.7770379710046
3534.5286024965208
3545.5901108418293
3357.452334204819
3558.2247579119635
3546.8058632071034
3555.847871294003
3524.5072918105748
3558.418069608991
3596.21106933556
3608.0260858283427
3604.587317782252
3697.2540454044874
3777.0364177316205
3802.2149527204233
3793.6536031377395
3717.276811204288
3888.740956775653
3893.1194526478016
3934.2944811492916
3877.3834623996563
3946.366723589077
3923.8800313814513
3912.218469408673
3868.818737574105
3875.804471659907
2653.7742873120865
2352.1898508807426
2341.9469858915086
2433.4544064398806
2424.7965579828797
2404.808463102266
2432.1490171581017
2508.3083104477164
2568.296566113037
2553.2493931235654
2461.026987986237
2400.538756089954
2402.8978700060693
2409.6503990302563
2412.42272803007
2431.068585443981
2395.678548076541
2310.3028596217864
2266.2286630145527
2275.1262906079623
2262.71339708364
2302.321808625888
2304.6758401606835
2300.3632868679124
2300.274558193939
2285.5469765301827
2281.4393430006894
2283.39658767867
2245.5135375902278
2219.4335960808503
2208.2498296305303
2181.1506476318154
2138.6150897194148
2059.852047916166
1920.122494518679
1757.238636320197
1751.1837291884533
1683.7745166409902
1534.0310504392341
1389.6526014463016
1263.3460891121633
1210.3904062174215
1119.1400593446579
1098.8206482123246
864.8154195801926
857.9557567376024
818.7529475593697
1216.7767942000382
1810.499390790624
1863.4439707494373
1928.7600573477566
1888.7498679615449
1834.421471829802
1702.240650363183
1997.2895785455023
2081.3844739432843
2098.7911062752655
2097.440927926254
1830.6941727008923
1509.9306746116301
1628.6517917136744
1615.4920536091242
1498.3681869378056
1390.546040053685
1190.976455103707
975.9445612818135
839.1096712820905
1187.0316270977098
1525.0475877002777
1496.7521540279884
1237.279218160495
1090.5279378110574
1374.7810217944138
772.5245138558325
1068.950574250547
1354.4019313166837
1871.3658949378919
1769.0096434427844
1091.1589392565215
1134.974603756879
1206.1629830884124
1028.1476105460881
1117.9902133859744
1260.4442341046092
1210.3040991244934
1059.276043774461
1286.9286473076363
1415.5264451994494
1573.0398699804357
1809.3969685441589
1992.269393857348
2149.5610735465166
2257.439156639431
2614.759467422353
2662.472122399553
2508.453094670725
2442.3346528771153
1432.3781814560161
947.3782782597714
660.890942737543
614.7705047405568
758.9927055373815
790.5328685264864
784.9353060254363
864.0992437865448
960.1602733884725
857.1097295446978
716.8400191041324
1060.9956952434256
1164.8387088783581
1000.5129932548657
661.4229309404183
814.502690395049
790.3699725277858
1075.9965851491506
1317.002319760473
1129.7541261578735
893.9501282523847
1068.9929183499253
1371.087460491183
1586.2433928083053
1833.2911549243079
1808.1719641432303
1589.1904700014516
1650.918073731987
1724.2008450869025
1760.5348117735807
1776.100755412371
1775.5568003525912
1729.0604039994103
1773.2645412711872
1776.2668361791257
1769.4955939076442
1595.6205558730624
887.7572898437479
755.33130144495
404.128805800124
1151.5617553150557
1374.9411706479732
1521.3558776975383
1552.7408047404772
1570.515175145591
1604.6002649092072
1626.2839950608509
1642.9863052798073
1666.9976751284876
1670.5849884710194
1662.9457503145243
1631.4017677200986
1577.295100562234
1527.0922527972723
1469.0288476210605
1413.8114859751943
1374.6626682610984
1347.4494319954208
1255.3176384378846
1172.954527099738
1033.4408142570517
1482.824529923041
1543.9247559415126
1250.8336932066923
1083.785013135357
976.0980823091555
1266.6221432465754
2025.7180225891752
2417.6784409653037
2410.9418601401976
1609.207130389291
1040.9147949793191
1116.689359163062
1074.8356706928678
1194.5392101532027
1146.9601909805785
1323.4142081443188
1398.7067640216126
1646.570085997246
1857.4761776464043
2179.4328109935836
2380.5249356533363
2390.559038897011
2426.0729806121526
2453.1456207761707
2490.962335491843
2527.7810424345457
2563.8657141812605
2561.9352610381475
2578.517653175404
2611.507047302293
2640.860659836432
2734.4081334277557
2844.144544336061
2965.6839075287494
2953.9513155106974
2932.64801292254
2916.8110992148945
3011.8990090928
3037.0937778909083
3191.4281831813487
3205.9898880832443
3243.8727473321683
3227.926574185336
3183.9234429080775
3203.623636365954
3326.387066982484
3377.6138448087822
3417.5947357895957
3401.3236847091393
3460.8401789832174
3456.5903547271205
3540.913992340016
3565.5222371139416
3564.118695389672
3564.095586076452
3545.6829026312885
3519.257582078305
3534.1234838345877
3547.232758739083
3549.663993037512
3557.460794411127
3579.9045290363615
3621.426873534946
3639.1995399109796
3474.9446507248817
3522.0196376512204
3619.5356719035635
3638.204597556641
3626.967017652129
3446.3053402357514
3748.588854584112
3815.607429473129
3817.783513056033
3797.573082141826
3880.0944682631853
3876.963983112023
3884.042975932937
3769.2182267374774
3917.4228826457093
3914.597354145366
3902.8687205213696
3874.816457460486
3710.189525024291
2932.735441213941
2634.2173967388408
2469.9733464269616
2454.047703114226
2467.7732747641153
2467.5031746540026
2518.465153415229
2571.347839324589
2587.2168774315496
2562.3355144396733
2501.1561886095665
2498.8675725099038
2515.5942804196993
2480.9236514408753
2440.3181719643867
2432.136207872777
2401.4642772744533
2326.52980585154
2262.1300333901477
2272.2523428513673
2231.909381031908
2285.822888772464
2262.760102182089
2265.050992908
2252.1232801621495
2246.571390526157
2266.2131903127856
2272.117927582815
2245.9223379359073
2226.6710730547275
2228.647205054663
2215.4380704310706
2194.551093318088
2127.176668050351
1987.1478134219676
1825.9734175205533
1842.5147152354361
1690.0820523769141
1613.1343195094714
1374.9966655613941
1334.2394763610632
1242.045681164449
1265.5212181966383
1183.274472626999
1029.9254771723974
912.1171446071153
927.5973694772933
883.8876456874623
1772.617573912337
1850.4099361128924
1873.0649765216015
1594.1047248497487
1585.2205179792718
1648.1760961800956
1847.7716617149379
1939.6975309842903
1912.2541564602411
1868.2370230271938
1549.4253524995804
1218.9231139313242
1548.1934839707733
1582.4727341972007
1496.8268402471513
1447.2736763709947
952.1344206138579
803.2256492440002
947.5271869117161
1354.9256577927647
1807.6918789884965
1648.4004592896842
1200.7907631428427
470.9696821762423
971.8127550770124
346.0049714762392
752.1423665337783
756.4587039336795
1405.8525780393068
2077.36180041288
1583.243569129955
1266.6389521075396
1570.7956736483325
1529.9071380994812
1383.1950209732893
1045.819280034878
993.3446710295237
447.4021055767848
1220.9146193445556
1718.4248923013495
1972.456511611044
2175.129156215087
2433.286388305106
2519.8604393228516
2532.9496495217522
2676.120138605401
2500.922312745461
2502.603944534697
1962.9679919825358
1110.6384416196258
1137.7853410798098
705.4073250309293
782.9449517218534
866.5541496274731
941.2082341247813
737.4455443751862
819.026120536536
970.322118922323
933.8360077201022
1145.7863022675824
1456.125532976432
1437.4251157896629
1261.5051117196172
627.9352957273109
487.1861094229717
975.7178323620235
930.0128471784116
743.6069347237298
857.6761244376971
1105.5971138482234
1009.000409230836
990.4541358475343
971.356747280718
954.8993815385193
1169.925328001637
1443.8655393108218
1645.2314738046093
1700.7691085107517
1720.8841868620432
1723.3603967309225
1697.6472610274927
1658.4392602876549
1719.9277020546856
1738.3996801335281
1742.1776784262354
1284.1867147467583
731.013907313486
657.9365439183433
1002.9846911325843
1434.3424809466285
1490.548604027263
1526.2146608933606
1554.9123951738297
1581.3612016391467
1621.1221479238723
1650.2515543674829
1671.2948512926437
1667.621005842144
1667.6013703736771
1662.9301079754712
1622.098571274846
1550.491225492588
1480.3319279547263
1418.9724673985006
1331.5777470615562
1238.6582995866704
1212.4106831291053
823.3873100516214
1008.2695762500266
1031.7279352421315
1627.574602605877
1535.8026996165147
1808.939547822954
1504.053359509592
1791.4957189110476
1717.4634311794866
2217.8872344423894
2251.539516157343
1314.519424374226
1166.4172004267843
1291.729062538581
1309.62303535781
1404.4629077196983
1433.2943564358116
1485.864312926101
1774.2078093397226
2174.1850473916097
2264.701393615543
2310.621500370878
2402.5375488222826
2485.617747041448
2488.4210579026653
2486.1001085201083
2537.1688086334825
2568.751987809464
2615.6597638927774
2655.0259589630123
2614.9140409563906
2685.475603737448
2686.530215502954
2711.4315976267253
2752.5207695030117
2849.1453738112186
2962.7415907358845
3057.9226076660684
3032.968352334313
3015.232042004069
3101.18302482364
3087.154894583098
3247.102871753487
3275.353468998367
3293.950872057421
3294.611347676016
3291.0532106236237
3262.0691011836275
3283.065205739433
3468.538832524364
3476.386877589968
3504.2902793821463
3523.3555314913137
3489.0727756816823
3551.8503962203445
3601.330061047624
3569.299471831465
3583.541860406557
3568.54471835297
3559.860196537652
3553.5483779748047
3565.6372643043906
3563.322966030357
3586.9946111995228
3462.8507043843647
3611.844373234652
3657.0687792068497
3643.2650717649826
3413.8006789306396
3638.377457621905
3666.494754339917
3678.495562919124
3493.421274684749
3503.0866698696773
3800.6998678677205
3807.6309150516454
3833.171279976502
3868.5013543563514
3823.575323003568
3804.2403661997782
3746.2166989616785
3896.4020410947433
3887.3976269767595
3901.935879616145
3915.722834685784
3629.41293787102
2984.5810154097776
2813.9311037282446
2630.0773796125063
2538.248654845199
2518.350450160013
2510.1110366692055
2537.552469116981
2532.975015584596
2568.994696503507
2537.2686952027584
2508.4770212405774
2561.7107085445386
2598.4033486340063
2557.327022432356
2467.493009219057
2411.2707893006677
2385.916085972442
2315.260360759104
2240.10249175656
2305.8061754983014
2237.2455082703814
2278.4020648944897
2261.9783318627847
2250.0799184827865
2235.9855861694928
2234.9126580232346
2250.467842371385
2263.697540974605
2248.3457290335277
2240.001817920001
2242.1163139120354
2238.216175682192
2247.2591988494105
2213.4201490588835
2134.592599380448
2000.0891814652236
1962.1314064289086
1730.7423550322765
1676.0629002205749
1434.4157183930727
1350.5010087963562
1303.753336068667
1270.2844486676374
1245.8319335585172
1161.5151454233446
1063.4326920010437
1002.9892913371566
991.2756404156075
939.9101698860073
1432.8530981896067
1647.5305772786553
1067.1268251647
1449.489616177729
1711.235515775354
1832.9770970472266
1867.331041167058
1718.25796906516
1805.5030342021507
1377.176724611722
1196.3537027819789
1204.0532275022238
1537.6891693987845
1295.2462545696974
1336.4563376857136
923.9934912129492
672.6460446564436
1174.7848112671657
1549.785643113047
1838.9855467133686
1704.9915525072006
1551.8558264976398
853.0555419648741
474.7844972631318
588.6420557397723
972.7385264817524
1212.4614534524515
1323.365788600182
1986.4238412740874
2104.091051461776
1936.9818607735297
1513.1522609732112
1896.0506361204207
1697.2360276146437
1578.8475953143452
1272.7047573508235
821.260871623655
1209.7555444031393
1577.8415351925441
1978.0266188811775
2395.6451167685173
2511.473564197918
2581.04416764993
2625.3575912934048
2595.28626759229
2613.633496974595
2415.260822856193
1527.5584031329468
1304.477670816204
1269.1845859918424
1196.442505772526
829.7054547836799
1005.0521202308767
1176.611954103182
942.3865609775786
675.8828857311653
807.6173239962983
962.5917348825487
1454.9042560061705
1445.448887134654
1347.1865711650912
1030.2710540083451
854.8510930758988
1200.2316803573187
842.557733240883
562.5776137756872
555.5748932470727
733.221518209312
529.9768258754264
402.5557685863891
581.2236930372679
688.5697533200606
862.7981759709065
1174.3098957295565
1484.372052575871
1515.0369670994364
1440.7898848736352
1288.380814095574
1487.7646343302476
1519.255646133905
1600.1688586148348
1647.6921852737773
1675.8332683227936
1580.232572498732
1033.0148174042004
515.8852810632076
922.2212746737654
1340.8539403156835
1503.548790455654
1527.606680022999
1552.9805023945928
1548.9821995341506
1588.292924694178
1653.3018015053292
1652.9042856027152
1663.846739369861
1645.4331751785082
1648.4750709362947
1612.1200405676623
1577.8618711944805
1472.7229497920487
1399.1389461713154
1306.0437082423168
1130.0529460391592
1111.6518984802997
1046.9339173327523
858.1079056862034
784.7035808593429
1370.8083630740475
1640.1714833132812
1783.0715212761772
2179.968671946777
2325.309332999499
2300.8152076500887
2302.103775701232
2389.878630669944
1466.5493932339548
1290.9270724920145
1353.7661768725904
1502.6290028079916
1495.204222440914
1532.9730664871431
1581.9651859355513
1784.2923957614414
2024.508011420835
2385.8845612292534
2433.474258943276
2453.5665144657296
2482.1733466269006
2497.087595733899
2549.652308993052
2578.1506228232456
2591.1720739585794
2624.981086321516
2669.3219600460548
2685.515385650945
2699.9976395533145
2732.6664034354408
2760.0788279524186
2792.0232335410233
2844.4161516029067
2907.697898878676
2986.7656314218807
3041.8287033604156
3161.343151895282
3156.5128089848595
3151.2209402264866
3202.247963120457
3281.10292081397
3336.829593315063
3343.624358315991
3358.1713985730007
3361.2267271078235
3358.504102393892
3365.0570565807893
3514.050839317547
3520.576988620174
3514.9208348317243
3534.46141338576
3548.2343929741432
3538.545800922772
3583.853893356078
3643.894880090494
3587.189614154077
3605.475680525323
3575.7718751577127
3554.0470838104516
3564.667205253977
3541.3182102634864
3569.2513784290627
3543.968316295904
3642.524483742687
3649.814132476634
3615.710115853805
3617.0401576056106
3718.9166699264247
3640.105349001341
3646.5314424711028
3734.895094092873
3666.1964461666566
3689.2504376347797
3595.535702056759
3820.2562093054944
3867.0639615129658
3642.9836141987753
3656.022750112596
3824.3840453925595
3865.5506928790323
3899.1516998257707
3899.412786109814
3929.369033647517
3822.2681278461796
3018.6547031735663
2905.2216185674883
2736.875689590225
2656.9649498038743
2630.993639147872
2595.8153455451243
2583.3121536420854
2572.7432918422373
2517.1988286378405
2425.599002002412
2544.602421459478
2615.7754465799967
2651.8372730311353
2624.1607767088435
2531.015094742508
2436.8014111998614
2380.2628446802937
2291.7185152132033
2202.891767278238
2268.154701761568
2265.986978114637
2281.9274650375683
2267.900826868708
2245.3823538192896
2224.2129220815264
2224.089582024717
2234.1152270157236
2252.2556421114764
2296.3089079592655
2293.8965615422435
2278.196793844612
2267.6039650742214
2253.657371584753
2224.2478312421335
2114.2892032871973
1984.9618386563807
1896.7755200361926
1722.349043729095
1629.2849270278837
1521.0557487408605
1347.2361302196891
1303.4661153809914
1288.1368180764555
1232.2262889303645
1214.413883524773
1153.0113185892708
1066.7021371900512
1030.0334181523883
1034.508729266442
1060.835809041708
1124.0837270035058
914.247164348816
948.7410044556526
1699.2291332490154
1787.3479836246088
1777.6130162653687
1565.6811761163888
1486.8381235042082
1433.637092730947
1357.9997078868344
1305.5355217903775
1475.250843434144
1679.0392099736266
1425.8200954971046
1144.2619476309458
1035.203853392806
1377.583926419625
1751.8119318676675
1850.4762162602538
1862.8467531003446
1701.639281997042
1318.321494441958
871.5749899305816
1031.3506365192168
1251.3570975391376
1610.2806689435126
1648.4453518122225
1942.8665034049186
2662.1542339072303
2844.921783461207
2824.568904954798
2787.437237002363
1503.52761651857
1479.25568923443
1428.9458999711408
1832.7484966815152
1428.802661000742
1126.5743206476764
1446.5982619712288
2070.2757049895135
2250.868756960416
2567.591442393755
2616.0862000745924
2650.7489620942533
2590.7599014638645
1695.4728643128403
1229.0921938062122
1436.0582124030698
1377.2636922972013
1502.471263264101
1363.2988626165168
938.9679052581799
1165.1295559011267
1490.3565883252377
714.6996658411856
756.8998544028053
1170.0321820494175
741.1350158814134
509.3945012072799
583.7914606764443
649.8173181243046
794.7891350192102
1035.5644120288737
549.8941831622909
534.7726182422584
559.629036612605
710.9637449793933
559.6079569255267
658.6525731764581
745.8911053367381
823.3409175999292
1007.6044373869091
1262.2215063167548
1308.7304433561374
1267.9339533331774
440.71233381595215
635.3735971924084
1163.318811438723
1322.3982512937614
1382.4633390516362
1102.4160240119065
1279.8963939411876
891.3884565204315
527.9692251770957
846.9429322327358
1374.9110555341294
1473.1852940977044
1522.8898268952094
1551.0896771837606
1560.3092869992047
1574.3180966593227
1589.0534354521315
1640.9717939536915
1634.3270010179845
1607.8659810320037
1574.7833038550466
1583.1330112340693
1453.857273093369
1450.7309164402552
1377.5078347403155
1283.1363523222408
1200.5887584368377
834.6522260096136
985.8819057704435
749.0215511389271
646.5649301414533
810.422690284588
1600.2023987153007
1776.388847708526
2181.871291923912
2490.0124280884434
2459.551796272963
2502.734789998916
2448.1037503043617
1281.3817439569812
1339.6817314781454
1435.3358045631926
1497.0202243757467
1572.5749974489622
1581.738962022138
1592.3252580550875
1754.1943929337867
2042.342080412862
2327.9245284455437
2450.7189749081
2498.5768395642453
2517.7201454770834
2506.566735228622
2533.3531427082125
2613.6061985770475
2621.632858448232
2642.730934680941
2704.234247531104
2710.143196925975
2738.939203502276
2819.5454471652583
2839.1739586091544
2846.078835533097
2853.632919007958
2922.4286449109313
2991.0587756953337
3047.5595738954303
3107.6257153071624
3174.1780940431304
3234.1085101585404
3248.9963280639863
3275.005928341346
3310.5139249854133
3381.8218104061925
3372.034304844612
3411.8500368946393
3424.1444057954072
3416.1017777904226
3447.7251128370585
3467.596808103677
3547.7105139398177
3483.2174946016335
3534.3329931824774
3566.2977584000196
3563.063649851359
3566.5712381059543
3598.2259942580754
3602.0625081420494
3614.852031807529
3618.906240948414
3631.339098336257
3601.754242606391
3596.7691439771997
3661.740828887453
3667.937757358799
3702.4187661632063
3710.4298399787294
3728.7694892736204
3731.1433955043626
3743.6871399016977
3697.4542547027777
3742.341104517369
3774.310708555382
3753.392222762461
3681.9708870300337
3149.578654978411
3530.5381937789402
3905.8985184733037
3820.447688674594
3443.275725942091
3801.7079669654786
3869.2465701022097
3887.5041396077554
3905.44838801227
3923.508737814191
3955.329529822878
3026.5878394665597
2947.9970463815675
2854.032852991993
2799.486181140202
2764.965894721326
2686.490931302989
2647.0472203472327
2641.964636818633
2587.6136558171374
2532.625933462969
2578.856476992306
2653.223142933644
2682.077489138596
2680.276543590227
2603.1338449140007
2486.3205054011564
2380.0732262737115
2251.3231246366254
2187.9057447255886
2252.641233251895
2257.3706863251086
2276.05947119102
2262.0749281701196
2238.053847447403
2228.935404518908
2232.3789938431587
2233.8708196833245
2272.93241294074
2273.446865811409
2248.800742775249
2264.1463070977657
2245.4170139544167
2242.7048466548363
2221.6202774900985
2105.022729027785
1992.5667114208252
1884.812237883687
1811.8116655857175
1674.2207512430223
1537.962330450374
1301.807812234339
1292.0324017904265
1258.2838259166067
1237.0827735781058
1213.180666720696
1158.09886945823
1119.6678862241895
1100.39529538349
1079.673579354729
1165.8903194508016
1045.767450855781
987.9376543397145
909.983027505091
1295.64423447407
1708.213673470674
1724.7665762464367
1644.7267405730402
1589.054036751576
1535.072291147813
1351.23952824801
1152.9823135320048
1456.118695936782
1632.740216067724
1489.4915851158853
1208.742844101842
1274.4072924274667
1488.1352939166427
1795.9292504192906
1935.805186385344
1966.0396904901127
1845.8224219272176
1628.3481185032942
1245.0740542985584
1210.642623737015
1610.711027697535
1705.7056040418165
1881.3298599401724
2140.420029888603
2810.336498704473
2872.0335813734264
2740.76723122174
2796.6290641101573
2841.9228249228577
2122.9433659770666
2078.3161873208073
1765.48900386464
1573.9877590553267
1223.027796527944
1204.7352775966901
1426.1626701210594
1966.3443633182014
2180.786320190982
2469.040767799584
2181.2064266929037
1725.5665199636005
1652.9181209707394
1452.1522752704636
1353.517845637901
1497.2682554429823
1600.4653486479824
1695.681740061785
1561.7053923337903
1527.222853787458
1662.4272877023707
1366.7811941052576
1177.5420428085733
1639.954514257729
1614.4498530748435
1547.893894253156
1528.0625966967261
1336.678386148305
1047.8771609654266
726.8606642246723
640.199887124482
760.4540855345136
730.5973871982663
691.8525763073045
748.9284614391975
791.2707421815979
831.6027694606682
898.9800000000331
740.8039887656292
761.3782719231132
598.7041057478461
480.4395013080292
206.91284907268425
-99.0
278.986950621956
162.3116799859965
-99.0
98.17915414006696
293.9655346764448
290.855802619333
943.7606778357324
1273.578721862709
1409.4083203553346
1507.6551598625833
1543.2514385761142
1539.1061516996383
1560.788340174274
1570.999473686992
1594.255083243286
1590.232953398071
1583.0305573961257
1512.597635774306
1480.6996596421166
1186.893508751585
1231.6993197228828
1298.903619475111
1215.2805001797026
1143.919186649958
1020.4559138040041
679.0633740198685
764.619325033821
670.3161921207615
844.9628724693721
1288.0229972921945
1408.6651270996113
1593.8659073432761
2070.1902352338466
2498.391898179503
2481.661213759216
2355.853058651682
1281.0174213534012
1268.306621841514
1275.6802058839046
1514.5444955329772
1651.3401976068296
1678.4043185163516
1679.277471591781
1769.479175023522
1648.2764736463973
2198.631545654189
2410.642158788732
2484.5419790814726
2532.7612196305245
2585.8196474606616
2578.611796104134
2596.6962787843554
2656.462034025977
2723.4416655377104
2756.7024892585005
2783.8413467514056
2812.6255773431535
2843.3894457024267
2874.7487434998206
2879.726929568921
2892.397851647967
2913.934470764051
2964.7215576916155
3015.295673471705
3067.2691084861035
3136.234799561213
3203.277705972238
3234.8484953914067
3286.8903677413523
3313.3655781005755
3359.278616464374
3414.931686636543
3429.468679796153
3446.455560308204
3481.0801144126253
3480.2876986868123
3497.4264817817652
3522.096855050363
3548.5689419600926
3547.3534471203843
3583.4487111690705
3581.646369530223
3574.915675158185
3579.0145954849854
3591.2608741483436
3637.9302032602286
3633.284031107338
3644.271533871544
3657.1200090614216
3648.965790808267
3640.015349079988
3651.2874403755286
3677.737253147766
3690.5013470874023
3734.566618588059
3725.048315907463
3756.1575639924667
3778.46121384473
3761.0742025273753
3733.767519960296
3786.738130866065
3780.72754092565
3783.587397192939
3679.889191700537
3763.163792716218
3917.7559168263756
3924.8652592712842
3820.9432512982767
3889.205742709605
3935.2235052688775
3977.5903992389303
4008.481307049782
4013.2546689437077
3996.8956307460703
3043.7728763158675
2948.275215567197
2908.879515020539
2926.1203451335828
2846.888929444842
2749.4518563866127
2667.4433529892663
2666.456485134685
2673.7034236773234
2613.547914808001
2622.9017396982467
2691.91693801404
2696.9421036902454
2739.751366693199
2674.546658172402
2537.476076150269
2312.993171283864
2168.4563752406852
2226.543993673168
2253.747607448999
2259.7311458520435
2275.7228090008853
2269.703589019598
2245.494083948387
2253.6142814484965
2271.348484503031
2258.4253380804216
2293.8602709860206
2286.9891925439283
2271.228471029
2291.519878354993
2281.783868331039
2259.9073663339364
2218.842049016995
2133.018561442314
2053.4206798013624
1985.549589838273
1820.6106539488371
1777.9982290240769
1603.644296331949
1364.244117661968
1293.2966000418983
1303.1001460988082
1252.0918473052695
1218.4449844015887
1157.3969186558531
1145.0569975567398
1147.5569269909895
1153.6682994555476
1155.1061215874422
1150.6416819374315
1020.97413582383
946.3691780012198
916.7928125626156
1648.1198581673348
1668.9664848914533
1707.9011988349466
1756.1957919690694
1751.8730804224722
1556.8963414800435
1229.5874849208524
1631.8713016821553
1798.2332148724315
1704.3515744660092
1314.8719564550756
1462.5013911869264
1611.834233000682
1807.7278814034544
2018.887569146623
2039.6744440107993
1994.155579868983
1983.22262830175
1754.9351102584892
1451.5167386009846
1539.5151188008513
1928.4601724581426
1698.1717339613836
1500.6053228153862
2001.7718191562615
2515.8211306433154
2875.0114099203697
2354.117134650395
2479.725601438218
2373.7887781122568
2044.3879546994644
2067.4133018316784
1954.5927193632176
1779.981808443494
1441.5008581563075
1562.1001987501916
1673.3932822429013
2262.3390882097688
2182.046633658801
1975.6946142396125
1890.1074901235822
1588.2647452324468
1313.1888678291368
1541.3297562772852
1693.0317150543851
1733.021426862186
1731.520694519445
1845.562060886033
1907.5703338737242
1783.3723822094903
1679.007796945797
1712.4513584768163
1651.2991799926087
1664.7571812038695
1556.3716668810816
1116.3164986544673
1100.252012339779
849.9526546427812
776.5670550058256
959.5380383701979
870.8321345632604
706.8371521370916
746.6256922966971
795.3837365342292
767.4151173827953
686.4166752816176
349.4864059198682
-99.0
-99.0
-99.0
-99.0
-99.0
-99.0
-99.0
-99.0
-99.0
12.734343437125796
679.0467655443834
981.1421901354213
1314.2317585424441
1399.67349883539
1423.5895806083347
1418.50706909343
1445.5518643100372
1480.917006444556
1539.075943104151
1570.5855251937367
1571.6281238044255
1547.3146958739294
1495.2050958884652
1356.3917750258008
797.1514311233511
1045.1383769163838
1249.8009869757466
1154.0011137229515
1119.303859218912
1082.9181479101514
821.8930987625713
842.5052939681418
845.0486652806953
699.7284545268074
1112.3284057986696
1338.1564304652848
1209.418082826456
1493.5110381991406
1743.6706555899584
1998.9660056175996
2065.2038589219023
2076.82639854796
1234.7954710454023
1176.0573808567133
1456.020157397754
1652.7760614636627
1709.2186178621942
1752.9605667135509
1806.5649257442485
1629.0642862745904
1857.9540020330912
2293.9015010441353
2401.3396046288217
2441.181274467573
2527.3251427923615
2580.6345910404393
2605.0722756853206
2634.675379227905
2673.3723550674285
2700.2654571721855
2764.613809538295
2791.529158395332
2837.4309643548445
2857.93321088281
2882.3537914990143
2903.0904824538093
2920.3478628278576
3015.66993515618
3027.779241186143
3070.3970822472816
3077.4919601310003
3136.0371393300047
3202.762352801448
3231.901801333279
3279.679654418978
3332.3985567319273
3364.657081602728
3414.590304872578
3439.22093409384
3462.474575047393
3484.8061217103887
3501.33702867726
3522.767102791249
3521.78650876397
3526.3238371099233
3544.9579963257834
3556.6449263823456
3569.6712026534433
3564.55184138911
3578.9694785213637
3578.132107470653
3633.143679248899
3665.470741862965
3623.178197553725
3648.7499020338405
3649.1892076870026
3651.2463002103336
3628.956840889726
3656.808062957485
3672.443439556378
3681.571174256606
3698.16607029081
3722.6058786740755
3751.161923479103
3776.160110108161
3784.8900327425117
3791.254572722225
3798.9107471688317
3797.3976733117856
3819.3680528100963
3795.295359510288
3898.8010171495866
3923.1188266830522
3872.024498462007
3901.919335541207
3970.8168281327153
3967.6037363577752
3977.9073196738996
3992.923151151243
4016.631582942544
2987.5460570980285
2894.7527799263876
2896.6247332531593
2952.453258284644
2912.519543414944
2809.7068082956534
2716.016761371153
2691.1730078750456
2700.611228987768
2692.412502050561
2652.991243740628
2692.1880868025914
2734.035790553609
2772.274200250322
2695.097199743108
2621.016953738015
2402.3009454066246
2285.2578677330357
2312.614312577189
2287.777916827839
2254.745118700609
2263.4763763984674
2263.8975925516493
2261.0680585821474
2283.5366706161494
2268.485563405376
2276.4951345535314
2270.052280996127
2266.84881191981
2275.7125732859345
2291.718030473903
2256.688155506126
2270.9355610562293
2234.6584367067917
2140.520993114681
2070.961602093948
1973.975748112942
1830.0573837991558
1795.0861265801777
1695.9128690871264
1578.8278383743648
1238.3400866523648
1239.2621329120625
1240.7362424092057
1205.9660362949414
1166.0324837721948
1158.0191056678825
1185.8531825908174
1271.5733817548185
1283.6764116662523
1257.2579119883837
1180.1959187115892
1039.0080620939298
918.8472770621879
1341.2602317120163
1707.9066138523408
1757.9622124206755
1799.4507348407835
1866.258105727371
1865.775185328098
1930.789772294964
1924.578585829319
1962.4739957777074
1894.3733197677695
1644.536124123987
1542.6209902681894
1651.6223649765145
1849.1790036649988
2078.863313642631
2093.3678832582423
2102.6535200990475
2020.5659588021258
2225.6494154048264
1784.3234303948022
1623.7870368445865
1900.577612007164
2067.1466333146195
1447.4372509976215
1139.4315475867684
1627.726174592058
2475.1207541075264
2194.2768838426605
2216.032158723155
2129.7476037007186
1822.6025255862212
1980.7910548155069
2057.2169062726744
2050.2633751259923
1624.3890505625768
1925.5728028533072
2195.9004213596268
2232.386303123571
2038.0265464922172
1880.042505279937
1693.0397219056258
1503.9837348729066
1496.5070434820368
1686.3128485382692
1797.9169145035796
1796.3059928963662
1772.6566110390625
1766.410945381071
1826.5631122579978
1824.2819977104216
1788.0458540638133
1878.3074941045734
1836.8459598151194
1580.2322156493212
1351.7955561332326
1140.1333162046333
965.9668129182313
895.1842936019881
1026.6184134988712
1026.1682154431373
916.5589076657716
813.0161605970699
693.4220925922672
733.4262356094425
384.63262397909784
340.4470193725286
-99.0
-99.0
-99.0
-99.0
-99.0
-99.0
-99.0
227.355106218647
724.0159135139605
865.0646640620968
1005.8758554325246
1156.1304000775133
1302.1111965565826
1317.3720593869023
1217.7166271518465
804.8523218489431
1268.5725337532224
1325.0448460522662
1371.5012776890044
1395.5468805547937
1524.6757288954338
1581.2231005765268
1540.6227623995362
1444.9698323381713
828.6917985090428
689.5402762715336
1149.757597859228
1188.8038344915142
1141.3659722670513
1046.458111832817
849.1489640597206
749.7238251032802
819.4425910305582
731.0224048158726
633.0864327421598
1200.0309309102595
1201.2004630901008
1225.1346580758727
1316.7557003441536
1505.0630601237267
1691.2535569722515
1619.9061873414664
1703.6277834879456
1080.3590515424464
1495.8255728309282
1637.1410815567647
1697.125254640905
1775.3816902980489
1849.0451085121083
1966.9975193699343
2059.452304574337
2225.71421976358
2245.958802720001
2334.338881902643
2415.730298885264
2554.7062855616846
2577.220109152326
2578.624127501404
2234.552546910502
2605.7969446859083
2714.889323256253
2802.739391194276
2827.8449115111453
2832.0661671259054
2852.8029534218645
2880.0756778432183
2899.8640841396077
2937.373869933955
3026.224504906073
3083.955736769514
3105.5355100110737
3126.64443934973
3173.797064931462
3199.0492443826724
3244.1152189858544
3288.514460539583
3334.161487496325
3364.6904751658826
3406.7197455816863
3438.5218965564804
3466.495571168974
3489.9696586367454
3515.771168670929
3533.088867945971
3550.0468861111076
3560.5602640076163
3567.2681689759106
3572.9500587328635
3579.1613220642485
3587.723852032116
3598.2371959050793
3604.713778809472
3616.0313912855527
3631.054224048479
3620.8417928886497
3626.3782498771147
3651.8288455223214
3652.7940799869584
3638.19916062395
3655.723127303466
3663.9018104826896
3680.01315819337
3703.244794443274
3709.6234996377216
3732.284333249693
3751.525812495546
3787.3671418507492
3795.0101204628345
3807.577747555886
3820.478124137027
3824.40335443331
3819.46894297507
3906.339243928643
3897.9767806140026
3876.4687562994413
3941.353926745396
3938.7686878850327
3960.166922307418
3973.9731430127895
3992.6262682341057
4012.563913068398
2923.4531468776936
2831.968899377274
2868.295876098301
2962.702413152415
2948.43467068141
2847.3030842639646
2743.9911752042553
2704.690682395398
2700.85878576154
2661.367870889557
2607.1718010180725
2618.764917527037
2717.619842985998
2754.9658230210603
2728.9664837971764
2638.2743560330828
2433.935967659441
2366.23784117413
2291.5820713590224
2281.7336949165433
2242.1477570127695
2210.8346127082104
2215.7701591227105
2229.826297192287
2231.200784473604
2236.8921852631684
2261.6335990227485
2254.188406614237
2267.6012298580645
2267.662905072417
2299.481902972025
2255.9375310725304
2271.339104342077
2230.381187598776
2133.9779178576464
2098.6198982865944
2076.3163121309285
2073.338127875563
1878.5302623449356
1778.6142841695182
1582.1411921440058
1231.906196505595
1216.1141913112938
1186.2079285749387
1174.8672301427243
1209.6462179276948
1194.8286995813464
1212.0722786569484
1288.1674107583115
1396.289677598974
1406.8690990213527
1326.9273784752288
1207.6860630296055
1070.7923555902823
944.5163917839184
1503.2362357742074
1760.2103934794854
1804.961785290853
1852.8753717336733
1906.1093140983876
1883.3093971964868
1890.5625581650163
1949.5468449827579
1961.6030816840148
1854.2939112305173
1593.2314083129113
1733.670572993759
1835.997451233654
2084.873128940421
2092.749978140732
2094.1619389938637
2153.444758495978
2227.166540197892
2225.249977346246
1885.9173415079663
1909.9733987062245
2130.5298461218886
1900.6850710731317
1251.446034207024
1064.4796874671151
1947.2606125236446
2274.918934138227
2095.0558273560255
1806.9053656557428
1742.5230094946219
1787.6807473801064
1838.895095508211
1969.8499275611573
1910.7712679316821
2196.3418772028967
2263.7224603412533
2262.289584111122
2027.3905243830673
1749.3884151346886
1689.080100712892
1763.991088550384
1698.5453951705779
1863.2813773837213
1924.0095215758886
1864.881644605942
1807.523506852065
1720.5525939728498
1785.9656952293512
1817.174599844339
1865.0297652325578
1833.2740152266117
1717.8378134223583
1301.3015993345737
869.7827314595929
525.1618060242661
343.65814990142275
521.4222301382574
906.3199620454657
855.3952947697567
571.8474622679425
102.13769312932625
273.0905218055974
146.10976169766406
133.625848359006
23.54146957124838
-99.0
-99.0
-99.0
-99.0
-99.0
96.99446095742981
714.5903137707933
1006.4680481008756
1145.6077464404702
1197.8521794799024
1269.0071716505224
1294.704971176199
1299.0268646763623
918.7466828704258
230.0779179707187
159.8821802432607
561.4501173394553
651.7491305528868
626.3856774575731
775.3039107359613
1220.662484947469
1561.0973421790018
1380.120336626178
1037.1291010900384
1086.3098710201907
1161.2960499950843
1216.9385297610938
1166.965335521958
1077.2722827947182
808.8457492220939
708.9058086715107
571.2287672434303
711.472996411315
666.931826890072
1023.1167673273397
1102.8424066638509
884.2698258967181
1065.2853613794205
1367.6711711941346
1412.718827307497
1358.0322134697547
1221.5346467216639
974.1097152996349
1191.962010370729
1502.825763107516
1555.287901427869
1609.0329473794643
1791.4860659290093
1930.3233703597648
1965.227792894224
2028.4299767189975
1954.350200515744
1742.9102057151954
1832.0632103644468
2406.7791276501025
2530.7107651280103
2599.703341502239
2575.0974337682524
2740.448395052445
2727.5046997573045
2857.476332756555
2851.6975177088166
2840.422515494405
2869.994138272375
2903.5160717030726
2901.5657751563326
2871.799615294794
2900.6238643095535
2771.854275508917
2813.4492086141995
3064.8712835806887
3156.8725650211336
3194.213612896205
3204.740779113794
3256.3383000896024
3251.566688025713
3282.543828041118
3331.5791634407606
3384.6032342033154
3448.177799881072
3467.0449287132355
3490.730234362869
3517.5821658344803
3550.3377107397746
3575.1356441362063
3590.7816814555504
3602.6122432483626
3610.302826282934
3612.9923041404754
3614.627957438723
3629.1281095412087
3632.5729602137517
3645.8568628544476
3649.7999080355808
3648.190998770874
3648.623256916661
3673.918862107053
3686.2253809410836
3689.4733545312183
3701.3602562685014
3685.6620510741136
3733.999656839886
3755.4991838567275
3770.0848276828656
3777.009573965067
3767.1613041333208
3789.013308144799
3820.353348920268
3828.8325489764393
3862.5056594790694
3852.2928926659815
3869.29527926285
3839.331188934155
3910.796539268497
3918.742504938436
3977.4
3958.8951538252118
3988.102947604311
3994.644385447767
4012.6017410638133
4035.848402725029
2821.821000408436
2798.6298648951597
2860.1429623688587
2931.7951531955523
2922.5505472951736
2840.9795680750517
2740.2857681333317
2690.6083651515405
2683.0563130236633
2653.26973316437
2637.8069753116147
2664.3379626496644
2709.17828043548
2711.7488760890733
2724.790928826295
2668.0898495669876
2548.363482301777
2367.644101853579
2247.059459419025
2213.5906720029657
2209.1542861932244
2200.7572593915706
2201.518756386478
2191.617960098938
2251.897473479794
2262.105446830315
2265.467858101853
2260.7086917790516
2249.3494234096684
2245.8961870694566
2259.666212206273
2251.0232480153823
2221.95166283783
2111.778805216912
2122.4958694978322
2118.2127316274323
2099.2313924129908
2029.4099915003915
1865.514517127339
1684.8864967641164
1630.0836433033091
1365.6085339504941
1191.7714410083197
1170.4150807837068
1166.2136061366937
1182.3488136910205
1174.4227030802156
1263.2095359869725
1358.765349443402
1426.1528807631962
1441.3305307590247
1435.799816085992
1388.3642764446283
1337.907209307841
1243.2273287114838
1262.9320630630602
1405.8741912569033
1612.9673530659456
1965.3993011062046
1900.1712586595927
1919.0736900991283
1914.7519940885309
1919.183150268813
1933.295881583322
1931.1322460378299
1796.390414815498
1808.793713258768
1839.6965871718755
1842.2963978994273
2075.745886821447
2017.301912130826
2053.298393572761
2210.5190747272663
2247.848419642981
2224.695602518267
2067.499057768711
2121.1967768894297
2101.820468210857
1678.1345251675682
1449.4346760355202
2032.8519280265095
1914.9364766924757
1998.5912330808599
1641.349838974972
1575.872330072532
1552.2114939970043
1660.0185513363535
1731.2386431394411
2137.083366979637
2068.5381829448243
2263.0127178029015
2283.667573535933
2028.9512996401434
1834.8731276694768
1750.6748806521684
1974.6898404847082
1821.150310293697
1982.8021057717738
2000.8428026426502
1886.433070570789
1856.1077242757153
1762.7121388087803
1799.97834269076
1892.1005422304645
1846.9895405701993
1789.2192946944206
1586.387476843548
808.0489839294164
263.321042436176
644.1489147247488
909.9551670535872
1110.3889824251905
1046.6085512010643
838.169661575054
246.43645832161877
-99.0
-99.0
-99.0
65.404148761119
32.676656197126135
-99.0
-99.0
-99.0
-99.0
609.3265603855228
1067.0033757944507
1149.660052077184
1257.8011021471789
1262.5707406517774
1255.3552471640435
1298.7876317852808
1261.658024536251
589.3512885126712
170.34677652634255
-1.81
-99.0
-99.0
130.668015084007
482.9595589508848
1031.0748094510043
1396.7575238053132
1550.061362614127
1074.7112283563868
1133.3929226759042
1333.485259225851
1303.902675147368
1233.0490692250082
1119.8750404208606
951.4687909770466
538.5025620619812
310.1384745386083
404.5385171535495
482.0550900886081
614.8873826587645
979.2448486671744
853.6425377900018
608.7576838626644
749.5715282551714
942.4257729770496
927.3313559391387
572.7593776874048
841.2843969774686
1002.008387679754
1190.437696507717
1339.3478156678575
1410.8818896637003
1549.9191037187
1846.8896739626196
1966.2794110680018
1972.159129929027
1720.7934225030826
1542.057542160399
1213.5889628242649
1084.7765860448621
1490.9915405094107
2059.439597296129
2058.317414539749
2399.9602059765352
2565.4519438449015
2634.9428733174195
2804.539114699566
2718.5535821345893
2826.7486124606685
2865.6709828783964
2884.629247803832
2857.2407538059015
2828.6099830495896
2853.0855622791355
2841.512383986645
2876.3919059303626
3002.052769112631
2971.004385075989
2992.687472175715
2993.873895808309
3087.0650481076723
3143.791823929497
2998.5062596570624
3084.436019782114
3225.5855195800123
3326.4992838848502
3426.6398719719173
3450.229225651979
3499.1099717448574
3529.079126328113
3550.144929437549
3553.4179730520227
3606.108622003429
3636.8499469274702
3630.4165258252942
3631.2608765034915
3648.376770851697
3643.1930179877927
3659.6422442141425
3660.138859968845
3654.8719285097395
3651.4612386103
3670.7555364793366
3690.9927372960583
3690.3540845183493
3671.402264220998
3686.869888178632
3724.9553251982425
3736.191583749847
3748.5055713601137
3752.1586285351864
3773.5035820820194
3787.437378262975
3807.903654526383
3809.5432369703763
3821.2005584889844
3843.8586643477365
3845.164987151856
3849.9690488194055
3895.3102456068495
3926.630830520834
3942.5777331550607
3969.3379814152922
3970.002812269319
3981.5910787093844
3980.212461347985
4008.955310631189
2729.1526951290602
2731.8438721007583
2798.195784617316
2859.311346605632
2870.640919438874
2833.308655066826
2752.7870849974533
2684.4425134165067
2669.179809141437
2669.377347446822
2687.470697563079
2723.5033228399766
2729.660435838693
2656.726950466237
2676.723837202895
2653.129225527945
2494.0296592343575
2307.591118774212
2172.042367210257
2180.717066995375
2175.216721888023
2170.0712495239404
2175.8456741906534
2191.219701171461
2226.6888080979797
2198.278382733107
2220.0477387002866
2255.567918464736
2232.7767963799265
2217.23139908507
2234.3171219551973
2230.6981261060696
2190.9949473778915
2138.5450624823793
2122.2413476758343
2122.741646785459
2089.975010938437
2016.0667633604544
1880.8776418915998
1719.3646879179178
1562.797202065048
1445.1758334254187
1144.1965757014452
1106.54939360157
1153.5243484865593
1187.9287069703332
1187.988749417752
1222.320164107729
1312.4332996160158
1400.5910722790939
1413.6684212704079
1455.239366078412
1487.6358358134266
1481.8338628283097
1423.5436375094835
1342.805847891558
1624.3670542104485
1700.2954332775696
1811.5044261659368
1873.992460743118
1898.8352501612997
1911.1259520677238
1942.278450937733
1918.459526091568
1918.6055110519198
1880.9474513724415
1862.0480719619557
1876.792120009112
1889.9277386920817
1964.0346506440676
1791.7663738839954
1913.1853886614235
1921.0018946602013
2226.2932128722705
2224.3714296393273
2210.4393351689355
2145.958357280564
1959.4147258524729
1963.2640879993135
1797.7289876129175
1898.9881040942084
1643.282946330391
1871.467802313526
1593.7640089216072
1405.270273385549
1443.0460810820273
1466.7468425517486
1656.3551097048526
1695.7152140742548
1829.7730196215769
1985.869911662413
2150.365799635358
2102.5319298572585
1932.1312768758364
1973.2585537502757
2041.8945390487158
1915.96785118735
1934.3089444632176
1941.3378116428423
1871.7681992184637
2004.811075518526
1829.6500722515102
1809.4928932188704
1918.8030650523065
1916.5250141142562
1415.7163208850936
1127.504468289015
1351.2132645490294
1193.8489199327482
1198.4083701066331
1279.241739704055
1201.4264943390974
739.1257965085316
16.77145369618265
-99.0
-99.0
-99.0
-99.0
39.40742236902721
104.72733419987676
98.91065666413458
295.8864635839149
492.3473195655315
1019.0192554064902
1179.8960130649732
1239.1919767640604
1256.7617619209277
1267.7482604629188
1272.5979416205043
1251.3927700759853
1127.2540137612348
554.9299341677441
106.7983387172742
-99.0
-99.0
6.819965224821753
108.83004710367697
905.712208473828
1192.6345782839126
1342.547666320617
1376.5091600407004
1450.5896882617983
1399.4827406314942
1349.1673074495595
1449.9407008295814
1344.136977562744
1201.8885466582467
961.9286759914421
761.267862497944
233.41542410027995
271.5811142135462
336.05400944096255
323.8277631887773
616.4194823030865
797.0757687363339
490.11566457653754
386.3328904924094
530.5279744026739
598.5263032087755
615.1825132952398
794.9548048381281
918.7171837773344
1015.6231120262747
1220.019290267281
1272.3944143229055
1390.0016104588524
1559.8183797405125
1829.254068199293
1815.958712349244
1738.663225089042
1655.5716703319445
1517.505169020588
1443.7078364493234
1552.1014204035923
1691.9714377908792
1635.3043091866853
1299.3213364206097
1500.7327520068934
1533.8403359026381
1783.8662118073737
2236.435460843927
2447.7637032831485
2749.2231418675074
2828.84584526148
2848.097582638403
2855.54591111564
2867.5888462956505
2888.228336334736
2918.751963828907
2953.5539108427233
2986.126287701288
2969.96738868774
2941.524588281845
2916.9683478979164
3045.1852179355255
3059.758841711716
2961.0965119697025
2919.24210250792
2902.3513486663787
2972.419465129721
3265.4074690374787
3443.3237065334993
3477.5499865400498
3528.38904003422
3545.066064898692
3612.3414245770105
3596.064479354558
3649.579299281803
3662.7200275250343
3611.7545766356625
3651.2842610225352
3669.6448377270235
3677.3381588730213
3678.852997859845
3675.1911837721887
3677.436480144726
3678.924242368942
3673.8739640946897
3672.1407977936055
3712.6550012131224
3725.1340178854457
3729.0338330304126
3729.1777499317345
3746.7849145184864
3757.692852189212
3767.8131439297504
3796.15592682955
3662.123771483507
3829.6309457539865
3841.11392768942
3845.3307625046905
3854.7852606175306
3885.01476008784
3907.6432468005714
3932.974615592427
3920.8144828883073
3906.8656404623475
3978.7382327733408
3991.5082346783097
3995.9066974078664
4020.204311476977
2707.8026501550935
2708.5999326276124
2756.6466959327677
2805.9605626292696
2835.059881493534
2836.4861429449015
2786.2923762123373
2717.864053674682
2698.8692344282945
2714.7255050908434
2751.9566251946417
2789.501619968829
2790.280696627798
2752.0719977517506
2714.4869738894795
2654.591872215991
2464.71792379021
2230.0677983993
2070.78282722159
2077.5735406237527
2151.1299997832034
2135.433060538305
2154.4546477059544
2189.2020883679443
2215.0727069329682
2225.0166985250917
2224.654450766715
2229.803020044205
2196.4691895136684
2195.7305112984795
2215.580777209422
2231.3967950621022
2212.387047909455
2178.4735654735423
2170.689339635191
2123.7257819373535
2068.633607723127
2004.5917263434067
1909.2264648203595
1755.5822295706257
1576.2348160565027
1419.2871799979846
1305.517713545305
1152.4940093716136
1127.2405935037316
1167.6618294440743
1175.131918025147
1184.7828991074068
1296.713237487497
1404.352556679715
1408.1319761430814
1435.9443142300343
1457.485590035341
1497.7238676678892
1501.5162663889264
1545.725145211261
1707.6581831333058
1821.7139235787765
1832.053705484831
1836.9384685969114
1887.1781883381386
1894.7529022535844
1930.1360315578147
1950.0535120196673
1925.9429570125837
1917.1240973917095
1916.180799281092
1898.7979237470538
1953.234903505499
2047.2085945986016
2059.702864977393
1896.3998020268245
1766.6522029347432
2090.546573358743
2245.92128324586
2234.15935628432
2147.0705697452017
1618.8140054197208
1791.0131353716574
1829.1417414061589
1719.5900702324889
1504.9243940656424
1542.152344218838
1321.5793819550659
1140.3783158282238
1214.919462040732
1368.5524712610586
1385.4229782255688
1597.3535965481985
1776.8020065059084
1924.9367265339436
1919.4730505599528
2061.7206114733926
2007.9926475694176
2035.1085157832695
1972.6674376346075
1640.8731238397265
1605.6505478972858
1781.5143320017582
1808.2746025064753
1853.6057636938494
1757.3617744957924
1763.9720720291023
1908.1157351925788
1754.885824425991
1736.0377090134787
1776.941556505756
1724.2724205005945
1664.593173949298
1648.2327612695838
1593.011743260669
879.2886694513059
401.80724631049674
318.07753870276673
90.66354041175825
-99.0
-99.0
16.89069548846991
136.10576610664882
538.6998642217164
841.3028885522058
926.5775466150371
1146.2882963285458
1230.5026074533405
1261.343764417504
1249.7176847700682
1259.527387074155
1247.1190130038265
1105.8578085799682
183.81578996903846
-99.0
-99.0
-99.0
6.565714074259875
75.4843564613873
259.16670716639953
919.7140060203561
1219.547929633201
1316.630515762466
1351.4899307990859
1361.20537683071
1328.9331162557883
1338.4806467061744
1457.9719361712262
1422.4526318305077
1255.1029686887427
1034.118224749718
577.4350602772524
159.2888644664841
130.13969202294663
135.04896501784182
123.91325389487464
269.3820133844068
531.2429408331498
355.26469988768343
285.175718231973
412.5871863997867
375.3391532390056
400.4874605067334
674.4578821703299
905.7121441092088
1000.0548268850301
1082.438848837932
1230.478596133463
1221.4224949095703
1336.581345317425
1583.3166255883918
1734.9338024006368
1715.7999231964748
1692.0452601821744
1580.4836734258538
1480.049590647073
1554.4270295835654
1477.564496908743
1510.6236418385542
1370.4584798121302
1389.0143740584092
819.0056360770088
1022.9637133619943
1787.7691240817958
2127.7566455051606
2369.07066801266
2713.57674408831
2842.649166235992
2853.9032125494086
2879.873305274836
2910.4973495261183
2954.6407356838045
2987.9230673315215
3012.552161339819
3024.6458888781845
3018.661870830496
2982.881561001148
2959.4643282616594
3029.8635346934057
3037.985378680747
2949.6450299114
2880.305140312683
2641.456149024996
2744.753142009565
3048.447229749589
3323.930440730292
3452.994256775929
3435.149324951607
3507.656059862084
3570.7342040308167
3588.65698195014
3616.6249767262957
3697.1383923704316
3657.544673022985
3677.2928280666647
3693.2016666194954
3696.49243040331
3690.432584216972
3690.1251372158754
3696.1735821510056
3727.7624361076478
3731.954575655404
3699.281416232552
3683.7735203604793
3699.5306098341507
3732.090803562931
3736.6733711283705
3747.608877259661
3756.395419514745
3758.6879144827712
3672.8182039087437
3580.399871967202
3824.0928113992677
3840.31655026847
3866.6534095712695
3874.444251620247
3894.2902276967293
3911.452965258448
3944.1237196992365
3922.116848384664
3779.9642652358025
4012.8282466523588
4018.5573888315052
4012.5535049429036
4006.993935924485
2751.616138693111
2748.521866511829
2773.0167487272315
2803.7222186711833
2830.0240331380837
2847.7416685552607
2824.602374322952
2775.0106114245878
2757.254603939144
2783.7173761058993
2824.378107324149
2839.2795054731723
2828.1373402891913
2806.9890221793958
2752.1115684447796
2699.965468723483
2500.458443144508
2218.8818669210514
2032.8863777629244
1981.2712597843843
2085.4822206971967
2085.9514336641564
2116.990235643111
2159.92505268622
2190.313352993982
2207.5745875172124
2212.8417085295273
2203.4229392292746
2162.763913354511
2154.47570463851
2182.7231759867905
2228.1726488314325
2232.019378934406
2209.568307780119
2188.214916161635
2143.871679965258
2060.8674042538482
1986.4045606498157
1915.9360628086456
1770.6221692151566
1581.5110605307948
1426.5859819947568
1321.51552743443
1186.8266467189437
1103.707030733954
1129.4487288638582
1161.663162373174
1180.5108143476955
1206.4491162010202
1337.1823111269096
1418.448551304457
1509.802774584566
1519.8436892919503
1530.5849396501596
1604.6161857974416
1675.5261688120934
1817.7616772769647
1871.426385681957
1886.7528174833878
1894.7807932938458
1905.4957464204156
1913.0913260334441
1932.4872735396245
1901.8081701838155
1943.9144281584902
1936.2894771358074
1871.7935533526606
1910.7121752192538
1994.9551677816848
1943.706407073913
2092.865889063245
2104.9486452880496
1825.6443084573814
1882.37602534508
2086.8525694366367
2217.3644180550223
2215.0217951922996
1830.1517070229522
1785.930821873407
1841.603821721582
1551.1217360740552
994.4815398566642
1046.7609641575425
1263.4049093739472
927.0678746971347
768.1428485692433
1169.758733865603
1270.1401575656848
1422.5319734910051
1674.6867155249124
1682.8786659860286
1905.4467202234732
2008.9208682117403
1913.0294398151586
1913.4527480023035
2007.3900465373006
1797.183878697369
1723.862390194797
1763.2033521333565
1731.7975416097254
1650.9579322432648
1450.6490796776563
1637.6138992568951
1746.1480066259217
1845.5646842121537
1902.034895853784
1799.9135397013808
1806.2045800317685
1725.861392591416
1715.2695812879085
1655.294786668457
1387.0712950444379
754.3852595908684
966.9781536301097
654.0767814167903
111.6186949345804
442.4703259824951
682.4603727620026
889.0835471738724
1038.311177064889
1150.0915926959942
1220.3888738560881
1258.4902468418252
1259.7985219708132
1248.571194301236
1186.3964606645427
1006.7477837883779
523.6280321522843
-99.0
-99.0
-99.0
-99.0
97.9123777235588
226.30647625629754
546.5443858314505
973.4322268963771
1184.5772365174344
1288.5666128621222
1312.6038952137583
1322.6511121817716
1287.1615977605732
1150.8734170772316
1322.6937788527148
1610.7641122531825
1373.0752051862664
1041.3602443032041
503.6489781788944
-99.0
-99.0
-99.0
-99.0
-99.0
135.62882263967015
173.96290872308072
146.21945127660788
298.6298960803095
403.64493368058294
474.63753652576264
631.5147206001805
828.6358945252355
948.2184938254534
968.7303035144629
539.2491996314584
943.5970337226929
1120.4426842606247
1447.1980203938738
1625.9722595456867
1726.786103446886
1766.3840692719805
1753.1078421328223
1657.6384968241368
1675.4697091259336
1881.3090244514756
2216.552510068283
2128.581251328502
2129.4268823634225
2028.9232399830328
1832.6496407260838
1431.1037989805282
1578.7226866454428
2253.472508421517
2457.1883544171073
2819.9578989360566
2858.061308492061
2871.988522080773
2894.648187380496
2958.2879357768106
2978.921806042826
2997.0857589147504
2998.8380826843045
3020.1101270496265
3037.140362167335
3011.5777882558805
2921.342544956345
3012.4650367947693
3038.537276565414
2980.193665504355
2462.1080731897555
2311.56823871395
2429.6787676698254
2785.413643334154
3146.6474344994494
2984.2076783122325
3094.9646831580144
3474.1990430385194
3389.217409442411
3404.0300461038673
3425.48794341058
3661.711769283229
3642.219274780981
3698.0194162254716
3700.190605949425
3694.1405814760933
3706.8757225465342
3722.3255540727096
3716.50569947061
3721.626904692685
3716.030461412175
3698.714404025409
3664.1612668079374
3489.4241942679064
3733.9303957915263
3744.143585390839
3742.231271561643
3763.1968121906198
3765.5885226817586
3693.469682473157
3522.476170699537
3823.8804665040884
3830.1704495921954
3859.2495767990613
3850.887595573536
3868.114272914162
3895.854170209418
3891.9868469829157
3878.2769546833288
3897.8954103130686
3975.364523274405
4009.4494608831146
4016.6793665544333
4017.4041745817867
2789.732313324213
2797.2658455833107
2815.3487148798813
2842.454511511603
2869.6996001555635
2892.234030616889
2886.100331249858
2850.85453270825
2834.7819502877774
2860.3005894209205
2884.3956146600976
2870.8415989105083
2846.0341578803786
2841.7310364504815
2805.1101535314983
2718.4326318430944
2502.895632957733
2264.465459427305
2122.1596752474825
1950.5262681128754
1935.638860541886
2046.6994493282052
2072.2291935551325
2125.7432943577583
2158.4136212943345
2186.6180045700203
2202.888326128417
2197.819198439232
2164.5071975275814
2148.018313641038
2163.51143336035
2194.159515219248
2216.402614936495
2213.9083205355205
2187.939391019862
2163.6608169458623
2075.6324696995284
1984.8110045024798
1936.1432703521498
1795.2654628558332
1564.1627069315039
1412.493171329111
1336.7549726664536
1268.378055135179
1061.757867810081
1090.5396394061872
1141.2113947499654
1156.5906417562696
1203.79746314934
1294.5363249968398
1471.4357902559118
1518.0237082916633
1515.0049733686824
1557.7595409029923
1681.7729217691813
1747.7278555145397
1780.0272974048307
1884.3322689599822
1903.5478846566791
1912.9099317362593
1919.2577211763028
1943.4161266492958
1927.440797810305
1907.6037607118492
1828.932496141383
1907.0903015323177
1910.0018609683086
1894.3614469832573
1811.0269863942406
1681.349026570726
1877.5579383914305
1859.772461460195
1563.68654877426
1697.4802439312123
1955.6027968022129
1967.0362779802988
2043.820315375336
2154.518257705348
1908.730866166019
1799.3534144917603
1562.4214392316353
1051.0888919813171
616.766578726358
1241.3345320302524
1172.5147841930877
800.0445876626736
1013.9965070757775
989.0827748378424
1094.6243814887064
1263.1043562389111
1618.8340322260224
1720.319247580639
1955.5563104690825
1812.6369919733613
1852.6205511345095
1875.1693252567002
1977.2615966383298
1819.996595510699
1748.5957869460174
1864.3169294782094
1625.750393429839
1419.0599064435705
1525.3893505815427
1755.1881737110198
1875.5639660482218
1913.3397010810095
1946.0644060381533
1905.2282924356095
1804.8455463330451
1353.1895856094682
1524.612251587523
1373.1996239817781
1282.0857076895404
856.9653059765548
983.6094564864426
881.3839130741399
958.3907268891202
1037.9012212980956
1144.21735084091
1200.7656480970963
1245.153868061106
1244.3811580202912
1250.7170485326822
1212.127892932643
1149.5825147279038
795.444434206206
-99.0
-99.0
-99.0
24.74597029784139
147.01803055380452
633.1521184862579
900.757168826747
1070.16400067525
1080.815486388959
1201.8188912400408
1251.5233394542781
1262.7733248797902
1260.8833673117545
1243.9141388154774
1132.810594441698
1057.4423742017293
1709.9976893807402
1635.3904721067015
1221.3020967447242
22.44722163228288
-99.0
-99.0
-99.0
-99.0
-99.0
-99.0
20.101156736405883
134.74506300141203
201.35575135445765
333.27923922163444
372.86332402378343
570.4737517692441
737.1913811083617
768.1756653568871
668.275884867093
441.76871255507757
796.0279983468869
1150.5304537874838
1443.7322530497804
1624.490429855838
1672.4212118672156
1720.1735352005485
1749.770807427493
1784.0952968202555
1898.1351855516573
2027.055236908016
2292.8663766501313
2395.5037647147024
2374.9242704894455
2357.87861800364
2324.1385227916735
2190.176930423771
1908.8700223417486
1908.8000808869785
1818.0504886518559
1968.9498755532336
2307.718013407311
2705.359149631114
2863.1528529857
2919.3302530636365
2946.12510895042
2958.7880023575462
2970.5981100664267
3003.8358571353683
3024.5650736207094
3061.2465808644592
3048.0832329470395
3041.14737016554
3055.4836110313104
3058.830194958624
3048.3523908573115
2829.8561042537963
2492.8377449835452
2505.5875312656535
2869.5685891706325
3148.9427430275996
3228.432518675599
3314.154035267496
3273.7398152892615
3305.8075894697126
3340.7890161319647
3353.1934521133853
3514.155211246343
3658.2354737960577
3660.6362752303767
3670.6316634741825
3685.8238676064066
3700.4705301562162
3721.7265273530284
3731.6351220392175
3727.9624501140283
3735.093004428558
3722.441130076476
3697.2203496273596
3657.569471445976
3742.5278127278184
3758.6841154914305
3686.7081319943527
3761.3243068118118
3764.2349546870546
3751.13903482944
3739.9003261054727
3812.3064597359266
3852.2502898148123
3865.6909172017135
3851.9105998087985
3855.6424064562434
3874.8347119204172
3839.160396622782
3947.780104154698
3993.732871655351
3996.087158145982
4031.608785611166
4019.3296951518873
4026.3497508385344
2790.907100270989
2822.8652786819516
2856.8821686300694
2892.631904241018
2929.6381897833367
2961.8265583578527
2961.945826440848
2928.374087489903
2908.2914434396666
2912.215079646365
2901.941163159691
2880.5290396548885
2850.449464325489
2876.246970660155
2878.5954921215016
2753.053299559205
2513.407724448081
2276.2729876150647
2110.653269202214
1939.33871774229
1891.315565638583
1949.6155741283817
2075.3521844251754
2108.830196121691
2135.666265665618
2165.658798169923
2185.656654997317
2193.7225580514514
2177.6514882723204
2159.0492522900236
2160.5619186724666
2179.6259978118237
2203.9040400214135
2218.466956225853
2210.003649855684
2160.7664904662342
2047.753853311629
2000.0696403263119
1985.8767314087997
1873.6683997978628
1456.8815563893509
1363.6360394995259
1292.0122788614906
1222.8433416737832
1064.6836547338673
1093.7753024734316
1142.2785141104907
1106.0106060297994
1179.767211743054
1251.4376168957806
1409.1694587688285
1518.53729742589
1535.5144417065821
1605.338720743519
1720.4186529043754
1783.1143740981995
1897.1300323708724
1913.9837343462814
1939.4063412255916
1927.150901448262
1922.4272055118352
1919.2286057371787
1907.3730001311508
1857.2387313219926
1582.6555029615972
1812.6113907592135
1847.2127451741442
1899.961321102267
1787.8960421883057
1497.2420731531345
1526.645437443316
1700.123951071861
1311.9853834308126
1160.97435427148
1238.8597251343567
1737.1396568440678
1930.345326014992
2156.5047554853713
1939.812365533674
1751.726955041089
1329.178428146696
1192.3722499495354
947.4808957646625
1161.7501164320615
1286.4720869691946
1121.669871190393
632.6915225586012
275.3773026989405
601.7207917907702
969.4797500075957
1286.523023850713
1456.3857867857798
1886.2868718855123
1870.2442519718647
1839.3090164517798
1750.4604698672288
1987.862855762901
1968.6801226499485
1902.8310459444294
1988.023293762841
1975.5550926745327
1850.8793420097138
1444.258468657238
1786.2752363132665
1886.8082998331724
1928.4955655796327
1913.2337112083972
1931.3121240914343
1762.1598932627976
1684.669156489741
1567.9950112163203
1468.7474466616532
1440.0696084159144
1324.5069803760864
1240.5855668047136
1103.3869430104564
1039.4823616291892
1172.4148892342794
1204.7331624038347
1242.3557688524463
1267.1065913999985
1203.3103717358438
1065.4432723161804
889.6485562020683
404.8414751028263
-99.0
-99.0
75.43645487657376
693.558841915698
790.9649900389302
992.0038795903413
1123.600920048702
1152.7332674841427
1150.5082115471846
1145.7077079471105
1161.6974907262736
1150.8919281056405
1124.3531986674714
1121.2875604526885
1149.3169948995903
1614.6209096352911
1951.3791590263186
1701.5152001199922
1258.6246763394302
660.3975157118795
-99.0
-99.0
-99.0
-99.0
-99.0
-99.0
-99.0
31.195047851278282
98.5849033570064
293.46075819590493
584.9091339757825
647.3314437071551
680.2644057557451
1011.458711903591
1288.8807171060243
1403.0327860912057
1363.2147396337127
1311.2070390798076
1378.5106031194885
1539.7778678838595
1196.8175302303584
1694.6864745333132
1747.2901708528732
1773.2448386086019
1908.5398566334272
2124.068994093437
2306.6071771891993
2417.1432597605212
2471.2707856880975
2505.582948539931
2431.802618734515
2430.5735086997715
2343.5544340094634
2318.362678655993
2300.561640168067
2288.769998086891
2209.414214108561
2375.1418690184128
2638.894420199863
2719.0792990002988
2804.6390967695634
2898.15879825337
2905.057786269202
2936.8786263955485
2944.807446117612
2897.9623358364584
3061.4940252319216
3074.531461679345
3077.3246898275097
3074.9344989582128
3090.526099572043
3087.94672165605
2515.908544132022
2581.939146434569
2688.064919053117
3001.0841226177613
3307.257894633967
3355.568359543274
3455.227453853413
3059.078876058527
3175.0248007239693
3164.594551235694
3114.204106053351
3252.9716222975962
3641.634151125964
3650.2863708327277
3673.1583424152764
3681.460222166356
3688.702968291717
3704.103656205531
3717.8013894154687
3729.2807461987345
3742.171890945665
3743.134113992162
3710.429253345174
3656.5725263748263
3776.2895449830917
3776.265234602008
3780.148211822965
3755.2520424816785
3769.896265965747
3765.9878008757646
3753.062594446911
3596.104560942386
3850.4708065568725
3866.4291944132538
3842.617014755928
3862.332513722798
3851.4918968261863
3756.9484350986463
3799.6314919496494
3990.745458972313
4031.2276857210895
4058.1051831875416
4064.852617458134
4050.210209966264
2767.778676743571
2834.200743290273
2890.6434291253095
2931.4632494711523
2974.0391709785094
3006.5867741017637
3007.79102339765
2984.0631664013235
2968.9806343528076
2938.252368033472
2903.5089400900256
2864.1686828123375
2840.524625724104
2872.6675603745257
2895.3979256823413
2793.0095904853356
2545.2002805395405
2269.965335650113
2059.4736289827283
1922.7441505811064
1920.2087297401497
2015.193986714522
2058.281339921504
2103.9782757362686
2134.0429499780325
2149.860442442476
2154.2525721562024
2164.481300196854
2175.5943971081674
2167.7473117070895
2172.895254507887
2171.2581045342263
2192.987264950953
2199.033011426071
2187.970921629923
2160.2662586896504
2043.4890150724373
2039.176559730848
1989.2308993810823
1930.7913719885912
1462.4460742827216
1385.5226345045278
1317.1346308713387
1281.4977873965513
1235.738385624839
1063.8024276582626
1155.330714226524
1137.1023360250344
1199.6117861495845
1282.7371906408696
1350.1886063769134
1484.7981391526566
1549.9564036203622
1644.4062586332075
1788.2463237584875
1814.2101593461186
1877.821201999289
1914.9916685428998
1946.9441775467594
1947.2260195007866
1926.9515363497883
1223.6083201427218
1508.972902462096
1491.3914163903335
1658.119840923576
1711.6876746863595
1734.0494309702715
1603.903394319655
1528.8627855551945
1319.0347587952267
1271.0489545465061
1749.2552824757176
1550.4039461315333
1403.8942253785679
1306.1885521936247
1543.5274949387162
1904.0789055245066
1833.9953503850525
1956.978656812041
1744.3246575897435
1399.0284134139397
1365.0290673804236
1214.05498510609
1032.6224586969126
1382.4899504276038
1208.3082355058043
1295.1129548559898
1188.3625971747156
1229.549165943262
1415.8892966219396
1340.6758549482606
1408.267099757356
1761.9452003628915
1824.0496846032956
1730.6120923088458
1640.1737692066195
1835.3313159924855
1912.4376818869534
1892.0825107286719
2065.783922141308
1977.4337983858443
1844.8410754622425
1612.2903907492002
1803.3131997338176
1833.8894534900624
1880.0355174908054
1934.8494146296528
1870.3428464858348
1805.4767056373396
1615.3334112326572
1477.1611768819153
1436.1990975622216
1451.5193412905517
1403.1761910474825
1326.1505185867031
1125.9957275355732
1113.8787503841122
1262.4655839584586
1242.5493250526304
1249.2814764448924
1270.859319143997
1065.6466500602428
391.4299194296393
137.60977635451036
41.29617458774704
181.1819374471255
818.8002344581231
951.2803617273343
1051.7017822625855
1106.0094613865717
1143.0595060445726
1137.2043081487177
1118.8876264667547
1145.762256299959
1134.3796467093584
1096.177909276198
914.3848930687255
851.7833038264525
1229.0489979832548
1831.6828845402815
2140.1582178909825
1929.361948446629
1363.175556255738
837.2878455690741
326.73022950430567
-99.0
-99.0
-99.0
-99.0
-99.0
-99.0
-99.0
76.12856337047054
519.7569521965784
735.2409642128338
887.8331911567429
1057.7568009836345
1363.461316685709
1434.2545275081275
1481.760377939947
1492.5167101115662
1491.37678670432
1480.4714930219247
1483.8683622952121
1248.5160959981042
1173.643570935229
1829.4578719778276
2094.4149531873777
2137.8049834379804
2169.2744269171226
2215.594838898909
2385.1662632721395
2473.0963188937117
2526.591869134559
2560.6952480643536
2522.6936100190983
2515.3424802754375
2483.960118395679
2512.397042296053
2488.7640719721744
2481.1317497090386
2459.1302291552565
2527.6281836748426
2653.6686926538546
2755.87364734404
2774.4683312154316
2887.1831237563983
2919.038861328957
2986.290755976016
2995.711011473758
2938.890490096087
3038.4693943393995
3118.00245659733
3090.1707802630062
3098.6662899310872
3132.2170290897484
3006.3670165868625
2522.207117517501
2689.3117954399386
2904.9010091528185
2810.9319156580605
3395.0938156601933
3463.654610968244
3518.477616302479
3241.8358452614007
3245.514607630561
3444.911350887612
2828.6162301629874
3051.9914346145183
3562.16862242731
3642.1551396513873
3689.7029232421887
3712.012713005374
3714.4367259526475
3336.232395172261
3727.138609894688
3751.5920104450274
3762.8369113559024
3782.0614185580466
3781.8957248032298
3787.899967632479
3797.3579175168434
3807.77903001006
3790.212124001015
3796.549325547585
3782.869031452724
3776.7596064105146
3787.025715198453
3694.047697192676
3868.1553283194407
3889.373322446705
3875.87788968411
3863.9744782493285
3855.464769558331
3648.406986461633
3758.5013915015616
3976.4795371790888
4025.94670180369
3979.339807850567
4066.882259179444
4043.6717613718383
2750.175729338752
2857.5602236411924
2939.9731326420465
2966.080478749482
3001.8351421237658
3049.4542627998303
3023.4241497241505
3014.8153942536096
2989.7496762291617
2948.02054208935
2905.469013501981
2857.895415836421
2806.752313734606
2829.239505532274
2863.4175209788255
2799.850286983526
2554.138662441152
2243.9037721720942
2024.6257476430353
1901.0934782766126
1885.9797631235554
1887.1917740142746
1992.933267229815
2097.3357800698095
2130.684508012994
2128.4264521975138
2130.134346612849
2141.3821359786243
2148.241919480998
2148.2897936177997
2152.7015041285626
2163.887406782406
2173.8058402942747
2185.2506020738224
2185.798068895064
2180.488599589533
2154.272774468736
2073.036774141245
2052.8794100595696
2073.5681994146535
1827.0052994155542
1430.7350989670826
1348.6899308581128
1330.673861692816
1274.9394500919452
1236.8413505913768
1160.9885991575436
1146.7754674274818
1183.896360084806
1208.4404669519704
1263.2589484775247
1409.5208968813188
1522.9404350112595
1539.9320535993515
1665.7233734869055
1750.533192482535
1829.4109070947286
1899.5978276003048
1944.44440905159
1934.3258706068711
1887.2474390315306
1057.0741434501363
1122.624642362107
1391.449536076485
1704.4751085671242
1771.303746849288
1662.767004057715
1403.369059397166
1497.9369813854614
1244.0688082786655
1169.6798302868815
1711.208715931593
1746.6511844252893
1503.2132308880316
1313.0173707284027
1465.910551833366
1366.4480451162399
1741.1860426420385
1746.9677320150054
1863.4891921141914
1649.4461669899838
1518.6203534585184
1394.7224491724546
1029.3187475692487
1395.2271542291182
1342.687070196725
1376.4925837847286
1163.5508719508566
1414.1881096232282
1456.3194701880502
1375.9468908673005
1532.5993744857733
1721.7173550908224
1693.0365047151665
1731.4656313220719
1817.3787332262805
1798.6392444849976
1986.2440275565748
1973.819587095573
1789.3341985164154
1921.8404296816782
1842.5103219437444
1438.2837636478896
1668.1368414006176
1830.3685709653123
1862.7443139294473
1836.7635893281322
1810.53159869405
1729.327259445825
1665.3586015844937
1464.1277175288003
1451.5490678330377
1432.1861313686256
1419.460344626552
1371.5641260414895
1317.9290413490144
1322.6772093925067
1292.9691558657428
1276.5030444212368
1340.200073307287
1205.3474999998457
949.3227743566017
820.0405466281622
818.3143877712469
770.3020209324566
1008.440263833758
1143.7504868463016
1136.2959517883255
1141.8253504273357
1137.4465040325665
1144.8856538671562
999.7639997471316
869.0644665881226
743.2500625502221
872.2579149925118
1377.0953880806705
1765.3162947347178
2260.229735474446
2328.0790471090586
2280.1769295024023
2036.4279698857854
1358.5840106853234
493.1130244179291
251.87186202654576
301.9671146877241
126.6666419911852
36.03066036197342
-99.0
22.58747880496094
20.877126053197312
56.02738964446216
126.67219701907264
468.2597127976031
1053.5157664557196
1118.0167958055072
1193.1506483245585
1419.0462501909972
1475.8875342642216
1536.539377589376
1563.7114071678602
1522.8511607979992
1522.702096057101
1515.5515119900083
1475.995567743049
1278.565554654752
1333.162841503651
1863.7708362386647
2247.150302332925
2339.747953714431
2342.424651197467
2370.7152253190266
2378.779227784202
2503.9713277645756
2555.955031648534
2580.0990329208025
2608.9944719160458
2624.147376285873
2603.9468151868837
2621.862280764265
2570.1411656939836
2576.3328258076986
2642.3488779328445
2680.2659639591852
2760.975908783437
2835.181501344564
2889.532792671487
2989.028123370623
2934.1544074675894
3035.8810655278676
3072.9083179714544
3054.811057463892
3116.2479260019322
3100.9794834734735
3095.3274600823534
3109.0143774033513
3126.8333825639133
3117.1890131564905
2982.408075969555
2919.5804483926436
3009.015225561204
3051.082355596223
3381.2123369783803
3547.8278509279726
3565.716683948518
3533.1820535815773
3475.4281433354595
3626.451106717591
3534.697859903909
3381.512341329776
3466.6917692142406
3479.781017042282
3611.7927484410384
3709.6515262353832
3727.006248601279
3673.0053908973277
3663.446067725328
3744.8869351264125
3767.912386524478
3761.3583297688306
3795.3746689436634
3808.807580723299
3814.6128095943304
3819.359115828088
3805.2775930486973
3793.0366699591664
3793.907020895108
3787.2977429004236
3800.3254928462766
3793.7674908185786
3887.588071967079
3914.452894277609
3899.1441389428896
3872.7002569860742
3818.4566401669335
3653.9564029890216
3623.6615155467316
3890.0559315909836
3926.329092485692
3932.270892081334
3925.9880652576135
4050.8103715708257
2794.2018625052756
2985.040761091655
3037.3786761286797
2997.2336685645632
3029.7708662135024
3077.1460629141648
3036.67895551798
3001.7233030291377
2984.380828294788
2917.419727455984
2880.3528625852164
2864.476865245722
2767.6090451312007
2838.5389977547134
2838.1259686163503
2788.530522489056
2520.201340503845
2183.382289455305
2007.3747133090878
1888.529198381695
1854.4826946382907
1844.9548666217693
1896.3687749103017
2080.1032627323743
2107.5227900457485
2116.3539848441164
2131.3949400208653
2142.948241700255
2158.0314346570067
2169.15278362287
2160.8610795172794
2154.4453855373304
2157.281353851547
2177.188627067543
2184.753270802546
2182.0456206831623
2144.835988590194
2090.3686667136
2003.486578085941
1704.2654107580097
1451.136533545896
1578.5436270615799
1354.222381160011
1321.4883503339013
1361.707781477299
1300.6773264701976
1207.2359184322831
1288.9250445649734
1313.7324797184872
1297.0852671431214
1295.3692384950457
1375.4583765266561
1476.7143116027069
1484.6239697523044
1658.4687479198342
1742.0696992041192
1764.7442508912945
1850.7556561917545
1865.2237686832436
1847.5902898163874
1745.6071007096966
1128.4560650002868
1132.4609472140628
1494.7799450685652
1769.6239845176522
1887.5453510563925
1772.47197055759
1784.8733670281486
1601.9101457773916
1197.9053120861324
1272.2167330403822
1742.4214885080985
1801.3054551066664
1612.1770999327466
1425.7242231247176
1225.0635558765337
1370.3507450958846
1489.7668993902755
1854.6181764338987
1912.6590557424406
1877.605821101583
1444.4625325443471
1451.7812303174085
1369.3675662537603
1223.7278865836458
1397.7718914568843
1438.4650823500297
1092.886780152482
1314.50014880836
1441.6285404999815
1372.0866590452245
1218.0197340441525
1537.1857677727007
1631.059504319852
1755.4549362745504
1999.213398110286
1806.4062844200416
2031.0760653136194
1918.7162416753026
1974.3299550121735
1834.1382809035442
1854.4978304373053
1548.5098011775497
1714.811950488438
1813.2069684071364
1833.2187670329013
1808.8722625573423
1898.9080472927437
1650.3172247140808
1602.0853788899105
1519.0878893433007
1419.6520836285
1452.8965334059005
1451.0946736282406
1438.0793449199314
1440.4552028333426
1287.0465113435378
1396.392792779966
1383.6537491999193
1236.6405185258711
1470.0743218799885
1443.7795125872285
1289.2989417158478
1232.1646308491747
1228.1652801273492
1181.8335670284791
1160.5185044119123
1139.9389744389919
1121.7828417487951
1029.9551679919432
1001.5415398006712
875.5188144222518
636.0860009807355
462.9097593736426
1113.9547404255818
2135.9589351277823
2284.9734386435534
2356.7780688578946
2342.7246759679065
2295.645379826278
1821.3177274331458
1618.8498497529574
940.2863206404385
1032.0987401805266
602.9548812805962
631.7558757709423
435.1950507985684
261.95708270054456
153.4924077707057
158.34709539709135
632.4093909512455
1004.9076555188534
1276.5401529607789
1287.171169051404
1295.4456660227927
1353.6864842635346
1452.936194510299
1514.6181441097303
1556.4918364395114
1590.802922486053
1526.8233601258319
1542.0424886979786
1581.5004073124665
1603.9178878444252
1346.2994951253686
1449.192496265713
1800.3181240429321
2175.3728680870313
2360.5328488908026
2440.4734968945386
2449.390357814166
2467.4332317253948
2519.9259496709774
2562.617925171098
2625.6650297882206
2652.63030814253
2689.4455063487603
2666.970952368728
2703.2675834223833
2645.42453628536
2694.9317597214945
2797.595617699463
2824.2180599772064
2823.52727009956
2913.5350363556554
2953.0361728325374
2969.9499411577085
2999.13932711054
3054.670970936783
3077.1209363267844
3092.585462465675
3094.4532649181215
3046.241292877093
3103.6499152537353
3115.0751487131106
3139.8768744805243
3132.046395344037
3093.9311972855485
2894.793570798358
3086.7572972225807
3212.191082728787
3101.5643133950493
3605.7584919421024
3599.1473557882873
3604.563289633881
3327.113659529217
3643.1770686968025
3675.2570707395016
3559.90806756917
3576.489860218724
3444.859419022998
3400.278287973653
3710.5211947790176
3725.2561120865994
3738.30064268716
3750.394779697137
3724.532879101377
3749.0370225668553
3729.016295746949
3787.431659833079
3791.9712656100855
3794.7726145028782
3815.275754338681
3821.0441627413184
3820.523091588394
3541.225867628234
3754.8966108100226
3758.127049912176
3774.1020363651596
3862.340787292449
3902.959776556415
3899.9342396505367
3864.519930120704
3820.013124991072
3741.939562338972
3742.776074094767
3495.0550765911894
3857.1244490300755
3897.0036570157295
3883.4870696208463
4009.7977953378345
2740.5000529788135
2901.584801644501
3180.666903925983
3123.307942379716
3136.0426161811974
3104.459990663505
3046.001823010462
2998.2910473176034
2985.123599070697
2902.8129662069864
2835.541058749928
2915.2517859183727
2875.63174618674
2869.056801620849
2887.199987331613
2800.8188469112274
2427.2295674526495
2377.2850931014327
2080.4750603476864
1919.6749052388202
1849.7346087877258
1836.1025188923772
1913.8388934421898
2044.6226488113184
2096.9375401413445
2097.824875663069
2108.726479018819
2119.867377592769
2144.8627742548597
2197.487792007494
2186.0817169479137
2190.3513982964137
2141.205123482939
2154.9382403364507
2199.8570337746796
2104.2873380928827
2106.5920098830625
2093.2970234761733
1975.4052894754957
1597.290050932433
1948.9798671773901
1570.1965835418036
1365.255225907041
1374.4897175938381
1421.8597451447636
1351.320977762495
1292.6698551926838
1376.4431877718139
1404.4827799416937
1352.815156054743
1363.608185779219
1361.696758982481
1375.8516152822724
1414.7142929028537
1311.1531413115767
1629.827588301556
1482.438810109019
1653.0690231595095
1728.3947343231437
1769.9827309481964
1791.1336539283604
1420.110426668245
1480.052662865581
1575.366575628632
1740.3145111301144
1824.5752587916143
1911.972022507171
1820.320014500665
1755.8249928489363
1420.9341250384173
1455.0559210494212
1803.3087079329434
1826.60340048965
1730.8502468191791
1573.1394067899507
1065.2839801710754
1385.6049417469787
1274.0304737995805
1623.9140167171963
1775.520265605942
1949.5723997018454
1698.6147930808954
1497.7121328204182
1438.1554075643837
1277.3977148014949
1112.7566627976116
1353.5899235073125
976.6692077486525
1155.88970506595
1328.6278072508273
1197.104768755265
1205.4697849307047
1383.434062768472
1664.6840260685763
1828.6857161043731
1957.538035431647
1831.1656198021526
1835.4478387474408
1860.5783036902112
1895.7868025323828
2041.9014844876847
2049.4422771184527
1900.9797586625307
1675.1851627988724
1901.5409889117461
1910.101977660964
1917.678188723658
1777.754294113804
1712.2575067747837
1623.3029235281722
1585.54690908603
1454.3252315251086
1486.6523493735897
1469.551454076492
1455.4671366602743
1461.3393541736427
1468.0035418614084
1471.5409018862717
1485.2404572620724
1482.8637659882086
1415.311397999893
1345.536137244426
1309.043594466669
1290.4525902716923
1264.2025152600943
1189.1864124693313
1160.9333282236398
1157.011786573271
1008.5488593390876
887.568556220335
910.8069071140395
800.7355515906604
1027.1750898488774
1593.1916527624421
1858.3212422581958
2169.231147350627
2327.028483574799
2430.16441205306
2476.319607263786
2453.2652838814097
2354.74291284618
1765.345936657033
1632.6119485949014
1312.468074035609
1028.429112960188
502.582929255173
462.3736412628323
324.12574176828383
489.6355133206401
1093.6543364172692
1336.0114457861548
1423.5324356876501
1494.2426247385768
1471.0638994238018
1455.5718004703783
1453.5149857356553
1494.8969848927022
1547.190626270352
1516.6468456644468
1698.427512440594
1684.8754192716392
1632.2514024387444
1766.4799237044645
1859.985513102448
1777.5512122692724
1888.1240982529823
1962.6564034842718
2294.9376185085794
2299.9370820077042
2441.949741845508
2504.527223518423
2541.017154916288
2548.7560995797776
2586.0421712439543
2662.950857302957
2725.552312779841
2749.657314497118
2726.2376624853036
2783.492683815898
2704.101047848359
2717.170540651437
2843.2591291744875
2912.1010865361072
2908.7904171011073
2947.085771361918
3010.218976343533
3022.978540287319
3066.360797070157
3069.361975676538
3086.7246101128862
3083.8689623174564
3100.203999918961
3104.4763203115826
3104.368938214272
3063.8976532661272
2989.1053458020538
3141.9294619874763
3046.754341076799
2812.271613980391
3042.664310203876
3460.933050016086
3469.4055674733845
3624.143129144757
3620.606384725969
3612.602203474888
3614.5131955093198
3540.397506817926
3679.400219384719
3689.6773201469427
3664.946424526064
3628.017174145252
3240.5548136744756
3314.208703272296
3738.0900224983247
3752.5318573685418
3746.0302814666125
3734.8749842163734
3752.5330716794797
3748.8734335388353
3760.4636449661916
3785.9058905914144
3802.38364915221
3810.32642354241
3827.298234412154
3835.378233717348
3827.6062773995495
3664.066703244881
3604.067414426944
3614.923839877605
3841.608149729643
3909.5786906465264
3939.488396693815
3689.5807263656434
3677.861888414678
3687.5491876314622
3736.763628621346
3696.318253557556
3466.9693039107265
3877.2246124892995
3878.6933708170736
3799.105763737273
3177.3977915952737
3231.7212198340176
3221.050777113759
3183.5866857577503
3145.38858252936
3109.737347849406
3081.5539386702812
3029.1981763513577
2979.722409032239
2951.4096583066894
2982.0986382638253
2978.841661422028
2984.3907516529484
2983.4189246160595
2958.790498597902
2823.939640071295
2614.8419489380162
2469.2620186269364
2186.331442260858
1968.7852624790005
1849.646615516333
1835.305796099325
1883.8108634478913
2036.6970405057157
2100.4921113258147
2107.18591829408
2104.3902810315863
2105.273221150705
2113.8093346492274
2145.7841152981014
2137.799916932973
2145.4941353047107
2118.967915401535
2130.0469482236185
2175.3899894676433
2161.509829460851
2171.3998537607163
2151.6855101877863
2100.6466469275488
1976.739846714711
1993.058762676179
1769.1631783905473
1549.5671154942077
1482.947795606739
1427.4058063304858
1379.2647629447079
1321.6529284737373
1282.3527837109352
1256.6456325168142
1316.2966263180242
1345.0948024636573
1319.4229384016621
1251.254076706162
1303.619480112568
1326.880600857579
1508.3865528373503
1573.2510125885026
1513.815391104836
1611.5443175631115
1710.2966982467412
1633.470827104188
1666.5791679023248
1599.599899937624
1592.6190179333068
1756.1278597146236
1854.3997636200502
1886.0377599596561
1876.4961009802505
1831.660549460676
1695.8303525302308
1747.0021915632615
1855.71142909908
1846.8916721581058
1444.0847938524078
1628.0579769666056
1322.6937012465721
1417.1424151016881
1404.072295481101
1655.4016820485438
1730.5870621543504
1936.5417427645493
1833.049815527137
1617.865165226907
1425.6188272008153
1291.1919331857116
1179.3361851468105
1393.9361340339847
738.1215390877454
980.7736999342969
1204.2794751576516
1260.6253571758048
1242.3387903989258
1508.9151613655306
1581.2045098510682
1663.7770183734278
1947.1525715139535
1595.4980381703153
1507.3638580329157
1696.9886459475767
1782.134456670086
2038.5492958122613
1902.9595721047326
2017.9993810905007
1697.3616307907255
1923.4918511489007
2000.3261643211347
1827.884983531573
1770.8129657594975
1714.8871762389824
1640.6742217545911
1574.0598725695477
1570.0106192229243
1538.9855481422867
1512.9292328678832
1547.6825220418514
1573.6996257076892
1536.351718435383
1449.5561805101931
1442.8529397724922
1362.3146714369257
1285.4749740798086
1135.1263672374046
1157.3507076860474
1195.50807634436
1274.753049610552
1214.5172795792041
1219.69342825919
1224.3672678345833
1321.7000449948102
1303.6871628773533
1254.3542261175535
1271.779598233369
1136.3753723419748
1556.8962224445675
1585.0253417666931
2123.0562078167354
2434.7720895844436
2492.5044099610554
2488.1698332218016
2463.6661861091607
2000.6144997840397
2106.3348093522977
1866.497483819431
1519.8394984841018
896.737026292088
651.4907514675134
670.7127089456226
884.5759681585454
1177.9140400078306
1471.8485236022927
1553.191443696076
1548.2533411538218
1555.0590634005528
1534.9161848504655
1504.4354006918932
1483.8186999671454
1375.4958038136735
1383.2013466378671
1156.9822922595815
1672.6189087169125
1817.8426476484472
1882.7111414378016
1787.9096621931265
1964.2750247271385
2032.9835591632975
2166.9151009253555
2221.13775250099
2351.048398999602
2432.90973663508
2437.3626718105625
2501.5628747419505
2520.146106178628
2563.5147290772597
2606.509926202114
2653.2771013733327
2749.483707831178
2772.5459885522127
2768.738819794604
2806.9719930108345
2731.11510475426
2679.5756025529276
2776.4894826520567
2893.2046624202358
2939.5630433751753
2987.467865382043
2995.0389485155943
3048.791776386065
3078.375032681647
3110.4318276445683
3130.342706106726
3132.2174239165843
3129.553627269558
3134.0527266465074
3049.3596731439457
2953.1440032963915
2749.7295929326037
3121.1917994239066
3180.7620990402634
3053.959225303768
3442.366436841194
3597.976067338228
3647.799034678026
3651.194981969517
3638.0133340459993
3617.210064215304
3725.034493983207
3742.8740418221723
3717.639352185371
3690.62776130569
3695.1840427097054
3699.289975399611
3617.92778361258
3448.2330655503974
3693.6968575629694
3761.138683419764
3765.570919951841
3732.617177407959
3745.913336633303
3755.50529923854
3654.584769872399
3802.635761143881
3803.8370173344224
3787.2433401408293
3642.9975901583884
3844.9169525224793
3837.228992249033
3797.934242813568
3233.6654564605547
3390.433501196859
3490.200534512989
3905.092594718549
3952.7816901029573
3739.549167238149
3592.0333012693422
3614.725714791056
3717.149388887648
3673.2254354382358
3448.5468985150255
3735.6645610133764
3799.582547801862
3886.9992194994406
3226.2134131281946
3237.491248030145
3195.098175176469
3179.5819949809684
3153.6649253258065
3100.23573198702
3087.9823431365903
3075.7481738057654
2985.190886372616
2845.126757844507
3039.071016842977
3068.8336061331433
3025.617374251843
2962.703595096826
2806.2312696769354
2689.128276295596
2555.524330235601
2503.657891048591
2310.5414980804544
2038.4579494134925
1887.9055467314042
1850.7090074465727
1866.0654968684807
2011.5876826053052
2104.5039191006103
2107.544369071561
2124.1927068670084
2118.890050249754
2118.6518497366374
2144.4089045200626
2150.554750369791
2132.860975358062
2090.709990946
2093.654874443879
2105.085543910338
2121.9949906497914
2128.627979589907
2114.2270969489764
2104.8333987705896
2055.749171858538
2001.8253944843802
1838.4557965387899
1634.4633945839726
1542.4365101650035
1508.0670961316946
1434.9531586724775
1372.167343540229
1292.1663748243716
1152.8371068918664
1073.0677762247278
1223.0513911331188
1269.7455665874256
1279.9653040340693
1239.4002870179113
1328.1004273415044
1419.0570445331975
1564.3756970092272
1484.4494015222365
1652.317402557188
1719.218991666399
1723.220558430426
1705.6969107238708
1699.8930482652659
1583.4480321849687
1700.6893078535577
1871.4289543101063
1920.3469220023699
1923.7944362892556
1891.5103932945865
1853.8626482113057
1804.5810180520498
1984.3259127697133
1925.8245331617736
1559.4407430391784
1653.6234597869677
1460.776524855675
1495.2672666041533
1626.2493270401235
1787.531686634048
1942.5221764328912
1933.6986218612253
1794.7825532666823
1560.0919568269467
1315.8958599281677
1285.1819798511701
1003.5196510743375
1345.1532070171957
1282.1880178088115
1007.1241404169365
1196.7784492114495
1096.527655671738
1108.8908434119037
1094.0971235051586
1599.632160994165
1361.3332530588366
1558.7726711682913
1742.214428183166
1750.2504154752323
1681.0623418866526
1665.3568646928381
1974.2682474897313
1695.026060905787
2048.1046867911245
1944.1469842652439
1944.775131545295
1967.412534984192
1791.5875027335087
1674.445347190527
1695.8880459031598
1634.4009931963144
1620.8984437602412
1561.5688370770358
1572.5300924453916
1592.5821249088929
1689.9393153526978
1584.2160690798755
1548.3138923494669
1405.575961820043
1501.1655800034366
1342.279370059642
1152.9181859199873
812.8625553269784
1426.8287284945804
1629.0336556937036
1631.8013127114305
1418.3639827885715
1732.7286561197702
1672.5014177528362
1496.3604054848429
1034.3518402400782
735.5882585749641
448.1341844069794
945.3649560454145
1115.3480280921335
1414.4803860698414
1756.2732959266518
2403.426406908968
2511.351474109985
2472.600275741649
2479.9793075491907
2445.5429982407595
2158.035199046295
1943.0743436654802
1454.0028265086883
1194.1164347381023
1147.4301775123001
1167.6706174363023
1439.5318097767367
1494.1320829392719
1567.8625802593845
1568.294678519056
1567.8686420509043
1565.048642998441
1534.092963107059
1441.2687636380217
1328.4570434735915
820.4849024448744
999.6710116426132
1148.070662604813
1741.9359386310332
2030.3650327497753
2032.94745645379
2015.6415846774835
2111.80874493609
2189.9052327935124
2280.269380180431
2447.4294084122957
2480.5290669192073
2497.432801568233
2550.196405675974
2509.8962400051996
2461.338092021222
2486.684121012556
2535.7268100585084
2565.1429254805066
2648.3885880843422
2753.4094563212097
2784.0164515944343
2885.503065126296
2870.6820469580734
2718.354072092035
2742.701329640638
2795.766352604952
2851.1069368362832
2978.528143385669
2998.762005907967
3041.0026775441765
3049.658347620206
3093.2552012999586
3115.888088937681
3151.0481372227914
3159.3674395675666
3152.250492017879
3002.6332643138567
3000.8603863438343
3073.571524274187
3164.8585069030432
3261.374231450447
3354.366891619713
3642.8166895190907
3631.1776408399937
3660.2950073446573
3635.696209206755
3326.9982686449234
3578.729170700424
3759.7406170992363
3798.2531075093875
3703.4378810939493
3685.1070876099993
3667.912372197189
3712.954918620215
3667.340104194431
3489.2177679070837
3642.5811086493413
3729.8108256723986
3718.9942809405316
3439.595973091271
3737.499864162371
3761.773992104348
3697.8321272931366
3766.02882309363
3800.3412437735424
3681.620186543762
3857.9119877433495
3901.0728288987416
3870.345503725942
3774.4125907960924
3550.662635781277
3167.501205612729
3048.10192966175
3919.0564494835544
3928.541810793907
3892.7633269022726
3469.10353921882
3531.7792633839413
3668.6361027552957
3640.426476824413
3420.160551429976
3488.187338864052
3716.2539324718377
3870.4651223634837
3264.6458854635885
3219.0653347349753
3205.3956001268475
3198.320460540878
3149.418750559018
3103.3387676497878
3110.626166574624
3113.4035910389534
3069.601287251403
3005.0675005555677
3072.4445071564696
3095.278697113684
3002.8732156952537
2875.0593421123976
2726.7908946753705
2599.6283496418127
2422.139300351519
2298.2191786261
2124.4943892588976
1942.695328284835
1819.8692033041696
1779.6486315829156
1817.7546351798276
1911.7021433136006
2010.4928640907776
2077.312856310533
2114.9179689393686
2117.0024045743403
2115.819045917817
2109.123427537808
2119.592591660885
2114.2687279633815
2095.388041181402
2109.956169589434
2118.6776145982703
2118.965229833675
2114.9563937253015
2091.407939894143
2056.6206809320047
2027.3756329847151
2013.2555204171606
1968.723441521292
1765.567436779477
1582.0513111213636
1511.7444503673396
1448.8771888952049
1368.106560480223
1370.7947275061902
1087.17223844324
942.4527510139295
1113.4776479625666
1263.9041050840933
1269.2366785711818
1276.1485577880521
1357.4922562474685
1442.859475977692
1513.8935960426338
1437.0110563507405
1654.0217831603543
1700.268052617529
1721.8917469701064
1711.8418414013645
1712.6479589678218
1668.3517643484533
1720.3148862505088
1854.7890617831229
1919.5194803778265
1921.7635760609141
1922.877983513408
1871.8156761441664
1991.2469803208273
2008.4867674263016
1914.3939476752278
1592.5366208805042
1647.4937188308945
1445.1395630646318
1587.6241866309135
1729.4092557792428
1855.0889642999016
2010.5350826602742
1920.8601717312358
1775.522148996124
1402.825364028933
1111.2412834172278
1366.379097137377
962.333438922441
1488.4937309673373
1346.4079115044478
1049.88194428111
554.1751130135158
316.64517809707763
822.0753689521157
1082.9640399345856
1544.938393571215
1442.7139553272539
1544.6571215647746
1910.146604965989
1757.6992555285392
1430.6819053590189
1734.7036311489758
2012.8031751988626
2186.5585332278374
1977.4303261517389
2069.1907974320975
1937.0359285050238
2055.210410922177
1739.0135358834323
1866.1647113268361
1719.0525268462577
1733.0208889038802
1645.553574672396
1562.282271471733
1686.872125484239
1786.9908521500704
1770.9584003337936
1613.5652722360783
1595.6186155599728
1588.04600526056
1478.920367457989
1170.094755674943
1048.9523064798948
1529.733760991877
1839.579893236775
1901.8243990446767
1999.410199299959
2022.890341226108
1863.1032580238034
1601.903077996407
1243.433971650506
236.31065966430066
160.58788568767756
496.4854928031823
574.3056598853467
455.8859018871618
1081.6219541771084
1695.7068620123443
2442.544478074686
2454.192581584749
2480.115522635173
2463.1087649407204
2267.4126535975765
2026.650661426597
1809.414727382786
1594.9374535713996
1526.468080006502
1422.598401931568
1441.4542104243865
1416.1989554958602
1491.1416358142988
1575.0972767019523
1583.6334870092378
1604.3206368780502
1558.2533857493065
1493.5579844442475
1371.4337760932262
1313.248065887077
1131.1000163837637
1358.066870633821
1696.9075381562407
1875.639806387144
2057.6880234128785
2179.5104470394895
2014.420242304512
2171.4232915929642
2280.979250524351
2358.983954244078
2471.4042108320923
2524.254728411856
2555.0405262929094
2617.6506300925553
2592.6361161591058
2585.8784984581953
2510.078935528382
2531.006486704594
2559.716237851392
2571.841382708906
2649.0631051017967
2681.7177760000386
2802.878572190976
2900.882635560822
2898.234992375707
2827.700855742358
2775.4800999021277
2879.013766459333
2952.1366243533594
2980.4679336400272
3034.356823455509
3089.461600511152
3097.083657404952
3079.6642375065157
3146.46422658645
3187.5792915761162
3182.6461146788783
3085.1511431911194
3111.5950167382916
3243.360848439337
3359.1905048061517
3475.9815774296117
3600.434161421653
3698.5616394097724
3494.3616117499564
3572.650931362102
3572.2710181324874
3448.1212832151946
3650.0433409745033
3852.6919655801676
3867.641490615208
3882.6198601334777
3620.2219406997333
3262.9133804019834
3692.7643151073967
3772.501558523163
3705.368689319527
3702.417788579033
3708.0114535440257
3634.774358829091
3531.4622118683897
3781.7248821845305
3744.142524803086
3664.313672331235
3682.6874618238903
3567.304378471075
3308.011861596335
3852.819921934751
3893.7039187249857
3902.333240263545
3865.640214838812
3751.182867719488
3506.348751590296
3445.631789588288
3922.3276735264203
3986.3059273976364
3799.2110356693574
3882.401754290623
3532.108087539717
3557.123367600553
3482.366313613072
3530.1981054425337
3461.7906111325374
3717.066957248936
3826.095943688692
3299.5786112481674
3227.822339542256
3209.6503061273424
3192.029083398153
3117.036312741363
3026.6335941655157
3075.5269817316225
3152.230045896174
3093.7911992783775
3054.2923685274286
3057.8377346618518
3151.1950687175326
3020.9286243700712
2993.519685622011
2937.146868151289
2712.6895802090385
2413.4840851606714
2208.572670099104
2029.5667892447482
1874.954864399149
1718.0400846139964
1693.8032504845619
1760.4189611168129
1799.9066258859852
1926.3460072327707
2030.0030643114112
2096.8019776023493
2115.7731920387723
2097.895696325037
2096.512362582574
2113.2744481747995
2098.048522488436
2102.349006644717
2142.596861044643
2133.501335179165
2108.129773576179
2085.9141592751344
2057.4423347003826
2034.9899640337019
2027.2258403256112
1989.7217217491097
1980.4851345423676
1814.4486165197995
1684.864153822337
1606.0795113566326
1513.015642260405
1505.1566842074642
1392.3935602174552
1220.7209585461726
950.6017243177315
921.769734546278
1150.5142863555393
1281.3499700518014
1291.357753498806
1330.458515486725
1534.1632435009346
1606.8394995419694
1658.424247512257
1683.4124375536041
1682.6230310437877
1716.2430160913714
1708.781407157667
1714.2891200846993
1713.880015818838
1660.7357199075188
1855.6776490338623
1905.6059285804038
1920.2131208283704
1963.666889014409
1905.4505259809614
1858.6872510438377
2044.6764337930492
1983.3475653519433
1821.0333805329144
1876.43913408886
1693.5054426764634
1677.8800828812361
1721.5756224533336
1810.5871216735534
2008.779462047236
1862.7702968796375
1713.2098346336645
1516.2410155039831
1203.4051084646028
1441.167700150583
1133.0115301990143
1442.6409103835501
1209.373849448873
1033.875195199737
787.6370941806047
974.8135717867433
1042.1315715189248
1065.1380812017353
1707.499688350863
1570.7908105160702
1813.6643038783761
1874.125516548467
1750.101028193549
1507.481147320682
1949.3554273739
2211.113839783462
2163.9378478440944
2199.4370928624685
2048.666699838134
1928.6555602190663
1730.4722406444366
1789.4827599403545
1742.1645508145914
1692.1495922305312
1724.2976185693644
1670.9984451886137
1926.5444545478672
1906.0077054704827
1920.3459069026433
1884.3244484942497
1780.5959108880982
1544.4801953028582
1478.4992375030038
1548.9798257688644
1639.3439730121809
1982.9408412802113
2027.63954028232
2088.569137337876
2026.9616328958457
2281.255537506631
2005.0834663750202
1766.13264450343
1367.1045476000693
1079.6582580376144
210.47208749345967
44.03554247411017
-99.0
-99.0
412.41396306859815
924.2829031891501
1774.1367842162983
2219.596151347724
2382.291922695713
2315.54931750305
2144.2448576713387
2228.795573639294
1814.1640529327885
1736.4373601908576
1606.1377865530415
1347.315530772038
1265.012277067165
1290.3902887082559
1324.3989428430298
1293.3506321275186
1370.084776405842
1436.9029098564579
1474.5619134940025
1444.7895693027688
1467.6044429305286
1489.1665552797986
1454.0648115723113
1415.5485511009333
1539.4796550158394
1863.1390695462305
1989.7737796783024
2133.7178180556416
2202.9200806010167
2332.7492394266883
2281.253998373404
2314.12068240098
2384.855393115953
2424.4808060658165
2537.554651387902
2614.3734448999608
2678.7435207342933
2716.978340684047
2685.603052811315
2690.2802656713043
2613.4624542790993
2494.933286813628
2640.9121882454797
2647.7846492067188
2658.676669089617
2765.0321383295914
2860.5583699922404
2917.515766389211
2921.4153806734444
2879.523644740396
2865.1471573907716
2952.0689018651815
3024.8767981748797
3089.569569949003
3153.9605916383102
3162.1692598400605
3145.0551385736994
3170.831314980578
3199.0851853141357
3200.5365458529595
3130.556226609529
3193.863886620517
3251.6360905021256
3432.3024765886657
3515.565745792906
3620.30339443985
3684.509728682767
3614.3908367808135
3568.433744796842
3578.1237468920112
3635.859163975225
3758.195072414031
3874.1183151325454
3876.9107963793504
3902.0368308486622
3879.01778188885
3327.153217749995
3512.484283928298
3705.557399281626
3757.7028620429246
3765.972535646622
3754.7530167032232
3724.1211688623207
3711.2949185050284
3760.7270164629463
3785.5548890503273
3768.063299493706
3749.576654137849
3493.7220990701403
3325.418924126898
3653.1106518540173
3876.1109130905547
3925.440749628765
3920.871868643495
3878.616254422329
3877.172569890056
3954.079944050864
3937.348474661842
4001.935874120395
3959.547093843738
3945.356272764116
3821.3439887339728
3152.1237809487466
3158.9444366287066
3556.438949720325
3646.743598977694
3715.1113494883602
3747.500291853464
3309.870495146803
3246.4575137318157
3179.935961754094
3173.579515411191
3107.270882562915
2867.863824551551
2974.838470029134
2829.7430512554924
3043.915390602547
3137.953070710402
3064.554609099764
3004.379461223734
2981.1941178545453
2937.769313629558
2857.4072634578783
2734.4257475455943
2558.2058677449145
2200.9616386785938
2007.8704709237961
1952.6620953808633
1757.8281356079533
1686.1350384410541
1723.253289817497
1785.7478160727965
1907.7471786396277
2043.6362303834774
2070.393153878604
2038.0759009065898
2108.9535109362346
2093.123977144161
2097.973832343768
2092.035733627551
2094.955777389144
2066.427499537458
2095.6886570158354
2095.1559051708723
2086.9469390987647
2073.2655112124244
2047.536170527288
2012.4487089618276
2002.677916279582
1955.3604578435074
1895.2840227701145
1733.6423602983334
1659.2902799825235
1600.0028387558107
1568.2292911358059
1525.2672601538025
1442.690013604928
1085.2821455214928
1064.574076642915
1209.5857524253847
1338.3740137680034
1351.043499025918
1350.8279949462737
1561.6009718657176
1623.6319205447223
1675.6867472767121
1751.052964078844
1713.6902256932676
1677.249348850073
1703.2132996855612
1715.2167179114228
1685.132569120624
1521.5275180060478
1823.6295777962953
1875.2906497964486
1931.069216679019
1951.0861099707101
1978.8335979451965
1794.9953379585356
1971.7685525369309
2012.42518779619
1938.3199360742833
1935.652116840694
1834.477748652104
1773.6405111431473
1853.4642568314234
1626.3001204112747
2031.5476048125022
1690.687506364022
1516.804404207228
1672.9326451055576
1324.8076913224731
1547.4123568645311
1310.4702577978792
1304.6527799030894
1331.7430952313905
1149.1894887631317
622.009865305684
1458.3980680130255
1070.8751957545594
1164.1856649318245
1637.5792868642025
1570.7924206639566
1597.1580467535043
1955.3742586746255
1787.6917697244971
1720.2106959640666
1817.6854015459132
2150.8598486433893
2146.9716686579413
2213.114826103994
2117.2734433384603
2208.8859146411423
1751.0764729954096
1711.4608915891115
1853.4392992498465
2050.6558521529505
1926.006097206668
2073.87595305405
2013.8327971076728
1939.8711158942604
1981.365866160005
2023.164089457924
1948.1536839316184
1840.2646456190396
1773.035362393036
2130.9445227779756
2126.7364493676846
2466.1679554159973
2442.3885907639205
2425.2658622242384
2374.856101153649
2296.9736274384186
2016.357653043088
1606.0513744253544
984.5841752877647
365.61083989039685
113.04887921592332
-99.0
-99.0
4.691131312904752
901.5335869993118
1309.1903929093892
1767.401081110941
1881.5414298318176
2008.0885058387032
1804.077309236376
744.5859684753295
520.8763409561429
346.6572996533364
778.7722540102329
1060.9183353082608
1187.048477331781
1256.950908890077
1278.944884526
1247.5591070751423
1259.8901459016508
1316.539305126575
1360.8305885760376
1374.530374688865
1420.4944549807742
1449.7108935137705
1552.5687768214818
1610.7962610958155
1684.3261728331454
1806.8221140194896
1865.8757357504733
2034.4888883666351
2152.9129792458143
2320.527203568778
2383.230989433399
2376.557771985039
2363.8514073334713
2423.234503055264
2431.6915267881486
2438.953010860708
2547.2694325651137
2628.517294280053
2726.8590671429206
2802.167705797977
2819.2567417261253
2767.5899991641577
2787.977935558533
2776.6512529672027
2703.6758864160756
2677.469368870606
2733.9622086622794
2833.474705988153
2900.1620556633275
2923.8383924504906
2926.06126144814
2987.1189102854346
3028.436424638246
3133.3971561180824
3130.320025125466
3165.366026760694
3195.136031738901
3180.859055217602
3193.171784920876
3217.280127563639
3202.737495579705
3154.6122816178845
3198.3693859687805
3362.6888030501736
3409.3390549632754
3492.5048909105035
3648.133216196577
3670.047114203797
3626.493181314273
3490.793113462211
3576.0968972405844
3715.8517033231933
3812.366477551332
3884.113837570867
3910.628194394857
3916.175129043785
3913.9721034243803
3847.048308025948
3509.197492445667
3673.113414723978
3736.9650860695174
3773.895669015566
3786.0534930832987
3775.397027178572
3750.7194227270033
3700.2927616290563
3710.3830661224265
3763.3487935528474
3751.3492949886786
3618.5642421591065
3534.050880869361
3539.350056497786
3828.216936962676
3912.473796135073
3944.29615274964
3945.195956420931
3954.93909914809
3973.469877435105
3989.7931539962965
4011.750451077081
4019.090568223099
4001.2285894732713
3946.3447328518946
3279.6217892672616
3409.7587386940445
3693.5673630277533
3714.7454538133393
3673.7306738875063
3632.0999658746646
3341.932454122089
3256.5905386597915
3187.0361827868137
3190.053849307956
3095.796183265384
2951.1920836125973
2916.3615390513455
2813.985876789688
3010.2053627633927
3145.7987605486524
3153.2564089006573
3095.7076375349707
3010.4111519890325
2910.5398976285906
2825.925742606089
2647.0623488223173
2500.8548382993336
2198.022333007408
1982.8195020061348
1850.2320300512558
1554.7791473240136
1543.6036041496172
1719.3189322892579
1785.5418181420207
1873.6099661624662
1961.6658031823163
2014.592417114495
2077.404915155879
2125.3426900789227
2091.755611320706
2083.933929690173
2086.2794770282153
2102.58485266418
2110.344638621915
2110.9371943873157
2092.8008809060543
2073.674579971762
2057.144350690442
2043.6677352986499
2015.2356862817014
1994.844041431014
1959.666898761257
1888.0681865326678
1799.9843078236045
1715.5217513927357
1653.1629129391804
1596.1233726318455
1566.3248116966959
1484.8099804833487
1167.8078098347385
1222.2923657976055
1337.8741294353347
1413.6484526032714
1415.6842626252467
1300.6001728323529
1529.02297245231
1624.1314496556317
1657.1425966344486
1670.1413729792123
1376.0388306193079
1563.8991162274779
1707.4391404565818
1712.2525181195838
1686.2192533575305
1527.2161635516343
1789.2278080304957
1854.8481066245633
1931.7192706495605
1948.0828442737925
1911.627970852197
1807.3486270946285
2056.271406444293
1985.5883326115322
1933.8392687669561
1909.7601080664
1897.7545601882327
1801.08366945971
1730.6686643032322
1693.0741742477567
1868.5983655599014
1981.834525606051
1682.9427811038386
1707.7660328834118
1403.4829969033192
1604.805298516366
1399.658704532463
1353.2726068794705
1468.3331013783209
1366.8094989723452
1156.1568222808226
1527.3180353433042
1187.1153679327108
1254.471245703956
1608.4857887115816
1664.8485648586295
1399.01112340843
1920.9108791671515
1820.8801599685946
1913.740589699126
1821.0490211294357
1990.0411254328837
2183.5659030060856
2168.044016645268
2294.5162718648385
2030.3615671128102
1762.2580209729954
1781.9067465327341
1955.3531246443924
2033.387422892812
2126.5568819492496
2027.6007263203019
2015.640275838845
1913.4453512643483
1886.3220514606223
1945.0295583431707
1810.9259894794923
2020.5127473533503
2279.1784271727142
2418.7445908330524
2443.552101743806
2451.2900001920016
2460.472892656412
2427.1204630106545
2409.0126712161314
2367.5542547781934
2066.1400286451385
1450.7046067338474
756.8544521600363
204.60633653335526
127.66660557890798
-99.0
16.984832257956434
143.05781930515224
567.5183052856693
1149.1266420699965
1201.463216028423
1073.5023875326128
889.7380097858505
848.9253491954138
896.2365926476907
594.3229848171818
700.9404103004945
1068.7121107108649
1144.1441698774897
1222.8087446650316
1252.0903892710235
1245.3933546910212
1231.4755853424012
1249.2048707245992
1281.532523418691
1320.8833473137759
1375.9045468299776
1388.159664117878
1510.4082442013355
1599.0783390048657
1681.049406253527
1842.3847030807572
1982.8340752919612
2136.3510363441947
2111.8776128281593
2269.0637588340683
2335.7907039211022
2436.591912992796
2448.6065634896363
2482.780662003738
2490.3512768721325
2462.192503170321
2474.0163008649597
2519.475847708781
2545.728893648855
2634.3178903956846
2829.3687214127744
2874.8045806802297
2807.8480835121477
2819.3014076375794
2797.438492999221
2727.398327346842
2727.6960390360864
2776.9312647740176
2837.6903188468823
2886.1450614944324
2923.498298086603
2949.2439865335186
3001.497095520495
3090.1020643886977
3122.688339559999
3225.3010563384846
3181.9775864449625
3235.9477637561263
3196.711432005149
3228.6450014956768
3246.2446539774096
3232.2300147891015
3102.362408849166
3152.032302453356
3444.797630141787
3616.2904177830133
3624.144586944985
3663.9878812384773
3663.0355027994897
3531.978881335825
3324.0723956425663
3704.453523670948
3713.6081568059985
3778.1290882973913
3850.639347123511
3912.191592782128
3908.738835076271
3911.5800158724724
3831.5110897311206
3808.3101777396396
3794.29268499013
3725.6176785986536
3717.8387580037997
3772.7389410190667
3799.9842318779006
3776.96891998462
3583.5916713718193
3516.201886523514
3742.3672030772536
3798.260101768738
3695.960541866029
3576.7069962247624
3729.776048908138
3841.891923815518
3883.3256156987914
3926.272471846553
3941.402217617103
3835.1839360805534
3829.9851350280214
3978.944405800609
4003.857740341975
4008.536387269714
3993.518449029192
3932.0852883467032
3599.4113525814423
3938.6735540303303
3882.293894576735
3900.4541910205817
3959.5962922114018
3764.423082405155
3398.326152738142
3363.7151170167344
3159.6155200113576
3255.8534712321866
3174.07003124603
3083.1809428837837
3029.2539914814906
3010.573738695894
3103.711325680057
3183.1279602545796
3213.777875229845
3179.513366803676
3092.5439423402518
2982.7476710539295
2848.7878668679195
2586.236001714502
2439.4802912566547
2193.223552976006
2014.143467769557
1862.4387599535273
1542.0908422100947
1578.4171836462042
1706.9823943764127
1752.414226312368
1820.8868619452678
1898.246527294252
1988.8319632047492
2125.2207538539706
2157.0916562852
2092.2171829045715
2090.9719468904227
2079.015887685732
2089.1023557640005
2080.368209404415
2077.0222449201347
2070.6932315154954
2067.8601725356884
2060.925588710015
2052.083363685318
2042.952512902411
2015.0053396664066
2006.0735246799213
1974.400256565199
1915.4304551011558
1799.817864158858
1741.1543699205456
1597.6233869996297
1563.7407759313814
1523.8135024404628
1526.8447910416276
1373.977777648494
1472.5732271566526
1397.2685771077952
1407.588818278746
1344.2700181194962
1530.178450132243
1562.0022238086588
1618.874866399403
1632.7306216480458
1219.6436945734372
1609.3005492774355
1679.9969277271387
1712.5368559919839
1711.2934017794073
1717.908738500648
1738.1757578756803
1890.8583168023251
1933.4521267047012
1927.5373736829283
1914.7858071400678
1878.1199573752715
1917.799799193568
1894.195043042094
1882.4346384909074
1834.3031551624003
1920.4300909700385
1698.6440111843765
1670.836337806459
1381.0472674476352
1775.6055959755618
2023.085505620539
1680.6747925990617
1522.8586479973005
1476.8956215241355
1480.4517981700726
1447.8498388289738
1211.089689267923
1459.777284539393
1663.3608863843147
1171.9334474715258
1338.503833628247
1464.6639964591434
1328.8550596459283
1280.3812891265627
1704.9731647285398
1604.5957993552227
1909.1740936833614
1464.8636130373682
1854.678681519162
1724.101671795783
1760.6249060437078
2030.941912194776
2063.0010069762375
2130.3401664426437
2100.3960669860926
1761.6574989016565
2045.3454097607455
1975.6641126142465
1994.7104393975878
2048.963868532691
2015.0235785559353
1963.0894569296577
1888.34086736136
1677.756242946796
1665.0287398865682
1544.5587872451933
1896.0181562775617
1973.5167238825543
2298.539634509913
2464.0302790487917
2486.577044440003
2488.6717805448293
2488.3270236211665
2472.113528122789
2475.448668152565
2034.914919918437
1089.1099812869884
508.85491634425466
495.10767262223624
250.57821522607674
361.1714258047751
738.973530915917
1023.7052120770239
1141.3896125669908
1295.6469452701167
1129.3013401252645
868.879081952884
1145.2062247212154
1032.1603524544844
981.7619783258086
944.9090269063361
1099.1238323606979
1176.867755557836
1197.70649463972
1279.4015143230588
1215.756654342854
1201.919244264028
1189.3243281027308
1216.4033505866175
1241.5879134305042
1238.459047503528
1351.6983986133596
1445.700357973471
1477.2295094267627
1617.2633487668081
1788.1293652973075
1924.523911300599
2104.416266947596
2240.870388103044
2325.161263077096
2457.615027460505
2463.710848279665
2496.846332729596
2506.5499239247415
2566.670582329773
2553.5437180301615
2557.2253973493757
2564.4476322074283
2565.972634941677
2607.300484299436
2671.178962056576
2818.887621771651
2850.3025619779364
2907.0731022847876
2881.9085803902935
2807.2126901447455
2768.362277029173
2767.9867245542705
2791.5727299321284
2852.858302783246
2848.571483012793
2907.19833769593
2924.853502501471
2973.9197143488354
3018.0440871009773
3106.085984665942
3179.416484205963
3209.84939335347
3252.5731700421657
3279.322959341428
3240.490671466085
3251.220696772397
3258.6140996254903
3242.5617892586333
3306.524841791066
3498.6142277987037
3594.9590313876433
3597.7898243868576
3625.4463891325686
3670.0703387822023
3613.7444371591864
3569.2866636508897
3656.457197891936
3695.514199464421
3658.4343701576117
3755.1272601876753
3946.740117901463
3908.9983657736198
3921.3965124367664
3910.3037908569245
3932.585951562622
3914.6703465460964
3731.5548331731443
3619.657124212686
3740.635129673473
3801.2786608248903
3815.763922569173
3704.5736430868747
3630.863643769631
3867.8908716862975
3894.582419917721
3716.5410278063932
3628.2813401493527
3639.456766738968
3830.3663739281355
3850.9745455171023
3871.5896331488416
3906.6314753186884
3335.956694774163
3465.145416432379
3911.837165400169
3977.1157771800167
3991.683554059998
3995.258324983164
3865.924331220756
3662.9931519492925
4006.640133603761
3935.4481710010164
3936.0307973627396
4060.759499772674
4057.2423281671545
3386.8285971188766
3328.2246846381695
3231.0184699767074
3236.5057921799284
3229.041415805929
3197.501751215667
3161.2006479736397
3156.082425605217
3185.2564947885885
3208.913311960261
3224.4490901760023
3208.3490337634234
3146.954087547466
3035.4893540169296
2895.2615373825297
2729.0952336758332
2516.758642786411
2232.174052350057
2060.6119039743503
2029.549140016032
1915.619914195304
1768.7422347535219
1696.55429079698
1715.2220269882173
1747.937080957192
1834.4543512354107
1913.845808024034
2070.36551839606
2164.880137758221
2115.4928423944716
2059.9069283099734
2072.5182431186104
2077.8098631277126
2080.8764310097254
2080.0537875770424
2078.499731652695
2067.0673375739734
2058.2597998520846
2060.687627806634
2050.6218959520747
2033.3791527548135
2029.8223280686716
2030.8930170052954
1990.3814235588168
1893.2886062619978
1817.4446457038994
1687.3522488013534
1580.0924139406993
1599.1586568545765
1523.8810672016612
1499.18894645212
1513.7187850148507
1536.3570502067469
1529.8017628756202
1367.2765722784477
1562.8016302693097
1548.5704698884474
1661.189045664059
1558.9069558404476
1432.604769363758
1353.3375118027898
1486.6099445967186
1709.4676879574617
1721.8608240952672
1707.9991066813552
1762.4576773753042
1807.309163483195
1880.3605319705955
1906.9152943237154
1908.2468952602696
1903.4196515337444
1854.0218122428414
1839.604279240186
1715.686051438235
1670.9721498153594
1741.8398873689873
1735.4682327969404
1713.0927351778912
1468.5656952191814
1183.8249654584795
1634.223709602619
1626.73759078373
1488.6432465162864
1538.9624906730735
1441.0863647261074
1451.2581941459644
1232.3899370680701
1560.4026502682393
1684.8435708223224
1288.4698368931267
1578.1945207365197
1578.8206435148622
1257.6601246917853
1073.3434669434073
1584.0757707433443
1259.310553981285
1760.6339997481402
1736.7328777894436
1843.721654325416
1578.5409297080212
1599.9789719934968
1836.1225277556691
1645.984523958114
1869.1581917929632
1918.9693385166097
1850.1837833690208
1778.2959304837714
1934.344520574699
1803.4666498899771
1916.622639998383
1923.4592888478514
1702.4653810603259
1842.4334403278442
1584.6898528902432
1549.6250992785363
1724.2315326210926
1650.970728264899
1591.303707231744
1370.0236770104543
1592.8456814642527
1444.4339415684656
2233.213902688616
2300.630385342766
2298.536132332125
1954.5756184895547
1120.8885860895825
1207.204323962201
1224.084794280409
1039.1605247154444
908.6347919505032
1048.029797052971
1203.3120729917796
1262.7490359869828
1257.5396306684677
1251.4070462752761
1258.472282611161
1209.638362078744
1183.7037235364692
1117.045775242203
1096.8581620817072
997.2292115041976
917.4282407120676
1193.102664421808
1210.4745479470187
1270.6885243248205
1227.6691984786069
1151.0916343620906
1118.394426967186
1268.3749239852916
1251.7588522512158
1336.2171037032026
1340.0687646732813
1367.8543273129262
1477.8139180672658
1641.4565215755783
1835.8235164006212
1972.9979357315967
2051.081169741639
2268.152489703396
2402.291113818376
2510.6441503352926
2534.0355527121483
2534.880630539346
2517.806089096712
2589.2162526472557
2597.722721427384
2605.8161762508616
2624.5706279206915
2668.277079859805
2694.055510059536
2722.537702788443
2801.199134704016
2888.019171932257
2980.937652641193
3004.09621539913
2868.3235706808528
2847.640376457825
2773.1589232566453
2826.523272631606
2905.442561848033
2920.0096784907278
2943.2529428588145
2975.4366425344715
3063.702737332108
3135.816083597972
3116.393329700675
3145.7516274680684
3217.7970885296995
3232.497202444994
3365.228276421134
3322.28218898993
3294.0089802601206
3283.702201023216
3250.5228812297187
3387.2941690021908
3535.603924631738
3536.416840235281
3534.501529371794
3563.5340635711223
3684.9707019349976
3695.040915233486
3674.522401348574
3680.6234712858363
3629.0084098707634
3591.77820783096
3601.2093337745137
3855.62787943
3920.7979680996277
3921.6296295342254
3920.8224737900523
3931.168189167336
3965.75749988092
3794.2146342071565
3612.443889389133
3702.053042057702
3685.3660832532296
3525.012966617829
3619.0851185491106
3926.8661282115436
3974.1991367711753
3969.057459964734
3819.1426863125275
3638.0862551804144
3654.186574729858
3774.436816984319
3847.096014128161
3861.642097881377
3887.334034644317
3733.0248772145865
3207.9037404630653
3386.218450538342
3810.9697916920277
3999.675701111594
4010.7498950853183
3990.938586181442
3916.294522437565
4037.5658739335295
4040.6446522444517
4055.0437806910213
4085.7069547722917
4081.7900272091933
3384.5187752335287
3362.745468583983
3305.9468052134907
3279.4833401103433
3294.91907631845
3277.920673039709
3226.690519795532
3205.437219845912
3215.582738990741
3209.4471272052065
3196.3860365570777
3185.744751419749
3147.898144007459
3069.047099866412
2984.036934590409
2911.5767505944577
2802.518060361586
2632.3338543594264
2425.9733255929227
2232.99168558052
2069.7041110761447
1841.5850360540408
1717.4580898684274
1712.2075320562326
1722.0691253611058
1774.562883872213
1853.928791915313
1856.156297700341
2149.809886308479
2092.560665184673
2078.553807361766
1918.084523554487
2017.896801517478
2074.635790235209
2085.8994717669743
2072.65911827608
2060.4505593055537
2041.204533916513
2047.3786728594164
2048.024304606801
2024.905342274554
2035.2962569067615
2044.5129669234839
2019.9985258396696
1964.2778437178633
1904.338714193067
1822.319083497322
1643.4435981121112
1581.4797444726962
1521.618890114385
1541.7669302224085
1513.1232327601851
1481.4368774378784
1018.5721382826174
965.356466168907
1510.15637355163
1565.875505833135
1591.2915121965207
1590.2088376659965
1549.1261199551293
1565.0656411034943
1687.359580471576
1678.3769067418907
1713.004595484976
1705.9989627129603
1656.0680846844373
1802.698105649813
1856.922932295678
1896.3167946160627
1895.5441408066476
1905.0918067494754
1669.688094652068
1813.279358602365
1713.0935799787226
1541.8821631625149
1621.977750655292
1739.783442249807
1734.0644284274622
1585.4475113413916
1427.218767403556
1327.2469206925464
1708.995401613832
1498.536299008798
1546.0921291731956
1494.9648243944432
1493.4962323352402
1327.9229617875196
1568.7538856131187
1736.3374156872896
1417.3452576182044
1540.5021937983208
1551.3695452233312
1163.142366120438
1503.0014835788916
1674.4296962165497
1362.8277114702073
1557.329724285821
1823.904833906398
1797.5203883390807
1405.606820413147
1410.358184758231
1326.5727275510073
1227.9468439575014
1614.5628539366191
1756.4483705265022
1873.223423077006
1759.1144188810133
1659.865920250672
1728.8198556144405
1853.714336395172
1942.9949060038336
1681.784448849219
1307.239146631004
1542.8691936099465
1707.0468426696787
1687.0560801465076
1536.531296308355
1401.668351155678
1466.8913967355436
1238.7417459863907
1260.499999999901
1427.5122265447737
1639.8477949274757
1683.13177111144
1578.4607845338087
1438.5811197631133
1430.6468781953506
1372.9569531452346
1387.490080364077
1374.0654775449113
1379.825475293468
1390.3247193899251
1389.9568537845587
1366.0557175482381
1362.5718566645498
1353.1097200592312
1226.732384166787
1168.8463265751468
1220.2222108537276
1187.5785270396739
1154.818378084377
1198.361155267446
1222.538404142736
1243.4239419979435
1247.4024688077682
1197.3217964467513
938.2131516499669
753.1291366013913
1044.2942108026864
1350.4671668108633
1331.3577459138598
1331.9123655216572
1344.6542845226506
1434.9314414219277
1557.0714507095022
1687.9351820384884
1952.0295774370377
2130.7632700723957
2273.246453891467
2453.3066340229047
2570.925604665821
2557.9419787644742
2594.57430557348
2584.7238276813337
2600.8528404265603
2628.8480091691263
2643.3111105576168
2668.5309961354383
2728.606962465475
2787.3837831429573
2884.797213430222
2847.197928497939
2923.9519398118186
2942.681425314948
3032.0683349528485
2935.527108122394
3006.1309153009206
2855.7088905090504
2832.474618404137
2897.3228593653907
2954.397386764477
2991.858484539482
3032.0585680373147
3071.9225659850867
3094.3146274692053
3066.36570531193
3083.769481356487
3163.3453284131583
3247.465328471701
3312.4070187351135
3359.8724065673027
3347.6608711828767
3320.863268344399
3291.723529466547
3456.049077699874
3505.1582152613432
3498.21992845743
3545.5005741110167
3633.0659980074365
3683.684831207816
3701.889792659782
3704.718558098059
3688.8721893976763
3666.1432976886404
3666.723516092019
3661.1818257362993
3666.664383157397
3879.9326198969043
3845.058941528085
3935.5948818222314
3972.770269148679
3974.633153675158
3891.4796643494365
3785.663649504625
3748.115810381833
3604.099837017431
3242.288935832815
3227.2614482404097
3785.3608250139714
3968.9832259857253
3963.7840668250255
3808.5124003916526
3526.652934325816
3520.9344273183947
3290.1537652482443
3535.770451683519
3876.8350717818803
3884.44194000382
3919.41431674688
3867.279325225864
3081.9003563970145
3617.1027988307337
3897.02853535642
3886.955465075474
3840.57424314427
4065.676755346418
4051.0900341922174
4061.4756007355973
4083.147583027284
4067.0663800448815
4092.1770206551055
3410.7593228880437
3354.15531474786
3165.817654122036
3328.851432030266
3352.4966979781716
3328.07577777133
3257.2808183752104
3207.7748586060866
3200.9799772185147
3178.353153072717
3162.72974418634
3126.013960515873
3086.344981165272
3043.7303241668724
3025.361699063191
2978.0930021616314
2921.198533453792
2634.509836594888
2427.98411911538
2128.078209199652
1954.071488545135
1772.607921172908
1715.7476375571282
1735.1042625230436
1742.8161070804592
1770.3142889932178
1846.6099824230005
1914.396847917249
2096.366071896931
2122.025540750853
2103.681552018986
1996.2916736936638
2019.372230393461
2075.6252882353438
2084.4700358058985
2061.8083299131026
2039.129103476168
2031.7020159193587
2050.5618793943863
1977.820458727682
2030.6659278028258
2043.4668376944371
2040.922544878145
2024.3095079812504
1994.514894216973
1929.8671196872042
1833.9929004167407
1662.9777934365754
1588.6707551854004
1547.7580609478152
1550.7595785051365
1543.471907169849
1494.1333212378242
1296.1455584029604
1017.4645020535689
1445.1742864072514
1583.5915750285449
1603.3253017054874
1607.042420844305
1565.036986921055
1586.4702066215687
1583.964311798698
1494.7834521636314
1653.8283771047597
1706.3285042956982
1719.846811160422
1779.8747072845003
1849.2111692510246
1908.9989811876806
1947.4152380860899
2023.2120547745003
1888.051932777593
1856.0934659926804
1717.3148878877978
1360.4148044974913
1695.2014446561402
1764.8056611902553
1729.5147776037
1691.0159756316818
1553.3703894567989
1487.7585684860458
1841.7139737131777
1685.3050951562548
1650.7232193421692
1566.2253109163212
1641.7112707930235
1430.9780377968304
1394.9881408604492
1699.9496701012874
1441.1774447476619
1408.0963116885398
1594.3808329153894
1131.6488375637175
1448.577104375021
1558.6148521069167
1125.5749026621922
1333.1093451780062
2113.147210546237
1618.280839089929
1375.8711611470694
1456.5975431169468
1515.1940737689465
1617.1159348402998
1294.4785029273987
2041.6393612996167
1796.230641140381
1529.271690089691
1563.0024556627693
1601.2219862605853
1735.3908285643872
1774.8919105329985
1633.9462394603936
1201.8682535049122
1489.8467584845364
1566.47939939219
1609.760562491654
1393.9414233133093
1359.5903814208175
1211.4714808382657
1221.7228832783817
1267.6090723200577
1427.069739696164
1516.8818506392174
1540.830610411771
1480.0630194416724
1474.6035679068036
1487.2759345540042
1486.9038768455353
1502.9950110394916
1481.0574527578167
1482.7858582756514
1484.5795756253901
1502.2872713830404
1469.7749687634275
1453.2634457108459
1430.7341589545495
1377.6563990712684
1349.8462934094925
1312.814925503568
1275.7862051130317
1264.9403787850958
1237.6651588429163
1259.339813838136
1273.927368784904
1274.3774277352993
1311.718049799237
830.650870136423
762.1112563773306
902.2436605309874
1388.166035936131
1279.6381944717914
996.1135709770339
1202.1672776416103
1391.4290222744416
1526.3277241601652
1566.1837110258336
1988.572848272591
2201.931139358893
2285.876686460343
2484.4052920037775
2575.1448718672896
2614.6211816661003
2622.947291365226
2655.879589129839
2640.5269795379822
2651.6993766143155
2668.4031937458153
2703.3740458470033
2735.9572602937837
2760.767360831145
2816.947247033287
2845.0811544869325
2903.364753082839
2953.0074582030456
3031.9945087019355
3024.223807189105
3030.674505039277
2952.6302355890084
2858.9514533070615
2852.2467416862155
2941.7142412273133
3018.334495003975
3065.3824357205012
3063.420467971173
3034.761784091843
3041.164242946123
3161.7592100383636
3250.325305660071
3231.6379370481877
3293.140382478872
3322.602948961403
3389.301379873189
3388.0904849069325
3322.2166229478207
3225.2450031439894
3458.617036446607
3431.2839779424426
3524.079569102503
3583.438090345922
3664.5858809646484
3687.440561593948
3687.2845738859355
3694.659212876892
3694.663748552043
3681.8527813685914
3673.4889844918202
3693.0575552964738
3725.443503407667
3730.251116491728
3679.9224499665256
3974.4902382142377
3924.117966323094
3970.510250305945
3947.364894221294
3953.5740071554264
3808.0603544097035
3567.262189309139
3489.66242621145
3858.7527378615573
3960.059825075327
3904.5930153114864
3937.0040272261745
3881.692828736525
3547.2251720370054
3373.4833034497265
3506.4415927466575
3811.0518096183127
3923.185021366279
3919.4345050180245
3893.384784545608
3364.5136479848898
3566.551755243289
3728.923651367009
3807.8250291113777
3694.9775039585365
4013.858366410154
4046.446397775997
4051.0771508003186
4072.041983209246
4096.939499724038
4068.562200149891
3455.7110322566946
3344.608410804164
3276.877979964116
3373.4249042743036
3380.3621169070043
3360.426264400034
3307.9462276053014
3198.32940465368
3194.6180427119875
3164.426933116217
3030.339409230807
3080.3581871454876
3065.0025538175046
3036.7306677881347
3017.517478138475
2958.021329621741
2907.8519056948858
2600.4193842587233
2398.391429975045
2168.1786937544616
1942.7598856332625
1866.0727090336381
1819.464454028476
1817.4919056771773
1814.7821481008393
1851.7868019455368
1929.1171095883776
2001.6000659720444
2096.161464107169
2120.071152876572
2090.615064348085
2073.1461811342133
2055.9633403515254
2073.3976976250265
2085.9669746869004
2063.501571452208
2039.9122645563968
2043.2461090599138
2052.930174304695
2053.977026361363
2068.9064065569564
2054.776527582137
2030.8186107634313
1987.0433923224145
1870.9347962685185
1594.784233526562
1557.9168812412183
1541.5260151799685
1546.224348946528
1538.8590872900647
1549.5255643635446
1570.2720345657506
1585.103835334512
1596.9786108900555
1629.9262733661635
1608.1257986951903
1600.9981100152565
1583.7167447917102
1489.541103129141
1364.7220381466827
1438.3310348644848
1419.829917421109
1491.3083789990549
1602.9384442624366
1643.1549230426415
1733.645227876544
1800.9113064273884
1927.1008223473561
1941.5976938085814
1993.724319354474
2111.8572279307477
2011.853640004166
1959.062100011156
1775.3588621858325
1479.8278174697518
1767.9163344255767
1820.3928516662802
1873.9712834550894
1850.8641603763817
1802.3214465420933
1542.7397773732557
1999.1232018833116
1678.534442491685
1761.6058348301601
1462.9606631473637
1809.9067778919568
1477.5139725201827
1592.6827496267274
1740.8978599198476
1648.7604926524623
1289.6433892541638
1638.1233461162938
1247.9779208002958
1327.2591837612094
1340.912972452683
1217.5806738736483
1139.2002916526076
1999.8059194894595
1865.2230683812418
1162.0279881591803
1796.5084774851266
1668.7146614651606
1723.7193115846885
1844.0384080349393
2065.987728318575
2081.3659748302143
1754.5565863849033
1570.6664271745597
1432.5319760791883
1599.3107980050859
1728.5022913169046
1720.59732321713
1281.9904956760067
1555.6428571947363
1620.860032837407
1637.0420826480035
1574.7574275547402
1479.310263879873
1429.0257118728762
1461.210423387337
1548.673890199834
1545.209584722557
1608.7554036116187
1657.7514554966508
1595.0444891771854
1573.018756113104
1569.5605939802292
1544.9917432940024
1548.9600276522435
1549.8158163098672
1560.0858906337314
1546.8508949750644
1538.7597349293778
1528.6998045994367
1503.9220414542845
1486.6232315668155
1440.549310709485
1374.2922739549736
1336.7215491624045
1315.1815085566582
1288.7111326670577
1283.061255543065
1297.948141609991
1199.1788947195678
1338.2939259338991
1325.0763060566221
1322.7908045088543
1102.6169230597307
953.8340616854077
1270.9363930734905
1252.77319852643
962.9468421872022
1178.8953890755395
1395.7476357872404
1557.3652529841281
1680.2459811703484
1983.7786929724055
2222.099706827195
2431.484431170788
2574.354768266091
2605.0839671664867
2645.144118674363
2668.2216101724985
2674.3731841551075
2687.1507236126436
2648.498782363567
2692.22851119558
2711.9008280534727
2687.813578640175
2820.5821184707493
2804.4760052879215
2863.480104900679
2931.063240721597
2965.090912700635
2998.521126066671
3041.792505217874
3064.8585060451687
3027.2011916849456
2932.26455778153
2879.364974128915
2925.3998759663773
3045.56318701514
3093.2843421089515
3072.6895546306278
3046.5591244883362
3060.516704622337
3178.8020981062296
3264.8044259792105
3280.6367306842485
3299.3117311458013
3311.387342881694
3321.83956498703
3345.7105355688827
3329.6806655675045
3321.395936056882
3282.227369306719
3444.538168434136
3495.118683261954
3498.228892999763
3475.752422331504
3665.772431698891
3680.1911789457013
3673.660152075224
3687.061054864799
3684.0180859547204
3685.597045640956
3698.5894759521107
3696.534750459893
3718.7794608059926
3644.371508897482
3660.4597066788338
3820.1504366586614
3968.5072166645546
3964.5688265762187
3965.8445467704632
3941.2473465673334
3933.638828349327
3825.4469727518267
3948.563979323549
3936.3142734949256
3923.7141914163753
3908.1276732377987
3892.1968472002904
3846.5336073532094
3666.6229194300345
3524.417268488868
3878.7680957041493
3916.097762373624
3900.05896282224
3559.0853494864164
3219.4512459729253
3683.595360070361
3772.651752665122
3925.4859277734
3875.490261196323
4012.432915889494
3984.552291577026
4011.356753171382
4054.5042658839097
4069.0905796891357
4053.8646653026567
3501.332643320605
3387.264582491051
3219.5258278856163
3425.982616986283
3386.2912017204385
3375.3875195576056
3367.3398362658027
3148.9391705614207
3196.5419579477552
3157.0665570630927
2677.956400353974
2942.711894161091
3037.9793330043203
3041.711352947178
3027.4486986765805
2901.52986206569
2831.563698036226
2559.667338144423
2426.536359160596
2276.05749749962
2126.1619255952696
2004.3937632274733
1929.3505234011852
1901.6239730988643
1878.3569786383193
1891.0639826243475
1960.800017648757
2028.2013384914856
2110.297262252797
2087.2694426741123
2068.686823336931
2039.1013706946133
2040.5245349933757
2068.447071244627
2091.160893047981
2075.493288932358
2046.3346568992188
2052.182781327701
2068.0188495802545
2062.6901031984894
2067.5472514871294
2064.2465829443936
2041.7228705945006
1969.7146861071976
1854.2981282965181
1695.9257625820853
1334.2912203746462
1329.6345147270363
1379.3640665273967
1445.7543492884722
1526.9141582308328
1591.9825319244649
1617.493168180282
1633.628664893991
1634.4342946366837
1604.4736650914917
1583.9118162367818
1505.5948101911672
1143.4861978574165
632.9860848301297
1152.6580599722233
1231.2958633081291
1200.3812564963405
1388.7783058116688
1542.4369183636404
1692.8822521229536
1793.3338212906706
1808.6692392513585
1847.8284719345377
2043.1888177046144
2005.3376280342798
1878.108505817526
1879.9486317455962
1836.6567375924378
1867.6640582592593
1866.9845565670303
1957.8492079068299
1940.6166773307561
1948.789309916419
1859.4988127156005
1740.8661107588443
2064.1242272904224
1819.9414833951303
1898.6319459374504
1678.0046402801795
1757.7030006509729
1725.4911442963587
1584.974256299164
1934.3099382596993
1531.816618926495
1315.6197499213683
1535.2973526091453
1513.099380488733
1319.7109397946126
1401.8906146370236
1650.2631936477019
1801.791007975201
2112.7877951702444
2090.3064545238913
1787.6142948232073
1778.0102963107524
1711.9914774214033
1859.0402616447661
2043.6931644063911
2102.5642938408873
2107.1976089681966
2038.225879244444
1837.6397927885205
1695.609212376707
1756.9314399336647
1865.5229360245778
1799.8439219142394
1532.0590419751102
1577.973012414062
1684.440359368512
1737.8731707659135
1735.5388285777765
1663.1757508584942
1666.8998974714077
1693.0487549208106
1645.699083543247
1700.9460317054688
1746.4754129654355
1795.0876072624483
1725.001910803259
1652.2720994974115
1606.3398015665557
1581.157977610778
1591.175351599573
1590.6897362780617
1585.6498565289476
1590.8907703456518
1581.7360535350463
1586.9212010861038
1574.82968096833
1514.7402072923753
1457.8972669459176
1299.661892361676
1255.7983144102884
1323.9470762847768
1322.504206092471
1333.3228433008405
1372.3988807472788
1398.4244036526436
1417.800146751283
1400.076665234259
1480.89679261111
1415.4341059168212
1455.3805247217185
1459.4404539193729
1396.971675295447
1282.3041828685623
1093.44367892522
1102.1596741370672
1545.3717709936866
1709.3807689378577
1986.5437618971869
2167.1348713343964
2372.369423840141
2632.668699628766
2569.278579152108
2665.9336403435286
2652.974565439412
2673.5389130682356
2703.739267865682
2665.038150797423
2663.9973992684686
2679.3630073615504
2724.4530779133606
2754.942214586412
2778.336248070392
2816.3914661306644
2883.950573223874
2925.973746840361
3001.356903243016
3084.7907211991815
3053.264166450086
3096.5636922595145
3046.6594694031965
3016.03772164664
2993.9320311412266
3036.3699735110968
3092.4932680566417
3100.5596826635833
3090.614539726424
3091.7672155345726
3196.367109192006
3279.360224763073
3302.8476910837894
3300.696585053282
3307.5311649137025
3334.9010267365693
3357.975003885015
3343.5236365406245
3328.3352708475777
3073.268293856007
3347.390263129302
3442.714826780591
3527.97869009594
3530.3905625628254
3617.311042441864
3634.6817672826137
3654.204162641649
3667.0593990364664
3682.011512582421
3697.831655168746
3710.6545716362725
3705.3033375405635
3715.063080873854
3725.843938980423
3679.6203326926557
3698.8191100061927
3810.199822349291
3872.5879331280426
3932.9049430370387
3900.282371039422
3847.817273260846
3854.2080424005303
3830.311299076987
3824.346716387051
3937.8105069867815
3965.7766156971766
3942.668546496224
3899.2854231620786
3728.474037133415
3780.3567433224066
3861.785668459178
3905.6277790735853
3931.752688550044
3896.650228884632
3952.3335028228107
3893.2001137923435
3999.9267411706164
3953.9442806421025
3935.3514458657555
3726.447982953701
3717.6056797710344
3906.4775312899833
3697.4087915009354
4003.852193770071
3950.9894756695185
3504.8321365665615
3415.4249740023733
2985.2340247746592
3444.354305917233
3380.0997972132477
3380.359403413603
3383.1069612201736
3234.8201463859373
3205.971628790908
3182.3996128535914
3150.1653539459403
3071.06462454403
3037.5578903312094
3029.9203035292917
3016.692475183233
2921.3183293676025
2776.473537629089
2622.6542279756923
2504.8477873387237
2380.817301183865
2239.353095332724
2112.9724940150486
2023.331859691728
1962.2552781018194
1857.5174199230896
1841.8216684678025
1933.5518904908997
2014.4600853963925
2069.8033607675384
2055.3802752245524
2033.4239637806463
2031.4715174136575
2045.6290763377433
2073.0566538585736
2097.4712960886422
2095.981477610784
2075.1462706270268
2070.3499389324256
2073.488735389229
2070.3252729435158
2070.557878262898
2073.682705937349
2062.3286556093203
1949.7112819171
1784.1473155909412
1321.1491826111928
896.460443361781
1070.7616779278092
1396.2486213426355
1494.0130900702593
1620.8987184351095
1618.7607409438083
1651.2848673816316
1655.189095610369
1604.5945657590871
1557.9650808477122
1532.6205220378276
1387.5762915322787
991.2788338350396
139.27489114116617
103.45904369777622
173.31064785717848
769.1859509279744
1225.7964719544875
1505.8537994690844
1689.409551100527
1792.2494613247272
1816.1107951487998
1899.8942180607578
1993.5477958182962
1985.6692483280092
1863.627478671656
1767.5258183026365
1903.2951952988217
2077.502491605469
1891.8597434882229
2078.686775114513
2088.295687499074
2057.929740992637
2001.502431149979
2044.423171064191
2138.323814787585
2064.3224427422433
2001.796702365964
1987.8830181007907
1636.1148541132281
1837.4925608147116
1643.9817246532843
1999.6196523113404
1776.28052426462
1544.9990781176414
1527.5543467679804
1909.8048348354246
1474.518997978053
1418.7548708935778
2069.4471167924244
2232.765410030203
2226.6725185435525
2188.643696369538
2162.370356797275
1935.5582389274712
1870.5586794155379
1888.296441967435
2048.8269486812333
2081.9806477962998
2091.328607353872
2025.6265191780365
2032.7389108000052
2032.5015214783266
2031.192044059336
2050.3481335869133
2032.8924242961377
1985.6218009457714
1838.7145525159476
1847.0453352912607
1853.4835130055374
1829.7174629322128
1841.620757319372
1894.047456460435
1906.8834043646173
1912.0372705280067
1857.804078153408
1904.1159129083608
1830.486519535864
1782.07312770724
1680.94902502766
1648.3728513514093
1622.5895375403543
1598.9348664722813
1606.3623528185462
1616.5369060567355
1638.4333993813052
1644.1721080337425
1607.6313730940874
1586.0814395661348
1550.5389683780108
1466.0584686221212
1384.8497150309236
855.3605027677341
1185.1348925864968
1373.3404415198645
1392.429967231125
1425.6164685498334
1440.573048307276
1510.5673589060902
1531.4177191343745
1579.2948035001455
1530.4901205111091
1555.120238397934
1548.8774552849782
1474.6113891678885
1359.16860052283
1089.7564493651919
1016.4086169308787
1526.9704374829935
1573.104503316741
2082.3159884588363
2144.7148593157604
2418.025822721393
2637.374985295969
2662.2999564587894
2674.5785551582862
2684.1149218508995
2686.2708873780734
2731.6837304593055
2756.3691761975215
2703.592889763847
2733.5383344701686
2774.0110256758653
2782.7085220854824
2695.5392664071037
2830.558839157891
2879.0015963383025
3002.148122477744
3021.538996054317
3114.745649486401
3038.578315484873
3139.3950450282377
3113.2758256212246
3055.677788448167
3036.056730623752
3087.0347670377037
3121.518028443951
3133.6332406802962
3139.842956017579
3158.677797605557
3221.097721580549
3289.0441222646145
3298.8271267901396
3261.8575357236914
3306.4709212817365
3360.0655553374027
3369.771759518781
3355.096419012245
3329.042379248196
3388.778001877457
3512.4003494465946
3501.6967281385305
3531.7743391813174
3523.255653672233
3300.556544289359
3231.9789821548256
3524.069216104243
3596.7940591793777
3650.2613858854706
3665.329640321953
3567.95121043813
3706.6728550763187
3714.228552186409
3742.7448872291734
3679.2043323445705
3631.9224269773244
3679.2842541908954
3791.5035084607994
3851.5548599127187
3877.0107706590447
3900.5187114416785
3825.9397506439036
3682.6877261550812
3648.427794127948
3927.3180869552157
3970.0446925858255
3966.2270636448106
3948.393034015273
3745.4261560512346
3895.9103474993426
3898.1026006729967
3924.4608137696337
3931.657991810455
3943.498549711004
3932.4836517335725
3979.4407033199045
4007.694576326854
3992.1337385016586
3949.1542928825975
3551.091767449587
3605.168173742951
3682.9598911354306
3674.2287179842497
3899.6303170513274
3978.849222215705
3516.011068214925
3326.560233848332
3163.156861780588
3460.27929491457
3462.896363831252
3445.5987478873208
3421.4301378942837
3330.3645312337308
3178.4558249520833
3169.7968432151742
3139.4693871201976
3090.4989559623828
3052.225445995536
3057.5351193107936
3052.1320113823754
2952.4651731181825
2777.082734646087
2640.1489244029913
2555.407232677676
2437.955248851548
2293.004063549153
2164.737815008942
2055.1191702570472
1967.729053321257
1869.77631475968
1846.9918669739768
1911.5202996646874
1983.0856141045203
2037.808509936099
2060.745618864965
2053.1238401798437
2017.3418967345017
1999.5334112187074
2099.9949114870374
2074.0392139430646
2084.3083682234837
2087.8766165455827
2083.0587628359235
2086.3967318504774
2068.772275353309
2062.9493747953284
2063.6813071047127
2054.505589984962
1943.0476644626508
1565.8386722378054
858.8453185305477
485.19294279866943
1182.0062153423555
1451.9336491962902
1465.5642090802046
1669.295122989576
1656.6869039220335
1675.1745266269759
1663.606888920409
1640.1149805565112
1543.6276142935978
1475.5173426670592
1331.5315953857835
843.969697836928
92.12821105438813
-99.0
-99.0
62.69423600890449
816.6465780771606
1434.9175772265198
1654.888221988675
1774.420277326315
1958.3132295031503
1960.43899130011
1970.1092627153994
1959.0698721274186
1946.017453127991
1944.8772637365068
1864.737092517914
2112.468755995041
2070.93054935616
2108.499507898955
2109.9329643538185
2112.732555608806
2063.8406262959074
2098.6162604788715
2127.4173851987975
2125.565981420233
1948.5729752027396
2101.379641472583
2052.2170726438294
1917.5335845513318
1722.8974413685264
1830.5962829185394
1851.3453719284119
1825.3786454337496
1856.4891386389838
1849.9977621098194
1620.900161978524
1094.604003055658
1709.6313890392644
2201.739774318481
2154.1987719293666
1980.0222351768816
2156.3318565387985
2116.5399216254727
1949.197024314379
1907.0116715821525
1917.8400395394117
1998.681924946136
1949.9126436733452
1943.9448803262349
2019.2542898830282
2084.0755205094583
2112.77723083409
2119.712209027647
2122.127108037581
2109.799130758269
2131.2763971091617
1998.0873231924118
1974.5809305666878
1992.4618214729048
1980.8076557023164
1947.8099869295734
1947.912972968584
1958.0140901760042
1922.3434544079032
1848.6395713516522
1877.5359890481857
1802.6759409905342
1749.0518925306105
1716.745441646625
1644.6507009638387
1612.502067949197
1644.1954773020577
1666.4565943325113
1653.322798094268
1626.8886813725846
1614.391365132169
1594.8915139035448
1568.2287011167311
1518.9948004351174
1391.2423329823962
1137.8057317123553
1066.2866193697787
1123.438719370401
1454.6986990865332
1484.7656377945343
1483.2627372654042
1505.1575248092363
1467.1540217656568
1583.7370465230874
1636.0385975731497
1560.9125963339939
1578.597498783919
1538.1112130524082
1392.347642188278
944.4775178009717
1137.068672246571
1562.1999675976929
1820.2452159731115
2076.2561551407557
2278.7091972917056
2532.11274410571
2589.2907939644642
2673.0430462340746
2669.5119208880296
2678.472717315681
2705.6657914664306
2710.8616239416065
2803.997067129417
2720.519063865517
2755.6399288163607
2796.9040186084703
2794.0519525446184
2756.8698734857953
2757.5418774602686
2871.4940801552502
2913.627523473975
3028.140188008222
3082.6324072431257
3048.332717029342
3111.012835478826
3141.6452301255945
3121.044660423537
3052.8856109241474
3026.676808001036
3138.1056895204133
3148.9316009761706
3129.328308999657
3139.7202611661205
3242.025083256299
3304.876739249213
3198.7777041681
3089.794490980687
3292.8022390651463
3359.473597624603
3387.202623365687
3344.8708209673073
3268.9653558176233
3470.4437140753594
3500.350058919841
3476.26353763968
3563.0595492400503
3494.6776678753854
3540.2038834221967
3534.3475697299427
3571.3479467838297
3583.5847618837174
3648.18253741943
3705.553422078131
3727.582645853232
3718.2040837977856
3707.0444746372273
3688.1695929127563
3781.6629640385486
3803.842280939912
3811.7552441264866
3819.161233327704
3826.46964255629
3882.7779156477814
3903.9826919489396
3835.2632171321943
3494.0630401210833
3549.0217980882067
3784.7132798632583
3972.2833858862464
3967.5024501310904
3962.5107364727073
3948.2549397846915
3931.0760498511313
3928.033632237047
3931.1160377613323
3928.7608008354428
3936.8782080956507
3943.1211741647553
3955.1955185570387
3995.009477826649
4010.4183818001616
3946.531706840323
3681.5090674984467
3639.797574963376
3571.716642148274
3526.6940562661716
3663.0183190971284
3964.5564050801404
3524.8889875637174
3397.3892444390403
3454.085042955645
3468.1276133369415
3443.5931931227633
3408.616770987166
3357.775049307502
3202.037066769161
3050.636229911039
3114.124664020386
3123.9699234797627
3124.236554840401
3085.8411764153834
3018.5139993667913
2884.9353401162184
2838.0413166299277
2756.0835193448165
2640.9760044670793
2576.121671045738
2427.0556226339263
2242.747634528571
2143.071552570984
2015.1038638308362
1967.7918760318826
1886.840712173147
1867.920371850735
1896.300167905699
1953.1468276138016
2014.6107507805084
2064.9119629433458
2061.466974533514
1996.7661751612038
1929.681504741011
1937.4515006305041
2002.1323486951362
2047.6776434005533
2070.704862433799
2073.0162770824804
2077.3814614205216
2077.6277143145844
2084.379254094527
2074.1722173173307
2061.073176966286
2050.193803889444
1731.1932272170181
1444.2843800257615
1534.5204417228788
1453.3399207022987
1257.26443516412
1658.8498673063157
1675.8820981617573
1669.9528861727347
1669.0426133310812
1687.6332885068773
1642.0298755349218
1555.6100359778645
1479.4192845172429
1095.0775781458954
656.7162215222583
66.49103403187262
-99.0
-99.0
-0.24746555601291234
550.8672132520356
1267.4434099166122
1488.9305656528593
1746.1049477369947
1883.0239064450323
1941.2435021983306
1927.4793107002374
1939.4204937864808
1926.35232614291
1950.109725614134
1950.6252867013486
2001.6908215179644
2033.1302573806825
2048.700383565927
2137.560368490663
2073.140328250702
1704.5757316572663
1782.1428805340097
2020.8894532238955
2063.302482304706
2056.3650872559506
2179.6477169551094
2225.820466227049
2146.2244367400476
1791.7303854661072
1618.6444491173454
1901.645349782971
1840.373906977897
1939.8902705989124
2120.3370155024922
2050.5820488560244
1601.5891736797448
1810.3495371789315
1918.5016463663846
2038.0367218274412
1905.7961587889863
1905.6942764460312
1929.29668425739
1736.9432015616155
1553.6843602061633
1754.7604811812062
1789.1408465296927
1826.382746256146
1902.560535170607
1951.9367579333648
2056.345556919487
2129.319249692242
2117.0734584383335
2076.2982702638433
2069.158456335385
2097.3415046784753
1934.8268074163195
1947.8716285371809
1899.9501721081251
1880.3110451580492
1871.6854005114747
1904.5643458732834
1924.778651391919
1896.16115315444
1900.6354352909523
1912.0906200962738
1853.0423050492739
1750.882046637622
1759.3175906257927
1665.2761359920764
1668.897565762461
1666.2603047158545
1653.3644782470233
1624.6261676580789
1621.1835150655288
1636.690076339355
1645.023438210548
1596.2303743033028
1613.3460487390664
1465.2030285078374
1391.3982783061508
1163.8448496319697
1033.119601419257
1535.5540337180369
1564.6727964233748
1557.8438737872011
1552.8702178557082
1573.7941757479382
1630.68634171734
1680.3059304236574
1685.6914163995355
1645.2953747330396
1518.83105489849
1407.7474021063456
866.5508519508986
976.3226038886104
1601.0996386095162
1848.1981226752946
2061.5832759221457
2258.9926927632782
2405.522512416586
2553.647894718612
2630.372042835139
2649.1417376605327
2665.140303048113
2705.364508005306
2718.448094099955
2739.3101457033085
2761.508869242672
2746.680855769399
2807.2893598021046
2824.9730158598295
2827.605843756111
2820.30266798028
2873.0907667333026
2930.1522672462524
2984.412885807921
3109.1749873330946
3107.9840032591273
3112.0789978931375
3154.3333597169976
3159.185705263615
3134.027723158608
3104.6627655236302
3176.2200010820725
3205.712755919966
3071.582224568665
3010.077532870489
3117.604678890043
3310.427496164006
3230.4680712754507
3162.0219447456316
3240.742883520027
3249.717849391878
3372.482505756405
3402.177464471829
3353.2366599603474
3383.8257526694642
3497.1463939607543
3535.6501576248957
3628.56624437535
3570.7972693245365
3570.388852078844
3579.101549510924
3627.7515793160273
3641.9910265166473
3654.8424078240673
3689.451468166104
3700.604020733392
3692.1060116146114
3672.8579094935953
3651.2318126018813
3781.3061950359056
3798.383591206424
3816.1092418398284
3855.611625429967
3793.967835595398
3875.7978092250632
3880.55762127689
3855.8897145839937
3888.8754136287835
3624.4553428523354
3693.427311419207
3956.409772240151
3985.056051443838
3954.93554125733
3954.8030739203555
3945.02264019662
3938.8432728998437
3932.1437511540025
3922.329673549544
3927.5258715668724
3935.9182127329714
3903.655292720085
3944.7060494311627
3896.553573459509
3753.455275223353
3647.321628100497
3649.847168145327
3635.6253907975556
3118.7848315227643
3642.5547269604917
3867.4086106384802
3532.410407208529
3474.209933088374
3459.0970396459684
3434.8929710770412
3393.7364247926967
3352.342012242171
3295.9484893850245
3149.729382545016
3006.43856403491
3051.718098687649
3099.5613295232383
3119.0999011520935
3122.908213621768
3003.3544366415445
2411.4299189701437
2680.592853877555
2760.219709403805
2690.6551930478395
2564.4494541906
2363.030473414639
2194.157520593961
2082.898980811754
1964.8272170040634
1920.8792609522545
1856.0613933662146
1860.5964863388544
1877.5310404240033
1930.7881349902145
1995.0731006666508
2085.7102793802674
2076.0928071978738
1982.949634918453
1888.5969719118193
1907.3756454271015
1974.6921492492663
2022.0787878460792
2060.3182878688144
2062.877774903162
2034.1699068968098
2115.9370578161675
2100.0212987054574
2126.4005634239543
2062.994811971601
2067.1705443835053
1956.7533116760778
1900.6300491248776
1759.080948929803
1783.617572303386
1778.6538140146256
1743.1240131822026
1710.9438696970021
1705.0102933688036
1684.1328482102847
1697.3093772612128
1554.0398743763408
1570.1607121816246
1400.5589519049886
1233.7575581139974
473.12650524353893
59.462323268943244
-99.0
-99.0
-99.0
314.4753817633673
1290.3264449425399
1568.6465766420777
1722.547203369583
1842.8906561021777
1909.1407090000703
1913.707815976192
1940.6341450847863
1940.947525096258
1947.7667286265514
1924.491600885643
1467.0903183604655
1847.3757854376536
2067.2007302630964
1779.2238187378034
2072.177232255012
1772.3239691041022
1897.0869615924153
1998.9047018880785
2121.1725806872673
2013.5308968279337
1986.2571296854937
1784.8967789667865
2401.9766538506346
2073.962772602833
1902.3320665681006
1642.3377045063712
1848.028180866245
2122.857783645486
2123.4338384819735
2065.46455553065
1664.2807228905071
1882.0474922921412
1857.6748656387106
1954.1915412881608
1727.8480299098812
1674.3248250722588
1881.097788325331
1947.0348112208542
1559.5723691575904
1696.8957501860766
1659.8320586941877
1706.2078634338038
1804.4394034909208
1876.0274972137356
1942.8326612774324
2053.417481588834
2024.4240401121956
2010.8885712165916
1971.1477448040164
1920.9500778234897
1852.4947919650554
1818.8245172858992
1531.3088431700187
1456.2543720313583
1713.4078985394956
1872.4128511982274
1902.3315914479983
1961.3038713667665
1951.5286742202302
1896.6174727086454
1915.496730878486
1753.1834020969106
1737.4906882901964
1675.22758350405
1646.7441499448792
1619.818675373822
1655.4957031985612
1609.492538658405
1653.8347551037778
1654.4379275931062
1665.1230151170753
1692.5957140843816
1699.576988639358
1643.563042060464
1653.082990546288
1546.6545615829953
1601.1044028121867
1623.9319394379827
1628.4412388521348
1592.5233857591445
1622.0822791431021
1637.397875575795
1657.574323002295
1831.7129571147732
1716.4384761252047
1642.7747705230856
1561.214821309361
1446.122183811772
1037.4032003617626
1387.771863554392
1616.3817902622093
1753.189362202648
1893.532635219007
2132.5635989045204
2377.2726124548467
2523.2251999948267
2656.2000357754396
2648.340617061791
2664.168694076009
2692.707952267315
2739.0042290363804
2737.5315126201735
2772.906545499234
2746.1106051821093
2735.6204744784286
2843.5897738912354
2863.444792087081
2893.2297152518295
2926.6031678867366
2957.086053376695
2952.828477816022
3061.902262067118
3110.685053710759
3114.4094126993505
3165.0003528250822
3160.6184628289916
3159.5295653686435
3204.078873079843
3199.378103065966
3218.0016743840347
3207.128333449306
2994.7358409500566
3094.3592486627344
3333.9364358929156
3348.637529930186
3321.02321788974
3312.294171606202
3368.630683085982
3410.063653405203
3424.064682140599
3444.740460084945
3466.5511371726266
3493.53279084432
3519.3639941340484
3522.309592908795
3541.9242465867005
3552.0952300211125
3509.865835200487
3527.1489366610813
3606.120733196264
3664.244366249082
3690.8389826227863
3708.3571275083646
3724.065159495505
3734.1302591697763
3770.3406655314534
3747.327760676657
3887.364594030802
3837.4177926588186
3792.6962804112677
3895.924515434175
3887.883604102162
3912.953316755616
3935.1217732302066
3903.528820017407
3745.51840559851
3778.5159233881204
3974.4256890439965
3997.249488059266
3997.8543477088488
3981.534266058848
3963.0638841072937
3963.749699248951
3933.0275138653196
3924.0321569296434
3921.3805498574307
3928.6396127394128
3891.8721372350765
3708.3783215735593
3697.8627347218467
3524.32875555035
3690.6667064858134
3739.5382730461356
3704.6610597188474
3544.879020696792
3614.993418940536
3760.590081491136
3516.9029058933183
3466.247737921359
3433.9210680983037
3395.818584127631
3343.112455240361
3300.146165956849
3256.399539087058
3184.010374369288
3095.532977969587
3057.8754150078603
3081.59069974339
3107.9138601133322
3112.549192293306
3088.7522196679656
3126.189909255832
2973.8354740943837
2898.702836438424
2762.666563854987
2575.3995741597955
2365.0192148099154
2172.821271321657
2029.1477481933773
1926.6642021162054
1883.333086555253
1874.0240767168068
1876.6107761160401
1906.1207444250792
1977.0598786327998
2024.2525310601347
2042.9739351821436
2014.7736822468503
1939.3353332021873
1876.2070867021114
1896.7948851458682
1950.6686977257984
1966.1121702341484
2023.1015792623648
2048.2674979703183
1978.313763204018
2045.1855409161742
2059.5879282097085
2082.404256956302
2071.3516398339657
2053.840105184135
2007.8505761390904
1951.4708715824881
1939.4198271079574
1810.9606600676805
1772.9844601633058
1720.6328634815989
1717.491711807236
1710.3782555043122
1693.152982103954
1711.4986934774088
1587.208454707501
1617.6118677711697
1444.2828937768643
1255.689014593075
781.4326282162737
82.7060569827733
-99.0
-99.0
0.0665778571528444
266.17078622614935
1187.606502245626
1597.2803954346791
1699.0910722844305
1834.9885709205753
1876.9340770518709
1913.9356133510723
1939.1662525878737
1967.2622571682075
1957.5543161494356
1938.0000123821524
1544.5197431949211
1467.1481666042591
1750.9989370366252
1337.7012886674897
1933.1727300417772
1799.5394881172406
1891.2037987627484
1932.1261624062292
2088.3690720709164
2004.6158636754546
1759.2748058141742
1372.029141800108
1499.917803089866
2395.975542477517
2034.3512957395862
1952.1647650266348
2132.1463453880096
2014.54098054664
2457.8667715449483
2374.447659136512
1830.313119889825
1555.9942087656152
1827.446486691637
1862.1370286465396
1708.371604939023
1565.7732985021871
1693.139069927561
1838.534439707542
1977.4122405183282
1651.3418761526823
1584.5032467391893
1638.5059567941346
1343.7381775910956
1834.1028390362721
1866.3402798513018
1997.5060336062322
1981.1930524067582
1970.3480743633022
1995.2241306350527
1954.413182769432
1885.1272915209229
1714.3683339804177
1345.93599518312
1169.69486090655
1400.0804940545668
1911.6032116638385
1896.8968148654462
1956.5793654550853
1964.384942808304
1882.2911118089708
1855.2527841373444
1754.329607679665
1696.2811193920545
1662.1516626456223
1645.7537739274435
1674.77982332053
1664.317092047162
1662.191704120896
1618.6873071223126
1615.0239176881428
1621.9343718428045
1676.8449979429752
1730.4585592650265
1753.1918595009838
1796.0031260057701
1725.6566849194396
1719.0742261509504
1699.5863746868558
1683.1215241891566
1687.884557446175
1724.2623190421127
1688.3242051577615
1711.368692162464
1717.3688057388451
1720.0422167000372
1685.1969557073853
1588.8731478726156
1511.5011149420413
1205.5597799758887
1645.3276828214898
1696.22965219389
1796.425327546409
1947.954391844754
2160.8907579817296
2382.5789872796336
2494.754939514604
2598.8310864895243
2608.282521854722
2675.667772841881
2729.5743975350056
2754.148803017464
2748.568464140368
2817.585482496753
2796.513652821412
2814.9258264812133
2851.1864638429615
2870.617735281042
2871.617930390757
2899.4239287892724
2909.969783473938
2896.335702481738
3168.0360877763105
3111.803503524416
3145.0975600961197
3089.6531864508047
3084.1984704147403
3155.5738565415277
3166.1648606101935
3182.575750825261
3240.386720971543
3248.0624533709324
3246.4786209187496
3282.9745945133577
3352.011436567432
3357.5077971394103
3369.462476784998
3411.3701975781605
3394.681280305008
3411.077302340773
3431.440549075135
3444.1181090677046
3474.703093388764
3472.196511914062
3465.550181360762
3517.8203468969446
3539.6171963248516
3551.844334209032
3546.537534910626
3371.7451324549265
3657.4912726790303
3693.8509147987675
3703.5347962484975
3689.5770717896407
3740.3924399581088
3759.3679657171056
3779.2395507755186
3805.182167189535
3813.96805218118
3808.4013945755223
3697.566317020266
3929.2459532611006
3951.659074327229
3931.9610027570525
3968.038469920546
3976.8789965636342
3950.6624242313337
3921.3868108348865
3929.924205247552
3997.095058406439
4032.1873591802732
4015.80144488021
3952.460556532699
3935.491501970341
3570.8788913344365
3753.1001564080975
4043.5879591342905
3920.1524027006926
3918.69037610847
3775.2554055633436
3708.8125258268
3249.5589241079383
3312.217238104795
3794.1720451432125
3786.984585082355
3734.8963441815135
3559.8879850282824
3699.230849555414
3486.040191157413
3456.0714309851346
3440.434855900615
3402.845051145707
3343.7395774552706
3292.0390408941894
3269.5198001377953
3244.4556469308736
3191.9610676531947
3123.61633596412
3099.6026433684665
3096.5336187667745
3079.3368557036124
3095.7867952751435
3120.2716837152793
3097.352005235614
3042.314419589433
2833.648622916325
2562.876735151081
2300.1039874819226
2116.71996880156
1976.5897508816486
1875.0040455570572
1809.4640643684045
1850.3802497509535
1880.5546219506286
1923.6629433620562
2070.762866262977
2081.3050218736407
1925.1289380906667
1818.7365593960485
2078.4537988201546
2090.7510594032815
1993.4303355603508
1930.5313230771108
1889.1031269412815
1925.884289744546
1955.6052834923948
1952.4730949025607
1896.9055418860605
1993.6383410824385
2089.8877330314044
2074.7365318646494
2070.1943288845964
2045.1682314464767
1998.906660198949
1929.7858449906469
1880.3982191693563
1801.2098717231347
1763.9275513202317
1756.670101339324
1745.6036224101874
1743.4046929940876
1724.3464365765856
1746.1935817374726
1627.7586621820449
1507.936978429879
1238.0559867225186
907.4897623893646
145.97143903451573
33.6639584678959
44.76645025547685
101.489102937993
391.82641716182576
1250.342430219422
1588.6972630838293
1692.368598196615
1827.8735989280922
1881.9477720367427
1927.1884424833618
1951.9864083541518
1945.3196836684817
1961.3302497584666
1957.264034176016
1426.2715745374992
1508.5508486559893
1468.5548217048827
1393.3989696829792
1725.740972654129
1687.4658313173493
1789.1756598532313
1740.6483677188176
1972.7711621485064
1869.1627502307927
2027.628427380931
1540.0683745672175
1131.7929450629708
1340.8364920494953
1726.5621983270134
1907.1926532376951
1785.6757386827842
2006.0758568233039
2482.4587096943055
2287.490682714059
1867.1127384985225
1324.2136262014749
1931.5170667875689
1691.2934565504243
1706.1436064324303
1405.0669298161695
1611.7249797217503
1763.1247613558005
1905.7072947513486
1879.443184220623
1798.5104680556012
1539.4966526956553
1078.7390621368477
1662.471426268866
1823.3973071948221
2010.677346781736
2026.2907354800338
1979.7871253411088
2062.1717925072967
1803.119790851982
1728.8509210608693
1408.552655212311
1056.3246759323197
1036.40210846131
1598.6900830174866
1807.7378472574878
1890.850677160029
1951.2997959581314
1949.3679903476225
1871.7536148449249
1834.5590813327753
1755.73368280513
1690.826368301803
1665.88658712701
1671.2748523548605
1673.0929366144615
1693.0533967025171
1668.86603127183
1661.0955753517505
1674.2481316752421
1668.2958593731162
1720.824715002178
1728.5895081620688
1692.1952278395997
1796.854552257849
1779.8518802472072
1751.5478162875445
1743.182144028637
1772.5441002303223
1762.3454551861978
1763.8963788255228
1768.86708724927
1745.9386711846103
1749.2199549550664
1719.3114822151497
1694.3017226722654
1642.6832940574768
1631.5698477590338
1636.977564311424
1704.9134511171453
1549.2408451969422
1640.5372384961474
1845.3398407648365
2092.708880482212
2355.994247436401
2463.612559656015
2563.005844250751
2540.9588161774504
2597.3626416402158
2704.406919846486
2866.0052131201983
2746.9566235329044
2848.3192308795924
2793.5954699666822
2850.0801279177563
2830.811761096724
2880.796985759473
2890.7460366734604
2886.98510074485
2915.0203587634337
2925.0984615091606
3031.91179710385
3106.9246211494237
3133.1781269780695
3125.9475202904155
3090.655576730747
2998.890797485162
3019.5615066249993
3033.8047467739107
3226.8718317194716
3292.472454030921
3298.049090080005
3308.344402000984
3326.6206432857703
3368.3918735318452
3365.8115201682563
3356.0720411765437
3378.8668160530615
3405.4038352373163
3409.1212345650374
3421.468805877615
3434.2461531503727
3449.932094179341
3306.492158558445
3492.601711804935
3564.93050999615
3570.9380516108163
3566.5295548220197
3346.376227284672
3307.429217297204
3411.4620977442723
3728.041974728631
3725.560555863196
3749.629195572187
3763.06672960589
3768.701903647762
3774.7292004221626
3770.1633250027426
3787.966307366622
3774.361917286643
3874.7107838218258
3894.4700756943084
3902.2952438297525
3947.7889285939814
3986.24896598939
3951.1380167060665
3943.583056567214
3803.4570352235737
4056.450602198869
4040.150135872286
4022.25303673957
3921.473592790787
3966.2370905990833
3761.8699525158213
3570.7213709891503
3816.8474356506067
3930.1705783450675
3936.593260104343
3927.0326688174146
3891.4366655590097
3625.051589168726
3516.6609581078133
3760.894620679852
3817.35173364879
3765.737205276884
3598.52026958329
3568.701895438587
3481.4412178240646
3484.50550589914
3523.86657908035
3514.058077299957
3445.4383820073385
3369.1541433023704
3356.022718130128
3334.296095404829
3345.4283589966667
3214.077936633489
3116.730038636827
3073.1906525930262
3033.474903044084
3024.2942110680156
3017.101854330405
2953.9445664397826
2936.3380264210223
2842.3515068966462
2501.765695702649
2130.1056049014537
2072.396367676371
1977.340450808364
1919.9079828048214
1751.3016957147154
1866.3515285258832
1897.9803492430337
1962.1132523589392
2180.7936147754863
2176.627334082551
1991.2727294321407
1955.7041773433884
2090.211729275427
2042.1143416354473
1963.4428366341863
1877.2039690537613
1849.3570531183957
1871.9221584739319
1961.8777864785477
1987.8260664386428
1968.6347562222782
2030.7980448052754
2107.3662327797356
2113.56081898742
2119.932645192744
2081.4499405894803
2046.2699243014906
2043.914912332818
1901.892268840793
1791.8023756859036
1758.531577162168
1645.010238286291
1553.0302598889023
1678.5022862745757
1783.005654167709
1762.856561078316
1727.8771766829195
1632.2820184847244
1458.1984143858201
841.3424420611659
304.86136533885303
153.81319496505864
124.45668812006046
158.4243940887324
894.1071674396301
1384.3818172021163
1563.9732724103321
1701.3546619455612
1807.8944174893743
1870.785490584035
1892.9545668951669
1927.7825691704045
1928.79525579764
1918.3128682880374
1946.883908221992
1480.1397223901079
1529.5074844648495
1362.865671371332
1448.0436009694467
1607.1419284171343
1773.3774573583494
1733.9957887478574
1751.7081895279043
1854.8925965066123
1821.1328345419117
2064.0630199125285
1571.0085268353885
1302.3047720229638
1417.5827575799358
1529.1677642276416
1399.8190787165663
1670.90739112625
1908.5518527655547
2072.771309407922
2200.252602204995
2097.163978346367
1257.4036636305664
1659.3885669192869
1442.6348189545886
1604.1402461782764
1308.8086884637892
1442.34875734336
1300.5757290332456
1268.321522158657
1457.5107477344018
1349.652606833779
1388.1853770627986
1602.592051740538
1636.4324336100838
1622.245681269072
1930.6800395926737
2068.862733839798
2018.23176360231
1938.770903701242
1711.928453972037
1661.5527597851699
1607.5970982218557
1363.6835845904411
1397.3884414174915
1920.084610176768
1999.873771238042
1927.9165922639957
1949.6233685912305
1949.3419100001438
1869.1064135865424
1810.0067536114336
1753.7011326383574
1697.139829625569
1679.415648529925
1682.385659374187
1718.0381936823408
1708.4401242801364
1651.688242833981
1704.203291586687
1738.4485086056065
1721.6063997452936
1780.646476974585
1750.7806594079743
1686.7194069892835
1860.6072516599386
1845.5615786909123
1791.721830840397
1780.973635836553
1815.4123182117985
1806.3965110531874
1797.4012791395417
1818.6103158236967
1813.6064010872537
1749.9323455948113
1735.1901141736962
1697.455419482889
1658.0428048538863
1620.5198275050027
1670.6482251826121
1525.9340987969774
1157.5128700427415
1226.888319823442
1574.2986319383026
2104.889783896149
2298.944405906554
2464.3595068347026
2461.8213143876264
2503.957499056253
2498.522881300848
2773.150293016337
2884.1562826695854
2612.206596035645
2790.348366544524
2835.111105171332
2834.918398346897
2845.8676964400497
2848.9874890463284
2873.879733980502
2889.376990447916
2920.9151233967414
2909.8050579922588
2952.307872931702
3011.61994136593
3081.767021654814
3125.857014227431
3126.217138671888
3060.9086929788045
2996.52370775267
2923.00452146933
3133.572273079101
3243.86182784208
3308.694784757101
3284.624808003595
3240.2965915186032
3298.1935141800423
3330.3849107715528
3367.0473616614263
3392.5021399567654
3397.0730519092954
3395.83720131288
3429.3513128817126
3437.5718301983648
3390.9597071106805
2724.958355908919
3289.6358113012298
3585.1015731172356
3538.30251316838
3527.448048607422
3555.3341923404873
3368.558454233078
3102.5005985415314
3678.027216102603
3736.4055986666913
3756.7760096335946
3780.7078333405548
3769.3312522457113
3524.0939088751857
3718.976015530811
3729.285623310886
3674.5003274403366
3682.6777937307775
3888.0882932965433
3901.908304908404
3909.0218855898006
3738.9779629058903
3953.1364230178337
3965.9033024191253
3995.6348523728902
4013.2754993957365
4032.691772823333
4068.7927949500277
4051.3572165492246
4026.171517576384
4026.133944582283
3817.0736292674624
3823.1072261634067
3910.754885432606
3921.4345938059437
3919.017856307954
3905.1413957661134
3814.1394143175794
3471.2202691392267
3425.542205245175
3830.079640112585
3840.627971767269
3768.609833732202
3797.4191268434497
3560.291942643786
3591.7110275054974
3588.388433678984
3572.479905726411
3493.761005207399
3342.894208036826
3196.8136385688263
3166.160589364519
3349.522454356552
3235.060330775701
3099.450070725887
3058.371411693412
2996.214938191531
2953.056561713047
2955.345969564612
2987.2621983150225
2996.446711965116
2574.578817969646
2449.930754410981
2318.1908325393956
2227.4295324764803
2198.829471190933
2257.009512529617
2176.1797552514754
2033.9080503025712
1928.9603935336079
1921.139576206096
2000.909748062191
2041.8305497588042
2043.059999999997
2044.288838193983
2042.8492834117808
2003.34609088813
1945.4638240445995
1866.0731356481497
1740.8181642902848
1690.8120535816659
1895.691590337294
1944.5130294519695
1957.160195544701
2022.273298504633
2090.8523977689133
2074.687507837428
2115.5270752261627
2105.556037671042
2081.7827494658586
2026.5878978190449
1927.8912486012746
1793.4931523008538
1423.6103990464928
1408.6614500958285
1686.606181859281
1755.6231199326116
1817.9581720556855
1788.0528210828058
1829.6965020165921
1761.699120281502
1680.0560641460702
1355.5696954963391
1061.3633417317542
506.95758193371637
196.9804276297903
643.2004885646635
1183.0385578235012
1479.8599322974967
1587.5712531507095
1711.6936888808189
1797.4633686868585
1850.1213589328213
1757.9519111367474
1917.9998044198157
1695.9256719732352
1660.0288028383363
1766.2713171671853
1697.1814853374033
1593.9560527224448
1585.8894525452074
1193.5221674182649
1419.5143619580015
1748.2241903007637
1729.170078240724
1781.971590913367
1688.3549812050228
1465.0796869948833
1841.9944021982487
1649.429497606494
1378.680915484102
1219.4182599384374
1334.7056131618376
1413.2863253376988
1651.8019927623827
1483.876136675222
2021.9373907177473
2089.440410563026
2001.9790425100546
1276.8117689895896
1456.3863031723472
1532.286070290157
1422.8754766329976
1140.7250208108885
1207.905230947839
658.5057565232827
660.0580423555189
1204.0310840136
1800.217862533362
1850.8147287846934
1739.6995561672848
1435.2396616898795
1599.2332224343381
1548.4803151594178
1875.272466400186
1954.6206650822996
1890.1057016870755
1785.507193419075
1861.284795550328
1818.1705464626948
1655.1315296703503
1905.448120540243
2105.42005135504
2028.0526115075
1991.0574999999844
1970.43415006831
1932.2680450307826
1896.8282515655562
1824.030372242791
1752.6367729582685
1692.164098617259
1689.0671686348498
1703.845153346643
1728.1434441803826
1733.4002591297567
1711.5840355607872
1724.0994719160465
1764.8073728298698
1803.8624275221116
1787.7948751338777
1788.6826560091529
1810.5826391823066
1919.5101943926572
1897.6523963058994
1825.0246025745926
1814.1429864863048
1812.3065872278428
1812.2988177078134
1835.5178633013752
1882.9908512358334
1893.6801771799753
1847.3104039390107
1759.4885491805474
1710.1985685172879
1654.1990939612838
1626.936406351879
1595.7243424911364
1297.0766923062397
940.2592478449931
859.1739652189647
1125.250327891017
1872.588602816119
2294.780157762732
2382.55878515895
2344.6066263055222
2398.06077249325
2396.3069828254997
2542.2601718642304
2285.285845574266
2664.8238195162994
2815.5963035102814
2871.185466899486
2859.6773432933373
2853.6029877823034
2869.7998348094234
2876.0735381510426
2885.802987542311
2898.3375819000757
2885.4821684908593
2879.952665550588
2862.50673220025
2869.0485160583044
2999.9039765370853
3130.710688810555
3083.340766544409
3052.225917796894
3005.060766976369
3141.857969927981
3199.163853676838
3262.30498000518
3277.3027696792756
3260.643444180381
3262.0894707640573
3263.730592340417
3334.386082306712
3408.633153675153
3427.4181944985207
3426.151814226892
3397.2309647166385
3464.6239734643086
3484.5735367110087
3222.3660847065526
3506.0782292772546
3583.858186475706
3475.0804344352523
3366.416249621226
3562.6320915250008
3552.65754590706
3371.213111861019
3641.299896521915
3730.099677381175
3738.4172906678
3776.8479896543136
3776.8685591436015
3729.0014529173386
3314.492836143387
3612.933841959157
3640.475629844593
3678.5159716859407
3669.9088181991574
3910.916290091291
3907.235273756671
3687.7077478981914
3920.805491400299
3963.499064953044
3977.9555944418557
3985.457059839347
4005.9954326592565
4008.8366186515773
4024.569907828847
4012.623718576313
4008.433072300511
3812.0440728730505
3893.3369502839373
3901.13779094349
3912.3489217252763
3905.737025474547
3886.836431338693
3867.3587245862404
3662.3210712878194
3345.1091973913085
3792.5344953514436
3883.40219913107
3896.4683276407914
3837.668392201317
3644.9022811056707
3567.376585799118
3512.0613826180975
3533.6320174541006
3421.748573795104
3246.803398893849
2825.2255880990942
2742.709540833961
3158.3791804251396
3230.773442042358
3168.5093034567085
3115.350275098333
3046.2622235342537
3010.7512640225455
3064.933886016017
3263.96030364858
3359.4620800914495
2932.1348681798636
2641.2708349646578
2439.437069836423
2326.2673546906253
2276.526691871359
2355.4316160162734
2303.375991378719
2114.064930647692
1970.36393544412
1930.209578569256
1946.3759855853461
1992.3257625099288
2055.394233087955
2072.079766190736
2040.0771096127346
1995.113130255622
1918.5599832154085
1813.4976798236162
1553.675412473394
1506.1144571902953
1789.6863282307384
1853.7308407327225
1873.534233942342
1975.6132945701343
2041.3278317865206
2075.178178009707
2107.1383744893033
2093.848207215935
2064.9864362687294
2018.201615133999
1932.9687202054065
1875.8863695025775
1767.9798324293895
1773.2832213957292
1803.1739186476575
1818.9267362966955
1827.1369372394502
1828.2912543795917
1833.524948218149
1811.6490188168007
1755.9256750293719
1616.650928937399
1452.7741632479697
1283.149504296527
1052.771274706849
865.7588445986283
839.9932249477076
1315.2741551235508
1483.519461543618
1683.8912647235218
1824.7276956483468
1868.0395159839852
1861.426573572552
1664.0920315511146
1657.2394757116724
1467.1258000982828
1781.3955308069776
1895.8340223127423
1673.9191892014705
1590.5193153267408
1246.2361830553375
1250.3198053564693
1766.5188958234091
1754.2697938494555
1626.3630527438538
1643.951574691505
1361.291405684898
1751.528355569255
1652.663604701662
1096.8233321822913
1255.9782785728978
1449.8634946335483
1213.1664707914233
1361.5960307968046
1474.2378533729423
2015.635243630306
2056.9719656707507
2050.7569749618024
1316.3735800167474
1178.431060627963
1428.4892951551678
1360.2547612555722
1141.564616396057
996.7536049620722
1059.686424005504
1165.7225476426638
1560.4857936548142
1855.7830481848869
1986.8290913584858
1895.2223835298591
1521.3580368986127
1526.106491216554
1290.6217556249928
1873.839383636018
1922.2864193022585
1964.8191659100676
1744.3465749055704
1852.0579552583342
1849.551703035118
2027.7580720344126
2112.538399306071
2171.158717501224
2109.7251107856478
2040.4111349040122
1995.0949086889145
1967.3944934106185
1891.0665688794136
1844.955593273416
1792.5717381136017
1725.2977120952796
1710.259239501752
1719.825549069283
1731.9985118833226
1758.4527989463293
1740.6811818691058
1720.6547701091495
1708.7162791357653
1738.4490325824856
1760.7039369976187
1842.2014369634633
1932.5950791243392
1993.2491972828138
1905.956621123084
1864.8474017817941
1834.764538419396
1836.9598866238102
1829.6776850674419
1856.1332823397602
1878.4526950225832
1863.0433583396991
1834.9883321053562
1852.251956092364
1713.4920183187119
1680.024528132996
1666.143431549694
1602.4504825666568
1242.864603367019
859.0295580978418
607.8869621075922
753.2672625659121
1527.2055287636606
2051.55027498482
2291.4842207382235
2432.8629114367936
2451.714241737487
2437.7000438860214
2429.688959410345
2426.948401913561
2605.3156319758937
2826.117926201582
2868.3870166716943
2868.773737479509
2873.5193915669497
2892.6616870991274
2895.8686450405908
2877.1425647097435
2873.3830697923613
2853.0165951672384
2833.487046723387
2815.0025641303264
2919.649771043463
2888.821458680635
3020.183428307768
3092.2598461684797
3109.536826796751
3064.747743846074
3051.3430304956587
3164.7267842568613
3223.6268918993487
3228.883217523647
3197.9032733598256
3221.4349261457924
3255.132477148216
3322.631673304068
3372.1739458258003
3426.377906929929
3432.568966434259
3443.377113631808
3466.469661441271
3521.2536989640357
3584.093298749262
3581.1878241898385
3524.9996382730046
3510.0460284158726
3515.4471747728294
3559.3992188627503
3571.9020561585176
3517.227129770444
3513.646587326271
3591.2437115697157
3665.549735408723
3691.7114755059106
3665.868353902713
3621.16549493346
3294.15413386916
3413.3229373659765
3600.708616454771
3668.994432541042
3658.6149553993755
3543.811718835837
3924.237054917124
3899.528995377393
3982.482387726335
3983.109903296973
3977.9316098966956
3976.598112094578
3988.2452717452725
3996.2883745487247
4000.267170881399
4004.0683990864472
4010.514744007038
3811.8915161616505
3880.8083076250455
3907.027844284432
3933.8009330020213
3926.8618130718905
3921.137394432458
3799.06997092161
3421.5102686357686
3280.4548041376684
3532.546560890613
3845.200069401515
3925.0752965477695
3896.7387517964553
3645.035389399199
3487.2462299453787
3515.3136371416354
3687.6703370753357
3593.616607679711
3490.096262399682
3323.088261554109
3199.393922428464
3293.0489943347047
3312.949996870793
3277.375559487886
3179.5835036771555
3079.730537604006
3068.8884190709746
3126.431300813606
3218.6604934587463
3215.077384814099
3010.7468312458213
2796.8798415749116
2627.414410641762
2473.1199845584074
2336.850624332093
2300.653578145748
2246.8799705247334
2081.689764116273
1986.8885515751422
1971.6546033856914
1996.0226229238147
2031.8333342041221
2060.23684358361
2058.824014412481
2022.9252226130573
1966.0717156433197
1873.6069343244876
1426.2486252641957
1410.5077372686599
1745.832040322978
1827.955321357734
1913.3146993787168
1989.8477054560067
2048.5962426450455
2091.81257383715
2086.9423770961866
2129.7676378749757
2110.1133926911234
2119.6451561884583
2096.6171466384667
2009.8929552160187
1944.5054934519274
1951.22964910275
1858.7061870795064
1853.8593645463022
1852.0704206841717
1848.3101379557143
1851.4386947130922
1858.0670107725655
1859.8312338627397
1860.1420876638185
1780.1096841583014
1677.0750719670248
1487.9715753861856
1087.5621466674688
191.44045201289345
22.611019718594186
819.3139533875651
1406.134642076293
1661.8274802880242
1835.6027951876865
1894.384119045846
1897.6435858313916
1743.8621914706266
1714.6201456719143
1574.1964141241513
1846.617505000573
1994.8597921384435
1805.6364254968512
1712.4808450931657
1359.6262646108312
1356.155571237766
1729.551595633031
1821.498706341586
1620.050629073732
1592.6034792913078
1522.5125715251102
1801.6007948910908
1591.4173200960654
985.3177904626699
1403.6690621961968
1334.2558819783244
1358.8679188635638
994.9428248426201
1488.870615856592
1802.6769816761077
1946.0712709390784
2192.0318339863147
1541.4286656029556
1247.8572637894579
1292.790251473901
1389.8210521022138
1364.9237059181
1414.7373319564276
1365.7791410288814
1447.7665412394988
1505.4839775087478
1850.9103771634511
1927.039166098194
1924.9094073177855
1599.6272859082344
1559.5218456362934
1525.3195436133938
1862.791226142656
1956.9473211666982
2034.8097569559193
1749.9907319815084
1718.5819047987995
1972.90598100462
2133.9924407919407
2227.983571200987
2213.6200679025274
2190.550242977439
2093.684321879988
2041.2924592771203
2008.612673288489
1927.0947682323078
1855.2555856892645
1839.9841360865016
1742.0026878346166
1725.0505477015413
1733.0366862900576
1747.042581775924
1781.0497015098567
1772.770685762714
1760.7354698425495
1752.151291304662
1555.766087150583
1648.0484853477014
1832.3933259609935
1975.5141101426518
1981.977586276672
1913.1375441360399
1871.162038484306
1845.3628351488883
1839.5780116629164
1848.0204418066285
1852.673439519833
1834.8894550891578
1837.7506882892621
1861.3582985044395
1908.4216620092393
1792.1964782982939
1720.9110772944548
1682.5426623888216
1631.3881527007416
1395.2881590993466
943.5289638917212
545.4314278936498
688.2033407360956
1397.3398699333968
1752.496961919696
1955.5905802243572
2398.9707388113143
2504.0867866304875
2478.7070899974988
2490.4614212571114
2420.300240002745
2736.5962567840065
2832.496899620826
2864.100212352943
2875.3592370297924
2889.1101215310287
2894.9806788007472
2905.7336771170826
2869.244515168474
2859.999025675057
2828.7991450970358
2829.972285180074
2889.592749824361
2932.512448708189
2939.287413454547
2985.9322366253764
3054.227480774399
3161.7344458468974
3194.088877436875
3178.48661245913
3240.0765951389526
3223.71263847274
3176.7399615247127
3105.2433155723434
3125.0209806920666
3198.307577112233
3205.7336396275446
3297.3079274042316
3424.3728643093737
3424.0522432487205
3450.0666868434005
3464.750095764899
3510.2602347366114
3594.8695010962456
3597.1120425214467
3551.2066810109745
3532.900015632596
3541.7048998858145
3549.1381801600055
3547.2882253236144
3531.870570908905
3522.365002636678
3500.7005723675256
3586.234302568685
3625.7309332342893
3564.1867308842507
3549.019176936156
3296.8096051522325
3104.132557177094
3431.9815684686323
3533.5025871974926
3621.180634770705
3519.342316465333
3857.051572894701
4067.147119998815
4034.7976152437695
4028.4445795493557
4034.4169867100695
4011.7130816984077
4010.368816037741
4005.938481731434
4003.9497313108527
3988.208574213175
3976.171519538526
3784.3287131914426
3781.622742174063
3833.931411811329
3887.662615765656
3918.461378876873
3934.9598206828355
3909.6480536940285
3345.382413821634
3541.702555326445
3773.155639075459
3933.3332879343748
3946.3490260782414
3917.6961689928985
3701.72949858406
3477.377542626977
3387.4845061011265
3539.6483370895803
3541.950506091458
3514.1906164224765
3511.444777326825
3583.79767726096
3466.308092179853
3375.508840230915
3375.8270978129744
3198.6020607463915
3042.041653904347
3118.103189377687
3190.1798803789015
3203.045978860102
3122.384105994124
2961.412417862522
2872.2902790383273
2776.879079592227
2661.415836045152
2551.254664130712
2449.088458379533
2226.3832003400457
2057.0984903094964
1950.58978419252
1970.378757846042
2020.1401065959712
2073.2989240097186
2094.6787476425707
2082.5668006597416
2007.7364759688755
1951.90989131504
1895.3436554795799
1817.0957953901598
1756.5228640995147
1789.9220478852671
1866.6818036807567
1945.60033999607
2023.6416924991768
2080.7900207457687
2123.5146654224523
2149.812605778991
2138.907386045112
2103.3107297203546
2076.6090927338128
1995.7453460017466
1969.6214965385832
1944.7220310287921
1945.199054204123
1919.2498989482497
1899.403167857123
1872.10227139357
1874.7970549750232
1902.690686424602
1888.037522006033
1904.8173568730504
1870.6393541957016
1824.8808421579656
1717.7382966454882
1538.885085351791
1083.5050300463781
73.09802711241674
-99.0
488.4634938099001
1365.3681091920582
1694.9354969958206
1869.1985589883038
1923.9585709959172
1909.4647320902739
1772.7306260483408
1781.5327492055303
1800.9056165857485
1911.209358317283
2010.1422874785546
1933.2257002284273
1780.6867137945878
1515.4963905170125
1293.944051830256
1700.810271946538
1938.6396606996705
1702.1269885544036
1423.947813667409
1561.5351612068152
1692.116266202463
1596.5047465544153
1044.000688721765
1634.1269258640987
1547.34246072822
1281.758303960473
897.1450150284766
1455.2299146864505
1328.2440144939278
2071.5030669771
2208.587949556175
1833.3142884846532
1212.7123616654264
1330.272786781175
1385.5535240266256
1384.1562185435432
1565.8045886615703
1584.4817436492283
1593.7020394606175
1630.5804216204706
1834.3012853625091
1868.377359877277
1911.6058445150022
1491.3952427230722
1621.36225039036
1911.3622707163638
1988.4256104682158
1968.7400265828599
2086.981543211607
1836.3229028436162
1955.070449363621
1883.0576006923943
2186.227826193507
2217.983381084021
2213.5803053810505
2201.441112189919
2150.0009055126898
2081.4294231147005
2003.0837298970732
1919.2692075648465
1886.966204159314
1818.152018564819
1763.4257898575506
1739.5787289049092
1743.633038980653
1768.3064673298127
1803.834021119913
1826.7399059818383
1822.577779803017
1809.1569978744842
1505.446422848526
1559.2203692453145
1853.647074690592
1994.0932308618687
1942.5498548845474
1898.046322193382
1851.8722351684244
1862.8618471691937
1858.2078443863384
1829.6501053270802
1850.408596264832
1834.5052232001983
1813.0147263178983
1833.0799136683822
1811.8234828367836
1766.154122862496
1752.576288626123
1709.120262830558
1673.6022746799401
1421.210204843579
1088.000622669666
935.5999800160876
762.5503065691678
1533.3123850576108
1807.0228522086554
2209.6624349572494
2417.342118890029
2493.64877841041
2473.8929102749007
2553.73968739303
2587.803865477058
2603.325289933776
2860.532831273154
2849.0673691201937
2864.6084301381134
2910.166949490103
2881.7151152140477
2915.674225311198
2929.655572936156
2924.459560737935
2898.3263048394024
2866.052551021473
2767.6221645343644
2821.1987895304655
2930.3158308842712
2998.399708365904
3082.499906018697
3128.3498237135987
3204.9360616072554
3356.802075401997
3283.6397144354914
3225.8731199774975
3188.4937856637
3191.1704210460007
3204.0563694519547
3226.0980692144167
3227.4613453922716
3376.162665917093
3448.3974841532618
3457.291369933032
3454.6261016932635
3472.338841781382
3489.2672545967253
3564.807300551514
3604.481540151468
3560.9126858639834
3530.497594608073
3522.6476548107407
3511.200920615869
3500.38279175878
3496.1939611993616
3452.152018206434
3394.8710526505356
3372.720315048171
3474.8353466976832
3572.1706669879363
3571.5159258726585
3467.370044118074
3276.5189330538738
3078.140537373422
3532.0913876294762
3718.2079327452284
3668.338779658471
3992.783951781231
3997.933977786453
4055.94593577637
4080.084126807041
4100.859693501028
4068.63066601321
4043.104816648432
4056.4123771935183
4039.9442031626977
4017.222802153691
3969.1217920574045
3812.189048051428
3607.7121548389205
3674.7561074321193
3870.2683018039747
3890.7857795003224
3928.3533393478856
3888.23754554824
3453.2951831382215
3851.0409996867984
3940.8465781185782
3963.720303021718
3963.802776598695
3882.9641013312475
3717.3268284256055
3642.335135507904
3532.5194503374346
3523.8561047982616
3517.2307891272994
3540.1642916331234
3583.0855486372843
3603.9993124292114
3548.6287800838504
3488.0717730783135
3455.163368863772
3298.997629674496
3150.9383890129557
3225.9945046975263
3293.3105320278714
3246.7485893752
3109.6588059204228
2823.98347570128
2971.1248683156923
2898.9695834381687
2807.0869662738605
2737.4363892319125
2640.5422821579973
2406.7814503804634
2239.9267002615875
1980.117293831017
1973.1404310620694
2008.2860646321535
2067.160601910198
2106.488002288351
2108.0150225878797
2063.592180390308
1972.1860101185994
1880.8533450908046
1782.5777959568982
1768.7940059269679
1792.577429747488
1865.1844289993303
1889.0483325052317
1917.6913786254033
2030.3257965657822
2069.9544348490945
2105.5149869597476
2122.392003052575
2098.747228376345
2063.3258922236523
2001.3416749145078
1968.8434887208807
1941.1220963468813
1936.623150996378
1920.8384199578127
1904.0123585059234
1894.2263017974833
1900.0379312405669
1901.2649397237096
1919.1065919877854
1927.6146885632122
1910.1013354132829
1904.1918298430626
1806.6067011893497
1695.2216827519544
1364.5928842540707
425.3722939732496
118.99389766703074
984.7286343472753
1478.6537896294622
1734.8632567325626
1908.820119066861
1952.4846630955371
1866.9905820809386
1742.410289710086
1783.0753680760351
1786.9664328537933
1919.3324092224505
2006.125979338264
1972.6964538772588
1881.0788100880359
1744.6238160652128
1677.0869803417645
1563.5147236003227
1852.516731462692
1721.0043341274454
1401.9949623594239
1508.8227206722754
1272.1263486978037
1723.9065100148207
1421.3689650386125
1723.046793986313
1616.0244552272022
1489.4850885180326
1116.895756809671
1194.1836075345288
1330.7026675170316
2338.5551071597965
2233.8457055678086
1952.4720647490985
1316.7324621213534
1280.0374783386183
1270.4818869150015
1321.9394806211944
1763.2520514894193
1609.3868779550826
1750.1159130488304
1849.344368394105
1797.8453754459708
1870.3544723020448
1847.4702871415473
1633.3086263846067
1703.2882859909046
2010.2378559971235
2023.3653167197585
1963.165632419527
2007.9100729849076
1865.4082961323231
2026.7485565743625
2100.610313080421
2264.7552050258564
2219.7001700983105
2196.5094948480123
2229.6890558985433
2141.884774247971
2072.391639736818
1969.795127386136
1926.2104832499024
1887.5168961291547
1832.2133337752268
1791.3151463414986
1751.9396684649348
1759.1417675521286
1807.9191425789413
1840.3963304226306
1865.743926513289
1862.3973864951165
1915.1185518948798
1730.877628338248
1881.3644672077976
1929.7995211855898
1979.559340565126
1926.727611293962
1900.8075953472426
1845.8442528427881
1884.1150248757922
1876.0094135381646
1848.9205300367196
1854.5696351410636
1827.7967660785587
1822.9893712148103
1846.2104244026546
1874.530326147931
1804.9668698197631
1766.146834136308
1774.1334867952676
1744.4161849442826
1575.7827100774653
1225.9925655615418
1166.7549553426743
1527.6042346922634
1762.1819167046024
2119.3113828900955
2401.4844587400635
2534.258751819493
2531.704799300208
2555.40439003443
2617.6465716236844
2683.181420193887
2703.654553160165
2841.774161764784
2852.7012296764706
2871.3040366545124
2893.101893263336
2893.580094671365
2919.6043234557264
2933.4136191545817
2968.1069391383376
2991.749800186252
2978.3905773525858
2996.5682529298547
3006.082120156779
3011.6452175922973
3035.0446810945336
3075.838036835222
3092.567998907741
3181.702613080648
3227.6350449723327
3341.6295628356447
3250.706456898942
3215.4376677650193
3175.0838185141365
3185.1956430871046
3292.863192715401
3322.902601961934
3396.835462549789
3462.169599673204
3460.304387454619
3464.6827936814234
3463.661158406904
3465.846007864109
3505.12575533841
3550.603821912612
3550.16122619882
3517.7641294932955
3468.3369777356515
3428.264837254126
3403.4896808891663
3404.289389165022
3386.364634611099
3332.041124022001
3390.851428176083
3415.237315627482
3483.1563860121464
3409.049310373553
3278.966942116644
3314.7405537916225
3265.8680577416303
3392.0987374299725
3834.9494609189483
3898.9360899606063
3981.2633564312364
3988.664478473818
3990.21086955588
3985.074529100382
3988.6249861379306
3990.0913414814418
3915.698060953897
3987.6092034311696
3765.3795516430678
3952.638647692059
3683.789574494338
3758.105864177023
3525.555661483592
3222.8752171897695
3740.666275434021
3869.943257752625
3915.0243234836507
3898.4113758572407
3798.25071553425
3923.039870467131
3898.919083739877
3938.0949647666635
3942.8777947800686
3920.45049403801
3696.589038393212
3678.3319803978798
3646.4149697618755
3616.007714825802
3543.5512443442244
3599.101304122453
3655.329710512881
3624.1598970819214
3548.2632826723375
3524.924620065341
3516.3551082039944
3479.8117102891188
3419.9965396671623
3274.029429122996
3299.0755755090368
3268.3657940829366
3248.8746120485825
3175.8543970968826
2861.401258069964
2858.859765768582
2858.84792988074
2797.1622309319328
2648.93892020394
2409.199144320343
2179.256230567249
2054.4604111037693
2010.8922055631895
1969.9406163943347
2002.0093663721732
2089.025043753621
2107.182512085785
2066.3248686335032
2001.4391369679427
1892.475907361012
1719.1176447617763
1806.4316572403054
1833.0964423301393
1847.959697303054
1866.9289902783635
1901.3690073670125
2007.2398973645688
2078.8860313203077
2120.4315609679234
2114.871024616633
2084.780230778578
2077.9188823870663
2045.0194789920465
1990.2103298961274
1938.7102286284749
1922.1411922123089
1927.6228308366674
1924.4148922453292
1909.7065615552083
1904.363301316388
1919.9186873945944
1943.0720483169728
1942.5490213639791
1968.4607000943226
1938.5453344170305
1918.714568496908
1844.5369045969796
1719.4731045228368
1494.4305593058075
1312.6525399124164
1521.5900326896035
1705.614622635705
1881.5445471274666
1961.7787754368658
1983.3302083021324
1971.081642245145
1853.8029173089874
1749.8482623207835
1610.2281611760004
1721.1551748443896
1939.38495613193
1963.7920598245785
1906.1092528411368
1865.7467521014628
1820.0633658718903
1705.534853106689
1635.5959305326867
1703.598976128993
1444.8351353537769
1467.4429355412196
1418.8283850559203
1765.3714405211917
1532.1078015598703
1677.857713922897
1618.8040299110066
1515.861364422222
1272.937159123917
1242.7073787668862
1362.291522071161
2133.7672121445908
2287.7475625503034
2042.0073858282233
1993.1916375161097
1262.7648555999776
1474.7173756374384
1474.4679516256683
1911.1584106310497
1560.71602348722
1734.5162161013336
1956.9823425107274
1860.6742140282438
1803.0029277604795
1924.8765323801556
1666.7474065618092
1857.2568779401295
2052.3732472484535
2079.3220011236767
1969.7373779875568
1934.8275821553937
1891.6854346248276
1928.4250594949576
1977.4476153923706
2296.3412309113255
2237.46258021721
2194.9663619247726
2192.1424118776386
2076.8197673360164
2012.5205127112279
1957.958450455831
1922.3580222722237
1888.860409994356
1879.7125909177466
1832.3229585226895
1770.8995749360365
1774.6027873055223
1786.3816067223067
1808.506607018727
1797.6248574724227
1860.7946228804874
1909.027718179714
1878.634570402465
1880.397505231698
1965.0812861290087
1998.525689734617
1958.9845039449183
1933.9036963064184
1900.9459945324822
1907.3864983946735
1863.7536934838258
1879.8965670763087
1848.1011449753353
1831.1414439981538
1828.0769868986529
1845.606406608538
1868.2228150239614
1817.7466902871981
1802.2551357383866
1806.1224317820577
1786.4275468841888
1620.938094188961
1577.3893483109898
1367.2234205164784
1650.4467193086723
2024.5912340770954
2114.4467339595635
2353.581016227281
2506.615733525372
2550.5410022702085
2633.3978488851353
2700.0406271543516
2700.5339178078393
2738.641101892358
2825.43974389272
2847.640589982968
2874.784349904805
2889.36220059627
2903.3984079413954
2896.1904276712667
2928.1452814761983
2891.4183982108398
3027.787736754781
3081.2662308624517
3090.4820338615637
3105.5025596021937
3095.356547147492
3066.1432555679526
3059.4532013268786
3086.089283333324
3144.6740314752305
3204.9684850557933
3233.2091231574177
3232.865781955239
3298.175336019766
3297.323047301955
3174.2235005913
3315.275330903391
3349.4709273062263
3380.4341129427776
3433.233827704802
3438.6493463095935
3424.894498380292
3420.9762669632873
3437.5196925979944
3569.893194083681
3493.2963393265027
3539.326774334689
3502.398378223702
3374.204798008556
3313.5411873225794
3261.5180185996473
3268.0134200351745
3152.065046502984
3352.729279421953
3422.191669876143
3560.088853140046
3394.1791940882144
3480.1971992357194
3452.493301163963
3478.0732358697105
3568.495551794202
3525.7359636641454
3878.887673732498
3925.8447322805678
3953.5898158749105
3994.0119815748662
3998.7251583059005
3887.8292425389604
3714.264485696453
3843.4847272831416
3770.0531807988405
3732.2990864305266
3575.796544653813
3567.6047265214397
3701.584446054182
3755.0677181384617
3467.176755163471
3328.2059103682864
3706.0796595698143
3901.457109642753
3982.532127767245
4033.709708736472
3851.1229201737683
4020.2326536714877
3955.3569248988324
3977.475275137617
3983.5249361251263
3958.420171934729
3669.085502485088
3695.2622476384327
3694.3615505877015
3696.369231711495
3596.115950723065
3637.1777418314414
3669.769803853957
3623.228584613847
3455.0497642387554
3253.6808314634586
3293.5254144654823
3374.793829625634
3367.082760123187
3330.3896165965675
3299.441341978171
3265.188121712958
3220.713667177647
3090.5722903012447
2894.035668751392
2842.7623124364163
2755.4072874280764
2689.7992454279656
2627.599674189847
2457.4102527839555
2190.6822718947465
2058.704194412548
2049.5410229627705
2011.2063608979242
2012.6413032081775
2064.1865105660154
2098.832213860843
2069.1193781025117
2023.4684227155349
1975.9013762170412
1920.6719846664676
1880.0060804377467
1829.6976319536118
1809.5555588192594
1858.463385285186
1917.2490467804005
2012.294780359743
2104.1905201328414
2137.97397190571
2119.261407231432
2100.532927760365
2085.584990276959
2036.9170911481037
1983.3682204063455
1942.4922999895145
1940.467660127763
1929.9481749868937
1918.4496171160322
1919.5168059822413
1946.4167940891682
1944.7688271070933
1939.8710081507602
1955.9483946720145
1968.2368153716088
1962.4455418740406
1953.3049670898251
1929.2550544958392
1875.1423439543698
1898.4493758474312
1875.5339327029194
1838.2077750288665
1894.6789739468352
1938.1673190460792
1964.8743956246885
2006.9415870283442
2001.8307459611442
1873.1506183859904
1775.3932759779395
1711.8641190616643
1778.7733202048391
1910.4452052684157
1969.8148075743068
1912.5694097758835
1900.8305604526527
1887.664998512841
1839.7682270927733
1753.479832565293
1612.515050830883
1530.171867158845
1533.7791379180173
1512.8143602904456
1609.3467747995398
1568.7993476713561
1719.0646914982083
1605.4273567073822
1566.5395232059427
1573.660919541247
1384.0858978301153
1453.9765087896026
2045.6892262847955
2291.874443146849
1948.6930103456107
1863.2367329162107
1212.9754014163748
1461.4786147792001
1498.2975745265094
1888.3943190449365
1580.5126968333432
1754.2632319483903
1987.3342369440763
1797.8843661472017
1845.12661251734
1966.8558351916681
1646.1441484434029
1802.1120587545765
2078.1293815674403
2062.605720540079
1916.1698964480936
1863.9978706862444
1884.0883205857092
1943.3274250565603
2051.210416792112
2220.400034853546
2367.490700410171
2215.028279856942
2267.345121345559
1966.7318270399924
2035.307346410413
1953.1858814126217
1904.3317971575661
1858.4331181258603
1872.7277848896408
1835.3584057552962
1777.435512953711
1764.9080910471926
1814.3712441276848
1795.6882840910107
1837.4531564213025
1918.7001223488019
1934.0795056883699
1942.0849586476488
1924.0371735130336
1996.6914478923125
1970.6176002639315
1950.1994284105576
1960.2703549820078
1950.0827046677514
1918.161929992166
1895.287358120623
1872.2856427493523
1840.8457801241493
1842.0840220317245
1839.7919910469059
1844.314570302621
1848.7364335628884
1837.7965699417086
1833.8323552358906
1816.9514269670046
1807.591688359169
1719.836289438121
1624.3746037015944
1660.812613088373
1903.580367533494
2084.0159689066686
2184.9124558933204
2335.782924602798
2469.4799187296007
2543.078191603632
2603.834266157264
2667.3573457684047
2678.809087022303
2734.3307282157643
2819.5668627059226
2854.3739482922465
2868.021841064448
2899.986275557027
2925.5185891350893
2928.98044236078
2941.125550927558
2996.7778540753675
3056.259421637938
3104.8168468065296
3110.2191867549864
3130.4557611817704
3133.995000112226
3095.522218016801
3013.6794633566374
2826.8828794114647
3015.5323484315127
3150.2128670243683
3255.3714239169203
3246.6376202179026
3373.558455641523
3400.8993949392457
3315.8732263485495
3319.991974677414
3351.504695177823
3325.883216498505
3344.891051861942
3412.5830098097467
3406.008629556047
3381.1410488752813
3350.089510175094
3471.858636516449
3409.93247666795
3535.115619871107
3521.390460849701
3379.7906559819526
3299.7013372594283
2985.3625415585407
3170.912819120611
3287.8648993099932
3356.3027074876572
3349.9736269555597
3406.3681085152834
3302.082502188359
3421.002375964151
3502.022071066683
3533.1835877612652
3536.6657149831813
3507.867608945424
3909.2844761447423
3940.882267897283
3953.71373719649
3992.395873873702
3990.8551513414104
3374.6584514932374
3359.0686735002705
3725.2033426928388
3774.0154414070516
3580.951074701908
3642.006375052465
3621.916710551123
3654.9384099848635
3719.381089317013
3654.7673881330434
3227.2383647526685
3251.7494187023804
3709.903746373469
3632.173235384032
4028.888211745144
4191.751729712954
4135.1248491622855
4080.0482565333846
3912.5350485694166
4023.461735809473
4022.4999421423845
3683.061766195717
3693.8438974212854
3606.093563488827
3666.2075505424095
3685.7766136781815
3694.083970155224
3616.6815237540486
3633.3469999862627
3415.2176548660727
2812.921451065305
3241.0296254162367
3311.10239532693
3350.343748188503
3342.4629582827697
3323.478493425487
3300.6796768625136
3275.4656592466877
3200.5834187251326
2914.136438632038
2876.5218230244154
2714.3957674283256
2672.279208562878
2667.0638238906267
2466.0108821003896
2241.158227004248
2108.202830510554
2071.393990972789
2031.9304511447667
2035.7354075758806
2074.2062661238206
2070.8074892885616
2050.212253083755
1997.7577061854372
1964.4891274720756
1899.832600952336
1854.3998146216495
1846.7348014971687
1815.7359212060448
1847.5105641264283
1928.774672999078
2037.738259089988
2113.0068881396414
2148.3810853283167
2112.0258556273016
2105.7163790316567
2076.3037222476796
2031.4333618707076
2008.8917576328
1971.9481783759754
1941.0223125356247
1931.8938148256943
1965.8076891554138
1960.1436324656631
1946.50684402222
1952.580983917335
1979.029568126548
1982.5874567995907
1984.653619100958
2007.6812369356371
2014.1188114598199
1990.6272734897332
2038.3421043978108
2013.6688545454085
2008.8568388363465
1997.1282037285478
2019.83467058521
2018.8669996202962
2077.924189356123
2129.414206362833
2129.433782242893
1966.1840332037432
1808.2581308079652
1778.2391658910951
1807.6886424993395
1888.558063162913
1946.2533558839402
1921.9661160968797
1932.5614908452885
1922.880159835242
1813.8467841358859
1728.7618550614868
1595.90498255566
1559.717302506702
1763.9087866999191
1461.9696229474225
1761.8598746136956
1597.1463639058811
1843.0469810162551
1631.9947010813657
1558.6247182374077
1672.830594018286
1424.675529113916
1634.8528840277236
2197.0113410105873
2166.3323420323113
1945.6610963551648
1820.274498072642
1328.3275715912253
1446.2380727927157
1622.3298655877338
1808.7130434895428
1264.5341681251036
1504.4959341434624
1885.2703511209213
1784.2453236958454
1811.8654067029586
1914.9995466093337
1609.878270669713
1883.3684153083582
2113.4473538816355
1941.1798231159103
1913.8777958795145
1781.8896404372854
1849.9855712097321
1987.9017247777826
1973.0302567687575
2200.678139350369
2152.30206144864
2189.1367148716085
2262.8585824274132
2091.381819840021
2036.8941737733849
1923.909581230894
1876.476263434558
1863.3067234662747
1857.5568544971222
1774.1429713998639
1765.9227165759107
1786.575499224004
1816.8635462709174
1842.6477339704159
1893.417482869242
1997.5146589203616
1976.0040361640304
2010.001287144363
1971.8116125542208
2004.8490232736292
1976.3042301086443
1969.8444150903297
1998.847864501372
1991.8265842182127
1937.5916713216936
1909.1796080616284
1861.6722997273478
1831.1088296519474
1842.6267741834956
1847.6879851922265
1856.172217479926
1860.28892583157
1850.816000796557
1853.1805805886818
1781.1016287109105
1744.6653037295728
1647.8201572333196
1574.1023710535017
1675.230386256843
1917.917873754762
2122.8482474951425
2184.184150676541
2305.758353715813
2423.7999530658994
2530.600977950648
2603.574040931507
2627.659250695496
2668.6181716828582
2715.789612137048
2766.2094939791828
2787.0373938621865
2868.6060508560904
2906.5488835982665
2938.125323902547
2950.023720009097
2952.818442122084
2824.1571462486754
3061.4370181960157
3083.638186152596
3111.5357593849226
3139.1764527234777
3125.751339976897
3131.5966046332696
3080.9843751374083
3054.1764847324043
3125.901413254272
3209.861923364314
3270.52973074369
3403.254972146006
3454.4954416658697
3391.72061918336
3393.787372522871
3220.961424926549
3323.8886118427677
3309.5004441926976
3168.7587492874372
3325.0577905060873
3372.191207028621
3302.113223112058
3128.6405341824043
3308.814492845072
3488.581062473022
3545.376979089005
3528.7480294084835
3035.757984536306
3213.0670423687357
2897.3585871821283
3176.525084000486
3369.5764015632826
3394.021775125238
3467.4726719941264
3541.941252407326
3514.4520182876995
3532.9102832496774
3569.991891019529
3622.914541268353
3664.7875339659413
3641.7705680959284
3653.7341730484213
3676.322577838741
3879.5528442439268
3959.304650146581
3802.3070283564707
3586.6604722199445
3424.5766517505663
3883.792371955784
3940.3478216981016
3861.143649395997
3816.3085191153928
3669.463662735697
3658.020559394258
3677.852769221614
3606.8169415788693
3206.747956725608
3284.3632857085163
3567.11139763585
3456.9456115814783
3861.4111038786887
4103.131572109094
4100.0719492053995
4197.540043752425
3947.64041216008
4099.608964153704
4160.685199579205
3585.084126683643
3690.9371172463834
3646.49858080664
3685.4666341795996
3726.7937226438976
3776.7974764767437
3544.5745129156408
2844.1161852244354
3409.171997191998
3104.15319927823
3088.772655563465
3337.3592195589727
3431.8972092264703
3379.2317850310005
3332.4446524402483
3330.9766313285954
3339.9206009330474
3319.820268995157
3049.8898494906184
2986.747516557925
3005.538672624956
2950.4725708623996
2798.690787836864
2602.561238169335
2388.6803237110944
2201.8679912308767
2130.5178617524784
2069.5734947842598
2055.4007234119413
2103.909598022341
2079.9816006548926
2071.7287281092963
2013.5644089837047
1980.5431830715954
1939.3935972850834
1837.6008985288913
1637.5281486101655
1783.7400700948328
1843.087871976793
1922.4091787501245
2031.4422510905206
2091.8968207131165
2142.492082712033
2120.1990289291293
2094.2962332154743
2087.0602402011
2048.4826147458507
1993.7869904813256
1986.5945837083589
1987.021502980204
1975.477563258735
1977.2334969979677
1956.5177364862318
1973.589258597414
2007.5133928781584
1996.9542511033594
2017.7457080261197
1999.1227337221387
2023.1201369973546
2027.0366890259374
2036.6598072454462
2050.2369470853073
2048.012366515058
2052.767402371513
2087.4497046853253
2098.6375852302313
2092.5754779832096
2088.8996520968144
2136.4227919180635
2168.2574798836717
2070.4907607992914
1878.2189115438591
1791.2319819582137
1754.9913184425823
1763.7686157864389
1915.9004625031935
1954.689534391804
1960.3910647703551
1939.0391533794286
1808.0789758329404
1711.409675827136
1647.3577546983713
1777.9257115966343
1770.5349930628474
1750.9110205415707
1845.210427161992
1751.282062958264
1766.145484887587
1699.255193447069
1610.7584250756738
1553.18009326315
1489.730852563188
1818.6771076905682
2315.734218786519
1993.0224711168505
2052.785101958952
2188.622905329403
1305.8466744358689
1594.360704266427
1734.956359269692
1565.9129452584616
1311.4161139261807
1903.9142010540766
1904.625968664381
1711.7187182902042
1883.3455819852836
1913.9758679868507
1619.3155184057623
1945.7865385773632
2124.011210861775
1893.4566492330928
1866.7191330912656
1859.7932916530597
1944.5639228064917
1974.5193894616004
1874.8869755887513
2040.5771016769522
2236.578832427714
2142.309058516232
2194.6921140648788
1983.8954215561498
2000.9556499600915
2005.706174674559
1935.5790202108885
1875.102678340962
1863.0814019206387
1828.3335729219716
1824.7873704336976
1864.5562814447735
1850.1341085280565
1836.6108383852072
1915.2938251877395
1980.04788415562
2011.5298904525441
2027.8362867610638
2037.066354617124
2021.1997790781816
2024.912836794535
2015.8380149603126
2057.0846463885728
2024.7432590877331
1949.6834044812915
1921.9243409066955
1852.1812634280916
1829.883378258351
1830.5582292706413
1837.8047353492966
1854.881182683917
1869.286775546411
1858.5728584944875
1803.1881442936644
1711.294027634228
1525.8826551272546
1414.3752722506993
1375.18799307165
1749.4891613896887
1971.4949868275387
2164.5080435085233
2188.621572797112
2165.914571435202
2237.6471947604496
2370.2524473630415
2556.7049142160913
2693.181668717334
2683.084975648213
2713.648403990735
2747.9929622332174
2761.480712900605
2844.8824237368012
2810.5166620157333
2942.8980450664185
2930.8744212857214
3010.971385461701
3013.8768664341055
3049.713357854757
3065.204544715363
3091.5351570190196
2944.964651104687
3049.9503615414715
3168.9196434483665
3163.852280994968
3230.385342344691
3233.987763525377
3292.1032740137357
3300.4697147925185
3301.068744598671
3333.569792994388
3354.7479786388653
3305.243309423468
3245.4001999909506
3413.478006199143
3311.740375181211
3332.1051228884576
3391.868910618939
3298.6862307540173
3215.9051002621122
3186.866456729753
3449.6760593647946
3541.7100467962996
3555.0007676077676
3554.716495668496
3408.217914832085
3615.3332226099733
3691.553597820517
3568.312849837359
3575.743788253611
3586.5306321024304
3658.8354874773167
3726.318770562788
3676.674880979754
3627.178203554065
3618.218434288898
3638.4687911212313
3669.080807775843
3692.1776148907547
3827.309665346831
3882.2510485080315
3872.6986195013787
3837.3170071138106
3745.3371652849482
3649.8943524694814
3727.356144541093
3888.173066926071
3954.1748769353153
3926.3519497130887
3878.0910342782545
3576.317683053294
3507.1678144216185
3636.7969617954923
3626.027756580237
2947.816771560894
3032.6413735871906
3457.54072032147
3384.4436576404237
3551.6619652064724
4101.155905662536
4125.004320917179
4118.147913343283
4073.2453575998197
3992.255431817949
4060.659945212418
3719.1870894731665
3642.894852880285
3588.867553504426
3684.3900843910733
3592.0496878555036
3667.342167244985
3714.884404065427
3681.8171617112666
3682.2158002648875
3385.4753334039247
3264.125334605968
3448.499040467274
3456.0610134784088
3398.544891978011
3370.317046826319
3381.9916301406765
3386.025196409521
3393.567293782596
3253.8213516875653
3089.9495982154267
3003.048309330487
2994.3121083605815
2905.9154802403636
2765.172263122377
2928.7462725560663
2445.2185821111766
2282.863586848217
2192.3418246422452
2136.1036876617122
2183.2019475430407
2172.782150406306
2109.9081242146585
2029.0282255208554
1997.832534829692
1968.8937457669451
1851.259358912614
1880.0894084951394
1837.3057207044358
1874.2047594785274
1969.3317260582653
2080.5492194793587
2070.2672102609204
2113.2100119850897
2123.4198175173615
2105.2792721809446
2090.2946616158665
2051.143872524374
2041.146607926565
2036.487291010615
1999.2438510787506
2001.27799271508
1974.3979887961902
1981.5533934728421
1994.6815291247176
2020.7585397854562
1988.141446194241
2008.77717172845
2017.4395676925699
2029.4459326413332
2057.1283231106318
2055.229705789648
2059.1852349761843
2066.120148889835
2060.2431792027774
2098.447732650451
2138.42622000096
2147.03824460654
2089.4471428927804
2106.6599408290735
2184.3343565123428
2140.558269088792
1893.933052367211
1827.069821635611
1824.2798487087457
1815.5454729262947
1950.721218328522
1950.533917658439
1912.3892217597274
1961.0272732941046
2003.6413965487147
1799.628404172471
1680.7637211858162
1870.7738743438226
1860.2813913232862
1882.5545608230107
1945.77396584698
1787.1391448614716
1789.864210039453
1750.3489740736914
1674.1022868692821
1605.8278765450061
1516.3508853811843
2010.0823210055155
2517.0048156218463
2065.4261324917907
2186.716332654184
2543.8500877250945
1347.4211877796392
1764.878878949673
1776.2854059623244
1710.8724431199819
1484.1612228055913
1956.5040235741135
1942.6319956144139
1859.416542490028
1862.3433024442015
1946.3646277273654
1568.8751306475167
1854.0134935650663
2047.3479281173707
1680.6749324578204
1773.402064091791
1842.6214761578867
1969.2729842784331
2078.055269765785
2103.2088746814934
2191.0310771435707
2312.5028505175046
2158.918909926843
2190.5527750506026
2055.90113188
1976.1748951318177
1974.672710261342
1967.5188330884605
1928.9600287456817
1854.6039674421456
1827.5657253791614
1819.0409223844856
1894.4437446071672
1854.6179820739214
1857.2288508578222
1924.9122856623237
1977.8731873684374
2025.5813268160516
2050.905099639772
2063.3613956710115
2024.3454320447308
2022.0848656473129
2025.2832485673653
2070.0782732347334
2055.8452589409126
2011.5056399941077
1960.1155327509205
1898.5998626175135
1890.933110289459
1848.0001560872713
1857.6938478761856
1877.83509993855
1880.9263822755097
1851.285861833095
1770.6723005858953
1630.9804236307907
1152.5986246008563
739.5749703918241
1002.7163632120122
1701.9896781400844
1962.4359748628608
2054.510446026635
2058.269697615393
1899.318167262752
2038.105882024688
2139.6837150001634
2527.801952202274
2625.6994611767605
2652.2773128012404
2710.9912615641906
2739.1217471477985
2789.517332029688
2669.733616387234
2778.428278699687
2873.201803894019
2822.068948980137
2994.2185937414433
3025.8755766533727
3065.6176526742643
3062.480468160054
3017.0152127164524
3001.9024865315464
2775.878007202104
3165.006331297267
3192.177648088964
3266.118442726999
3315.6778149771044
3413.0127743408952
3376.7876715333264
3324.940128226137
3238.084240564634
3103.1339932388405
3157.3320993988546
3309.0416195574994
3428.9021758388226
3369.915406264256
3402.1779901612254
3425.19258071573
3473.1425657378104
3420.067287362627
3436.8824774138966
3524.4675879303204
3509.5747273393363
3538.6037305623768
3480.255245831094
3428.4806362561017
3653.0314620987187
3820.1181003264687
3712.168828968138
3710.8279333087353
3746.9865984590024
3812.266444252608
3775.420346890966
3761.896341723811
3621.2359582908543
3650.871984074326
3668.7921107057296
3697.54571027916
3737.6800874143637
3757.171396165678
3828.329809649106
3874.8780987631467
3845.207306410607
3722.4634624599007
3601.4505165796054
3676.0585354986683
3905.9878696438486
3971.5227135180894
4034.771086997755
3979.072485830881
3363.1458008829964
3135.7244708536628
3424.7294697850534
3666.2337033770864
3233.2829585857176
3574.685194139818
3669.94919262509
3539.5192954182307
3257.8253972267353
3942.9199335016715
4122.787019198881
4151.096130608043
3986.5062952617727
3662.1126570225165
4065.9786184014674
3720.5479646281915
3654.9870477028617
3626.5355881807004
3508.577330337238
3074.9656866770783
3386.5954849517334
3659.1752431455575
3730.3079078254527
3680.5857696019507
3569.3396611954568
3513.5469292636994
3526.101504034118
3480.0212682852957
3429.024835410689
3434.3949687286095
3444.510284673755
3399.683928837386
3341.9976771030206
3287.352724509545
3143.2761008887605
3076.346040946365
3088.420311693294
3012.2882300273573
2764.4405695669807
2529.697721513986
2391.310552660968
2422.132111951274
2314.8190685095965
2206.618718197508
2185.8487986646014
2211.3964604385037
2106.3005393396975
2061.4371682691403
2043.203704782735
2036.0883739868088
2018.949692635253
1931.4272795292884
1920.8822024824365
1967.1915489368853
2030.3734946134975
2070.05835930702
2082.9305859033643
2115.656310715316
2110.6827444741903
2100.6830397471613
2101.404140544648
2088.8002924055413
2063.918257063525
2070.0410338742918
2059.793592850148
2013.678968221113
2015.5099025820416
2016.9075034884008
2003.5784302583543
2022.81354169248
2033.246128711049
2024.5935145145352
2039.230893144118
2040.8967729358112
2064.1590747898003
2066.5880361116847
2069.506451561682
2068.822342932558
2056.884323643853
2109.73404270129
2138.090280812724
2149.86573732834
2137.3034038336946
2150.79983600992
2155.035020702685
2179.9079060934105
2055.427928981823
1924.6032550509688
1909.2540896285498
1829.5309991573488
1908.2910526680969
1952.609150764028
2026.0051822799883
2005.3177886260203
1889.3129909246786
1976.0046777115008
1995.9970176967868
1830.0562401306993
1788.1888489353669
1841.7694132467088
1985.1349876602108
1726.0576969313338
1700.7214908936962
1809.4697688080448
1783.453060279119
1641.4378925227268
1764.8627136213381
1921.8909491636196
2845.8610643352226
2255.0015265789284
2327.920219942422
2380.1328229175915
1843.1856707675145
1746.238597838134
1906.7943502913947
1649.5131106292613
1719.4569701622254
1878.0177747340613
1879.6810189866628
1823.1317620894793
1771.9807556718927
1851.578987645133
1987.5506070052675
1877.188774987634
1876.5895310660203
1770.185498391699
1950.015638565246
1997.6779943855229
2001.671211801582
2099.6865413154164
2179.486379603755
2288.987709925979
2284.466495754441
2260.545200955423
1982.883071839689
1998.0593117999867
1938.5864343601631
1955.1530012495089
1931.2880794286075
1923.7791760566067
1939.7089848201238
1900.5845339667944
1817.3510659688884
1883.1549044389542
1917.23975275683
2008.8130178867707
1891.085704240918
1912.1292179932013
2051.0220205145147
2079.29619475244
2068.4387361534973
2054.9109152779884
2024.7600820382738
2023.4766602948707
2056.4961893782015
2061.946364975279
2062.626812411353
1971.6556490833966
1901.489057168141
1883.220501626904
1869.514179526482
1890.6270842115873
1905.2161377671323
1899.0825806184373
1841.0843186497475
1809.3312184481865
1795.7154093359056
1412.3999948647086
1290.545497873072
1118.6102539205115
1696.298824144794
2053.060154671636
2153.406527066325
2124.06919694885
1907.240071967968
2045.5334065487611
2248.4186255980903
2589.8988405042414
2612.231482341924
2670.034145668398
2737.878042414754
2779.0558690684115
2797.1746895572987
2755.267652238956
2965.8637897640438
2932.083069976492
2828.304969562449
2863.3033512771053
3054.580212241685
3097.620899499192
3055.8520061033196
3043.247680610677
3059.8136102163025
2687.15408503423
3088.4456654956343
3142.911982944792
3235.187186883913
3307.854938726608
3406.6607232518118
3376.1706116705177
3311.779615739916
3219.3669708775196
3192.7134408601673
3091.980318514884
3390.328741715203
3398.046640645233
3318.4291888662992
3384.37000013276
3423.966021708921
3455.6127134103667
3501.5337857339696
3506.172070011886
3569.963337451965
3508.4641243473984
3518.8573848808137
3459.9049728922637
3397.298962386811
3358.5898780592725
3548.7098875091056
3686.6198685667796
3747.4069703574896
3768.0665607345727
3805.8918610726505
3809.151761720072
3766.422008402848
3668.8375659117814
3699.2324868344435
3658.8192756949907
3606.4322245508815
3622.261405203416
3573.931632567919
3781.4972865181157
3744.9882234608267
3860.368126723307
3761.347572598563
3708.78788371742
3626.686413003821
3877.050148825103
3970.336570922283
4002.249705702004
3906.3912140370317
3190.1920694861224
3068.295203992389
3625.8110585893282
3770.70700256026
3482.9207059199716
3750.130061488535
3832.6823963149045
3831.834150317619
3632.526151941097
3619.08517097742
4092.6600598322525
4184.010477386822
4187.495953405668
3689.3917091812204
3953.315312565509
3746.966743117012
3736.7261005841065
3683.0215355848063
3579.434225480193
3331.4235762077906
3482.8528603359514
3631.3819067418913
3654.546410959867
3655.335137335652
3650.83767710798
3628.4772503901436
3593.554564984568
3518.0562044836424
3453.0329545020813
3462.5167303596036
3469.891067773316
3394.093931736428
3287.800468771478
3216.017713545646
3151.5328467145446
3100.203382371915
3181.12488702739
3092.0297554541107
2919.8144290838213
2741.3202186702715
2609.9933184514607
2530.7366790686715
2469.48934882711
2410.5413549488303
2315.1317721048235
2194.315695626525
2086.5529292553783
2023.6009381563974
2081.568560703885
2044.5730926820984
2032.6142531144228
2027.2700058454784
2005.2335482824888
2038.8153932936136
2039.1846267456278
2108.3374263701166
2072.7737219942173
2119.215106203545
2135.070164518574
2135.1109548109584
2112.506089832131
2088.654481169461
2096.907736708455
2101.161628897492
2081.161846900848
2068.1143675739413
2044.065765584405
1999.4622111684937
1995.9271785602652
2024.5221474606478
2033.533195314522
2015.7774582583575
2031.6940083564732
2052.5411930702408
2060.78543635944
2073.853662022008
2076.6959749406146
2076.2925751905864
2081.8879466406593
2120.907633879627
2134.826081298715
2119.7926071500997
2118.9878933933883
2172.7675103814117
2184.868361593364
2174.5739138158574
2041.931422122732
1570.631075090156
1758.3492937280573
1828.5872878683167
1935.8299426929568
2025.3301369983333
2051.2029169884268
2042.4463486714017
1915.718403065625
1949.5269472143598
1928.5252555272696
1878.8784326559253
1825.6581017618253
1828.735039152539
1896.5259188441264
1717.1386180214374
1673.0364343284728
1650.8512319136028
1767.1116574785292
1691.319330330844
1675.5540106219778
1828.841077949077
2480.8937993832405
2257.785114987515
2608.1563640559957
2155.3989632989123
1792.6333699886002
1667.3604222106424
1531.9658675840199
1436.8577874383848
1466.6047730489527
1596.376876938476
1605.9464106402047
1749.7761259443555
1667.6394662949353
1827.2656739037095
1735.233429903568
2132.36258616362
1978.9009332604276
1847.2479242739203
2022.8180576441766
1999.0152263292161
2041.046397290464
2130.2994969508572
2137.5585687435714
2273.7034745326173
2309.0595548713322
2266.9485040314116
2136.6711288617794
2056.605
1961.3090348887974
1971.9684857540237
1946.1391418228961
1893.6006527568838
1846.65574516474
1945.7946016664014
1939.066803485481
1920.2645254745398
1921.4485810347276
1942.924429376929
1810.7504263923825
1816.058470004287
2057.318751338732
2088.52634910339
2091.2026141246142
2093.578788038935
2069.4974696717645
2101.3087048312154
2112.488547802489
2119.6173093407942
2062.054136217465
2001.719553239338
1993.7832887067912
1900.2780917404125
1878.445561225567
1887.5239427280978
1900.7029459206647
1910.0041601776604
1872.3018563765315
1992.223047761013
1899.12437459248
1507.5804348192546
1344.2618572583629
1347.4499335250302
1808.587796447126
2147.8488126791854
2238.8839236932668
2298.810849315839
2031.8828319037334
2266.6216389400283
2497.360575113972
2710.532396305892
2694.4950000000003
2716.4071457120385
2758.3925027599903
2789.1881325761315
2786.8856121432354
2790.965194968685
2996.325183265403
3002.8296647708653
2853.280795810829
2913.488952077484
3062.7233209313304
3066.517801588911
3011.0994886948797
2950.019406741894
3025.7454147764324
2893.9605268784717
2997.9829597129687
3059.088059228187
3020.1451116391554
3253.468450697792
3334.8072165071967
3332.8181036818196
3274.946978889469
3219.7286826761833
3213.5032466695775
3235.957293078332
3227.1338361991093
3328.5665645930367
3135.2735706635776
3203.3179042183615
3363.5084252790007
3446.045180673408
3498.308081095003
3506.798113013121
3538.0229583900723
3509.553868690225
3508.9295845475817
3480.1990241953877
3389.5171072786115
3316.500911644154
3677.7701337554267
3762.244523746528
3758.7730394253613
3782.564949748459
3796.501919096996
3785.5814206452787
3775.9021167721194
3778.4765663210283
3763.9790337755253
3634.323939378667
3524.5783725425017
3442.357485141023
3199.4467237941885
3543.2069970267253
3829.3223753136285
3868.88836487308
3870.114160465663
3802.9780501187715
3677.6778445919877
3578.6673048920566
3885.9457394081583
3905.5945227865236
3811.1341121906576
3480.9318718862983
3390.4910507439267
3554.228828999135
3759.3907990643006
3790.4574069993014
3796.9512642386762
3870.1517830277767
3833.8672402247303
3599.3615252314744
3939.846807842903
4179.205034192222
4205.644325321823
4231.678682592829
4185.71834526274
3796.287830592431
3757.0082744026977
3761.3211760400022
3721.4644183050004
3638.453399926929
3662.281444909484
3741.522298906716
3687.5853892807277
3541.181972276829
3490.755839512704
3582.104238221908
3629.437789971149
3601.0244104457634
3507.2196570064284
3381.355508441308
3416.1697231804555
3449.5387583121424
3360.421229227399
3233.5181102960514
3164.0253841707968
3155.930405590312
3176.113913575474
3189.4530937083405
3137.4973987845465
3052.395617080268
2953.7521386605104
2791.1929161042585
2627.116949401337
2598.040166781994
2545.1595386708227
2291.9852786035303
2127.2243036739515
2083.5656737038507
2000.6720816550949
2073.5792960527715
2038.4971890911174
2047.1402631105932
2034.2512164196476
2041.0238332462504
2046.659873183054
2015.685207615374
2006.0990193944144
2080.541528535663
2129.765389927295
2138.5519360641647
2118.308260820155
2138.531715860715
2114.523492379958
2112.4615003735726
2107.894269146111
2121.159470859506
2091.091901467251
2046.4032845718204
1999.7091194403254
2004.698957293221
2045.3011535513356
2045.6143046086645
2004.0999977048077
2008.9610076166784
2062.1522830877498
2064.7488803293268
2090.156607219789
2072.2772963854636
2075.949990710629
2130.684215851337
2122.443766279722
2121.093208061706
2109.3227308214387
2107.0919917202204
2129.833813901309
2185.529739124975
2192.5291557494247
2062.5374373527825
1831.2866074217504
1773.0158863298793
1858.5952706522135
1884.5872744280778
1948.8105006974174
2038.5248479752197
2065.9266940207044
2010.1164661632008
1944.0547206166145
1937.1177421524828
1961.7624452718735
1920.6582288906466
1757.8518798891266
1839.5306911480384
1690.0262967031606
1645.2494521357662
1609.4235657710576
1741.9115028633937
1638.9830134731492
1663.6780091312155
1603.808573873534
2097.6403419691123
2337.222398461272
2831.366053729014
1698.3164777769273
2155.519201246719
1705.7295265047267
1127.860319006136
1411.1501455778287
1444.9291996656611
1624.093984071104
1471.9824786935567
1558.4328591092606
1569.630966976307
1826.0327761285953
1814.3088621905756
1888.2298660160627
1865.120133820464
1843.8596753526344
1999.809530922513
2032.442700507649
2170.93791044232
2140.626190759153
2209.4272662633516
2199.426282676682
2348.6114719156103
2295.8046906005234
2200.0123862096275
2099.516820512005
2020.4963178548244
2008.6455311703153
1989.4850580262632
1905.2803260209723
1905.5698052815899
1910.7337296002497
1920.1516315805118
1976.048320429598
1987.8285356325596
1824.91503655547
1641.721728876169
1668.9445980399423
2051.529620397538
2075.413640600117
2088.6677860914297
2120.857997939058
2172.1884185202116
2162.9827328557944
2126.1029496665174
2164.621042145083
2167.182576595465
2051.4417174050395
1957.4161246992621
1898.8023417841766
1890.971952299844
1892.648356908613
1876.2177191086514
1824.838030483587
1268.104290335451
1970.1375843261628
2056.976185312776
1820.173323656882
1842.8858860159444
1860.859422616704
2053.733398066976
2079.9744494666143
2207.7087219434616
2399.52933924255
2347.970359426164
2536.791162528063
2678.662241566786
2647.7873417072005
2686.6215246342726
2759.8383368929008
2765.5326379241915
2790.1749902105075
2789.8898054764104
2759.8324188885963
2700.4039984246106
3122.1521557018964
3058.6040271189377
3039.0023591927124
3038.8218053568376
3039.9876889692205
2891.4020821233926
2815.391684430107
2993.4968666717955
2961.043318930743
3034.6903907687806
3115.055906247995
3071.654286519464
2982.440742713457
3304.6985692756753
3313.1180737969353
3284.842312886661
3202.7931155752713
3158.9552122143227
3138.3348267345646
3206.650147650306
3189.683468129833
3201.6756449683644
3174.205520834883
3159.9960090051263
3181.355506421871
3464.7889658471513
3508.076047631766
3541.650720308194
3487.8888257575227
3502.334289175786
3495.7632994714345
3397.5800796927824
3362.7824996849185
3731.661677694765
3779.672288262107
3765.677172900575
3761.3709149659485
3777.043257754101
3738.501513556557
3700.9213637682824
3726.972853983994
3747.896200286971
3631.6768097710737
3495.626356529685
3317.336720533466
3158.1632492706713
3213.777413406199
3554.3777811502964
3862.3937989474225
3817.88673532524
3810.5784389723062
3762.3020993424943
3650.698258534135
3905.3218095409884
3916.400063822916
3772.5175254034357
3337.1958672794685
3344.673443701343
3591.377809930097
3747.7432688986396
3775.2169871279775
3817.651375535265
3874.5342741052727
3875.987776846691
3683.456251432616
4018.7639866683235
4137.283527590695
4229.724701547169
4241.516976010849
4205.138073762876
3483.9502493285972
3753.1260473935276
3755.030256836578
3746.3096327472545
3667.9860719680664
3639.273919567775
3728.9262004896145
3666.37831862419
3204.9637211486147
3185.8705087824806
3457.7448043345057
3559.4020674923217
3566.782196939872
3519.931976178788
3351.5183717991194
3404.293272087625
3452.1258787335237
3345.3996285392113
3237.5676406042585
3184.4265021842666
3210.440564478419
3272.782640647231
3252.5348392666665
3196.784130240364
3150.611913367242
3082.047313622717
2872.150177053323
2681.7488488662216
2674.6715420699484
2548.1848363063364
2240.7487977913597
2147.7520595618917
2098.5912044274182
2037.6757697594585
2022.6842684004678
2022.6815013351945
2011.9449402535693
2008.6893040674079
2004.0255103260984
2019.1479378216486
2005.4487158497047
2074.1206455373813
2056.6550761279595
2106.1539622894848
2141.8217448835776
2120.75940228959
2147.79157991018
2129.2862332291984
2127.8622601896363
2160.603387661445
2111.6863395620358
2051.836298708683
2029.5059194363812
2020.2085850985288
2032.3822912184364
2075.4131491992616
2088.310442479378
2065.8325933866263
2044.0234497839112
2059.107726027402
2070.6184935655765
2077.969424892832
2086.5123483860075
2079.0351734516184
2109.6330575680727
2099.393601903121
2118.286840128381
2103.6498943985134
2078.047578380327
2030.7486166829176
2174.1457901177887
2237.6846589345064
2237.971769541107
2039.2327728742541
1920.0051973692114
1905.7138612096721
1908.6672815223621
2015.2516364698697
2044.702376419294
2127.200342701332
1988.6970847032285
1933.93298171801
2004.6290148045211
1930.7188778721534
2035.5460625896671
1737.264238731732
1768.7861640547758
1732.9325630757598
1616.5790450388831
1468.6718431658512
1564.3351473820244
1695.7615632703107
1472.3229050850125
1431.943633572772
1670.147696971207
2560.4498910925686
2735.6757080618054
2778.0153611520623
1842.4194150700393
1354.1132352819436
1361.3168432324403
1386.2043007998773
1437.3688749984397
1622.1341863721482
1578.9997022657417
1371.0495345067352
1531.9181118007004
1763.8631039239617
1981.6155016308571
1914.8790321491356
1850.1778427987877
2078.1725432846065
2138.3452050369715
2109.365685742351
2204.1886038507755
2164.605810029331
2170.5243177709385
2322.716333880168
2316.855074800279
2316.3549811992766
2143.1898156460907
2055.40840572
2067.710495899157
2020.368771606052
2006.9963298496318
1945.409522904848
1971.6569550162653
1978.7713910375855
1974.5413303284813
1936.407477760154
1943.4455798224956
1902.5025844674515
1941.808794299537
1883.4908459258913
2031.4084431287965
2048.1412649783824
2066.808102733488
2129.516442515252
2150.564322838013
2172.5549981290583
2179.234034327304
2222.6445731057984
2166.7032876638136
2042.361193049302
1942.4804031025376
1882.4891663829237
1829.6904242226249
1836.6013276947485
1960.4546927650315
2015.9669778959692
1995.045554649959
2038.3594853501434
2104.627751592813
2061.0598001646476
2061.7772274513864
2069.670115382974
2105.4539578662116
2104.782113052637
2154.8958839947063
2423.5421252292413
2534.4606492455564
2569.4182496459803
2641.5072473110363
2699.589895624451
2704.7622260787903
2792.4260790282087
2805.393436109247
2762.195554210873
2728.508474527645
2766.1156819924145
2718.6108636874014
2810.7579855997733
3009.150701130368
3039.5416017107777
3090.3741099703843
2999.730435434066
2897.0400227737987
2737.0628480958903
2934.0417677318956
3094.217636241216
3091.4749005071903
3134.2431399137745
3171.5371573732323
3163.969039361439
3248.209800432141
3311.2192866483692
3197.439775895538
3150.523709773645
3123.0406066720843
3150.8095385468105
3229.6129984851646
3154.1485518193213
3157.6219822254343
2943.7099301029825
2903.8931474172364
3131.246404394064
3340.4401165509357
3336.971852553017
3477.19351293062
3480.6278812070937
3493.141719651032
3542.738452276791
3548.9063408705038
3626.725171664733
3795.266776817828
3791.0812229531584
3759.238972697292
3570.3329903894296
3736.2307359022616
3646.9136986171925
3595.6555154314256
3623.2938281612614
3488.8458299392955
3393.0358240317655
3388.436883743606
3372.6418431864495
3276.4515560512414
3401.725567346566
3334.2890195426376
3843.5604090687775
3869.8002396259803
3798.9224658356184
3795.024062329435
3830.8838558610246
3952.6182154552685
3947.4958541814417
3868.656301659388
3276.8839012182866
3125.0313450399212
3566.4915635372154
3744.2863376698015
3775.3724733159174
3771.46565699834
3841.257420942147
3879.799670129708
3841.08326268073
4223.8504029873775
4223.636342935588
4259.975689082284
4249.858777105515
4192.684158238836
3637.3723671908297
3743.392619005822
3732.7431600956975
3759.5199006004786
3760.4793399592186
3747.7869427626165
3736.217660202734
3698.4772366282073
3487.108159426691
2714.8501572187047
3378.0891149701756
3556.469632625156
3536.6338627874406
3546.485510893713
3521.113800954744
3495.8780312939575
3499.509465083905
3271.434524885022
3344.6426226410877
3269.853500345708
3282.0493704786923
3323.4753038794634
3260.4552423618115
3231.9897307849174
3122.677441270693
3110.7808234759214
2924.598080969597
2749.869116137697
2735.01913565746
2630.6317221691015
2400.427422641547
2213.786643050073
2159.558867794334
2072.9735658709105
1997.6218519358815
1978.1477031634822
1998.153972275776
1984.5917458642211
2028.3851389672802
1984.3713420922954
2148.499995419528
2130.8299838469748
2074.412493927964
2129.466541818131
2161.9255797749965
2143.1687765520383
2135.9147285297186
2132.9374310815506
2147.664816446171
2103.475318642313
2079.709027349206
2007.8180322499845
2011.8602628344163
2044.5847632346456
2062.2449438809276
2100.368418943972
2123.9298071908133
2108.5986986307908
2072.1207023081756
2053.67490120702
2068.20967156012
2074.6987775186635
2089.19986412603
2082.952385136699
2100.567174639949
2107.4822641079168
2151.9707744870043
2083.6829613703853
2034.0148661119536
2068.0496359958183
2251.7549381252543
2225.994014532633
2320.322792923773
2217.539195037416
1983.2240411582866
1916.4536028339328
1974.8955176939646
2137.9779692228435
2093.0890699568927
2133.1560412090216
1922.6245686604445
1834.6871350840156
1974.2804020249202
1968.9249423308875
2033.666254004982
1796.502485838162
1838.8303768592746
1810.2871604194747
1721.862114690691
1312.8619847009827
1556.4326290357287
1449.9562064860604
1534.0126989919443
1638.4538029146697
1792.6867112797374
2906.4902651651555
2688.137277721511
2914.3521192787734
1817.6042476523007
1216.3252159681706
1191.5173614432374
1232.7214406925095
1436.4383055897613
1495.8366001983136
1745.7485192854892
1674.466940705778
1732.4462568714832
1865.5475041665084
1691.2693852261689
1903.0524782471123
1834.31936158129
2098.0663803137422
2097.966152181998
2245.9324188137994
2334.234184482626
2212.235308836478
2206.7935811906054
2246.130068916619
2448.5865644792384
2312.8921137255898
2093.796250555126
2102.157956980379
2028.860274150211
2046.3795827630029
2031.0656063875244
2001.5904249798336
2011.9277733169731
2015.147568948578
1998.5195434031773
1958.7983922635335
1888.0823227677765
1920.3478971166896
1870.4060327799964
1924.2125318944125
1999.2556997335664
2024.7350975649583
2090.5709355788754
2089.3088412252237
2171.380775542286
2177.740022403448
2237.8206097455145
2232.1598125222704
2163.6055897018523
2029.143240824548
1940.4359251401952
1888.3440943340297
1732.0527659960285
1685.051167790322
1978.447182731074
2081.5525343415925
2113.7919912136817
2105.7262572152704
2136.208770142472
2132.0297950409017
2113.966927072731
2134.971261953119
2141.2482355149023
2152.002450328031
2157.7664363410017
2405.08856006213
2529.946786491516
2632.2484595762444
2707.913604041124
2732.9799625372752
2750.733362849159
2900.517229373273
2844.419151830598
2791.2283530572217
2810.2534484097655
2858.6427749385703
2889.5180140635002
2899.5707053477227
2998.198655281988
3045.1386994901395
3053.8742016265696
3023.47188482138
2887.979825502785
2902.2254031025745
2944.464857199454
3083.6830028574514
3194.6215150635794
3201.478577766884
3238.554244839757
3230.967166838114
3250.030158990749
3264.7237660507894
3220.7070357697767
3230.201119803096
3057.254804913871
3150.787631175919
3183.4076246283207
3181.8211606616196
3111.931870791128
3231.8227485635025
2925.271412675785
2997.276084434594
3161.0033095699237
3370.4981072423757
3471.624766107837
3490.7738080449053
3484.378199065343
3497.1149514257163
3475.5085532374783
3584.6281678790683
3693.2971506954796
3669.651394166898
3650.2430370989196
3794.3125428003946
3995.306577594923
3804.9916648297276
3817.574407554102
3608.0737864216035
3430.040425105544
3420.099001276388
3316.856703559061
3413.5096871833002
3443.1393210134406
3621.1524179418825
3250.3368137953307
3847.9326669063707
3872.8180625275872
3809.3047227712605
3757.478380591615
3834.3913832228673
3942.229430502397
3951.1503260687487
3855.2669821034706
3275.1223751047655
3290.7207386311034
3673.0201872637676
3795.6711690783904
3812.4135793120795
3824.211355827496
3828.5987505950125
3875.884002369044
3746.306276496815
4273.625429853175
4274.920353688603
4266.6503112509035
4244.877674426273
4210.72257673345
4112.674364945519
3736.4879540107922
3707.114302944764
3755.9460391467687
3804.5345965207416
3809.400721204916
3773.4992615800365
3712.4448677854743
3521.8851596139357
2856.852164020775
3366.83717734691
3551.729112122346
3529.589591602033
3554.7601522939476
3556.0816676886975
3513.949029280122
3491.174052291157
3371.896156918197
3461.9606159165605
3349.611456776094
3370.1825637236007
3339.288121025205
3299.909669696511
3144.5670328021597
2975.00676566607
2947.3336927149257
2934.3387713712473
2840.181988462026
2787.203362618998
2676.4475471888804
2448.8506414838052
2272.8145015932146
2203.6630098553273
2104.369659149067
2010.8820112418828
1927.895029200189
1977.1617006755523
2020.1509250669058
2082.662448909382
2067.522556449335
2193.4578345102746
2172.0680616682457
2131.368589287501
2153.469649956407
2193.873593728364
2156.9275393669677
2142.9728592677516
2164.106823481823
2081.240275346615
2105.8550564320244
2122.6464571906226
2083.222492148688
2067.6574542907533
2083.9783282819108
2086.22241604766
2105.6914778790047
2135.11410799929
2131.9289327926863
2099.491790628852
2071.0849740092017
2081.531437373319
2074.763594357974
2090.6289427263214
2086.6525380578323
2109.0131664026617
2088.9038698706568
2125.009848354404
2033.6249855098736
2038.8192689278926
2042.7336526736126
2152.8788951218685
2230.945539282166
2358.330828480221
2258.857391388862
1964.4403882428564
1997.9807650237917
2010.451253215564
2166.113483163509
2139.4038312393122
2062.022451591101
1987.4890305449037
1840.4042929963362
1945.7300823184087
1996.877204630706
1993.5027566948959
1937.708405083876
1950.482052512717
1715.886506828683
1400.3824042110366
1538.8608883184872
1387.9313222060753
1139.3453499494974
1490.5869111269508
1682.8507865255974
2011.9771327494852
2747.13236487433
2865.13319211233
2762.5679761653782
2122.9063306233957
1224.6384443346335
1387.134654153725
1339.2655757554105
1482.991161417412
1316.5878378798018
1661.5622050898423
1803.903418096446
1836.912098657536
1837.8625489794808
1583.7805644060807
1595.9947467942502
1988.9933919460616
2138.512085948876
2130.0074728939144
2251.965272495249
2231.2776285475134
2269.8456988369185
2296.102221416714
2188.7159329249575
2358.5138858521254
2316.3637820621384
2140.1666656402913
2131.194544223985
2062.3305513321634
2044.774655886533
2044.5554033511457
2029.8314618439204
2046.9572384677792
2051.800643726611
2019.8137083797287
1992.7578137809114
2061.5612860463693
1930.7060531511909
1799.651505455691
1901.5658097380597
2038.6306414074759
2080.175224010494
2099.4172973575737
2131.1132425324104
2191.8778262353057
2186.4501074558275
2224.0294357607772
2220.4605850174266
2122.9326003892356
2015.919473174067
1947.5062735952997
1900.857053304102
1865.4229086104292
1787.8024594577814
2066.0765920361987
2138.2693290884527
2131.410411534067
2139.094210292639
2163.126430122728
2166.8368321359667
2166.4704949262323
2190.9177974548697
2180.085366317948
2187.543055720509
2255.3124192477153
2391.838366631535
2436.0082353293283
2545.367148567901
2651.8101185141686
2727.308685026438
2727.875448979498
2759.3043797442556
2819.3054588097734
2879.096775813674
2888.249455044803
2902.940326146404
2948.354356420638
2990.0130633331496
2987.1125719907327
3006.719961879721
3013.17692975092
3029.4526702753824
3010.7653968904033
3008.88375361987
3007.863585583893
3033.1993537477306
3069.988575909006
3167.4943652143247
3205.362699145964
3219.9932092192994
3260.9799772640804
3270.4292135373644
3206.059350583901
3224.670929440059
3148.8393093107197
2970.9634724259404
3132.0924300696897
3060.7904617969957
3137.1311035347917
3144.1971892635233
3179.3985034326047
3076.4163083188378
3289.8981286826615
3312.936882973446
3422.4405194890574
3473.4610895450987
3494.8580015060306
3498.9955080877394
3368.998565678358
3377.638976512416
3280.5598680716316
3175.9361806292727
3284.7210158936646
3372.507942779453
3591.4591710904033
3610.3838874235603
3576.3457983838543
3512.124377832523
3492.946074120251
3542.694911255773
3610.129839468507
3611.502163225009
3480.7651996776854
3371.6066997565094
3385.3216046686425
3844.6174912444953
3766.674311357129
3833.733062397422
3735.4595879366743
3834.7019315827624
3863.333662054381
3932.4568400183825
3883.663361097401
3850.71465934179
3601.5197980299927
3743.0117786945434
3789.1641449937897
3912.596216554525
3924.93272616252
3984.0393530356055
3917.2591660207822
3812.6988067306047
4202.848101952205
4305.659544894159
4270.679200673522
4257.468794414272
4226.52386399325
4131.5513934867695
3744.441499067209
3690.8968023985417
3741.911737987887
3812.32691205516
3823.4832999926234
3764.5655373146383
3676.4748978772086
3557.860075618896
3476.5677951758116
3536.4903883976776
3587.8933615561223
3566.168246202546
3570.5884525931415
3563.962546872831
3521.300696238387
3431.090300372441
3487.523276696077
3482.934420618902
3426.933110923677
3416.6350989446323
3364.232169206824
3251.5507562738107
3174.715689257801
2826.126889439067
2860.845238676756
2881.5481398519164
2872.7136578247296
2830.606787828167
2718.9113802126344
2502.18029171104
2332.589181746517
2214.0002058119753
2108.069141338056
1988.474743074729
1935.4378436464633
2013.4622542039995
2104.7517063029936
2181.245295784575
2199.524313376211
2242.7860778018025
2251.5721575319817
2221.3175147354123
2194.467023479889
2178.4116820822114
2154.9488471987397
2172.655285886805
2171.806722410392
2176.9306802009287
2175.8832423162644
2178.984986345779
2145.9113086580473
2120.022356050606
2108.6096605170073
2095.0857228320056
2104.46237998676
2134.3990862438536
2148.1392908777834
2122.851956997574
2078.738519951813
2072.9051058734726
2078.1532203432007
2075.8602358875155
2086.869756331354
2107.4745069209057
2108.9533824815753
2099.96331309093
1996.9103893493095
1981.687515352943
1885.7305266073135
2097.4528799089876
2297.734536333794
2347.997082907092
2254.8310842249143
1970.823693888699
1978.8434943080965
2094.322677202645
2199.929867347076
2101.0510072721377
1922.9132718482624
1922.2192431075202
1786.9799297811082
2022.225334394801
2048.2364430034895
1978.1403808981597
1881.9167893601154
1913.2577606928924
1802.6404897326502
1697.2389484274888
1576.552768862442
1742.8980124065693
1963.549576695552
1695.0985271409038
1780.992110740244
1856.6061406726203
2476.548713525046
2847.415570846393
2784.3335472806502
2167.8927488323425
1251.149061423984
1634.8933880749817
1401.5079647557081
1615.0667309947469
1430.4712917178038
1555.9867971406147
1774.7178533658312
1805.159038962477
1736.3540466014767
1661.4956303565627
1641.0438282753116
1951.6227839735523
2156.3098841177184
2240.449319221535
2276.516219519309
2139.5964321331885
2166.707060486149
2227.8965427995468
2217.7309747720774
2534.024690493223
2455.4685099292083
2163.6917323320167
2213.2522668320053
2069.0129796522046
2058.902322874969
2027.0379664924365
2038.7836205386889
2089.8868985689815
2110.888875887828
2051.0616734118794
1984.4132797288867
1963.581335903804
1881.9595229699607
1906.0515817909195
2034.215660285802
2008.826942778235
2065.3434035496684
2128.8633548469898
2171.235127232393
2169.9983681708163
2173.058280106913
2271.316714837333
2237.254085088254
2141.0305503939753
2019.6191284658526
1955.8174560589407
1927.8570194527729
1992.557999778781
2049.4812574697567
2116.700140304276
2136.8363280099966
2155.2165475353336
2168.2192372979553
2165.877502775153
2172.304791383301
2191.8318703044847
2203.167879342489
2188.3704700561743
2147.5833755459453
2190.760414143747
2191.380476747886
2118.4477370448985
2267.313327161618
2533.7655937350996
2668.0909252673137
2730.660922500495
2763.3216496450423
2757.299298715697
2804.0847850812424
2791.669292661098
2668.7424923533376
2925.914442669371
2971.3758713204284
2984.6286204907437
3005.193168417683
3016.1229342783317
3035.889855444946
3075.32123010493
3096.8456925417468
2912.662826007994
2088.9461271385185
2682.8047273388906
3006.6226639173983
3149.966926355377
3215.3996728770794
3251.483441027311
3262.3503234398218
3247.9963852758474
3216.2741210317463
3177.073165991143
3120.71721150778
2973.1446081180493
2846.0713366201257
2953.645296970484
3146.796112336228
3179.065076648185
3165.569175505489
3173.1836739522278
3351.3667460617876
3408.5932298897906
3387.4357114594495
3412.2447745113122
3486.447992521932
3349.4250997753934
3458.1709114859514
3234.9388332715644
2972.526703008402
3299.0767894873757
3315.620174347509
3443.056191356616
3468.1403351091144
3327.0445892852363
3357.051871706365
3414.139532827898
3588.16506014708
3594.8219763831157
3524.170288542086
3524.3302692366274
3405.4244206108597
3551.3999662073043
3766.488994716489
3832.8617676480544
3835.116414085648
3801.0264314591213
3738.6237187883235
3975.1470232392185
3970.156293118181
3847.586757813266
3620.802993134473
3718.0168987400225
3543.5671578951064
3768.7283795346225
3822.203689607008
4128.832244745161
4169.92881047823
4183.881031585718
4152.195106794333
4129.521603329842
4287.692170371152
4287.017675756442
4271.175504744219
4141.023636898639
3862.902864392581
3762.805073820123
3705.6852036103005
3736.0439728420265
3810.1079401766824
3832.1618329765947
3766.174706772663
3630.6435367335284
3564.6356907445243
3551.693299524874
3601.5242885239836
3615.9855160270017
3589.3351765829075
3619.38307286428
3562.2613708304307
3491.301945897622
3418.66346818513
3438.7433366108276
3235.3490939002386
3406.364855610943
3383.406600143007
3312.125111755248
3246.334675393577
3078.0004497725595
2852.76568304191
2854.716245861344
2880.315290236076
2890.495665503117
2883.494662304601
2855.027624486638
2567.930757006651
2448.7464238749917
2317.874715790077
2180.7355184896883
2045.1898987931695
2017.8754623549512
2114.8131909323915
2184.4588519811946
2162.163262834039
2213.1649882448323
2283.187053508252
2313.5184975640295
2293.0375783671893
2249.660987748696
2214.149042680345
2212.42092414266
2198.4169885024558
2199.6851350505467
2189.957641968924
2182.9364250202634
2183.261304168864
2166.57728545204
2153.132471776081
2125.8763030696123
2100.5280417071544
2107.346893814331
2140.264049656437
2159.1992678902634
2139.381139317522
2084.1791767125164
2055.4310240193818
2078.1522468830435
2067.143329760139
2086.0345288541903
2104.6481924302693
2092.659759513282
2070.370416374101
2028.0697288677761
1972.5878330328662
1951.616011373248
2135.890662947619
2246.145050150279
2343.2338395247775
2372.844263299862
2090.8738718944483
2018.2837957489028
2044.8142767681443
2208.322204025097
2016.317891295393
1926.120810226281
1847.2931876401115
1745.9799268614784
1852.9983037388076
1905.985366730199
1852.8205463870672
1829.1967652031615
1921.5557918175582
1948.4466337147187
1587.503008300536
1479.6353334031749
1613.5636446478893
1898.00181154727
1808.3505766759915
1662.417495567139
1836.3388507917423
2219.4178674831755
2661.025620876593
2681.9431969397774
2270.339165329268
1745.821110919063
1433.1165992104854
1510.0985709338045
1277.534916453846
1454.7765661416847
1549.7710993089793
1833.2379855483184
1816.9509286990603
1661.4973280362126
1963.3826872653144
1463.275230204295
1866.9117019428772
2197.3335566260334
2270.307652086191
2323.177321937382
2117.204307535077
2149.459665319981
2205.8001128520305
2252.363509255893
2541.315661519515
2488.6191379582406
2176.543965593414
2159.929543408006
2048.6412356508217
2078.260779603102
2010.9616099238222
2076.04099288551
2131.2312913466585
2113.9077772608653
2032.2474447791055
1955.5738243805677
1719.8234890361352
1570.3636885371648
1918.0784528894303
2080.054818924435
2088.4968871174838
2076.8159898760928
2077.3812879061575
2142.937221179963
2155.1421838990573
2189.0846932267996
2214.456770110345
2271.8933811047013
2198.8002058106263
2095.511963149059
2023.373796750024
2029.4450457280977
2012.9169321952538
2106.650269782988
2160.4888530464314
2170.595516860192
2170.843981353035
2193.608458347669
2207.63348800759
2185.397584372658
2191.0074239913565
2160.057475216264
2053.2429376729406
2059.1167957905977
2097.846046620757
2082.0555212276713
1659.7847815680323
1406.0473674219265
2001.908725356591
2393.9191096874247
2680.530559253662
2760.616717934579
2856.016382307668
2819.412824346365
2743.7434845016255
2696.566784037179
2976.2423413207275
2992.6423732006833
2987.1229271777056
3012.84758513525
3011.1604179878254
3004.3136071921344
2977.6554907941127
3075.77955107482
2925.9020194018185
2484.303738927472
2758.718388689919
3011.516370403101
3132.2304487835204
3216.2814580107583
3257.918299211059
3271.989148558183
3248.5397004666465
3213.379434008536
3188.630928011417
3151.67953267703
2735.131957123898
2788.7843032191877
2886.2865424505285
3148.808951687934
3198.0144443799268
3225.416248683843
3340.664493730995
3414.709772959184
3468.0273369427737
3416.9976104707644
3395.6969751508072
3467.0203844190446
3389.9853222651313
3378.5408813992804
3458.009996845339
3217.5317675613487
3225.917786845392
3365.6167087398785
3503.8420868643525
3561.866940816039
3281.8504332398215
3324.1954000105065
3507.774934523903
3688.343097415765
3617.6693291523484
3643.094828227524
3661.0501402454493
3435.5429600145953
3350.1707913113364
3811.585728027402
3811.7450182952075
3812.2958092630147
3679.261948398733
3666.240460203496
4052.381725055859
4236.573243058741
4293.43978647182
3882.050468286445
3883.9212861654823
3908.022956769171
4252.278087793504
4267.736566358536
4227.0512922743155
4226.955001507348
4194.928786265101
4144.191536894853
4180.361985560379
4314.9563954814375
4293.107895468461
4289.649680642719
3974.5078138970966
3865.741137083933
3775.369688541886
3721.7843474108245
3752.800357282954
3826.8846628570095
3853.8322912249823
3801.7901305528617
3709.925749492486
3609.818591435167
3573.9828359611006
3662.7262362826546
3665.248322687872
3616.104995627917
3604.1427950234543
3448.1848400160916
2909.663368031879
3288.919096727505
3439.832438479944
3403.8755648557258
3338.9234559797055
3319.621654807914
3268.7740930255572
3279.809002369808
3127.981888037339
2965.9202457602105
2916.9520118419236
2911.8901614507017
2900.9304402454336
2896.29552637671
2843.2958766437328
2746.7152336969916
2653.666541897335
2429.245782673688
2274.628256801507
2149.0047283553154
2117.7144214111886
2246.6512848968573
2136.317538596681
2177.2514453417343
2296.9006931231324
2307.563700873969
2265.1459243388385
2325.901875109706
2319.3319617549946
2293.851232380235
2250.5753067710216
2221.3189423011463
2211.802684272911
2203.723840555941
2191.2182706935064
2191.1746616650853
2189.76264689878
2174.9061380407015
2157.663996492176
2137.967400522526
2131.906355687627
2155.6682768803703
2172.8243885678935
2156.946532411196
2094.788287525579
2035.806873719873
2057.404168268993
2061.567098002796
2058.482032994831
2115.863811669342
2112.2919228919873
2040.6917019614716
2027.4492863618798
1964.2013625421132
1997.6825075041252
2273.875457596711
2266.273060094923
2333.683391641248
2304.511834037071
2131.6142807115516
2027.5128157293418
2008.2520654106659
2222.6640493696937
2007.5544871533746
1798.328624233635
1948.7257273326088
1525.1706191512453
1733.6094917968871
1811.512528585121
1714.636078249932
1773.9674595680185
1939.7607949505675
1792.9894837182883
1568.1150685184305
1523.1736977778608
1512.6109662973968
1642.023124439133
1772.526249569697
1646.1626872492925
1717.7469886408253
2099.5126158668186
2636.8569882151764
2541.36564356579
2570.1486018312685
2148.828212375525
1623.1889286614173
1519.4208887419343
1390.359919828944
1409.8141795419858
1574.116678929106
1634.301877070224
1768.5428270567927
1780.4235944030806
1831.5521080149533
1820.2503358502302
1905.9280238145354
2165.683780481711
2252.1684466737915
2240.266318465796
2167.9994838886228
2280.3848105737457
2172.5687890882464
2239.963121129791
2485.3320349039263
2495.9927992493103
2427.629065548368
2220.2297740079766
2066.7309488801125
2012.2635877771618
2031.7798562301734
2122.35652042612
2146.736180093202
2124.5288179830673
2052.9092737313076
2016.959609854425
1779.5939081820375
1903.126867851936
2025.185716457893
2081.517388342579
2096.903166156662
2081.791395038027
2077.7701188023498
2134.1583383256393
2144.0649040923417
2155.278643707538
2180.8139473750584
2293.8061202462195
2245.9326001120135
2164.3725839171343
2053.0391281202606
2021.7371938032559
2029.4227726212175
2143.554365553459
2177.6675422600715
2188.354225813009
2187.2312555676685
2196.8767946118064
2195.2855372692934
2194.3491077546423
2151.2292188176652
2073.6654733383634
1912.510010136778
1841.5150855076938
1828.9820954134325
1822.4044802267285
1069.8444943965817
800.7591174041335
1094.764455923448
1800.9191046125295
2546.4816802928995
2704.462034627871
2862.9025582375625
2856.415754702024
2865.474536893074
2935.56072507984
2961.0902965307214
3006.859734109687
3014.283834779807
3027.261535488139
3000.208952421925
3004.952840596355
2765.9956366018364
3037.805795854387
3006.028753139768
2993.0138121720147
3088.678484811442
3098.750516995126
3089.3199160898535
3178.657917040787
3131.2530819098833
3251.043159215163
3229.3154537286787
3201.40314635886
3166.7367461872936
3142.836023320896
3076.9439123841585
2805.3273867116127
2877.3147850972755
3150.583240265068
3199.4716654635463
3247.315966936627
3292.5786638826694
3499.8756366969337
3479.1897667590306
3458.464079289637
3430.2918282258365
3418.2665366822116
3374.477583033989
3365.0432896882317
3330.0485394719376
3212.345616825468
3356.3708030868574
3460.45248020005
3544.8086630056055
3566.095412970702
3457.9994616637637
3446.9817562033854
3629.476464681799
3731.166294353206
3577.745725478071
3525.308332026312
3849.15357620861
3617.3635716315507
3253.154572701657
3747.0333738207364
3754.6712902404247
3677.1805401278257
3817.7921952090296
3890.62269101824
4159.61653696281
4274.106724262518
4293.452261456035
4236.360969127448
3961.555295046218
4144.435221508124
4313.2691407891
4339.907838964238
4271.314684917517
4267.803374808108
4011.2781605459536
4013.49492794423
4047.720031460323
4298.6043496402335
4292.099657301118
4295.566797542698
4269.133500552816
3891.9445860601368
3787.9822725713248
3699.100251062852
3749.354646965234
3834.5599276292983
3859.052934973259
3822.3229243666806
3794.7188669181724
3688.159501290083
3549.557742580712
3656.5697782340176
3669.6421047439358
3619.303229965018
3583.513278605524
3322.408217013758
2523.8096478298435
2965.622214755458
3236.910036411415
3338.0564943835707
3274.5323469565233
3288.762305385215
3222.3711324159976
3178.267387424669
3139.0174249789084
2949.0562603642225
2948.957710258559
2934.779563644885
2903.9873915694557
2832.1618643210563
2894.754449647251
2878.72370187938
2831.0649537706486
2638.528796882812
2410.570746227553
2246.7362414821473
2177.916229175929
2164.709455320371
2085.892030392673
2235.6277811958
2348.916489553849
2335.7383108943727
2305.970454717202
2366.245745970256
2379.580998698327
2336.6288860543373
2277.6632395985757
2226.0386214292143
2211.5478814587977
2213.2485389805192
2209.071790931376
2215.6294439562444
2218.803942062125
2199.4285281119483
2174.5264115826503
2174.780376700508
2187.407494821139
2186.7444358120492
2199.213574884566
2185.14117539166
2148.4280897377585
2095.0338652814285
2065.034012652115
2076.142999266993
2078.217248082423
2134.6213911918494
2095.1806453651634
2037.817875712056
2011.751282072105
1945.1021844268132
1932.7145156336908
2198.4089268924617
2249.4604102380576
2378.449341284038
2329.260801469307
2178.918282241842
2055.286884727672
2001.5937243508204
2203.438842027997
2062.060031284965
1963.0083362488454
2000.2945528033465
1624.458228419057
1825.849638512495
1800.9094102867011
1757.0072334294034
1919.840281101955
1950.9034790951348
1745.6535490215203
1182.9335342061452
1643.4059080086706
1472.2334502506324
1465.1275246903876
1758.2211717643215
1614.9203270016005
1440.6827505534243
2085.2008619136936
1947.7426321850728
2570.7852487353666
2546.3023330972705
2242.578118931782
1758.8176729586153
1471.5639745102085
1262.6402484998598
1296.943579365919
1629.228911332139
1774.8287363422949
1831.0438729780676
1808.3822866156847
1864.007627328131
1917.0308794427006
1791.620352432782
2142.9960271064915
2206.912641957625
2145.092830505145
1980.6474443310715
2140.355587053394
2192.031730309667
2186.033925289654
2424.9776200693545
2494.497961981252
2423.4134767844585
2280.995909544732
2179.265375771995
1974.8741890612446
2046.2614568238735
2118.7137088567297
2152.5353179965373
2129.7714167919835
2047.8893590127686
2001.94141951015
1853.4802561848846
1699.9305465802613
2044.725825697272
2066.4442727543533
2086.9373726444774
2100.792380511312
2066.59635281021
2084.544489210882
2080.77924155066
2156.5460867820834
2280.2374915019777
2300.5025427711707
2300.652628576977
2237.1412943243645
2107.1301715365867
2045.3916813643154
2071.26297811937
2178.7488306862497
2192.589330107668
2199.8926104960733
2187.753139198004
2180.787017105694
2170.4858825201677
2143.433586381663
2046.7888266139676
1713.5743938337414
1431.972076101665
1310.4257766627807
1009.9758744609245
938.3192306515482
820.0329797203158
739.5289172422935
778.1785734359793
1022.383473993042
2098.386585027736
2748.128905608199
2863.721909209852
2921.7959425118534
2931.9353527517114
2946.7316320902364
2972.7485367908257
3013.4570407141714
3013.636687875787
3012.1527669207526
2965.0952044612454
2990.816146547165
2902.495097914678
2938.8811085181896
2978.6644669543734
3029.7693533523848
3061.173874679608
3072.0300161574914
3035.4304065864303
3018.3814801877256
2850.5039047594237
3006.1791823465987
3118.755724167952
3192.6323660101853
3156.401197801142
3143.0250667316877
3062.917889651123
3014.7172088877837
2882.4664950010174
2876.6678073179255
3051.6060856476893
3197.5646830534197
3234.4030536518994
3313.3620435121106
3526.6854024778545
3434.807805342824
3380.461056513211
3315.2333059872362
3309.920766861915
3348.834346879989
3369.517553681031
3313.3613322531087
3343.324027776181
3566.3383618939315
3610.8239380492873
3603.5358742728154
3563.1358575284617
3567.897015647906
3718.3410563832826
3777.943678524763
3776.2662534762785
3777.3257267782587
3806.3219851409335
3729.4778561192375
3198.5743564697914
3367.100913456544
3599.8301337865146
3597.472869467588
3747.4943166796998
3949.3934972749953
4180.063040112923
4291.025415836979
4297.289562924744
4304.850112920538
3942.8284673244284
4072.0494803575007
4337.187420681334
4356.412472132891
4267.054061414104
4213.595870458431
3785.315466594489
3800.4926923176095
3891.144782963612
3957.3120431312777
4295.731955277486
4291.701791408836
4265.1550154522165
4296.9886408654265
3829.979237539705
3609.4782034263003
3757.0718103303348
3849.9367551623004
3846.714031547647
3833.2638665893
3792.3452892012524
3688.2610781164985
3559.397210707663
3586.8125020697325
3647.6261897552276
3620.207104667175
3551.474007322432
3512.590226263547
3064.8832915089283
2723.073617923182
2853.0319148401854
3187.2117235836463
3142.8779595754436
3299.0653796054326
3230.3917534644884
3062.4480149556057
3127.6039083442733
3045.517207384245
2977.875277592405
2959.207125238002
2924.310454288067
2935.902327972003
2941.741378236479
2977.144221876855
2946.1846595928537
2833.932023157258
2586.170998859057
2328.8120161834454
2155.5467009348386
2118.27427820698
2098.839015337142
2302.5343258592857
2359.2250433011627
2369.250940905116
2413.227938631622
2403.4019488019094
2399.931587052491
2365.1686463770975
2322.3066764746595
2193.6041544032187
2198.2650325963077
2226.942833779362
2227.092725920005
2231.0830196842608
2226.376668498951
2194.0382289739478
2187.0193197380377
2188.118109545722
2194.2111746285223
2205.433487094181
2231.678461057134
2216.3349614602475
2184.096684743022
2137.671563238834
2086.1219307395277
2070.232305617678
2065.1027016571315
2101.996986076498
2110.7696360781133
2068.329401373105
2025.2274711260259
1972.3995461930497
1972.3551643276853
2050.349399414489
2331.207922385023
2419.499905555225
2388.059708749913
2235.1775298314456
2159.2913473726812
2137.133376926937
2266.038238806791
2090.08889370238
1956.3795121628946
1948.0364074849344
1738.6546453814458
1779.4923138189627
1725.2336339557091
1822.8074885912363
1834.9700928553482
1903.076887712121
1618.6353914526806
1382.9078597234777
1527.7380550001824
1388.9947008049223
1279.7146788179707
1548.1965558566717
1505.8086834784947
1343.639705093198
1703.6067341803848
1884.4525743803497
2615.3890218898628
2602.619999105111
2199.7636973891895
1847.8482383841467
1613.3267873817958
1189.5694397452996
1376.3929052379115
1621.523355068624
1679.484863799081
1704.2445131038182
1753.9175348173785
1948.9347118188666
1828.9132187824453
1847.9539489556455
2154.2711959246826
2182.947865690798
2065.5111594840064
2008.2990817977552
2092.092023957288
2106.9627979813567
2230.2893853636056
2442.3501851031915
2494.536460100745
2486.676749111235
2266.09114915996
2330.084844725038
2113.265831025503
2050.529360443972
2067.6787215432464
2064.488582390294
1942.650918964585
1956.3318274240228
1976.2864975337288
1730.3938722585442
1669.2067101499015
2074.9577407291913
2088.8488559846605
2090.017736323364
2089.9192157568314
1995.9052787463163
1960.1463063972772
1982.7641499292708
1966.4547701405033
2276.158792837677
2292.0163664184543
2295.4231385349244
2292.0275066802515
2184.59400388165
2128.641394167831
2080.58876828518
2194.105092364288
2194.5190128410795
2189.054054169816
2177.7305392327285
2167.658466119841
2145.7565590643167
2081.6946995017393
1853.257815495852
1396.9929700838993
1153.3741815227825
1112.640510052101
1042.1442913242563
1015.8113217363634
907.5614564578524
864.3329694786984
833.924658268773
974.8627134923757
2497.1549043701243
2796.025796289712
2867.082719818172
2899.4964634288363
2911.3490651794073
2900.1830932224734
2964.2587574931977
3028.159463661795
3010.6396457624833
2844.040457894157
2812.923410605931
2908.9430736656263
2879.640639342891
2867.3633819240677
2911.041182181384
2860.765898600842
2957.1497453917113
3013.541059103394
2988.142106330189
2854.9956400586702
2792.74812744092
2656.5713036878005
2860.4646371604063
3048.538300142532
3145.5564169878103
3141.433189023191
3099.744788140612
3008.7335685055123
3017.2432170754287
3041.078792632091
3136.858730092394
3242.8793482568108
3202.9664206098764
3294.3790089181184
3221.1137349869323
3380.4141978873104
3340.39924716134
3377.8254673671904
3314.740716154173
3441.6244400286246
3458.1336069452204
3410.5367447932067
3472.7293607531924
3510.3576364819382
3598.248299245776
3699.0818043936392
3651.9658998761274
3642.2379895964846
3699.655772543495
3783.853124654999
3822.7483794876684
3835.0354124753926
3810.629147169401
3770.819902010881
3479.0916939657386
3313.248654855741
3131.818871085749
3481.6450527422444
3574.3449391698246
3907.695278037273
4088.3715162396643
4275.845292388337
4302.995700707787
4305.074298081426
4255.037642553219
3475.218678702692
4299.659341174589
4364.535045254186
4363.442509085415
4303.20864258835
3814.830273097952
3760.8786649695126
3832.444830037196
3867.127018857211
4204.982076138998
4264.998212738329
4283.154926615848
4300.961081034598
3848.9770707031403
3713.52451021932
3856.618985339834
3881.2166833345973
3808.0103894414883
3809.2461478007317
3776.0709321669897
3654.313808134673
3396.5036642468503
3588.436357398027
3636.8440740709075
3628.874088698003
3568.1274388846746
3567.7581702777993
3384.582966843013
3166.31012928043
3217.206406542162
3261.604349659317
3301.0916031913584
3312.4834187189053
3301.8584630474884
3223.718376224259
3110.933576108347
3058.380540753278
2570.038404625357
2996.8220984178915
2986.9790577939343
2982.2669835861925
2983.568253297003
2985.2737038778955
3001.2258757305326
2976.2939614812176
2807.4871521461087
2436.3591313574866
2239.175321537461
2118.9753421217047
2114.1276727275454
2295.9029677696894
2354.242518728798
2391.669794629177
2376.300194117639
2370.319389118155
2369.5085093915704
2347.064488379364
2300.70137577654
2235.8327170187004
2227.9853150106546
2247.286455968637
2255.355088609821
2247.7219943559894
2231.2244504268524
2206.008561648976
2198.7558029047545
2199.332895024676
2197.786391684699
2215.8874059855416
2246.383001431894
2248.762111274187
2213.2637361747675
2161.637486085559
2100.209688603017
2058.0316158730748
2041.0282619873187
2111.7873754394877
2106.724649084575
2090.6569765844943
2026.265485854568
1962.4547469096015
1964.1584236969113
2010.6502089413748
2319.34689806625
2239.396354182239
2380.882785882598
2108.7692713760343
2101.190932320527
2135.4341387522363
2151.6006617368716
2084.1517466966125
2029.4148037780135
1978.94646100441
1925.6869604619878
1929.2486327755128
1667.316424307485
1708.859025967457
1683.327524490568
1856.2609116515541
1710.2585756638719
1626.9354911439666
1482.4097804817359
847.7794574198567
1005.0211465236947
1465.2922902731511
1497.3237197776014
948.7583861331973
1110.5967682683424
1417.420701973319
2510.827776994255
2748.2607855006577
2330.158742329248
1687.3364957986576
1393.6928834613257
1443.6061879738736
1080.5525852419603
1520.511801298021
1588.81316709796
1822.3415479198236
1549.2875818745297
1645.3775437450972
1812.782201552722
1821.6544323629703
2034.6739916629858
2125.4857263863587
2011.1125982301228
1990.8627679500298
1977.7357049619739
1986.5734332000811
2046.1775769003673
2185.084683140283
2571.06354468368
2529.8843177441067
2315.830234007944
1960.0689346547629
2215.701078880037
2054.254244574298
2015.223628227533
2069.6896589338157
2072.1448623838555
1965.087728950884
1978.930157111877
1989.9296030067453
2036.3712321170708
2087.960594240055
2096.548057681622
2108.062365738266
2129.115403615449
2058.8867547182363
1985.476000676022
1870.810724720282
2094.2220679754364
2089.3032715682502
2286.0780304811015
2320.9937568372325
2335.335622001579
2188.1930348300566
2187.619464414636
2153.803841916669
2179.179108401609
2156.438854574186
2154.981676305486
2115.5316325244917
2062.7500432666507
2101.4734946698627
2014.1402846990718
1650.3036456773225
1044.4059291776755
822.3393054765081
918.2471521600386
1758.6469860323389
1349.0075172750414
1204.647553314787
1691.4593760306022
1451.3186344350938
1352.5115261817014
2450.046780739303
2779.4343107763593
2849.0686489636714
2913.0625889341227
2931.5208813177815
2944.051657883652
2985.0147061649063
3049.7788391715794
2975.101480672181
2822.855067107887
2814.0691865810095
2847.957694280537
2885.5776497480842
2867.6485720668143
2811.7033113359907
2774.4385623882986
2954.7849591288727
2976.6270676060885
2990.6787059849325
2904.0451816423656
2863.597608863168
2766.054218612625
2760.4342831812055
2851.064693314987
2732.507114315992
3049.5834294078118
3113.5118149856826
3132.2647247937593
3129.0166935315447
3153.5320293140935
3171.448248806402
3256.6646950539334
3283.2107802408273
3572.4621654226335
3289.692123926778
3166.9968477096745
3219.768854071208
3412.665686603934
3435.7469136744235
3522.0217028914103
3479.4699795930787
3427.3728683218174
3512.0631424659923
3583.892707129944
3601.5418412761737
3665.6977050946793
3688.258586303361
3682.441783911962
3594.1836464016596
3798.154362319183
3823.7951655714537
3848.3157502051768
3834.761996844388
3748.8194876307066
3498.02272344368
3693.4427208251855
3755.1671269231256
3953.5479083646483
3912.9458280357053
4151.873867714765
4067.808204618973
4217.288600401878
4298.5963983767
4302.876439751397
4279.478385698427
3671.303253050131
4373.980519570432
4371.419413314269
4383.888181313917
4150.436935874037
3805.3543212507443
3702.2582595978306
3700.8918382351276
3854.699585591892
4001.0654659881225
3881.5179072973624
3881.9520237279858
4278.235118635578
3835.978091740427
3765.1801979341803
3874.953070497592
3872.4498114528064
3836.0626710225556
3767.2081108232273
3737.392922460467
3671.1929772809162
3489.7097069283172
3610.5388434154197
3662.7898346654188
3655.1357990643037
3627.7085065168517
3576.8993398511466
3445.2899888851844
3313.756917129032
3268.401618267636
3287.0724166367254
3209.8903282527317
3291.242284267469
3297.5132252827384
3187.3251852832577
3094.1992909921096
3064.852921845865
2945.6900437763634
3074.5988948289887
3047.603276237266
2991.139938863533
2976.33043606725
2977.7086610971533
2965.5951139315134
2937.5197636972935
2898.1460304236653
2633.678461338689
2370.6137252793883
2150.3513180311293
2090.761295744766
2270.1537787164057
2362.1533692785174
2350.5069206514195
2320.196089352125
2323.081577413572
2322.719679928258
2264.6450906247105
2246.6746986722123
2254.03491709272
2251.9071790882667
2265.2537330358905
2276.4433922013286
2269.5582262737303
2242.2997413047315
2215.203805537766
2208.589470764052
2196.7272712489626
2167.957292465784
2177.3324471809387
2212.8234874340096
2236.141232543717
2216.7134227455645
2188.744345460839
2139.5860696933337
2074.455078528786
2042.7229252549948
2092.595165622582
2100.5876440451425
2138.2081978105393
2015.3168395391417
1949.7645252719747
1974.2788481673404
2103.070216750249
2297.500605481793
2237.994261455822
2181.8548177888297
2113.904315546866
2080.6232488127603
2205.736755239852
2211.994842478854
2101.5128356643386
2063.146173363374
1935.1882857730318
1994.8622371632919
1977.1362033316352
1901.8130263129376
1929.03145008554
1808.6304871295915
1852.3501533135018
1639.0679521020893
1701.7040354075289
1536.6413418390566
993.5544880123748
1164.9562037800379
1434.0497852303758
1911.2371976267539
1128.0088648397627
1476.6392012201854
1712.929370997103
2248.639449360894
2797.470108930052
2291.174123752855
1562.9588920239212
1246.3796080033171
1340.2116901299466
1177.8302506711318
1483.703665621995
1590.490309175694
1719.5267910918665
1614.274874270997
1696.389965439789
1836.542733273582
1865.9310630318942
2067.657679917706
1945.659332709731
1931.2198469307805
1812.7429622407005
1843.2829696863873
2082.8290547893453
2350.546235747907
2329.235120976964
2385.903896594453
2509.744396918199
2481.149999999421
1986.1950140428253
2008.3253815220423
2111.332335281958
2037.0116243001255
2207.8518797119386
2214.824485729435
2202.195364979614
1971.9881751582236
2143.22842346556
2057.162862512856
2102.198339934286
2074.7713962661046
2103.1024858024125
2092.2000000000135
2174.5506444907664
2322.901054941193
2220.1230481719654
2442.2250709348064
2335.7381747921995
2351.1796992797626
2367.462018916492
2318.336086029561
2241.876799176907
2190.560404131032
2161.819293769276
2185.1630604176107
2199.8711622380215
2166.548755946758
2135.9984131935817
2154.787418615258
2128.0261276954448
2017.358761852115
1573.536252117484
986.8316066092157
792.6582863817829
1223.535368739895
2022.8927436684528
1940.226643484259
1965.6257004534434
2134.838367753287
2243.517367848542
2177.0072624757413
2465.6221927307197
2836.0347434647574
2786.284332288251
2875.320656736604
2947.938994515163
2977.977135567107
2981.380155782589
3033.7293191948747
3056.3936653211495
2841.9807677444646
2873.630945029463
2853.59736292967
2897.384773672962
2911.0699593379713
2896.7099897386033
2921.3958339768756
2960.0343136749107
2976.470456446084
2942.682853595344
2895.795259847251
2875.561139326117
2823.454288602652
2758.4366276495107
2706.8858823083892
2487.6683940837947
2634.041013638953
3054.7822702304056
3146.528133506057
3161.169854802858
3167.910247713849
3226.192792191498
3231.133697126228
3283.894253834431
3418.547606455144
3002.0928476264908
3043.7417308714403
3301.545290373191
3490.019492342899
3517.6967129252216
3527.82811418323
3346.0568843182077
3063.230442503366
3183.161743068939
3391.4960656820676
3519.5201504651573
3635.240491838288
3710.8469802044688
3810.8655179185057
3859.2687958408164
3580.3781902850205
3651.2290922437787
3843.4321754611383
3847.9236003095493
3691.6389504249128
3618.7396504295025
3779.0164547415247
3904.528536711035
3930.8906227406565
4020.2013301165725
4101.85806116935
4058.8223731911685
3617.602894641285
3819.6396277674958
4077.321733415061
4219.450371518001
4289.084178068619
4389.698952355458
4388.962708276217
4392.006585115862
4365.72883228937
4183.31281687982
4154.415529673063
3987.8502676606754
4127.153365945578
3633.3473086690315
3855.58834180626
3983.694815282312
4269.444743166169
3799.543519199547
3724.096907533516
3871.158624753811
3873.2376973283403
3813.4809352134307
3762.5041610639983
3778.3195556679016
3692.698074713987
3592.5073179004607
3600.7092672812287
3649.806794291945
3663.9413619024476
3645.486825980107
3590.332214277929
3499.1604096999795
3425.0741192084506
3393.8587710721167
3327.5640962978114
3118.7858830182277
3286.7702962266617
3285.541505576426
3238.9716097309297
3134.986363867018
3128.231786225915
3072.009551055193
3049.3270938156847
3031.929610790983
2987.6647918425806
2973.519208935607
2975.401368192121
2982.0199871618947
2962.869690400719
2947.4597368626573
2906.0951627840054
2488.911583953856
2282.3160435355894
2152.7526401833397
2230.907509862457
2349.678846918292
2313.175755009664
2276.820713650265
2292.4480386867026
2320.6790059911523
2328.4183477237934
2324.105840592907
2292.562252365361
2266.4227048653634
2267.822154189498
2283.8622286258874
2281.4621376503096
2255.325686515189
2224.6763539815956
2217.2222724000007
2192.7392595667534
2111.6458762268717
2135.7581255784494
2179.4625003051647
2227.1367756774357
2244.893996362041
2256.7991394899755
2219.5652255957853
2077.676986740582
2018.0085254708972
2085.0125428916444
2102.704590522269
2150.0751854852915
2104.4836723468416
2002.5546563528549
2044.3924419764578
1974.2031321348327
2116.049440159876
2212.2872307377975
2222.032413995127
2165.6839175307246
2123.1585290416474
2115.6233977315937
2175.3060585299213
2030.7369570183998
1969.4654992356743
2040.16998271273
1972.9649031012216
1986.2081841714698
1926.851514071789
1947.728498879794
1770.2041207719024
1873.0213842971382
1793.5034100388825
1722.187642038843
1464.7674795319342
1351.9726977407577
1313.1212997491505
1355.41343757678
2097.988681799214
1272.005550784008
2180.792015322557
1957.0251256466456
2786.5596514816157
2792.091165982977
2181.8850001890396
1287.7542782383948
1256.005494161596
904.7372940569072
858.099771962615
1332.831293159852
1433.355372609769
1594.2534975047527
1553.049204620645
1568.216206958015
1660.883533827239
1800.2213729611253
1949.5693278657961
1986.9381754940678
1426.2697631641777
1740.6761133247687
2000.6926035973436
2094.727164001277
1884.6335369754502
2011.8502716048183
2311.7604830315017
2414.8325829696196
2455.7740952159866
2328.3095093830134
2136.4648912897933
2279.203249095673
2250.8020139377895
2195.4317955682104
2191.2472199189315
2227.699439393579
2122.0124583309625
2075.389754413917
2138.4012467066073
2051.344880043396
2055.072203479858
2139.311489473487
2298.4823654103525
2282.9839677912923
2484.8945013954312
2568.9829371033397
2579.6540558079823
2513.6459041671396
2424.612744635372
2415.255297486743
2354.9644815035404
2325.257897834323
2217.8195108850946
2156.8252258941766
2139.1191912819163
2184.637590860984
2182.8282161217935
2138.790477721488
2036.487523593848
2029.464134497437
1970.6733561352544
1869.7622521695
1040.195925520733
900.816213352446
1261.9042691795723
2012.977101175429
2405.07493761714
2461.040083542997
2677.7279367322662
2737.6544288625273
2778.0806933827675
2876.0394827878717
2896.526710725154
2922.6128990835896
2826.9864767546505
2894.6831231071906
2944.9836134985617
2990.162455053745
2983.0485087799066
3063.441043317046
3064.622476882212
3024.4398376668255
2943.863847035258
2933.3774534544623
2974.8472303017807
2973.3926799773258
2987.8162593129373
2938.3617093557687
2997.1604071988236
2857.5589239665715
2764.7310989702764
2806.474915269696
2872.923015351509
2855.977790733241
2812.3240080089954
2690.1928038393476
2698.3028855646958
3036.229855029637
3144.8766097657062
3183.617315416954
3143.167522380441
3233.9556907288415
3251.661531402571
3323.236384317981
3396.3633890542196
3277.2285237262167
3326.8475011894243
3340.57766816839
3531.4447460653414
3545.332183546473
3550.8521468649947
3336.6721829408034
2588.4654650768034
2960.5740663869824
3268.1254660969653
3448.8096188791546
3591.782726887681
3692.805166244207
3752.3270414633685
3735.1542717346542
3221.07829819422
3557.658954431556
3799.885739241316
3885.752244441883
3847.166022202293
3819.2932624315854
3910.5788171309846
3957.5448677716254
3986.361396978707
3966.798273131598
4315.097344944808
4172.312153029702
3860.9170898231487
4253.339258631373
3981.717301921641
3952.7916824927006
4401.527804342438
4404.941490759041
4406.425111538905
4403.46635237324
4379.870644008772
4334.405363912183
4275.227938543993
4412.000347895802
4445.907571582175
4461.111586414099
3979.476852767857
4195.951367935253
4234.360271464678
3760.714633344006
3459.713452291948
3369.9390938324395
3664.1298932783707
3750.1696908974577
3710.05759021708
3522.504677086335
3569.5959997063765
3614.054595897991
3638.527567635644
3672.428755810025
3648.7712806182426
3611.12134458145
3566.3490480981754
3493.734906647347
3396.5039272380286
3385.335889171691
3335.6891049226474
3083.434237272295
3292.088009886573
3311.6832752258815
3250.971483924338
3165.1803418511136
3145.175339635526
3122.358931544424
3068.6975751983673
3024.764192308638
2991.396049723673
2988.2906584966663
3004.1619889739777
2999.1966801584626
2985.5159080237013
3011.769657821164
2926.147430017949
2540.466394721154
2312.888047038211
2231.9602099116314
2233.1346999763036
2249.7894505476143
2235.968549126354
2227.2985759149005
2286.666528559937
2348.01173435783
2371.7733372040343
2365.9758804053986
2329.188980040673
2277.309960582509
2265.9475201400264
2283.7472739272953
2293.916283366368
2274.5883578280127
2239.9566774877103
2224.408084452114
2201.376915764527
2146.62973770031
2140.30521996868
2174.9872126806035
2281.24949572952
2312.2184438782892
2253.656664570105
2264.98488947037
2214.7014278996894
1965.2829451401637
2103.0169282361044
2170.7877951470764
2199.284259414557
2156.980432011702
2084.7410078886614
2037.4062728656095
1980.1210585678773
2095.791559291348
2245.3836633116603
2301.4816933686598
2278.8120067427963
2164.75660484805
2148.2969559632247
1876.4706078601519
1900.8919050922452
1932.6889854837086
2189.2447876619212
2007.7859896778361
1771.8381885554556
1978.028803132085
1952.040003112296
1815.0024867020422
1845.1275176732177
1997.3488396938092
1686.6651763761165
1639.2374860549724
1384.6020430844487
1756.3995224071332
1653.6623209766863
2140.908708887806
1636.6527890531686
2092.57710804418
2224.805470107116
3047.088791938757
2945.069606819604
2621.876070332033
1922.6964439848819
1431.1512005842667
964.7820044768886
891.2543024604765
1346.9019775565173
1499.2549755432158
1322.0647938580344
1324.2172350186277
1445.7830823252
1556.6232485555286
1689.4209625982896
1789.1139033727102
1638.858409427418
1667.204536547215
2013.8524778471406
1852.383531628597
2071.332428112824
1751.9789291680381
1839.4606958140782
2006.0793228048246
2250.9040606965195
2340.6315678801434
2120.2908797288937
2245.3923256084117
2300.3626988509805
2329.6667947008186
2165.1369032246976
2132.7249150828684
2327.35090420253
2265.9243335904794
2185.952181647519
2376.279825792332
1987.0676033119407
1992.6628996881213
1851.004008520509
2193.242871088757
1857.3904106903378
2667.773512238662
2651.510123012612
2599.5655430494776
2427.1364732533666
2354.0196634850918
2420.6428215124306
2339.981927349813
2310.388342150849
2212.5100967058634
2139.4988006681883
2166.9836993545623
2161.7845759260076
2129.7251420910657
2035.2196285982266
1930.9279994907604
1739.0418232830368
1726.6315397577707
1797.5119355702657
1417.3040870131492
1431.6556901612985
1963.661472550494
2304.6649563485716
2643.553406341167
2709.205490155896
2755.918388432578
2804.054032671252
2820.2478096137825
2853.1821918090973
2896.0693036137027
2907.560264690454
2693.341146761671
2824.1245330867637
2901.5202682291674
2946.2576155194756
2913.5298184918097
2990.345346189173
3036.6392066035683
3096.9513751748
3036.8243828234877
3022.6817913100376
3021.716971659422
3007.3379129261602
2881.337059860355
2473.5437239212483
2619.004199442712
2778.8077818301804
2785.7466875580863
2756.1367704683885
2855.627854958232
2910.938210469033
2889.6521163440375
2833.4671268954394
2788.746000613645
2988.167029030568
3153.9648096558026
3259.9139219319645
3181.3771123185898
3230.0956143465155
3244.85712234616
3353.455196693486
3334.627306483917
3438.9750714673496
3460.136699133114
3477.0198199218225
3526.2797064581973
3563.3464284685056
3469.5561887758904
3517.113425762334
3286.456549471735
3212.7961066408643
3291.4021144263857
3420.4499523706836
3563.827190695124
3686.341890367408
3778.913947530207
3872.4277853079125
4102.339648522619
3818.9559291814376
3951.1679640471884
3932.0710555249393
3903.8805576263753
3935.336865123805
3953.0814289358727
3985.8663819925623
4005.306457576417
3973.722495941965
4270.216982560547
4328.25076748398
4231.572834153387
4400.206669059467
4377.977139347587
4126.526391189512
4404.846611766446
4409.507724979384
4412.439886067523
4414.03473503499
4158.929538456607
4192.974154073132
4246.4250000762095
4404.974676484311
4458.829154154283
4431.770446314096
4437.648587437668
4230.750369430734
4250.985360736264
3669.0113786453667
3397.29741279672
3410.5429495847866
3566.3137249638257
3711.0561264892235
3688.5394060025897
3590.7988265441063
3634.567240321953
3668.71717667575
3670.062237167205
3714.123148127223
3614.9728749678698
3557.459686301564
3543.8134679469395
3481.240026770022
3285.1775173602377
3333.410268011018
3264.9409015180577
3305.8453827733792
3292.9852251469324
3301.690754492938
3245.1877807117353
3179.2366767973494
3117.666375256473
3080.4018759402566
3058.797891017091
3030.463911880672
3007.9278808731333
3028.68523755046
3024.366416082517
3032.1742217393326
3012.558668910894
2995.4104017757536
2965.855753616192
2732.455413721658
2482.0787678379183
2316.198734053505
2243.5814076526435
2198.6641924709143
2169.5783067284624
2224.201154048866
2317.5175272401752
2384.910473948137
2408.0171761994834
2388.5219481695153
2355.1578280094545
2299.9470437687614
2273.4606773550695
2282.444332818284
2302.5445308412873
2291.1901157760976
2252.0962782609668
2220.491006712677
2194.7144141073218
2165.007376284921
2154.751649573169
2185.742824751863
2317.876784265424
2282.3689415625345
2234.422254733176
2275.4348650460574
2241.86960098175
2079.9800042737547
2211.4249796006134
2208.510415736594
2207.6092301721114
2179.535747322124
2174.137089939594
2165.644336242636
2172.6249775946994
2240.3433797302328
2292.1130210938763
2340.2716974784294
2320.302248332812
2250.2724848888397
2148.4039869777134
1923.9166259892145
1777.8270167507126
1747.2735389323052
2097.923990023698
1987.022435245134
1713.0572954031927
1893.4907237345128
2033.527892023121
1837.6294216187734
1651.588231218134
1649.4069512474998
1606.031210418334
1945.0115840782782
1816.054961923988
1956.684508106341
2078.9046293367196
2324.5186934075705
2114.6337020621413
2286.2439177028778
2685.5608919480082
3017.664942790202
2988.8847664020286
3142.326060154019
2248.939393922192
1580.1955511127933
1539.855173476049
1608.9623145459361
1883.373572597991
1919.2872121716473
2067.6834451522286
1117.3300628705442
1369.7468329624896
1397.5798698169576
1420.9523873454507
1445.717575614281
1511.4837366224126
1575.8463626971597
1983.3586109068815
1942.3510587084345
2261.6893088941774
1855.2576258906765
1813.3009452241786
2387.240158948952
2454.548693647641
2069.6979122442544
1895.2453862864427
2046.9925705833007
2288.3896754559983
2391.7254858075125
2211.403794647525
2112.2729658462504
2242.7143420729712
2322.153557359813
2381.8412105865173
2566.3676423055863
2366.5828441249846
2405.5703364017504
2381.9623898452624
2499.565578827023
2228.192401827129
2721.834850413937
2537.690077890625
2288.112555212314
2230.175319615722
2302.7538901384473
2433.705949374734
2340.7975450937297
2277.0010834027626
2220.4879601400307
2162.179410481138
2188.7914954182843
2166.755261627772
2135.3564604089133
1983.7802776571002
1223.2483414290216
1187.421708241119
1076.071438599962
1538.7910866680988
2025.672548679404
2059.9993435906763
2342.0553985964657
2650.23485914846
2722.962345576013
2756.390435011763
2806.05569222349
2832.1108963439733
2844.2683134501663
2880.282728438882
2891.4328228062172
2907.5579018310214
2846.4679758919083
2784.5822039000986
2875.6846036432494
2954.467953665229
2928.454189697406
2972.4187507299266
3034.932881630952
2993.9699269938455
3070.470755708987
3034.6567146118796
3044.2505090511345
3049.9964562106343
2941.147905373247
2831.5287223662035
2872.9562978426866
2940.5384599753684
2903.9754494254666
2787.830827218932
2873.69282220336
2929.1001966766557
2913.856319343994
2927.607106131422
2800.031511652929
2860.9536404594455
3185.826139125012
3316.033013060121
3248.2620428484784
3181.272991946564
3260.8886756537922
3402.362301014324
3430.9125519459603
3471.3275468013303
3516.6676487594823
3525.567408746973
3513.980362217059
3464.9709494360222
3231.8907519974114
3441.6357085801105
3536.199297699345
3457.990811441573
3336.7073458063737
3402.536627849793
3570.360645818249
3720.6957846622454
3822.483385394313
3857.81805953315
3778.2097278769506
3529.558007179876
3873.507005127535
3841.4676100655365
3859.982305429547
3822.3491406134976
4011.6249798329673
4006.7995423528428
3920.9448688992356
3616.407780858387
4005.0677348165173
4349.531965564311
4362.010678990797
4414.035268818967
4386.305954152027
4245.17502551801
4385.864859030983
4408.87935755757
4412.376515934173
4410.839421731657
4120.321566943825
4098.4289804818345
4149.512190396583
3951.3748163846344
4362.8393904320965
4467.8212989302565
4414.631564412456
4133.021900111681
4249.729138591595
3682.807020709166
3429.3981254265323
3508.4053720389907
3657.295442455485
3753.926431427487
3728.4142787655496
3642.1246326745586
3662.894737755618
3665.345179583004
3638.201703318209
3649.636129312592
3636.5073298623947
3497.604198683174
3491.0593726764
3462.0953056497847
2997.5934671973328
3133.6452295020813
3268.147494300014
3251.966014130679
3273.3670371722155
3334.221532139001
3289.9867233508794
3232.3563308879798
3084.7165032534167
2992.829385342808
2967.2164785664395
3033.1481611595264
3030.740194060743
3047.2158491594696
3054.889821016017
3028.4275438392683
3002.320383608872
3002.6847601004743
2932.4625147671823
2766.1207036849996
2545.5333777670894
2374.675718685072
2252.997003306978
2174.378687964795
2187.4861203551677
2263.014293440985
2357.5085638148275
2420.813733753967
2439.2378533270057
2411.7581257393986
2351.75358789174
2319.6032311214667
2286.985707614007
2288.171189331638
2306.629017240425
2298.3269159340684
2258.8152139065987
2218.609195715073
2185.6395865539653
2157.8909985139885
2166.17556754592
2252.6244682108545
2347.9950684928426
2356.033894982444
2323.4253122132836
2286.082615370603
2325.462451475163
2169.9445565276533
1964.7537274164354
2165.9011838741053
2198.745573497039
2186.8262548089388
2243.274025876489
2310.600329084404
2328.4351521806934
2355.874302377231
2307.8980380721996
2257.949179377536
2296.2595809457525
2280.5273369001093
2221.250461940889
2044.5817361540383
1791.5035601874615
1637.9743269707287
1919.6538806150393
1953.289088280351
1820.6432389200215
1894.4555395791485
1989.0242109491933
1866.7194150573682
1554.65534433983
1772.2984093798661
1710.7458192991717
2011.4784199025964
2191.247786811823
2206.2433220757666
2434.9806082695563
2492.6991114398024
2557.6097065987733
2536.1011893769137
3025.821741596106
3079.8870172034253
3077.8045037741094
3384.952792342779
2688.066065421826
2237.965075627927
2297.9543349684686
2465.607391305949
2554.0104027465986
2737.671455298071
2463.936455784402
2394.5753243116437
1597.1281413442082
1141.6024374456244
1415.8281536309844
1099.2030281809987
1025.3682986420677
1047.0724682126886
1628.4303900927807
1999.7008791877074
2204.5625933724123
2263.9836770797388
2391.649485028991
2123.8209682973684
2464.2425093652696
2575.734998608005
2438.157224210888
2228.2174302961657
2360.395517480686
2372.6530313440803
2055.201402977114
1808.5411988943356
2274.134700204611
2300.3562358771023
2269.426952786841
2596.3553175389065
2608.800263999373
2661.776947231197
2667.6739689480023
2647.5399904091355
2702.704189850145
2724.741365652096
2515.324176162952
1681.923142315476
2097.1526620931145
2375.1283981705715
2332.531329805297
2318.642434813638
2254.755924821539
2161.1043851855106
2109.3439704430943
2185.714258599184
2247.283813845634
2143.8543596557606
2023.4779501833646
1115.624962300639
846.3217287196655
978.043263520256
1659.5055658416607
2122.756045574371
2566.0468263475677
2664.485161538602
2682.957690996838
2741.5960533370367
2763.549080826852
2773.6111592683815
2798.8179883839216
2838.3088615819115
2879.2261959575294
2897.3769127585538
2922.470444968996
2917.4299215121328
2786.459723648806
2775.038537924177
2889.1228783390998
2877.435895937638
2936.7536727669935
2994.1324812741527
2814.6754323489126
2979.7487411430106
3101.6579744661417
3100.1883387059056
3102.441129527405
3000.2436247679066
3053.311048839557
3107.2040618387964
3149.7234910725397
3176.955059318776
3116.222632709744
3046.2755831117306
2952.6265926623537
2885.112668111929
3089.7866337177375
3022.546396208043
2903.8911543993036
3231.9105985164197
3348.244040265036
3347.567100700558
3327.006316769151
3356.8094535238824
3447.898471269939
3482.058583450568
3511.2319527400964
3523.550610303209
3517.0679756382747
3465.9019614044887
3491.8838289436712
3443.4026878280433
3482.550031263272
3567.7746279838825
3506.913206578928
3223.966098758933
3390.4923154251546
3557.5049397892985
3735.359554881544
3849.170062910669
3848.9467177578035
3835.845414693524
3703.0515463930255
3712.1208984906416
3856.8669533840944
3910.4972181260155
3821.3996934302777
3759.5996112579455
3996.013889243304
4025.103671471561
3963.4371885207815
4245.395471629686
4073.593800666477
4402.059406426854
4414.934242575089
4406.539419312995
4395.922663588112
4404.844150392896
4412.367943112809
4412.843249372887
4405.830425055778
4109.583093824539
3589.7361217813
3972.458421319147
3897.659623568546
3898.2191289917578
4446.888113785618
4420.653250316969
4223.245493942055
4210.252721120683
3598.419088978706
3318.163303930436
3675.8020865288518
3742.9404857427135
3778.2667165038647
3672.984078711915
3039.9890472916254
3273.355809616178
3550.6733075840684
3700.885960423001
3609.7660549185903
3557.0304714420786
3534.281606432091
3411.392039372931
3417.6338654318
3351.962510610206
3217.5690704763806
3223.011235067029
3209.6893416210096
3234.990162029588
3301.6464918576235
3315.5319302938533
3257.236828736052
3059.8880905753326
2846.6980733373443
2906.020080618445
3046.5107052530134
3048.3310017729896
3064.480153223494
3045.8319350783872
3031.493810286163
3010.3838216310014
2998.12831454152
2952.1558787573335
2769.498790660571
2570.03042312983
2421.0135058258434
2291.34654424377
2221.748771976251
2223.1388319581424
2297.6821142074427
2392.250381029727
2451.640506631177
2467.4138923195355
2444.5808953823143
2390.040723106433
2354.9712303018578
2311.962152358724
2301.285279650479
2313.7821772741895
2309.046389574967
2268.5343057145938
2224.623574669937
2190.4620898987523
2169.864054295217
2204.0130419482225
2378.71354323772
2405.8561874065267
2387.6281166412896
2439.849491630941
2388.667235899684
2345.4346305341446
2247.441178591901
2063.0646445888965
2088.8535041356404
2163.2325796890714
2204.989452338241
2266.980376039856
2359.1023326374725
2390.2470436539684
2391.186164331755
2254.3197537841124
1960.7118135155233
2018.6435643804457
2285.355172086835
2229.4601896189756
2056.8843720230443
1905.0976792763165
1616.98259251134
1771.0733125410757
2031.8969706770786
1882.3758494858553
1909.9510592431825
2017.19723207066
1968.2378277084752
1937.3087691957974
2043.9201800278233
2253.439517500868
2190.0759829718586
2408.4876118893185
2556.6496294156445
2575.2320409871577
2616.058449974161
2705.7647553090046
2784.62184816964
2960.780056349642
2340.240375966847
2692.8935793981873
3334.8769142994547
3284.0166707285753
3013.9535344744
2940.014164913763
2628.4876282679115
2694.205815675083
2834.626286867764
2478.9307872017257
2542.714132328926
2732.014838033012
1445.6675169332063
1421.175896553818
2080.6133030434426
1463.6500409120026
1083.816978225211
1493.5289125152917
2191.189919547325
2281.162045349968
2591.4221402900466
2666.2541801848643
2539.3472784431706
2660.579340645979
2671.0611384559884
2587.883994931788
2660.079760832729
2676.161701913594
2674.4128674560293
2140.397072541377
1567.62506436375
2333.8366303931516
2417.3492457272887
2409.5416891583304
2614.887851033069
2652.565497939626
2655.608921950927
2644.041560600769
2638.3152245679134
2675.9789019400696
2698.924716651054
2583.439602096302
2264.235249715456
2524.1523910290175
2645.5086376658037
2175.280818782529
2225.1631351023625
2251.534604042355
2095.1161921889234
2081.0472284712755
2130.166020276524
2167.525940793543
2168.097336054495
2167.7928914432177
1722.4956762771083
943.6638120985266
1828.638519819227
2449.896924200894
2466.2501029264754
2635.5964453947768
2676.8957885400155
2724.1899789646786
2718.293641688649
2683.5740445459523
2718.24222894031
2793.0283522541395
2816.638912568662
2892.0381710905817
2800.9699259524177
2904.090598046611
2945.3678565660084
2912.7564958053995
2911.6799457922434
2814.6022993721726
2812.5019690408826
2899.490172646881
2957.3689687056703
2934.3465525441484
2867.9521453708658
3078.8817668674938
3142.371421056234
3114.1907422662366
3119.6925213298896
3112.9841458392184
3204.887786254083
3252.198635214017
3279.9052863698253
3243.4945674674896
3211.944327980514
3061.6920014852194
2854.828827228978
2975.681495307745
2953.228750465985
3095.722621476054
3453.8064730872225
3373.120975234485
3376.8871322721443
3386.154299861759
3420.8156509400346
3433.229764842916
3500.093421318461
3522.9156302726874
3520.7458506688617
3451.4786364200145
3455.928164915727
3525.2588121062786
3509.607650244056
3402.1314977104016
3402.6288858063645
3439.7599411018705
3344.5552258369494
3418.762088342155
3470.486937240392
3617.789859455417
3767.4924003607907
3839.6315158278476
3836.182544300976
3784.5603889239505
3755.7255386326324
3793.4189968185788
3864.1299277450908
3873.757502111958
3851.9842336513348
3965.0493955577153
4150.34206477025
4103.2009645396765
4306.579000506198
4306.83914471417
4385.9283576499765
4411.296674422479
4407.657859043868
4398.274293197735
4397.730951950802
4406.50126900855
4408.350868978273
4399.92314558174
4331.3977616574375
3663.350364866393
3994.5900653369995
4030.118516210879
3991.517302097935
3889.9661526322166
4266.976811090952
4200.219845845239
4183.092072001148
3696.03461880386
3611.058064982025
3663.0122144881966
3740.152849546157
3777.0015749214067
3653.366436233985
3252.847742454656
3345.3433085958495
3465.51223544837
3684.9845264856503
3648.8900889236484
3577.932036868132
3533.0491029470672
3290.080308369213
3420.7290672291306
3418.752295981383
3334.061395778332
3245.6707595016132
3179.558135614656
3209.0536143180975
3276.2852140064374
3303.0490256469893
3279.678159481976
3086.304002740247
2870.612294485224
2896.0644574777466
3051.3627740718725
3092.4409577209763
3071.880320393893
3055.301527834243
3045.722402553834
3032.24855460105
3001.558388026464
2945.3287456680746
2747.4790301257913
2568.1092106306837
2456.69602276926
2327.293440521079
2230.092873002951
2224.2457855110074
2308.412200324963
2416.513173953289
2479.7695846437314
2490.618734795505
2468.881076238205
2421.974724999174
2368.1924815148095
2336.9566850973456
2315.0495897297965
2315.8412475990613
2311.85620941428
2274.339062437568
2236.077330566238
2201.0770572027022
2193.5566377810324
2252.879349709253
2550.3825164219443
2466.8686276663093
2482.9464582648884
2444.244751178613
2489.8474581924593
2477.482347492142
2390.3231230786146
2187.74025932924
2236.5069642460057
2175.442997910068
2247.4537265220406
2273.001993176791
2351.0942679709856
2393.341628150489
2415.1593628037226
2380.963134994192
2026.607358863837
1831.0021691224754
2365.351175077105
2006.060813225263
1861.3177606402555
1894.2749384997694
1769.1239505327392
1719.811096830853
2164.1446974226415
2027.5283354236276
2106.9276686993117
1960.8290475252074
2107.8030433784315
2034.084671966186
2214.941975482872
2396.2157636642764
2511.160778482713
2669.7265552911085
2518.8205387318367
2634.7983943087106
2168.0933683473977
2150.9139446097643
1970.0526088428182
2229.614864405071
1871.5134048315656
1788.3640345405072
2516.9419995653116
3247.8862990051625
2968.4697409090563
3115.618647118572
2667.401163596178
2679.9473683628103
2683.9014911940008
2346.057055417908
2127.355137138827
2809.9215494637533
2670.9571398866265
2491.327417172198
2514.0798762397712
2516.8185101548274
2136.8782970336893
1942.8740630517711
2329.0185396253623
2503.110800516842
2576.7852862560103
2578.911919153531
2607.5109622117147
2436.2501008150853
2677.443406968007
2660.414905529813
2736.614702509679
2730.5700714346403
2752.6067861075817
2572.683371248148
2168.262704264655
2419.860049405663
2419.201613109371
2452.281450963595
2636.9570205754
2654.4188016404514
2657.1910753610828
2618.6925686861277
2635.6912182914957
2650.5875159570437
2423.176466590349
2473.0441143796484
2575.9311566183997
2515.4540873189794
2394.17634393249
2196.671506725352
2186.3454825382014
2150.201208532418
2075.949601839834
2052.5184012669474
2094.173911920786
2116.209070254148
2147.1664315181974
2206.145204994016
2151.2389192276205
1734.8115380280142
2161.2659320652588
2542.4827126565096
2613.959888821387
2631.873049709714
2665.6698075657473
2717.413094790113
2733.819489224627
2751.536019931034
2725.146942397505
2715.0558931381693
2739.2197234889
2792.1207445492887
2681.854667810281
2913.664011198535
2937.5329541934534
2954.0605200736736
2959.8659270156422
2923.231811520297
2943.1964145195143
2938.651112991956
2963.4455638087206
2950.838385732771
2662.9740306038066
3075.5231630530648
3140.891468851062
3097.1048766682165
3037.0420292006434
3070.808518478584
3223.463898802808
3268.246571970123
3290.155660183667
3276.669149721793
3242.763328914851
3283.6989824793723
2840.222559755703
3006.6687044921996
3138.072746917062
3298.5265370977672
3396.540031635441
3347.3003856522723
3407.250988019341
3434.8077949522367
3426.0517201039584
3378.4711526731276
3412.125640578763
3491.645358765796
3504.4172769751585
3396.017854169182
3460.558583367162
3514.3592848441317
3503.2699111058664
3394.2283257137483
3387.8346562328124
3385.9131580089993
3417.655964958131
3468.6728583066592
3474.1421189184093
3487.4818039312886
3709.751860425142
3824.684358506361
3766.7755154042006
3742.073790378205
3749.264364526844
3719.7794459926276
3666.1238075650863
3738.5593294141368
3847.4823919980176
3844.2318951338084
4022.0781950932537
4320.994113452224
4315.337303880394
4298.213636266487
4320.182773638891
4380.643286052981
4382.977056139239
4386.254653845719
4381.4676483844005
4396.868942747654
4398.211991528348
4380.883819711363
4230.180181104158
3991.710438923594
3986.1229507407397
4050.9756973208373
4037.366203384188
3958.450165735301
3706.662517649297
4101.953224421347
4200.455290945176
3759.508957529791
3676.165046652662
3743.630370378059
3759.3010018613127
3735.49656732425
3688.193638947099
3433.325372891636
3522.440685133937
3589.068117402155
3659.0179541378157
3697.6324281869915
3615.337658641524
3528.7452096000015
3409.2111578202625
3502.3203327662604
3495.745723176053
3435.662561647272
3283.311660410512
3096.904458600148
3211.4425907522045
3292.5530640732914
3273.3064442155674
3246.3615372536146
3252.982295863258
3158.9511079880385
2979.819577398968
3051.339949043732
3082.4388477588973
3097.2573462477685
3076.7921378636815
3085.663656052842
3027.7915580937565
3053.7875439237987
2964.633931834258
2780.426628524739
2623.1109232495287
2525.515450505457
2335.1242489727783
2154.574464606702
2187.138211664838
2317.036383534506
2441.9360509687754
2509.5443745603543
2508.2254107885688
2477.109725225366
2442.963670034515
2393.7411888150305
2355.077090421447
2313.601024817926
2303.9313471731402
2301.183615605179
2279.512633238965
2245.7797080763426
2212.971494201024
2213.1518987257073
2292.110716735925
2470.385460852282
2490.473563887624
2480.9665365918345
2079.389086330668
2407.616287351893
2558.909919808343
2497.486976667716
2334.5643139486665
2236.031235566811
2286.526730923359
2271.3033989413634
2196.7626416734106
2352.3669350929085
2356.270918504617
2459.317909091465
2449.6876337500194
2382.2288784511347
2204.1596834273246
2401.5740594646913
2158.1475177932834
2198.3539530591174
1999.8148439687375
1836.379728129698
1854.480932509514
2113.2477912270747
2117.8513102456905
2182.1330839494467
2195.9677576041445
2280.157351372089
2102.784085239694
2290.6296282520125
2528.0289817273087
2513.2897333299566
2706.6432224574196
2627.2975559391593
2367.1367034691007
1571.4555881560182
1398.2155529945958
1514.5681304720354
1952.4420943973107
2000.9948308134854
1889.7912342628451
2232.22442339989
2371.092750344379
2232.914376853572
3032.069652970431
2829.809448824429
2629.832595772366
2442.2491085528713
2187.7671639599266
2040.9235662628155
2161.22092469913
2751.483574289132
2562.097809585231
2537.848910234944
2582.752432631306
2560.328800105357
2370.721205055282
2614.1451092854977
2679.6600724377054
2576.432542975225
2449.439214202126
2411.458632125372
2442.4987363810815
2673.9552200400226
2745.9546396465594
2762.612472240274
2752.4024307626146
2748.0244609750725
2746.2126132992876
2312.8932897018876
2535.4562511870695
2487.6813449241054
2489.809521206866
2378.294311605552
2626.161588037135
2645.1895717310945
2619.166751607813
2612.778616942102
2588.8985255032912
2490.407849571444
2481.7578001913107
2487.070681725042
2366.4931229057743
2215.126806754702
2123.151664885118
2107.726248307525
2078.1088149838406
2042.3139907730097
2042.438848653884
2045.6782552660586
2016.86430265394
1872.6730689730057
2311.47081451685
2417.032377682942
2511.326895319608
2495.892334849748
2614.2894440859686
2629.823679558955
2647.9953008274124
2690.397012786766
2675.1737567635637
2699.9401314117085
2752.3048286712074
2760.888512775077
2757.7519081738856
2772.078140059692
2771.3340711633377
2838.2402615102433
2931.7071624054815
2946.458553780466
2948.225713584321
2977.0763425268265
2939.074680098043
3007.4033085270025
2883.0311236903344
2956.0792551282243
2881.285800700056
2682.136586539388
3002.3643705074237
3150.6277765287746
3139.9076957203238
2970.565731411562
3005.9170370314573
3240.1118506661464
3302.858504188872
3319.8114855307294
3360.5311872246325
3335.180891932811
3374.211428091991
3127.8706531673397
3095.5335415395743
3214.71459875782
3298.618213227681
3329.358711370322
3268.6573396865497
3420.951807385112
3435.8148782077133
3439.776612400422
3382.7754216377853
3455.9629088329093
3494.1979144702186
3490.6425644898018
3403.7139459084515
3446.7386566187447
3562.5969352437382
3537.2514008079156
3393.885981920765
3443.969715601412
3438.9150196150226
3486.302602568372
3501.3356662360125
3313.2397675075695
3362.0281450072184
3687.712964432854
3866.9301196501688
3715.869826767762
3728.365112036102
3785.0329061543734
3755.0217643620354
3464.1762570034766
3481.1056540613467
3706.375298849659
3667.6033364332066
3790.253771206535
4330.056404106715
4333.284577909147
4304.451757781625
4319.939804586434
4346.612076602317
4360.411789299253
4052.0076797623738
4271.475503887596
4380.134227439964
4386.218876474902
4371.125272018154
4249.329239729273
4093.7947338234694
4010.5536936645203
4048.5585271717073
4041.127326902406
3952.5644384040766
3757.7715295474877
4127.27826666817
4162.346413791559
3867.396861118736
3861.7390223713883
3795.5197663202407
3818.342839751937
3765.538784068387
3663.761424530511
3463.001910574912
3562.6452416830916
3635.6855157209425
3694.595494170896
3714.0367359077877
3620.3215375489194
3515.3730025781047
3477.2901412246433
3426.765401616355
3480.448292277981
3493.382709643954
3381.8642720188973
3209.97547494795
3270.5181345324677
3354.6403072467433
3330.8338474379952
3284.4807446269415
3232.3852260847448
3283.890839586439
3196.2616517450006
3161.674745364917
3108.8110085723974
3166.068504300502
3117.749506971434
3119.5102191364363
3093.196179735367
3084.7724657491517
2998.412652526163
2828.1245732738134
2662.4959032325814
2563.0149639295646
2441.4773085387624
2088.8935512039307
2207.582926245628
2366.8058420494226
2485.4931367744243
2543.3447644788885
2520.2824312626362
2468.5525746213616
2443.524102548858
2407.0946396494614
2375.6638991802006
2259.745999060769
2286.524733004912
2291.045171586413
2292.7886652717384
2250.170197186227
2224.3825480074
2235.4293641489962
2300.228735570871
2489.676007429533
2500.9659724737758
2482.215789885581
1941.83653836982
2300.365242684114
2569.240031265212
2526.6496994167783
2458.2635714855346
2375.5617913507654
2319.2337808750262
2339.1541528186717
2286.0284522181605
2218.226485613129
2325.6231624714146
2452.651894723414
2273.1821341168497
2256.401963165699
2461.7250736658707
2466.9114485602167
2506.819109170115
2381.496806446815
2148.6379997871745
2180.0383563964397
2079.789342262207
2331.435989380833
2233.2689597648064
2279.5270096032527
2327.8348861184363
2442.829765600323
2589.3069871987786
2596.1231177188733
2728.0187336646277
2730.3299686759524
2791.3680712330956
2794.99684706306
2430.835202713668
1460.8094147698
851.3334135838828
1043.4573225177783
1431.1733068980434
1883.8628416571871
2026.317292655655
1310.458845234198
1692.4996328499135
1857.5718806385582
2046.2458224412073
2912.6720265145937
2539.13710504095
2367.2253997554744
2123.8450829456006
1956.9669577883128
1805.48154935238
2226.4035966799997
2504.013619088228
2417.362165842842
2429.4484032654436
2569.12980693058
2564.20361279374
2659.34947352053
2699.9943882077523
2677.845763726724
2215.0884297189223
2394.5043081439517
2411.338563146326
2263.734974847913
2374.8842109746206
2771.877398427694
2784.301124696143
2750.402496945317
2727.7090774873195
2581.7824054204825
2560.70675529921
2547.120002791589
2475.376779671777
2448.9736697397416
2553.9324654548786
2642.6024491027724
2631.91325989614
2593.333182282701
2543.852991242562
2452.817528320713
2488.405270622399
2480.553543526208
2263.5506672393567
2104.9633502531465
2085.6798078875736
2085.843308301564
2042.0390967855558
2026.3839858229635
2049.8381396439977
2020.981908360669
1895.8704345817794
1532.1777158180857
2247.9809958342976
2523.9084533489686
2577.909279839907
2618.521902621185
2652.646419931006
2664.1834598726396
2669.1711960774824
2694.7624889062936
2706.9064603901347
2750.2863765930565
2704.479584377243
2687.073647710863
2747.701652683697
2737.162114311523
2869.3697103025897
2854.285509064479
2892.3768265722797
2945.037881750493
2903.075196361204
2974.204607973472
2978.6307809827636
3042.00950291472
2817.2773856137437
2838.897441645941
2846.3001248274786
2792.8975647921493
3063.7662316390024
3190.9683802325985
3159.0850518831935
3043.524069562109
3208.993552845296
3366.8848247097676
3346.4951246918117
3355.5441754833178
3376.2713459571164
3365.801445844886
3349.200023854183
3299.447752203711
3219.0322346933044
3307.0870402041364
3320.4461014994013
3320.553855674408
3264.677219553978
3403.205836379159
3439.9482407547357
3454.780379569505
3400.789979477308
3366.642976069737
3384.176588782766
3434.311241462039
3266.266671326256
3402.478906940472
3624.4341710583826
3599.751429105933
3416.542859379573
3503.815645643448
3536.132935529099
3541.7012693139054
3507.429322537498
3497.552830168121
3574.214838811792
3678.2538038585753
3906.7300300561956
3711.7442563943355
3771.538743122718
3786.0128036166884
3854.1728808190733
3673.3189826675557
3608.5879067961
3721.350716746608
3791.1283547839516
4108.363248487457
4430.581944107474
4336.59546315614
4279.605819314891
4289.09752550843
4291.31041307828
4135.891740753318
3830.9788613279447
3926.8549082674926
4080.7838520316113
4298.469780913641
4348.562544573187
4323.306214887963
4076.562288434674
4062.3700678648306
4017.0416710286718
4043.9623349645817
4010.141978188444
4004.8961650164083
4117.437304750961
4128.501288149278
3909.138259051079
3863.565825176231
3869.3776869563735
3832.8134882002346
3839.0176853034395
3767.2105823347274
3608.921516302082
3658.3931511702162
3685.5676386260634
3719.094530541741
3694.264914885093
3585.1816174965784
3422.920149157898
3228.5314594032243
3142.467462534039
3274.405713715252
3405.1867297131803
3284.0383794758177
3187.692652332995
3297.118499618343
3367.258063779037
3353.2607754380765
3265.5594824412638
3309.319392419355
3283.192616298632
3241.655955650591
3203.4022401611933
3235.799913891246
3184.8102914199194
3132.20241173132
3132.9353736947382
3125.981187678007
3087.6353016599514
3006.1208377666126
2788.3992178471
2652.5675812031686
2586.813743130683
2484.70711981903
2339.124678851037
2355.3654988466515
2473.301882019584
2531.210063314767
2590.233085167793
2533.0350098465656
2449.412270231813
2434.884648907278
2410.0851622280566
2362.752285755381
2107.905852076176
2194.5982395313
2264.2451882809446
2281.1813262151873
2246.450300561714
2217.288408036641
2302.013813586429
2491.5296978996766
2503.3939598808242
2538.5407705244284
2557.7953273330636
2303.248764957682
2082.878882737681
2357.9382312335706
2448.7175573855234
2422.054344049202
2349.9619555698673
2344.7358493760444
2387.1227585013517
2373.4929023752084
2331.5166179084076
2380.330296187433
2389.6198551960606
2224.002471856196
2036.618086362095
2411.051483246774
2521.3939034164937
2537.763027862116
2458.4419141055187
2489.5379438873656
2420.9388798004607
2246.2766219270384
2431.7659688542976
2366.3454385569676
2643.7741465167983
2686.923021662964
2572.4175056786958
2481.622384502806
2724.5061807499173
2747.551240201382
2794.2092506622585
2821.8983218429653
2815.971540766275
2745.406382260625
1817.4034619468716
944.3543029824775
967.3504711978345
1547.2183147937433
1092.8546377997504
1707.8443168052502
826.3364635077039
1211.985884080052
1806.2196743208228
1716.0041723224413
2606.6960887875566
2346.7445477940228
2276.4266192299415
1928.7253705653336
1866.6547994665746
1644.635224626963
1889.2332706824868
2202.6296246223847
2129.9139216869135
2292.7047792396825
2318.2186762150627
2340.3909466687387
2397.1491290568274
2576.8624319772225
2687.3246000976574
2581.3610567469136
2393.7119384857324
2296.9044020333204
2147.1727168000325
2278.080857018544
2483.0400464242584
2739.5331021468382
2669.4958058721045
2723.675655000937
2523.148066306344
2502.3620893104894
2477.929206287033
2424.5950574541835
2345.346896970015
2347.6890211445643
2548.367042671139
2659.87245146435
2447.1592584278815
2435.2635771221676
2342.7998839545003
2420.6033545928954
2403.5088748979415
2221.625264075163
2109.1134021966723
2092.308592186876
2076.8733169354414
1961.502880174297
1970.0825285102985
1990.699358453413
1946.8834090377143
1883.6799425625813
1974.0122077845028
2342.2504668179167
2514.038035850489
2601.315305288184
2644.01266898556
2655.550749262623
2685.892387103287
2687.1211862110576
2724.8434969156174
2721.314496909582
2725.141044386342
2695.8248440933085
2683.707836400773
2687.942824028085
2734.487593842537
2807.7452591910096
2861.8825179491473
2923.025820613496
2947.4887505416136
2879.7567801946566
2963.304924776266
2985.6144939827673
3002.3810783129916
2881.9393707778263
2707.5903668117235
2892.94492509774
3080.973098840282
3107.9243837637073
3202.49752809122
3221.8069232494
3260.4599844291815
3257.6987970383866
3361.035703553901
3367.4339069918055
3343.0838634541046
3354.1855292955247
3391.9212613561417
3382.1294873697157
3366.749863581434
3409.695944799591
3455.763243085769
3313.355469355137
3359.3217867427047
3388.267408785168
3429.5427206037716
3484.5446313238867
3411.2839884396185
3413.7500378673085
3152.337691216155
3339.3653568168857
3407.9627225006566
3420.588606821003
3466.917924747946
3617.303537352618
3678.795568546761
3459.4996269883086
3513.6605017737606
3510.5094803766488
3628.235099499944
3640.688943492273
3671.2958230757836
3632.751888622667
3671.410309193155
3948.1630495107884
3918.160682460687
3818.1247679023995
3897.276664899128
3905.3031697585056
3831.9778082032976
3761.7897454663193
3780.4441534995135
3852.9037028945986
4072.6603979214806
4327.27179783125
4419.2584520859455
4258.416537065996
4245.774047478719
4229.5073601124595
3993.3859590047823
3766.99159885963
3623.503927599662
3850.1318003896795
3779.4046931136727
3900.652494562586
4290.968354110011
3990.4408481310156
4032.9178812708483
3988.9707906432623
4029.0503316704926
3898.7980987899027
3973.198869992918
4062.985204946364
4046.9871100261084
3917.1474385877696
3892.661672998809
3878.378056902946
3883.2073763046783
3872.198141126445
3836.249932394594
3711.543081746119
3700.01208525462
3695.245276768557
3684.2706121222313
3649.7054303244363
3564.146645423051
3416.252243916922
3193.5589808645327
2978.1436263802675
3117.3430550612784
3255.296434180713
3195.127903872779
2933.1325662018276
3302.184786846751
3371.6714503910343
3384.3099023358086
3360.17649932846
3307.0432122588945
3282.351230236153
3266.575066799775
3251.9861834311614
3208.157815596742
3159.500040820709
3097.777108080744
3131.827216423834
3142.2637467120744
3125.1942404691345
3073.7992277860485
2776.593073061167
2673.0239145802566
2601.134321696558
2543.885681998095
2380.634782792603
2463.4940471365535
2546.9710528200576
2588.8986442802156
2591.938395807653
2549.4363865261116
2475.5036611654846
2438.6582675293585
2414.798293656666
2395.4322509572235
2310.800635625849
2243.548303109955
2250.992800820913
2242.9191357886484
2212.354368940751
2206.6669278793393
2319.598977299166
2499.0278375773432
2523.799338390829
2559.113710358829
2555.8416627963443
2419.9775699605457
2193.549732312868
2289.4399722143185
2424.9585446569004
2459.3688261307375
2402.804814663455
2398.1788311912655
2431.941743303128
2439.733431388974
2431.8585448825406
2460.744570286793
2478.839526112628
2533.1005871452767
2465.8397716292784
2557.1082007500095
2607.025849609557
2580.618952555826
2583.510209473447
2515.903778055322
2477.841110806518
2502.438152750954
2410.076567460999
2406.6874840835476
2782.260740397786
2776.459065066941
2632.1493812595722
2668.5972074134556
2722.812138224075
2810.504112103631
2848.3044500944134
2832.8886968406196
2828.3256808521246
2061.4109200970015
1844.1330384427533
1240.4921305573619
941.7319511169177
1502.7878084955807
1267.1803404948976
1594.5685913053703
1163.4533988366827
1321.6326137338654
1801.659989857404
1766.6566811695739
2560.103709788178
2316.1991299268293
2301.447239466841
1904.8530696562514
1706.3972954844107
1484.429683147398
1731.3135047828985
1925.2986059066873
2137.041654687119
2095.7630397146872
2130.9304851065795
2032.414958580319
2139.6240923143114
2324.5232601487373
2450.7314364494105
2175.099091794607
2114.940031393853
2108.5356511299897
2017.0863655999938
2113.598521049609
2315.192197179653
2469.208137209396
2769.0639415210903
2723.0428481913377
2524.790234865324
2292.5006336706547
2299.8282713314957
2312.16718346141
2194.8777427405744
2266.940461410233
2437.4710377636507
2569.048516435554
2361.480661860224
2142.597578498868
2003.3087371908803
2257.260137107838
2348.2984444684143
2235.7585432981527
2178.5159524835253
2087.1104127646636
2033.6402989796813
1946.4917730099965
1923.3214423371278
1953.2625620560934
2031.6402857454439
1963.4092414834345
2110.1561452431497
2290.687426147393
2452.059356481125
2550.823336696564
2601.6188770706804
2655.9251125556466
2696.255531920794
2719.903658789777
2721.9438374731076
2723.014998911287
2698.121948548647
2662.6363005146914
2581.613236501898
2679.6971771512353
2801.879145982805
2802.7283704397946
2838.404894834219
2881.3906775116466
2930.442552848118
2928.363904243338
2952.052292280951
2966.4940022505525
3005.017879211407
3010.987652687071
2916.2257692387475
2997.3631642157143
3143.6803486166486
3096.376629650046
3196.3682781558114
3227.693760917878
3306.6356093697373
3341.4025357736655
3387.612795313478
3374.2649624174114
3339.253210683487
3360.3423061212848
3387.2608885739533
3391.0486702885005
3427.569504386809
3432.8982032327754
3403.7442471817462
3293.8193291060197
3390.346722265522
3406.7834583305216
3376.894554710293
3552.7255145473687
3556.790621692175
3515.91827238083
3325.597812501852
3358.9819811229
3352.9450638792837
3452.2106860856125
3374.877746569561
3607.1234591790503
3721.6537714397427
3712.040315250945
3587.7449627062997
3652.2623384765798
3727.1327061803972
3745.7854260538347
3740.187302715489
3697.115629067198
3779.6168830554166
3993.1106484542606
3958.622227923544
3949.188616563647
3978.44659392314
3988.727658103592
3876.498031291907
3858.572540299837
3835.663203844724
3841.713429531119
3900.520121529705
4147.311591611684
4316.949181558141
4284.878046057431
4165.264793396729
4219.420997275491
4139.167080880993
3977.634417997939
3703.530400386127
3828.41858289403
3830.961174025454
3724.642425573611
4251.7893705375345
4113.194094507419
3933.85764415856
3836.5358073928346
3984.3485647726598
3647.3684634970223
3884.641973854342
3752.5470230948367
3902.679071125526
3787.4194793080633
3919.919372405346
3924.5049171407136
3912.6434750459716
3908.5090552676174
3870.7713969544616
3781.03995061247
3711.5915566356193
3648.5801626481507
3612.2432054799415
3606.273381555921
3587.336649916148
3516.210395933583
3377.969843380266
3252.0594434357763
3341.7300544269856
3322.180145389128
3373.2267450264303
3104.1323407162686
2920.0854079604487
3009.870279900733
3321.6621921547694
3346.8829706194533
3303.7788942530424
3304.2489650169823
3294.3526762439906
3199.036533871537
3143.5130631641737
3018.445885409354
3041.35892463239
3148.7973654256593
3147.659718427204
3164.7496054103913
3132.9450046454535
2816.188431802456
2693.48665982571
2627.7664177308907
2546.7900835312776
2515.4701119155175
2472.355475485464
2540.8347712729565
2588.921214708719
2587.578377523929
2595.325651412875
2517.1447834522887
2464.7116912819547
2430.9896752722734
2374.5774109832887
2288.1038903650406
2271.8436723186705
2258.790975372614
2236.2680692975964
2221.5987240224686
2210.9428738507827
2291.316494553498
2404.2664277867075
2550.540691663621
2569.2567193467034
2561.8237454572936
2519.908698495183
2267.280669018263
2266.5986385817464
2418.01335352932
2354.6748687615964
2398.809054202549
2457.0754526915016
2494.3481953250835
2476.383041086557
2476.258329960817
2506.594194994206
2520.615945884376
2521.6210714692893
2590.24208818507
2584.602334497448
2623.812254491761
2643.2297699289657
2643.103213975894
2641.2015306180515
2530.5322333127456
2621.5556776647254
2660.8835549439004
2587.06592498815
2670.7580393479698
2837.038639915188
2568.029453958397
2673.378778220088
2726.0085373490683
2774.006960833459
2738.3424596129803
2313.483619573824
2071.7854477850524
1757.0690811558488
1726.9688813888865
1942.692979040518
1581.8110066953982
1566.7266112269115
1440.1290458701685
1620.2597821400245
1219.7562533263745
1329.460562159114
1527.690870030929
1745.39543217925
2283.28483003468
2337.8277761010254
2175.2025318585283
1894.5930183333596
1747.3919096995264
1586.48350478401
1699.7046187005205
1860.7001815959377
1991.8720193199981
1956.2955925804506
1955.4325552224611
1951.3578586722456
1968.1857000530592
1941.6495837796065
2231.3381738317303
2108.2082609687836
1945.050397496468
1945.4109922954867
2047.2999999999731
1966.5991625646386
2197.1068853367933
2550.658169367709
2801.8852588767168
2600.3456229656
2372.38798156352
1762.0832468674166
2189.5653140747713
2284.3679033870144
2225.0879699279667
2372.6485379625115
2519.0631957945157
2476.9281636381734
2525.827042233907
2172.599616676132
2121.784327680304
2119.3399611143577
2136.6014058479814
2249.6181948345147
2252.8956283521065
2101.7059520283588
2128.346711362208
1943.8482503487646
1986.2532779818055
2069.6003719103605
2048.8992782932164
2046.4894935908492
2109.272124537615
2277.0021856056705
2518.4420113536894
2592.5897926117773
2611.0643258082937
2661.4833397263324
2671.905735040166
2720.3276842014
2698.0709377349567
2722.438774945533
2662.437105934605
2626.8538799596413
2521.594672899151
2572.955649525998
2748.9823762150786
2772.5375740385757
2772.5756023617987
2815.6658400542656
2882.033811563778
2865.7404563020973
3045.9412900912994
2984.9892119727842
2997.1022826038197
3019.679263176766
3005.775840246274
3143.579555789636
3291.4972831423647
3183.285264060672
3126.5764813159667
3196.9653532079683
3358.5407328977603
3380.0579983797115
3405.311665479153
3210.4836344090604
3347.4991589857323
3356.259772134777
3345.0267630158364
3356.161090792124
3379.290694337187
3464.979367189943
3457.401191438244
3453.0510268610983
3374.0641169800947
3421.608195489192
3437.555007418882
3589.6345944395334
3621.695363181357
3316.485960263154
3325.0378398777916
3235.097451356932
3279.017220576469
3444.044980415865
3418.6705216145688
3538.49830992288
3708.963723147934
3734.7505245905086
3715.941234751729
3676.186400410451
3658.928778955228
3798.367483474587
3799.0179572380775
3795.624867272383
3532.537022575105
3733.024944425201
3956.429947828942
3963.789096889262
3962.0175831480824
3962.311513765979
3846.462496351974
3846.3507454561277
3830.1850901927064
3822.1448655443673
3749.5267747172265
3931.246997918618
4152.20646716294
4177.732431303588
3896.1645847395844
4025.2754727449374
4039.1528829437993
4014.582680751276
3884.4365987371966
3796.079303369338
3822.446334618048
3691.2264284961475
4126.869887976861
4109.053370307649
4015.3802300626967
3682.13174368244
3911.029876372522
3782.834194140721
3481.330810566005
3582.323718559246
3887.5739105519247
3719.5919695333714
3754.6690729955835
3976.062898864059
3935.462008012708
3857.9458877634193
3847.5529482743204
3748.6854636351004
3682.161172970112
3569.488108269205
3524.7481933771733
3576.116005618571
3644.1683185328757
3651.29568993498
3600.4624432306496
3588.8832925212114
3656.575961266108
3583.4520001511564
3519.342275615366
3361.443945222717
3085.6356516702804
3245.8111208177274
3305.932678736252
3359.719245085327
3344.831903561441
3323.9362043472456
3285.736270917708
3176.5716117102065
3101.8773386138214
3028.0612179319937
2949.9939805340427
3050.723469860116
3145.603319925591
3151.7582017803697
3084.436718935271
2919.6328239622235
2793.2764427957736
2712.699552035894
2617.8889672054383
2516.848895188145
2545.449049535332
2588.8811160213772
2623.6161063034842
2666.6647717971246
2649.271606137211
2580.5796346070683
2502.518044227165
2456.074090751983
2404.4153811650044
2338.1744764968216
2312.0102125052076
2286.670399136503
2268.8047166611527
2235.8292432339504
2244.8177388030203
2304.249929999027
2364.6821693200045
2482.9523929119723
2590.5706306820684
2591.462842591303
2556.4450679517845
2459.2878159385314
2109.045981116258
2401.0582673042863
2400.8206927931133
2378.1367609177073
2442.2109224851197
2452.567454476677
2475.021425141334
2463.1807967828167
2513.8285270864617
2544.9120712094573
2546.1186143015148
2578.4632284992877
2545.069482243923
2625.235893962204
2609.7787376535784
2637.36070101182
2654.07284073732
2670.712729136862
2668.97142911721
2690.074713560191
2685.0429254666556
2490.626506494133
2849.449688627009
2516.341036743733
2368.994853214159
2542.326831786484
2712.367508505302
2496.541445275583
2089.608826829543
1743.4150089327454
1682.3480310066393
1603.042690276214
1528.645517344675
1274.6922210154275
1562.4061710895285
1558.1891567104585
1425.6433763002233
1549.6478264210334
1387.0381601982083
1513.7356616801796
1845.5878357322774
2293.3158491899517
2196.5943453920795
2304.453501676458
2098.2904412274856
1762.7004307043749
1605.374862553662
1836.269467558788
1845.6104854586777
1887.786530344171
1916.7320020081354
1791.2963586880146
1777.2145804340728
1782.1079858899354
1782.4654915664205
2077.192307263447
1982.6219028740175
1893.483355728251
1893.0444900250213
1925.1045476799927
1697.6603352952611
1728.167798988736
2346.3041680905058
2710.739367888446
2613.0057128109374
2272.6278062576857
1622.1330001269089
2118.4378767375974
2347.2198443706075
2413.1029309934247
2506.7274281406494
2789.2521556673605
2645.6621010588397
2539.3894223275142
2200.003926678795
2100.4762574725182
2098.5560142596037
2141.6620329406696
2289.332638021341
2357.4113226218947
2164.122991989906
2056.4361000645276
2060.830562340895
2045.4426117500338
2112.929589438809
2112.9812560766113
2100.005230297585
2208.0329593175175
2352.753780486048
2511.776865737465
2587.887831762227
2609.7154549119987
2633.2217774019505
2668.458811176715
2689.2518010451663
2697.9056608054393
2672.2370428789327
2633.691251379254
2582.711044739423
2495.8723685498317
2520.3147979049454
2706.970021167577
2816.556159318063
2840.1461898234156
2784.1379254760823
2826.4140032775167
2848.2785878907803
3047.7134721359403
3093.5260449464267
3055.4759936246137
3042.926950389558
2994.0900394079085
3183.5335247778753
3297.391352267983
3284.353640674839
3156.5030883585614
3182.9741320215885
3370.0310464761396
3395.0465374947357
3411.0190124235673
2700.8802143863163
3166.804684057878
3265.1095929598355
3329.113214684324
3397.6012988956063
3493.754089389928
3475.3432445205212
3434.341125923735
3475.993831686237
3381.6091249089604
3428.2187592474074
3432.947583886639
3425.485933226601
3628.188438088216
3656.448550680208
3591.25904927078
3448.883364485838
3470.740661904224
3511.3088596694615
3429.7344031344514
3271.4816824697823
3575.1526642918193
3722.243400212018
3757.914625009583
3720.01802613702
3763.6916071317423
3691.469374830257
3830.065759406276
3805.3280667916556
3559.407174048287
3639.414534018805
3876.669753384989
4012.2739902689495
3996.3705013300737
3963.4320051907957
3508.2282198496823
3806.9309884360055
3849.5417128114022
3783.017638157735
3729.6105822019704
3809.4754186556042
3988.9262745640785
3923.87862360549
3807.311104146718
3827.122861592598
4015.4628965348056
3958.1730986923326
3894.482745921038
3758.126650421921
3792.5595610936525
3724.1938416645253
4086.6125683587893
4030.7488728503026
3962.6017547609986
3681.780552342512
3801.199960857373
3744.1775657851076
3616.2685414357807
3635.8468144263193
3695.0205349163975
3765.121365621844
3672.4148798021815
3954.3969689255637
3947.796844731355
3896.941326444204
3848.1445399960844
3629.696624459373
3737.384376627871
3540.35868444424
3435.909435288509
3581.8650086747866
3720.22129874891
3746.4868959062005
3729.360802361757
3732.9178561923986
3723.26485445912
3676.347133233109
3624.123284394323
3584.6177085450404
3430.3259332321395
3308.008733681101
3326.9039585090545
3377.6885897824386
3351.1072352288634
3304.7517541876996
3227.8462415933586
3094.5475446760197
3025.5742383324873
2995.489325234266
2996.59586377918
3050.26541037442
3208.0319156960472
3179.7929982984833
3103.6508387995555
2990.3471854777513
2888.4938297136246
2797.3209437659375
2670.975138541058
2543.7617704194736
2597.6297818751477
2616.6782844265017
2655.8508300685426
2721.8575390898095
2709.6538190918786
2630.022283547089
2539.3784079159623
2487.084392631319
2465.2597262790914
2414.8764411729057
2343.1129505998824
2324.0530951912033
2313.555324322847
2279.7811515151034
2271.197686139285
2366.1599144203865
2364.814983820977
2424.4128044666463
2574.902717577535
2606.1615128101093
2591.1318400099794
2469.680845229557
2070.1811874413816
2347.5364499958578
2378.763515408833
2361.918596619826
2399.963282736357
2438.639219988455
2474.1221593786154
2483.113836157955
2467.0789044995477
2427.022983241641
2542.066448030574
2492.40039419525
2366.45454046283
2519.11869646528
2673.12612324046
2705.5825611835253
2658.444904325643
2626.747920834652
2658.1429189608234
2682.3344629040753
2689.968649930032
2528.0127102949864
2735.3409156152106
2682.0619773784033
1871.7783849062416
2010.172983008291
2269.9817785764444
2218.381589357786
2169.679626872198
1747.0220687175054
1616.2259616557376
1632.964783477794
1546.7694363006137
1444.315136882836
1581.4825596938379
1530.5997121229193
1425.4319933619372
1423.1567945124175
1345.9774365209714
1444.1004452642092
1819.6967107879964
2058.5767090553327
2250.897410193805
2130.3286412964894
1986.224663122495
1814.6015352983968
1526.9835406084283
1756.3259875237156
1770.5957959423786
1791.8872234912562
1916.2918233025594
1696.8806240692606
1690.3079062011248
1780.4472170979782
1841.293502821207
1901.6321486034458
2010.746464135273
1905.365328042939
1986.1027846421857
1734.4636080000885
1257.5957438712267
1402.9970118691397
2201.6676488100243
2623.618542764377
2662.848662292494
2287.5470585033127
2215.10840349233
2468.0207202512315
2414.3951877931427
2563.43442165131
2781.756015637667
2829.7795637709946
2767.936816271014
2642.6525715049625
2521.7314339374902
2398.420482943767
2283.7883935117743
2433.7172172042583
2334.131713228924
2514.1499759298526
2440.004180909917
1940.32249779734
2112.5297212283967
2064.869185082353
2107.463438972787
2168.8564302372806
2202.544995087999
2294.6405261439254
2392.443577087199
2492.264081503386
2573.5969850021406
2621.0042433009094
2656.9785505589207
2643.3574444542164
2604.6339672919057
2616.4641993127057
2609.456599903847
2614.410292755318
2569.696211950341
2348.139855232085
2622.1724301560002
2750.2413583102793
2817.503639595109
2827.2776678148334
2800.6169182811714
2712.477994451409
2892.847391082238
3054.3286414051736
3108.3385406577913
2894.316786998932
3011.215215100993
3057.137396052931
3235.697619553774
3241.128218514304
3236.84012530366
3148.7450790201146
3169.2072684355535
3357.2890465276
3425.604524591412
3346.6100750096134
2906.2818518040913
2698.1656118956125
2990.5017836914667
3290.49670707748
3366.443176779003
3540.2170621471037
3483.7349553108397
3473.0831748996134
3515.879590876587
3482.206059918967
3426.2274158185814
3403.271321191889
3419.1434688529807
3661.2747799081544
3662.0325873489737
3623.0638557142197
3643.5032942202843
3473.6511008090515
3521.464878150325
3443.22019595876
3434.62736089944
3566.1265015479394
3697.814473951063
3719.502671756294
3664.6836150855365
3782.3192516673307
3817.420958644255
3826.9536084428187
3835.11435903732
3684.579636275902
3602.0145452842357
3647.6622782946606
3921.4825661276227
3943.962995358245
3936.889312726041
3700.828399985822
3728.3718968580874
3664.216432005807
3681.285650672118
3699.9241590913607
3649.970134346363
3682.2416345289994
3696.6397626472235
3749.365736161205
3816.0868668113626
3978.853187998899
4083.255455302047
3839.191929335131
3587.985922574529
3759.8946752434317
3637.3176584587013
4085.5067402205896
4082.446817360123
3976.033990142411
3747.457934879895
3806.530626003966
3810.5083883231964
3792.090405869498
3690.8116748519856
3664.8627031156257
3772.3826043606105
3750.6624552949893
3910.644814458566
3944.5088554287486
3912.960073296944
3886.9224358885317
3818.515064300705
3711.834386361353
3545.8628805118074
3473.0719058540526
3580.722947981096
3691.760110019916
3732.823877914256
3744.0918153249404
3724.6147914739718
3745.080488865833
3721.529366847772
3701.1495324833168
3608.5202017218753
3523.3259922969346
3405.626100274161
3374.560041934726
3417.1445253614284
3345.794856697942
3262.884174425496
3099.8824330623797
2975.178273634159
2978.095368909781
3029.358429445987
3076.161450416205
3127.695090080603
3177.2027755772892
3192.30428819612
3145.858776499251
3057.0122436461593
2964.228412528119
2865.9206353986556
2755.3563165084593
2650.790884711753
2647.868216961808
2671.888271312831
2732.667718647848
2751.247759704803
2748.1222095181242
2689.3421989657577
2591.109344161639
2539.044441520496
2533.519450330273
2495.5859497154493
2382.707043672734
2346.8081887800777
2326.0483807795217
2286.0230301101537
2276.898029533543
2309.0184320449875
2389.214292277228
2355.0261987535773
2538.7704291732857
2598.1864141785836
2551.124141217781
2403.807534641424
2105.003659470606
2212.9512494419987
2250.1503923523114
2266.8357401164667
2275.005666289965
2420.433363403189
2450.4874018779487
2466.1408153623815
2453.70295116443
2454.394011106299
2397.4491958503045
2313.4399162569102
2276.129999174568
2368.6630105347062
2608.3552359882697
2695.902862183886
2567.872042686272
2431.137375902575
2370.2184140630607
2340.0693971284613
2616.4193950585477
2612.057173444033
2538.5745870732344
2384.5918392303984
2222.701501287245
1753.108028375111
1952.0501556890363
1943.9158249338293
1865.8503418860341
1699.1733077918977
1614.555189084104
1623.7599132657258
1702.829512152524
1532.585061600571
1620.3971063020556
1601.1841199655855
1339.309035166059
1140.0491072271807
1403.9263826373326
1339.7773451760459
1714.237462333426
2086.5003887915163
2138.4756976159697
2301.67152366724
2213.2354666928422
1626.2448079489634
1620.258888280762
1726.9386963047466
1663.9685609909793
1888.460047851257
1838.7118998265987
1799.2579852955153
1703.3484450881776
1803.0885929093868
1842.233025256121
1839.7087721561572
2015.7402654760178
1945.6101703620798
2007.265291256609
1864.6136009306476
1478.7919084115865
1612.9934193467702
2167.6933372411204
2795.859734418792
2848.402775978766
2775.8165446676367
2482.547324866014
2771.3679037123206
2698.6411684758777
2807.5621121131758
2830.232684929419
2860.038023257855
2797.712148098951
2763.5479942632073
2735.1303312317564
2835.053035843631
2635.144991888574
2538.8376882318144
2364.573307466011
2130.7401506831975
2202.130264837263
2022.8849867741196
2060.0290343430197
2037.1983220857517
2125.335123720839
2203.7459191004687
2263.2105105469896
2349.906725098072
2408.8143373881026
2460.297212905769
2574.347464673492
2646.5706874645157
2677.2815997519
2636.303721757967
2564.2784159176663
2545.971467951702
2543.003583023599
2584.933497594787
2539.7634486847924
2472.720164529573
2760.6942445388063
2793.8774687346404
2850.8234260073127
2824.7363643713848
2757.2964381135616
2739.3830441800096
2930.088483277456
3099.276886975451
2993.703136591642
2868.183448131383
2941.4476975953307
3071.6629820013864
3252.4090530194458
3272.3504611365074
3278.1782601421587
3088.0801379882882
3113.6094541297407
3233.0468598929046
3404.9182939940306
3303.4046338113726
2958.3865269979465
3052.0094306111378
2973.2779400908953
3315.829238751422
3419.4751342861828
3553.258426127741
3507.969306215297
3516.132468947217
3543.9216604972103
3516.4932785128804
3360.5973853080623
3307.4560670879728
3377.1329789452116
3448.7839317754183
3609.4449303925558
3620.512590281388
3585.4199943408576
3558.2748567115786
3557.027794873228
3471.3051158721964
3408.600770851156
3585.3752444180577
3713.5989233655937
3741.383100542632
3721.211888771018
3762.6105188204247
3824.222200529897
3832.467627120962
3817.3304645601283
3805.0636021656746
3759.6146731157696
3551.936179626029
3580.2888205639993
3913.92869881814
3912.021004078768
3898.67646267092
3467.084563792312
3506.5063336028493
3625.3102489904636
3545.270614159596
3509.965474513428
3494.662307116604
3624.9145924147942
3746.1667542555083
3756.420864168097
3958.6630719373143
4033.7143657056504
3879.210261813624
3509.4745625571554
3647.498031475476
3576.0205543671022
4031.714515741815
4057.4182206870078
3941.640956153052
3772.456116847878
3798.143279744082
3833.6633277731376
3835.8605005399695
3805.0036246918403
3673.538842694559
3914.6016430414393
3909.2550388403706
3947.700577183415
3931.03509420333
3900.066184198096
3836.7825764768645
3663.919103267168
3598.2998580663198
3558.763153246954
3559.016855897958
3591.247685630579
3607.970001686909
3627.311145852644
3669.8662586184837
3700.7838305426844
3730.8799423247992
3770.404874192719
3748.114958965536
3656.354073496892
3602.610641813544
3488.591389705402
3452.254562168232
3421.2172750853165
3343.7543482904593
3217.454525535046
3028.079254831802
2896.89311066315
2994.2577220194744
3107.959236788105
3177.941154132236
3174.391725899288
3183.8679222722176
3207.6549080665327
3192.8059889644596
3128.128977930613
3018.0387387419973
2917.3781231561325
2839.6493785344614
2781.03925370967
2745.393549196609
2740.1846118785743
2760.9272363028795
2769.6338471123663
2778.633386220817
2717.284849906125
2652.312901740929
2571.59821233415
2510.321279697318
2488.926214160758
2455.676571326133
2342.721043443493
2361.7314947118252
2436.0129842527303
2459.208759539385
2485.761549606255
2414.1333129098734
2358.99549091039
2444.0316371407416
2523.7320530270044
2391.198691114839
1883.6446239753925
1215.4883215597886
1930.5955750615608
2146.334695421335
2207.550097507727
2217.0417630694924
2206.8613213490335
2326.150430697582
2474.837234891393
2457.77147786683
2454.653160475397
2324.6127804630864
2175.6085217011273
2185.596471837786
2048.0529281177796
2309.0023651764077
2474.0273838847256
2305.553634423932
2134.415025107294
2042.6898892740505
1591.4904427431288
2112.99067705372
2134.446882605209
2214.6109849449863
2509.973691279484
2474.6218013223406
1650.1904487548452
1972.3422535439436
1951.5456856272747
1987.458238372962
1888.98938046937
1853.695472389048
1681.3328779895528
1728.5210670255594
1800.980293660558
1760.4937081645328
1552.7194670468757
1311.8948411924714
1357.5418626619462
1290.9011107457368
1326.634887857595
1822.4419785939356
2012.779158479892
2107.2485171891244
2085.757890464926
2121.5541705276755
1688.8916560716002
1684.6439967598208
1786.5227922834542
1613.6845353265546
1977.0565401680826
1833.4763278849714
1746.8193975082972
1663.225673800005
1837.2166284325929
1988.0209070341762
1802.7615598841317
1947.8814766152161
1929.6152307412153
1986.09302495202
2080.9499985600046
1958.2599254844558
2037.4421928744441
2548.4396101670172
2844.8089454927203
2872.505650764956
2870.6476887726308
2818.444401800594
2852.6769551727853
2847.5049557663315
2860.370120807207
2881.0468279137826
2838.1401781632726
2768.918633942945
2759.485436405206
2735.653187011625
2757.2974289419144
2638.5868405130277
2549.708835165769
2509.9583070834674
2250.149016594779
2302.7823386211444
2114.2637102287713
2092.5366069611664
2161.7361211031434
2160.0932148199213
2151.253559166531
2301.5761265184224
2410.428068223524
2444.3854788245676
2479.537165997028
2608.2099174503655
2677.35960085019
2682.5676423374616
2640.0032576557724
2589.3336425410894
2488.6290938297484
2455.3159854538103
2561.355315014908
2541.4608660545355
2621.692073137915
2794.2262740741608
2818.788354878739
2878.0005913451687
2801.058018609921
2672.69262031481
2703.8091588700327
2944.9635068399352
3142.9509883458127
3054.8339959847394
2722.687154523722
2854.4901838000565
3020.2818035363116
3191.7856497772714
3263.2149923178313
3169.249583554711
3135.0733761771226
3252.914542207226
3162.164704965153
3287.810784706085
3275.0286047076547
3141.5244686955775
3151.470720625323
3107.5088950380573
3051.9218697518986
3414.3745513588315
3508.0892685949852
3419.361568187807
3528.9708550096743
3527.7644307716414
3436.1041471712138
3141.0724737696924
3218.4155427848605
3274.445741481031
2983.321373761529
3511.2085767005055
3592.816656103256
3487.298109112602
3515.613330749565
3527.748872187369
3577.671610619939
3624.5240539870606
3656.055526319503
3726.2461600837664
3789.278075371866
3820.8547982219457
3846.6048385688346
3706.7003030016826
3808.4560382724108
3801.0317949945265
3800.006763736496
3781.304214920128
3735.4612771040124
3499.710688989178
3894.8516349512347
3879.8190486748017
3888.242211933962
3583.773676590785
3463.4244350628746
3467.2206448717893
3471.0186794117885
3551.045314974575
3505.9563199069685
3689.8812899246523
3778.013679293547
3807.442508674546
3920.4681197042196
4015.0958807729844
4023.188702782486
3687.2486631553807
3508.9969546877005
3545.141676257066
4002.96608343767
4053.3814330148734
3927.127358551009
3759.8868973380204
3683.6595649798023
3841.1133525570817
3828.223279905217
3791.387705922546
3648.338226071933
4013.4410691910493
3982.0414638125512
3991.873638181716
3950.336832978984
3920.7757183052595
3813.1164968490575
3609.4047789887036
3573.496575941359
3574.4975462082693
3622.528745718907
3616.1980284841175
3532.326395948584
3466.653964645108
3573.4771396788656
3664.343723270129
3705.5493643739574
3745.4495048293115
3737.501896049614
3723.296326899238
3604.0600362489185
3513.6007184671735
3426.1511427454343
3426.486933534386
3339.78924980213
3250.608128689415
3076.0057071094334
2980.6688506017877
3078.554501550923
3184.4587635345233
3264.048565025353
3257.9472255495234
3205.2577769922154
3202.8707749422933
3210.569873568938
3187.964078698258
3046.671145506351
2951.2608483292383
2881.609231405444
2832.428930211654
2794.973149175363
2778.413606976242
2804.590350072315
2862.9978759156384
2735.005107904341
2697.6536686013474
2662.577364326902
2614.553735733466
2547.525261435259
2491.6748633787524
2559.9252775981763
2419.396213826545
2378.408093642853
2437.1717156004956
2524.3059729002434
2570.7313874929896
2507.617331657648
2538.036484341091
2359.905274909653
2301.4241653691424
2154.937988587765
1728.1919707573607
1481.7206011056264
1862.587636047312
2105.8402540593247
2205.6058091257314
2216.172586767735
2164.5313872054885
2150.9486079481935
2422.2231203874767
2300.0784662645383
2268.30678488075
2166.9050347313523
2182.3163581209915
2209.6170289279853
2152.893901571151
2139.002810158548
2432.3927544840994
2606.7615763842664
2547.71832096451
2296.486726932103
1817.1240548430287
2116.3101873609644
1966.1677860418097
2104.649878117716
2101.491528361807
2347.365269730879
1533.4652515981477
2072.919943819226
2100.042612738883
2089.2748164893196
2028.749804232953
1914.1937554628057
1863.4897629027103
1788.4550896247017
1857.6864487451378
1714.8047006393767
1683.0034741569877
1304.8143990586536
1594.0152682481385
1160.4918900437842
1173.3736242590037
1659.4070437333712
1891.8312106087237
2096.4100540836125
2027.6230442642657
2101.145431655532
1797.0817906330772
1740.5213058603636
1916.0936229552408
1702.4477564294139
1987.5611211399994
1798.1224572034232
1742.8139949890378
1661.5535963012624
1944.3221237069135
2050.421876237391
1858.691543405145
1937.147449599795
1889.003679781
2017.670014129381
2115.963640639987
2083.8507969571565
2279.1963603146028
2623.963208912127
2883.6718271704444
2894.5138394812625
2905.7019094404945
2883.105730454571
2885.515083298692
2868.985624314826
2848.840165214382
2546.871318297023
2692.916873355879
2733.6769238977226
2793.20201715409
2760.7863440112937
2772.2172040065116
2741.429817422464
2662.5980254561105
2621.069991384944
2397.9937870982503
2351.9765697333737
2058.746442034933
2149.2897538048446
2229.9264539725264
2218.1199229243234
2235.2379003445367
2423.875026883145
2523.5572993332335
2533.9879412824416
2556.728169125882
2639.6335561876144
2687.0468179019417
2681.602617668077
2611.7866956912203
2522.7250768215213
2426.420993745038
2394.929766660748
2519.580189720463
2537.6992509302063
2778.2979668282196
2810.8319455992705
2837.5862932939003
2919.2633393356705
2868.623394477525
2652.6204436943653
2691.8482056826447
3027.6483780054778
3095.052189695683
2936.8164699328677
2660.705592529534
2884.3846977913854
2911.941492796973
3051.7007612238763
3175.600779574951
3196.8673258996196
3133.1041469757797
3116.952070983506
2999.961753320324
3286.062072173738
3413.4758115077343
3394.7253030781876
3448.009625981917
3218.6865844591925
3170.512410604667
3239.024892611801
3484.4578957420986
3425.9906152552303
3518.9885596364875
3511.1994845327367
3416.320043331036
3136.5316237049296
3138.2018787325924
3164.6015234939055
2819.6933910212774
3329.7108983176568
3476.6551616040974
3599.5199404865093
3602.9637238061837
3610.803204375838
3602.526994095216
3636.2427750305446
3610.1189648885156
3660.2253500784245
3800.6204980570374
3873.314026175207
3872.657599545364
3844.515919343024
3801.4363860512804
3757.8923145807676
3769.1150484789496
3763.6564402410963
3734.086111427474
3448.2102685469317
3746.181192349798
3799.3646074552344
3808.2928120947404
3560.680036838977
3462.585119131135
3492.1911142311
3549.5499243978443
3621.1230885287605
3454.5466537564976
3605.4322780233456
3824.288847479122
3918.334735963826
3984.2966397924124
3976.1853203817714
4027.121549915701
3988.0152087628153
3510.301497622799
3464.174691238707
3985.6582831685882
4056.275382019816
4082.510178779132
4064.4782658273475
3649.5059459849526
3786.99856866058
3789.699655218589
3495.917441926232
3761.411495363478
<EndGridData2D>
