6.835378165255999193e+03 1.672199738211929798e+00 -8.760477294921875000e+02
6.926272539314813912e+03 5.651836210861802101e+00 -8.773666381835937500e+02
7.017166939584654756e+03 9.632507447153329849e+00 -8.726462402343750000e+02
7.108061366072157398e+03 1.361421344988048077e+01 -8.675789794921875000e+02
7.198955818781862035e+03 1.759695422369986773e+01 -8.662534790039062500e+02
7.289850297725060955e+03 2.158072977233678102e+01 -8.685444946289062500e+02
7.380744802905945107e+03 2.556554009858518839e+01 -8.706865234375000000e+02
7.471639334328938276e+03 2.955138520523905754e+01 -8.737342529296875000e+02
4.194427979427971877e+03 2.361305716447532177e+00 -9.021462402343750000e+02
4.285320279804524034e+03 6.310968679375946522e+00 -8.964612426757812500e+02
4.376212606194312684e+03 1.026166631095111370e+01 -8.950155029296875000e+02
4.467104958601528779e+03 1.421339861582964659e+01 -8.922277832031250000e+02
4.557997337037464604e+03 1.816616559680551291e+01 -8.891199951171875000e+02
4.648889741506427526e+03 2.211996725853532553e+01 -8.843314819335937500e+02
4.739782172015169635e+03 2.607480360381305218e+01 -8.808952636718750000e+02
4.830674628570210189e+03 3.003067463636398315e+01 -8.789268188476562500e+02
4.921567111176438630e+03 3.398758035991340876e+01 -8.751887207031250000e+02
5.012459619844332337e+03 3.794552077725529671e+01 -8.690757446289062500e+02
5.103352154579013586e+03 4.190449589211493731e+01 -8.592955322265625000e+02
5.194244715384440497e+03 4.586450570821762085e+01 -8.470847167968750000e+02
5.285137302271788940e+03 4.982555022928863764e+01 -8.324522705078125000e+02
5.376029915245715529e+03 5.378762945905327797e+01 -8.097139892578125000e+02
5.466922554312739521e+03 5.775074340123683214e+01 -7.805360107421875000e+02
5.557815219479729421e+03 6.171489205863326788e+01 -7.411747436523437500e+02
5.648707910750876181e+03 6.568007543403655291e+01 -7.073617553710937500e+02
5.739600628137355670e+03 6.964629353210330009e+01 -6.778314819335937500e+02
5.830493371643824503e+03 7.361354635749012232e+01 -6.552230224609375000e+02
5.921386141274473630e+03 7.758183391112834215e+01 -6.508348388671875000e+02
6.012278937040478922e+03 8.155115619860589504e+01 -6.553872070312500000e+02
6.103171758946496993e+03 8.552151322271674871e+01 -6.698150024414062500e+02
6.194064606998814270e+03 8.949290498718619347e+01 -6.883875122070312500e+02
6.284957481204415672e+03 9.346533149573951960e+01 -7.163895263671875000e+02
6.375850381567608565e+03 9.743879275023937225e+01 -7.484227294921875000e+02
6.466743308099685237e+03 1.014132887562736869e+02 -7.906597290039062500e+02
6.557636260804953054e+03 1.053888195166364312e+02 -8.321852416992187500e+02
6.648529239689931273e+03 1.093653850359842181e+02 -8.487892456054687500e+02
6.739422244759392925e+03 1.133429853161796927e+02 -8.553995361328125000e+02
6.830315276024164632e+03 1.173216203618794680e+02 -8.610924682617187500e+02
6.921208333488903008e+03 1.213012901758775115e+02 -8.612175292968750000e+02
7.012101417160127312e+03 1.252819947609677911e+02 -8.581212768554687500e+02
7.102994527044706047e+03 1.292637341227382421e+02 -8.546047363281250000e+02
7.193887663146830164e+03 1.332465082630515099e+02 -8.546270141601562500e+02
7.284780825477791950e+03 1.372303171874955297e+02 -8.551682128906250000e+02
7.375674014042131603e+03 1.412151608979329467e+02 -8.579967651367187500e+02
7.466567228843923658e+03 1.452010393980890512e+02 -8.597942504882812500e+02
1.462685698539717123e+03 0.000000000000000000e+00 -1.062069580078125000e+03
1.553575905268080533e+03 3.918657346628606319e+00 -1.047161499023437500e+03
1.644466137804789469e+03 7.838349265977740288e+00 -1.034686523437500000e+03
1.735356396156596020e+03 1.175907576177269220e+01 -1.031378051757812500e+03
1.826246680330019444e+03 1.568083683773875237e+01 -1.029300048828125000e+03
1.917136990329949185e+03 1.960363249573856592e+01 -1.029399047851562500e+03
2.008027326166862622e+03 2.352746274136006832e+01 -1.028136718750000000e+03
2.098917687845649198e+03 2.745232757646590471e+01 -1.025839233398437500e+03
2.189808075370732695e+03 3.137822700571268797e+01 -1.023248229980468750e+03
2.280698488753172569e+03 3.530516103189438581e+01 -1.014903503417968750e+03
2.371588927997276187e+03 3.923312965873628855e+01 -1.005201232910156250e+03
2.462479393109912053e+03 4.316213288996368647e+01 -9.932960205078125000e+02
2.553369884097715840e+03 4.709217072930186987e+01 -9.790999755859375000e+02
2.644260400965111330e+03 5.102324317861348391e+01 -9.676571655273437500e+02
2.735150943723041564e+03 5.495535024255514145e+01 -9.638665161132812500e+02
2.826041512376279570e+03 5.888849192671477795e+01 -9.600175170898437500e+02
2.916932106929132715e+03 6.282266823109239340e+01 -9.555000000000000000e+02
3.007822727392660454e+03 6.675787916034460068e+01 -9.505314941406250000e+02
3.098713373771402985e+03 7.069412471912801266e+01 -9.485964965820312500e+02
3.189604046071879566e+03 7.463140491116791964e+01 -9.503795166015625000e+02
3.280494744300958700e+03 7.856971973646432161e+01 -9.485975341796875000e+02
3.371385468465159647e+03 8.250906920339912176e+01 -9.388239746093750000e+02
3.462276218569139019e+03 8.644945331197232008e+01 -9.305632324218750000e+02
3.553166994623839855e+03 9.039087206777185202e+01 -9.209873046875000000e+02
3.644057796633569524e+03 9.433332547266036272e+01 -9.137007446289062500e+02
3.734948624603217468e+03 9.827681353036314249e+01 -9.078485107421875000e+02
3.825839478543493897e+03 1.022213362464681268e+02 -9.032789916992187500e+02
3.916730358459055424e+03 1.061668936209753156e+02 -9.011334838867187500e+02
4.007621264356421307e+03 1.101134856613352895e+02 -8.961787719726562500e+02
4.098512196242576465e+03 1.140611123684793711e+02 -8.920505371093750000e+02
4.189403154121595435e+03 1.180097737461328506e+02 -8.890477905273437500e+02
4.280294138004770502e+03 1.219594697980210185e+02 -8.824714965820312500e+02
4.371185147896525450e+03 1.259102005288004875e+02 -8.780865478515625000e+02
4.462076183801284060e+03 1.298619659412652254e+02 -8.749190063476562500e+02
4.552967245730338618e+03 1.338147660391405225e+02 -8.704157714843750000e+02
4.643858333687880076e+03 1.377686008242890239e+02 -8.648617553710937500e+02
4.734749447680660523e+03 1.417234703022986650e+02 -8.591497192382812500e+02
4.825640587715548463e+03 1.456793744759634137e+02 -8.598255004882812500e+02
4.916531753796618432e+03 1.496363133490085602e+02 -8.565675048828125000e+02
5.007422945935395546e+03 1.535942869242280722e+02 -8.487545166015625000e+02
5.098314164136070758e+03 1.575532952053472400e+02 -8.329320068359375000e+02
5.189205408403184265e+03 1.615133381970226765e+02 -8.224550170898437500e+02
5.280096678747795522e+03 1.654744159029796720e+02 -8.060789794921875000e+02
5.370987975174328312e+03 1.694365283232182264e+02 -7.874324951171875000e+02
5.461879297689534724e+03 1.733996754661202431e+02 -7.609807128906250000e+02
5.552770646300050430e+03 1.773638573326170444e+02 -7.253974609375000000e+02
5.643662021010415629e+03 1.813290739255025983e+02 -6.936350097656250000e+02
5.734553421831573360e+03 1.852953252494335175e+02 -6.588504638671875000e+02
5.825444848768063821e+03 1.892626113090664148e+02 -6.309022216796875000e+02
5.916336301824310794e+03 1.932309321062639356e+02 -5.972810058593750000e+02
6.007227781011490151e+03 1.972002876456826925e+02 -5.910770263671875000e+02
6.098119286334025674e+03 2.011706779291853309e+02 -6.063314819335937500e+02
6.189010817798553035e+03 2.051421029614284635e+02 -6.376497802734375000e+02
6.279902375411707908e+03 2.091145627470687032e+02 -6.875822753906250000e+02
6.370793959178030491e+03 2.130880572870373726e+02 -7.412399902343750000e+02
6.461685569108696654e+03 2.170625865878537297e+02 -7.930617675781250000e+02
6.552577205207897350e+03 2.210381506504490972e+02 -8.198732910156250000e+02
6.643468867482501082e+03 2.250147494794800878e+02 -8.307512207031250000e+02
6.734360555936815217e+03 2.289923830796033144e+02 -8.388852539062500000e+02
6.825252270582248457e+03 2.329710514526814222e+02 -8.408482666015625000e+02
6.916144011422991753e+03 2.369507546015083790e+02 -8.432451782226562500e+02
7.007035778465680778e+03 2.409314925326034427e+02 -8.451314697265625000e+02
7.097927571717184037e+03 2.449132652487605810e+02 -8.429282226562500000e+02
7.188819391181692481e+03 2.488960727499797940e+02 -8.412030029296875000e+02
7.279711236870614812e+03 2.528799150446429849e+02 -8.403150024414062500e+02
7.370603108788141981e+03 2.568647921336814761e+02 -8.428220214843750000e+02
7.461495006938930601e+03 2.608507040208205581e+02 -8.457020263671875000e+02
3.481509994249790907e+00 5.308914739917963743e+01 -1.188135498046875000e+03
9.436998837767168880e+01 5.699128475226461887e+01 -1.173854492187500000e+03
1.852584924583788961e+02 6.089445663150399923e+01 -1.161801513671875000e+03
2.761470222428906709e+02 6.479866303876042366e+01 -1.150900268554687500e+03
3.670355777377262712e+02 6.870390397962182760e+01 -1.142878540039062500e+03
4.579241589477751404e+02 7.261017945501953363e+01 -1.133271118164062500e+03
5.488127658837474883e+02 7.651748946961015463e+01 -1.122654296875000000e+03
6.397013985502999276e+02 8.042583402711898088e+01 -1.113757324218750000e+03
7.305900569518562406e+02 8.433521313127130270e+01 -1.100461791992187500e+03
8.214787410993594676e+02 8.824562678486108780e+01 -1.091847290039062500e+03
9.123674509975826368e+02 9.215707499254494905e+01 -1.085569824218750000e+03
1.003256186652928591e+03 9.606955775618553162e+01 -1.076273437500000000e+03
1.094144948072265834e+03 9.998307507950812578e+01 -1.069591552734375000e+03
1.185033735259901732e+03 1.038976269662380219e+02 -1.061125976562500000e+03
1.275922548227012157e+03 1.078132134219631553e+02 -1.054785278320312500e+03
1.366811386978137307e+03 1.117298344457522035e+02 -1.048162963867187500e+03
1.457700251517584547e+03 1.156474900459870696e+02 -1.039306030273437500e+03
1.548589141856529750e+03 1.195661802235990763e+02 -1.032182739257812500e+03
1.639478057999396697e+03 1.234859049813821912e+02 -1.023240234375000000e+03
1.730366999952821061e+03 1.274066643239930272e+02 -1.016004272460937500e+03
1.821255967723671347e+03 1.313284582551568747e+02 -1.015010253906250000e+03
1.912144961316138506e+03 1.352512867785990238e+02 -1.012938964843750000e+03
2.003033980741631240e+03 1.391751498961821198e+02 -1.012344482421875000e+03
2.093923026004224084e+03 1.431000476125627756e+02 -1.011484497070312500e+03
2.184812097108690068e+03 1.470259799314662814e+02 -1.008219238281250000e+03
2.275701194066088647e+03 1.509529468566179276e+02 -9.993175048828125000e+02
2.366590316880610771e+03 1.548809483898803592e+02 -9.902277832031250000e+02
2.457479465559357777e+03 1.588099845359101892e+02 -9.783779907226562500e+02
2.548368640108616091e+03 1.627400552984327078e+02 -9.693444824218750000e+02
2.639257840533042327e+03 1.666711606802418828e+02 -9.558823242187500000e+02
2.730147066843812354e+03 1.706033006859943271e+02 -9.502792358398437500e+02
2.821036319045117125e+03 1.745364753175526857e+02 -9.452792358398437500e+02
2.911925597141729668e+03 1.784706845805048943e+02 -9.365447387695312500e+02
3.002814901144476607e+03 1.824059284757822752e+02 -9.294475097656250000e+02
3.093704231057898141e+03 1.863422070099040866e+02 -9.287600097656250000e+02
3.184593586888629943e+03 1.902795201838016510e+02 -9.304315185546875000e+02
3.275482968643656932e+03 1.942178680021315813e+02 -9.330770263671875000e+02
3.366372376329265535e+03 1.981572504686191678e+02 -9.218425292968750000e+02
3.457261809949995950e+03 2.020976675851270556e+02 -9.104404907226562500e+02
3.548151269517140463e+03 2.060391193572431803e+02 -9.030634765625000000e+02
3.639040755034890026e+03 2.099816057886928320e+02 -8.977762451171875000e+02
3.729930266507901251e+03 2.139251268813386559e+02 -8.916113281250000000e+02
3.820819803947233595e+03 2.178696826389059424e+02 -8.870684814453125000e+02
3.911709367357194424e+03 2.218152730660513043e+02 -8.837382812500000000e+02
4.002598956744652241e+03 2.257618981646373868e+02 -8.769945068359375000e+02
4.093488572116242722e+03 2.297095579393208027e+02 -8.736069946289062500e+02
4.184378213476389647e+03 2.336582523938268423e+02 -8.717750244140625000e+02
4.275267880836036056e+03 2.376079815318807960e+02 -8.669119873046875000e+02
4.366157574199954979e+03 2.415587453553453088e+02 -8.616694946289062500e+02
4.457047293572337367e+03 2.455105438698083162e+02 -8.548387451171875000e+02
4.547937038964359090e+03 2.494633770762011409e+02 -8.479042358398437500e+02
4.638826810380560346e+03 2.534172449819743633e+02 -8.463585205078125000e+02
4.729716607827460393e+03 2.573721475871279836e+02 -8.414082641601562500e+02
4.820606431311927736e+03 2.613280848963186145e+02 -8.388649902343750000e+02
4.911496280838269740e+03 2.652850569132715464e+02 -8.393172607421875000e+02
5.002386156417662278e+03 2.692430636417120695e+02 -8.313079833984375000e+02
5.093276058054529130e+03 2.732021050844341516e+02 -8.128037109375000000e+02
5.184165985753177665e+03 2.771621812460944057e+02 -7.960552368164062500e+02
5.275055939524900168e+03 2.811232921294867992e+02 -7.839732666015625000e+02
5.365945919374236837e+03 2.850854377383366227e+02 -7.661232299804687500e+02
5.456835925307590514e+03 2.890486180745065212e+02 -7.426895141601562500e+02
5.547725957331713289e+03 2.930128331454470754e+02 -7.166984863281250000e+02
5.638616015451145358e+03 2.969780829502269626e+02 -6.859014892578125000e+02
5.729506099676946178e+03 3.009443674962967634e+02 -6.529762573242187500e+02
5.820396210013655946e+03 3.049116867845878005e+02 -6.208842773437500000e+02
5.911286346465582028e+03 3.088800408188253641e+02 -5.760242919921875000e+02
6.002176509043900296e+03 3.128494296036660671e+02 -5.592049560546875000e+02
6.093066697753034532e+03 3.168198531428351998e+02 -5.905590209960937500e+02
6.183956912599620409e+03 3.207913114381954074e+02 -6.428884887695312500e+02
6.274847153590410016e+03 3.247638044944033027e+02 -6.889092407226562500e+02
6.365737420729827136e+03 3.287373323151841760e+02 -7.467277221679687500e+02
6.456627714029047638e+03 3.327118949051946402e+02 -7.856042480468750000e+02
6.547518033492378891e+03 3.366874922644346952e+02 -8.039187622070312500e+02
6.638408379126572981e+03 3.406641243994235992e+02 -8.076247558593750000e+02
6.729298750935937278e+03 3.446417913129553199e+02 -8.178612670898437500e+02
6.820189148931764066e+03 3.486204930087551475e+02 -8.218367309570312500e+02
6.911079573118593544e+03 3.526002294896170497e+02 -8.273923339843750000e+02
7.001970023502712138e+03 3.565810007592663169e+02 -8.261715087890625000e+02
7.092860500091221184e+03 3.605628068223595619e+02 -8.268722534179687500e+02
7.183751002888195217e+03 3.645456476826220751e+02 -8.267207641601562500e+02
7.274641531904926524e+03 3.685295233409851789e+02 -8.273247680664062500e+02
7.365532087145955302e+03 3.725144338039681315e+02 -8.306500244140625000e+02
7.456422668615472503e+03 3.765003790725022554e+02 -8.326865234375000000e+02
8.940417267591692507e+01 1.726382942162454128e+02 -1.163657226562500000e+03
1.802913604036439210e+02 1.765414987932890654e+02 -1.152411010742187500e+03
2.711785738309845328e+02 1.804457379067316651e+02 -1.143603271484375000e+03
3.620658129642251879e+02 1.843510115612298250e+02 -1.133534423828125000e+03
4.529530778080224991e+02 1.882573197605088353e+02 -1.124038696289062500e+03
5.438403683735523373e+02 1.921646625073626637e+02 -1.110563720703125000e+03
6.347276846651220694e+02 1.960730398055166006e+02 -1.096185791015625000e+03
7.256150266872718930e+02 1.999824516568332911e+02 -1.081396484375000000e+03
8.165023944510612637e+02 2.038928980678319931e+02 -1.069067504882812500e+03
9.073897879609139636e+02 2.078043790413066745e+02 -1.063440185546875000e+03
9.982772072235820815e+02 2.117168945791199803e+02 -1.059949218750000000e+03
1.089164652245817706e+03 2.156304446849972010e+02 -1.054093261718750000e+03
1.180052123031811789e+03 2.195450293635949492e+02 -1.049044921875000000e+03
1.270939619592856616e+03 2.234606486177071929e+02 -1.034849487304687500e+03
1.361827141933375970e+03 2.273773024510592222e+02 -1.028889038085937500e+03
1.452714690057910047e+03 2.312949908664450049e+02 -1.022211303710937500e+03
1.543602263977518305e+03 2.352137138694524765e+02 -1.017295288085937500e+03
1.634489863696508110e+03 2.391334714619442821e+02 -1.011940490722656250e+03
1.725377489221631549e+03 2.430542636467143893e+02 -1.003085754394531250e+03
1.816265140559640713e+03 2.469760904274880886e+02 -9.970225219726562500e+02
1.907152817714959383e+03 2.508989518098533154e+02 -9.949470214843750000e+02
1.998040520698763430e+03 2.548228477956727147e+02 -9.950232543945312500e+02
2.088928249515243806e+03 2.587477783886715770e+02 -9.945939941406250000e+02
2.179816004169057123e+03 2.626737435916438699e+02 -9.886135253906250000e+02
2.270703784671379253e+03 2.666007434083148837e+02 -9.793027343750000000e+02
2.361591591026633978e+03 2.705287778433412313e+02 -9.763984985351562500e+02
2.452479423241224140e+03 2.744578469004482031e+02 -9.650737304687500000e+02
2.543367281322134659e+03 2.783879505814984441e+02 -9.543439941406250000e+02
2.634255165273672901e+03 2.823190888902172446e+02 -9.435708007812500000e+02
2.725143075107014738e+03 2.862512618312612176e+02 -9.335130004882812500e+02
2.816031010826583952e+03 2.901844694074243307e+02 -9.237944946289062500e+02
2.906918972436804324e+03 2.941187116224318743e+02 -9.125152587890625000e+02
2.997806959948851727e+03 2.980539884790778160e+02 -9.054152221679687500e+02
3.088694973367033526e+03 3.019902999810874462e+02 -9.061402587890625000e+02
3.179583012698218226e+03 3.059276461331173778e+02 -9.084509887695312500e+02
3.270471077949041501e+03 3.098660269388929009e+02 -9.109387207031250000e+02
3.361359169125906192e+03 3.138054423993453383e+02 -9.084672851562500000e+02
3.452247286233585328e+03 3.177458925200626254e+02 -8.954699707031250000e+02
3.543135429283138365e+03 3.216873773047700524e+02 -8.884804687500000000e+02
3.634023598278872669e+03 3.256298967553302646e+02 -8.829812622070312500e+02
3.724911793225328438e+03 3.295734508754685521e+02 -8.759302978515625000e+02
3.815800014133565128e+03 3.335180396707728505e+02 -8.739212646484375000e+02
3.906688261008122936e+03 3.374636631440371275e+02 -8.680842285156250000e+02
3.997576533855637535e+03 3.414103212971240282e+02 -8.587039794921875000e+02
4.088464832682744600e+03 3.453580141346901655e+02 -8.520469970703125000e+02
4.179353157493867911e+03 3.493067416604608297e+02 -8.531282348632812500e+02
4.270241508300183341e+03 3.532565038772299886e+02 -8.496627197265625000e+02
4.361129885106114671e+03 3.572073007896542549e+02 -8.422235107421875000e+02
4.452018287916202098e+03 3.611591324005275965e+02 -8.334320068359375000e+02
4.542906716741272248e+03 3.651119987126439810e+02 -8.291419677734375000e+02
4.633795171586098149e+03 3.690658997315913439e+02 -8.255364990234375000e+02
4.724683652457315475e+03 3.730208354592323303e+02 -8.235610351562500000e+02
4.815572159361327067e+03 3.769768058992922306e+02 -8.217868652343750000e+02
4.906460692302789539e+03 3.809338110554963350e+02 -8.219849853515625000e+02
4.997349251292762347e+03 3.848918509315699339e+02 -8.153640136718750000e+02
5.088237836335785687e+03 3.888509255303069949e+02 -7.949702148437500000e+02
5.179126447436166927e+03 3.928110348563641310e+02 -7.737359619140625000e+02
5.270015084604965523e+03 3.967721789125353098e+02 -7.601757812500000000e+02
5.360903747846838087e+03 4.007343577025458217e+02 -7.475834960937500000e+02
5.451792437168420292e+03 4.046975712301209569e+02 -7.283102416992187500e+02
5.542681152576347813e+03 4.086618194980546832e+02 -7.042262573242187500e+02
5.633569894074928015e+03 4.126271025110036135e+02 -6.772365112304687500e+02
5.724458661675453186e+03 4.165934202717617154e+02 -6.450272216796875000e+02
5.815347455382114276e+03 4.205607727840542793e+02 -6.054465332031250000e+02
5.906236275199800730e+03 4.245291600516065955e+02 -5.722546386718750000e+02
5.997125121139222756e+03 4.284985820772126317e+02 -5.879227294921875000e+02
6.088013993205036968e+03 4.324690388645976782e+02 -6.235292968750000000e+02
6.178902891403762624e+03 4.364405304184183478e+02 -6.720492553710937500e+02
6.269791815742151812e+03 4.404130567414686084e+02 -7.128159790039062500e+02
6.360680766224628314e+03 4.443866178374737501e+02 -7.496950073242187500e+02
6.451569742862368003e+03 4.483612137101590633e+02 -7.740287475585937500e+02
6.542458745659794658e+03 4.523368443613871932e+02 -7.860307617187500000e+02
6.633347774623543955e+03 4.563135097967460752e+02 -7.915182495117187500e+02
6.724236829758039676e+03 4.602912100190296769e+02 -7.970392456054687500e+02
6.815125911074457690e+03 4.642699450319632888e+02 -7.989844970703125000e+02
6.906015018577221781e+03 4.682497148392722011e+02 -8.038051757812500000e+02
6.996904152272851206e+03 4.722305194437503815e+02 -8.014492187500000000e+02
7.087793312168214470e+03 4.762123588491231203e+02 -8.047507324218750000e+02
7.178682498267735355e+03 4.801952330600470304e+02 -8.080387573242187500e+02
7.269571710582473315e+03 4.841791420783847570e+02 -8.118179931640625000e+02
7.360460949116852134e+03 4.881640859087929130e+02 -8.181002197265625000e+02
7.451350213875295594e+03 4.921500645540654659e+02 -8.222287597656250000e+02
8.443824298796243966e+01 2.882853145329281688e+02 -1.154829956054687500e+03
1.753241143330233172e+02 2.921885518021881580e+02 -1.143621215820312500e+03
2.662100113730411977e+02 2.960928236171603203e+02 -1.133537963867187500e+03
3.570959341146517545e+02 2.999981299806386232e+02 -1.126077026367187500e+03
4.479818825623951852e+02 3.039044708982110023e+02 -1.107152465820312500e+03
5.388678567274473608e+02 3.078118463717401028e+02 -1.087117553710937500e+03
6.297538566139992326e+02 3.117202564040198922e+02 -1.074438232421875000e+03
7.206398822267074138e+02 3.156297010006383061e+02 -1.063952758789062500e+03
8.115259335767477751e+02 3.195401801634579897e+02 -1.052035644531250000e+03
9.024120106683112681e+02 3.234516938962042332e+02 -1.044507812500000000e+03
9.932981135083828121e+02 3.273642422026023269e+02 -1.037802490234375000e+03
1.084184242103248835e+03 3.312778250863775611e+02 -1.031516479492187500e+03
1.175070396457798779e+03 3.351924425512552261e+02 -1.024115966796875000e+03
1.265956576582742855e+03 3.391080946000292897e+02 -1.019594482421875000e+03
1.356842782482737675e+03 3.430247812364250422e+02 -1.012672973632812500e+03
1.447729014162323438e+03 3.469425024632364511e+02 -1.006378295898437500e+03
1.538615271632443182e+03 3.508612582860514522e+02 -1.000569213867187500e+03
1.629501554897637106e+03 3.547810487058013678e+02 -9.968702392578125000e+02
1.720387863964540884e+03 3.587018737280741334e+02 -9.911397705078125000e+02
1.811274198839790188e+03 3.626237333556637168e+02 -9.819197387695312500e+02
1.902160559527808800e+03 3.665466275904327631e+02 -9.786632080078125000e+02
1.993046946039889008e+03 3.704705564389005303e+02 -9.747622680664062500e+02
2.083933358380338177e+03 3.743955199029296637e+02 -9.733055419921875000e+02
2.174819796553696506e+03 3.783215179853141308e+02 -9.696117553710937500e+02
2.265706260571023449e+03 3.822485506897792220e+02 -9.663407592773437500e+02
2.356592750436626375e+03 3.861766180219128728e+02 -9.614613037109375000e+02
2.447479266157373786e+03 3.901057199826464057e+02 -9.520789794921875000e+02
2.538365807739784941e+03 3.940358565766364336e+02 -9.403122558593750000e+02
2.629252375188516453e+03 3.979670278076082468e+02 -9.282915039062500000e+02
2.720138968514511362e+03 4.018992336792871356e+02 -9.170405273437500000e+02
2.811025587722309865e+03 4.058324741935357451e+02 -9.074677734375000000e+02
2.901912232816219330e+03 4.097667493550106883e+02 -8.953962402343750000e+02
2.992798903807532042e+03 4.137020591683685780e+02 -8.846295166015625000e+02
3.083685600700555369e+03 4.176384036354720592e+02 -8.834242553710937500e+02
3.174572323502041399e+03 4.215757827600464225e+02 -8.868059692382812500e+02
3.265459072218509391e+03 4.255141965458169580e+02 -8.905407714843750000e+02
3.356345846856944263e+03 4.294536449965089560e+02 -8.923482666015625000e+02
3.447232647421536967e+03 4.333941281158477068e+02 -8.822832031250000000e+02
3.538119473923463374e+03 4.373356459056958556e+02 -8.735159912109375000e+02
3.629006326367147267e+03 4.412781983716413379e+02 -8.710070190429687500e+02
3.719893204757012427e+03 4.452217855174094439e+02 -8.623690185546875000e+02
3.810780109104351141e+03 4.491664073439314961e+02 -8.589277343750000000e+02
3.901667039413354360e+03 4.531120638567954302e+02 -8.495039672851562500e+02
3.992553995690890588e+03 4.570587550597265363e+02 -8.385924682617187500e+02
4.083440977943595499e+03 4.610064809545874596e+02 -8.321187744140625000e+02
4.174327986175776459e+03 4.649552415460348129e+02 -8.339492187500000000e+02
4.265215020398609340e+03 4.689050368377938867e+02 -8.307994995117187500e+02
4.356102080616634339e+03 4.728558668335899711e+02 -8.214274902343750000e+02
4.446989166834391654e+03 4.768077315362170339e+02 -8.161044921875000000e+02
4.537876279062707908e+03 4.807606309484690428e+02 -8.094434814453125000e+02
4.628763417306123301e+03 4.847145650750026107e+02 -8.063362426757812500e+02
4.719650581571273506e+03 4.886695339195430279e+02 -8.045864868164062500e+02
4.810537771865027025e+03 4.926255374848842621e+02 -8.032100219726562500e+02
4.901424988191574812e+03 4.965825757747516036e+02 -8.034904785156250000e+02
4.992312230562325567e+03 5.005406487928703427e+02 -7.976325073242187500e+02
5.083199498981470242e+03 5.044997565429657698e+02 -7.768249511718750000e+02
5.174086793453549035e+03 5.084598990278318524e+02 -7.561742553710937500e+02
5.264974113989621401e+03 5.124210762530565262e+02 -7.400625000000000000e+02
5.355861460594227538e+03 5.163832882186397910e+02 -7.256970214843750000e+02
5.446748833274003118e+03 5.203465349311009049e+02 -7.126952514648437500e+02
5.537636232035467401e+03 5.243108163932338357e+02 -6.932709960937500000e+02
5.628523656883276999e+03 5.282761326069012284e+02 -6.685502319335937500e+02
5.719411107828374952e+03 5.322424835776910186e+02 -6.378637695312500000e+02
5.810298584875417873e+03 5.362098693083971739e+02 -6.024157714843750000e+02
5.901186088028596714e+03 5.401782898036763072e+02 -5.970838623046875000e+02
5.992073617299203761e+03 5.441477450644597411e+02 -6.315722656250000000e+02
6.082961172691662796e+03 5.481182350972667336e+02 -6.618172607421875000e+02
6.173848754212493077e+03 5.520897599039599299e+02 -6.919509887695312500e+02
6.264736361868563108e+03 5.560623194873332977e+02 -7.201557617187500000e+02
6.355623995664296672e+03 5.600359138529747725e+02 -7.425217285156250000e+02
6.446511655610520393e+03 5.640105430027469993e+02 -7.564607543945312500e+02
6.537399341712007299e+03 5.679862069413065910e+02 -7.651279907226562500e+02
6.628287053975393064e+03 5.719629056714475155e+02 -7.688262329101562500e+02
6.719174792404985055e+03 5.759406391978263855e+02 -7.722214965820312500e+02
6.810062557011842728e+03 5.799194075223058462e+02 -7.736972656250000000e+02
6.900950347800506279e+03 5.838992106495425105e+02 -7.801676635742187500e+02
6.991838164777844213e+03 5.878800485832616687e+02 -7.811690063476562500e+02
7.082726007950259373e+03 5.918619213262572885e+02 -7.843437500000000000e+02
7.173613877322175540e+03 5.958448288831859827e+02 -7.911657714843750000e+02
7.264501772904768586e+03 5.998287712559103966e+02 -7.973682250976562500e+02
7.355389694702578709e+03 6.038137484500184655e+02 -8.049057617187500000e+02
7.446277642719913274e+03 6.077997604664415121e+02 -8.112402343750000000e+02
7.947219931578729302e+01 4.039323457013815641e+02 -1.152384277343750000e+03
1.703567542480304837e+02 4.078356156582012773e+02 -1.136334716796875000e+03
2.612413348708068952e+02 4.117399201691150665e+02 -1.124464965820312500e+03
3.521259411908686161e+02 4.156452592378482223e+02 -1.113064208984375000e+03
4.430105732125230134e+02 4.195516328671947122e+02 -1.091383544921875000e+03
5.338952309469459578e+02 4.234590410627424717e+02 -1.070098022460937500e+03
6.247799143986776471e+02 4.273674838244915009e+02 -1.059089477539062500e+03
7.156646235720254481e+02 4.312769611598923802e+02 -1.049441528320312500e+03
8.065493584781652316e+02 4.351874730698764324e+02 -1.038546508789062500e+03
8.974341191214043647e+02 4.390990195572376251e+02 -1.027422241210937500e+03
9.883189055087277666e+02 4.430116006284952164e+02 -1.021532775878906250e+03
1.079203717646538280e+03 4.469252162845805287e+02 -1.014857238769531250e+03
1.170088555539376102e+03 4.508398665301501751e+02 -1.010079467773437500e+03
1.260973419198300689e+03 4.547555513679981232e+02 -1.002667968750000000e+03
1.351858308627968654e+03 4.586722708018496633e+02 -9.966392211914062500e+02
1.442743223832570948e+03 4.625900248354300857e+02 -9.899938354492187500e+02
1.533628164823283441e+03 4.665088134724646807e+02 -9.832517700195312500e+02
1.624513131604529917e+03 4.704286367157474160e+02 -9.793989868164062500e+02
1.715398124183295295e+03 4.743494945699349046e+02 -9.756729736328125000e+02
1.806283142565749586e+03 4.782713870368897915e+02 -9.667122802734375000e+02
1.897168186756665818e+03 4.821943141212686896e+02 -9.621424560546875000e+02
1.988053256767103449e+03 4.861182758258655667e+02 -9.564155273437500000e+02
2.078938352601369843e+03 4.900432721553370357e+02 -9.527702636718750000e+02
2.169823474264121614e+03 4.939693031115457416e+02 -9.499869995117187500e+02
2.260708621766418219e+03 4.978963687000796199e+02 -9.468289794921875000e+02
2.351593795112567022e+03 5.018244689228013158e+02 -9.420652465820312500e+02
2.442478994309320115e+03 5.057536037834361196e+02 -9.332554931640625000e+02
2.533364219363429584e+03 5.096837732857093215e+02 -9.233594970703125000e+02
2.624249470279319212e+03 5.136149774333462119e+02 -9.109533691406250000e+02
2.715134747067932039e+03 5.175472162291407585e+02 -9.006637573242187500e+02
2.806020049733808264e+03 5.214804896777495742e+02 -8.895360107421875000e+02
2.896905378281604499e+03 5.254147977819666266e+02 -8.779630126953125000e+02
2.987790732722030953e+03 5.293501405445858836e+02 -8.694157714843750000e+02
3.078676113059977069e+03 5.332865179711952806e+02 -8.662992553710937500e+02
3.169561519301729277e+03 5.372239300627261400e+02 -8.673097534179687500e+02
3.260446951454272494e+03 5.411623768238350749e+02 -8.707390136718750000e+02
3.351332409523893148e+03 5.451018582591786981e+02 -8.711402587890625000e+02
3.442217893515480682e+03 5.490423743715509772e+02 -8.703170166015625000e+02
3.533103403439745307e+03 5.529839251628145576e+02 -8.615939941406250000e+02
3.623988939301460050e+03 5.569265106394886971e+02 -8.564194946289062500e+02
3.714874501104932278e+03 5.608701308025047183e+02 -8.446430053710937500e+02
3.805760088861105032e+03 5.648147856565192342e+02 -8.341470336914062500e+02
3.896645702574634925e+03 5.687604752043262124e+02 -8.314807128906250000e+02
3.987531342252274044e+03 5.727071994515135884e+02 -8.240114746093750000e+02
4.078417007900541648e+03 5.766549583990126848e+02 -8.179847412109375000e+02
4.169302699523745105e+03 5.806037520514801145e+02 -8.155195312500000000e+02
4.260188417133293115e+03 5.845535804126411676e+02 -8.124727783203125000e+02
4.351074160733493045e+03 5.885044434852898121e+02 -8.058225097656250000e+02
4.441959930328652263e+03 5.924563412740826607e+02 -7.995479736328125000e+02
4.532845725930063054e+03 5.964092737808823586e+02 -7.933870239257812500e+02
4.623731547542149201e+03 6.003632410112768412e+02 -7.872147216796875000e+02
4.714617395171662793e+03 6.043182429671287537e+02 -7.851007080078125000e+02
4.805503268825006671e+03 6.082742796521633863e+02 -7.846518554687500000e+02
4.896389168506721035e+03 6.122313510710373521e+02 -7.843037719726562500e+02
4.987275094228098169e+03 6.161894572265446186e+02 -7.770104980468750000e+02
5.078161045993445441e+03 6.201485981233417988e+02 -7.557659912109375000e+02
5.169047023807186633e+03 6.241087737614288926e+02 -7.359899902343750000e+02
5.259933027680497617e+03 6.280699841482564807e+02 -7.146962890625000000e+02
5.350819057617802173e+03 6.320322292856872082e+02 -7.032447509765625000e+02
5.441705113625619560e+03 6.359955091783776879e+02 -6.921480102539062500e+02
5.532591195710934699e+03 6.399598238272592425e+02 -6.814174804687500000e+02
5.623477303877938539e+03 6.439251732379198074e+02 -6.646889648437500000e+02
5.714363438137806952e+03 6.478915574140846729e+02 -6.435547485351562500e+02
5.805249598494963720e+03 6.518589763585478067e+02 -6.242150268554687500e+02
5.896135784953832626e+03 6.558274300750344992e+02 -6.296179809570312500e+02
5.987021997525589541e+03 6.597969185663387179e+02 -6.619235229492187500e+02
6.077908236214658245e+03 6.637674418380483985e+02 -6.811377563476562500e+02
6.168794501027790830e+03 6.677389998910948634e+02 -6.993525390625000000e+02
6.259680791971506551e+03 6.717115927319973707e+02 -7.163382568359375000e+02
6.350567109050229192e+03 6.756852203616872430e+02 -7.286992187500000000e+02
6.441453452275134623e+03 6.796598827838897705e+02 -7.395542602539062500e+02
6.532339821650646627e+03 6.836355800041928887e+02 -7.448347167968750000e+02
6.623226217183750123e+03 6.876123120244592428e+02 -7.483757324218750000e+02
6.714112638878286816e+03 6.915900788484141231e+02 -7.528220214843750000e+02
6.804999086745781824e+03 6.955688804807141423e+02 -7.557132568359375000e+02
6.895885560790542513e+03 6.995487169232219458e+02 -7.600851440429687500e+02
6.986772061019204557e+03 7.035295881805941463e+02 -7.622210083007812500e+02
7.077658587438636459e+03 7.075114942556247115e+02 -7.678682861328125000e+02
7.168545140053029172e+03 7.114944351520389318e+02 -7.739979858398437500e+02
7.259431718873674981e+03 7.154784108744934201e+02 -7.834802246093750000e+02
7.350318323904881254e+03 7.194634214257821441e+02 -7.921237182617187500e+02
7.441204955151071772e+03 7.234494668086990714e+02 -7.997380371093750000e+02
7.450604166067205369e+01 5.195793877234682441e+02 -1.141709228515625000e+03
1.653892801501788199e+02 5.234826903622597456e+02 -1.128604980468750000e+03
2.562725443257950246e+02 5.273870275635272264e+02 -1.113297729492187500e+03
3.471558341942727566e+02 5.312923993319272995e+02 -1.100151245117187500e+03
4.380391497598029673e+02 5.351988056693226099e+02 -1.076479370117187500e+03
5.289224910337943584e+02 5.391062465803697705e+02 -1.058346313476562500e+03
6.198058580205542967e+02 5.430147220678627491e+02 -1.044202270507812500e+03
7.106892507243901491e+02 5.469242321355268359e+02 -1.035023437500000000e+03
8.015726691568270326e+02 5.508347767870873213e+02 -1.026298461914062500e+03
8.924561133218230680e+02 5.547463560253381729e+02 -1.018037963867187500e+03
9.833395832264795899e+02 5.586589698549360037e+02 -1.010580505371093750e+03
1.074223078877199441e+03 5.625726182777434587e+02 -1.003687500000000000e+03
1.165106600278406404e+03 5.664873012993484735e+02 -9.951820068359375000e+02
1.255990147441392764e+03 5.704030189206823707e+02 -9.882290039062500000e+02
1.346873720370465890e+03 5.743197711473330855e+02 -9.836795043945312500e+02
1.437757319070165977e+03 5.782375579820945859e+02 -9.738206787109375000e+02
1.528640943551436067e+03 5.821563794286921620e+02 -9.688072509765625000e+02
1.619524593818932772e+03 5.860762354908511043e+02 -9.617882690429687500e+02
1.710408269879291765e+03 5.899971261704340577e+02 -9.589282226562500000e+02
1.801291971739148721e+03 5.939190514730289578e+02 -9.497554931640625000e+02
1.892175699402811006e+03 5.978420114004984498e+02 -9.443439941406250000e+02
1.983059452881570905e+03 6.017660059574991465e+02 -9.366837158203125000e+02
2.073943232179852203e+03 6.056910351468250155e+02 -9.337059936523437500e+02
2.164827037302078679e+03 6.096170989731326699e+02 -9.286577758789062500e+02
2.255710868259309791e+03 6.135441974382847548e+02 -9.261159667968750000e+02
2.346594725055969320e+03 6.174723305469378829e+02 -9.198937377929687500e+02
2.437478607698809355e+03 6.214014983018860221e+02 -9.138032226562500000e+02
2.528362516194581985e+03 6.253317007068544626e+02 -9.061512451171875000e+02
2.619246450547478162e+03 6.292629377655684948e+02 -8.925784912109375000e+02
2.710130410768790171e+03 6.331952094817534089e+02 -8.808120117187500000e+02
2.801014396863058209e+03 6.371285158582031727e+02 -8.742537841796875000e+02
2.891898408834473230e+03 6.410628568986430764e+02 -8.646672363281250000e+02
2.982782446694327518e+03 6.449982326077297330e+02 -8.564842529296875000e+02
3.073666510446928442e+03 6.489346429873257875e+02 -8.516119995117187500e+02
3.164550600099144503e+03 6.528720880420878530e+02 -8.480707397460937500e+02
3.255434715657494962e+03 6.568105677748098969e+02 -8.479212646484375000e+02
3.346318857128499076e+03 6.607500821892172098e+02 -8.496677246093750000e+02
3.437203024517046288e+03 6.646906312881037593e+02 -8.531837158203125000e+02
3.528087217833846807e+03 6.686322150761261582e+02 -8.481277465820312500e+02
3.618971437083440833e+03 6.725748335570096970e+02 -8.402779541015625000e+02
3.709855682270252146e+03 6.765184867335483432e+02 -8.264286499023437500e+02
3.800739953405689448e+03 6.804631746085360646e+02 -8.183202514648437500e+02
3.891624250493710861e+03 6.844088971875607967e+02 -8.152957763671875000e+02
3.982508573541417718e+03 6.883556544715538621e+02 -8.109437255859375000e+02
4.073392922555096447e+03 6.923034464670345187e+02 -8.016707763671875000e+02
4.164277297539636493e+03 6.962522731749340892e+02 -7.970597534179687500e+02
4.255161698505631648e+03 7.002021345999091864e+02 -7.966457519531250000e+02
4.346046125457854941e+03 7.041530307456851006e+02 -7.909382324218750000e+02
4.436930578400730155e+03 7.081049616150557995e+02 -7.834224853515625000e+02
4.527815057345433161e+03 7.120579272117465734e+02 -7.768599853515625000e+02
4.618699562296038494e+03 7.160119275394827127e+02 -7.695869750976562500e+02
4.709584093259647489e+03 7.199669626029208302e+02 -7.668955078125000000e+02
4.800468650242779404e+03 7.239230324029922485e+02 -7.636708374023437500e+02
4.891353233249741606e+03 7.278801369443535805e+02 -7.615090332031250000e+02
4.982237842291826382e+03 7.318382762325927615e+02 -7.544062500000000000e+02
5.073122477373341098e+03 7.357974502686411142e+02 -7.310407714843750000e+02
5.164007138498709537e+03 7.397576590562239289e+02 -7.053582763671875000e+02
5.254891825679223984e+03 7.437189026009291410e+02 -6.915114746093750000e+02
5.345776538919191808e+03 7.476811809046193957e+02 -6.787462158203125000e+02
5.436661278225248680e+03 7.516444939691573381e+02 -6.720437622070312500e+02
5.527546043604263104e+03 7.556088418029248714e+02 -6.639282226562500000e+02
5.618430835060542449e+03 7.595742244040593505e+02 -6.536795043945312500e+02
5.709315652604913339e+03 7.635406417800113559e+02 -6.427299804687500000e+02
5.800200496242381632e+03 7.675080939335748553e+02 -6.429024658203125000e+02
5.891085365976905450e+03 7.714765808666124940e+02 -6.579348144531250000e+02
5.981970261819893494e+03 7.754461025837808847e+02 -6.718797607421875000e+02
6.072855183775769547e+03 7.794166590878739953e+02 -6.835512695312500000e+02
6.163740131850820035e+03 7.833882503835484385e+02 -6.938212890625000000e+02
6.254625106052262709e+03 7.873608764745295048e+02 -7.040524902343750000e+02
6.345510106384172104e+03 7.913345373626798391e+02 -7.109599609375000000e+02
6.436395132857840508e+03 7.953092330535873771e+02 -7.186915283203125000e+02
6.527280185477458872e+03 7.992849635500460863e+02 -7.243775024414062500e+02
6.618165264250012115e+03 8.032617288548499346e+02 -7.292307739257812500e+02
6.709050369179691188e+03 8.072395289717242122e+02 -7.324357910156250000e+02
6.799935500277788378e+03 8.112183639043942094e+02 -7.371839599609375000e+02
6.890820657548494637e+03 8.151982336565852165e+02 -7.418443603515625000e+02
6.981705840998794883e+03 8.191791382329538465e+02 -7.459094848632812500e+02
7.072591050635208376e+03 8.231610776344314218e+02 -7.532454833984375000e+02
7.163476286462158896e+03 8.271440518666058779e+02 -7.611159667968750000e+02
7.254361548490705900e+03 8.311280609332025051e+02 -7.685027465820312500e+02
7.345246836725389585e+03 8.351131048370152712e+02 -7.749772338867187500e+02
7.436132151170517318e+03 8.390991835808381438e+02 -7.827732543945312500e+02
6.953977002447936684e+01 6.352264405973255634e+02 -1.135547973632812500e+03
1.604216920412145555e+02 6.391297759143635631e+02 -1.122667236328125000e+03
2.513036397396354005e+02 6.430341458003968000e+02 -1.104179687500000000e+03
3.421856131264939904e+02 6.469395502628758550e+02 -1.085824707031250000e+03
4.330676122059812769e+02 6.508459893036633730e+02 -1.066298950195312500e+03
5.239496369895059615e+02 6.547534629246219993e+02 -1.047068481445312500e+03
6.148316874811425805e+02 6.586619711322709918e+02 -1.036249511718750000e+03
7.057137636858969927e+02 6.625715139275416732e+02 -1.025987792968750000e+03
7.965958656143629923e+02 6.664820913160219789e+02 -1.017694763183593750e+03
8.874779932711971924e+02 6.703937032995745540e+02 -1.007848266601562500e+03
9.783601466631516814e+02 6.743063498809933662e+02 -9.986722412109375000e+02
1.069242325796512887e+03 6.782200310667976737e+02 -9.902247314453125000e+02
1.160124530676286668e+03 6.821347468579187989e+02 -9.834749755859375000e+02
1.251006761313183233e+03 6.860504972590133548e+02 -9.766602783203125000e+02
1.341889017711859196e+03 6.899672822738066316e+02 -9.683880004882812500e+02
1.432771299876621924e+03 6.938851019032299519e+02 -9.585563354492187500e+02
1.523653607818647288e+03 6.978039561547338963e+02 -9.489580078125000000e+02
1.614535941542359069e+03 7.017238450292497873e+02 -9.445892333984375000e+02
1.705418301054392941e+03 7.056447685305029154e+02 -9.394757080078125000e+02
1.796300686361500993e+03 7.095667266631498933e+02 -9.334570312500000000e+02
1.887183097467990592e+03 7.134897194290533662e+02 -9.247965087890625000e+02
1.978065534385154024e+03 7.174137468328699470e+02 -9.167755126953125000e+02
2.068947997117415071e+03 7.213388088783249259e+02 -9.146594848632812500e+02
2.159830485668964684e+03 7.252649055672809482e+02 -9.113767700195312500e+02
2.250713000051211566e+03 7.291920369043946266e+02 -9.055219726562500000e+02
2.341595540268346667e+03 7.331202028943225741e+02 -8.987319946289062500e+02
2.432478106327354908e+03 7.370494035389274359e+02 -8.932887573242187500e+02
2.523360698234755546e+03 7.409796388410031796e+02 -8.873489990234375000e+02
2.614243315994739532e+03 7.449109088061377406e+02 -8.764693603515625000e+02
2.705125959618715569e+03 7.488432134371250868e+02 -8.649409790039062500e+02
2.796008629111340269e+03 7.527765527358278632e+02 -8.591364746093750000e+02
2.886891324476455338e+03 7.567109267087653279e+02 -8.511929931640625000e+02
2.977774045725585893e+03 7.606463353578001261e+02 -8.434262695312500000e+02
3.068656792863039300e+03 7.645827786857262254e+02 -8.391387329101562500e+02
3.159539565895567648e+03 7.685202566972002387e+02 -8.342935180664062500e+02
3.250422364829806611e+03 7.724587693950161338e+02 -8.298097534179687500e+02
3.341305189672275446e+03 7.763983167838305235e+02 -8.302755126953125000e+02
3.432188040427630767e+03 7.803388988655060530e+02 -8.308909912109375000e+02
3.523070917106932029e+03 7.842805156446993351e+02 -8.291467285156250000e+02
3.613953819714486599e+03 7.882231671242043376e+02 -8.190837402343750000e+02
3.704836748254951090e+03 7.921668533086776733e+02 -8.062064819335937500e+02
3.795719702739268541e+03 7.961115742018446326e+02 -7.998537597656250000e+02
3.886602683171862736e+03 8.000573298046365380e+02 -7.978420410156250000e+02
3.977485689559718594e+03 8.040041201226413250e+02 -7.913129882812500000e+02
4.068368721909006126e+03 8.079519451595842838e+02 -7.827094726562500000e+02
4.159251780224498361e+03 8.119008049182593822e+02 -7.806934814453125000e+02
4.250134864517254755e+03 8.158506994014605880e+02 -7.780919799804687500e+02
4.341017974791582674e+03 8.198016286147758365e+02 -7.734242553710937500e+02
4.431901111052138731e+03 8.237535925591364503e+02 -7.668820190429687500e+02
4.522784273309865966e+03 8.277065912410616875e+02 -7.579685058593750000e+02
4.613667461569304578e+03 8.316606246614828706e+02 -7.490004882812500000e+02
4.704550675837090239e+03 8.356156928250566125e+02 -7.459132080078125000e+02
4.795433916119858623e+03 8.395717957355082035e+02 -7.406348266601562500e+02
4.886317182422033511e+03 8.435289333956316113e+02 -7.356082763671875000e+02
4.977200474754674360e+03 8.474871058100834489e+02 -7.300465087890625000e+02
5.068083793122554198e+03 8.514463129816576838e+02 -7.161154785156250000e+02
5.158967137529631145e+03 8.554065549122169614e+02 -6.839232177734375000e+02
5.249850507987430319e+03 8.593678316092118621e+02 -6.659922485351562500e+02
5.340733904500026256e+03 8.633301430726423860e+02 -6.533917236328125000e+02
5.431617327074403875e+03 8.672934893080964684e+02 -6.493497314453125000e+02
5.522500775717082433e+03 8.712578703183680773e+02 -6.445047607421875000e+02
5.613384250432485715e+03 8.752232861062511802e+02 -6.357385253906250000e+02
5.704267751231789589e+03 8.791897366764023900e+02 -6.395792236328125000e+02
5.795151278119301423e+03 8.831572220316156745e+02 -6.447700195312500000e+02
5.886034831099677831e+03 8.871257421765476465e+02 -6.534639892578125000e+02
5.976918410183861852e+03 8.910952971139922738e+02 -6.654790039062500000e+02
6.067802015376277268e+03 8.950658868467435241e+02 -6.718724975585937500e+02
6.158685646683676168e+03 8.990375113794580102e+02 -6.776157226562500000e+02
6.249569304112577811e+03 9.030101707158610225e+02 -6.841074829101562500e+02
6.340452987667638808e+03 9.069838648578152061e+02 -6.898494873046875000e+02
6.431336697360035032e+03 9.109585938109084964e+02 -6.952842407226562500e+02
6.522220433193724602e+03 9.149343575779348612e+02 -7.038389892578125000e+02
6.613104195175925270e+03 9.189111561607569456e+02 -7.072357177734375000e+02
6.703987983310711570e+03 9.228889895658940077e+02 -7.128674926757812500e+02
6.794871797609375790e+03 9.268678577961400151e+02 -7.151459960937500000e+02
6.885755638076225296e+03 9.308477608524262905e+02 -7.217788085937500000e+02
6.976639504718128592e+03 9.348286987412720919e+02 -7.275939941406250000e+02
7.067523397541488521e+03 9.388106714664027095e+02 -7.349052734375000000e+02
7.158407316550961696e+03 9.427936790278181434e+02 -7.429652709960937500e+02
7.249291261757491156e+03 9.467777214329689741e+02 -7.506472167968750000e+02
7.340175233165617101e+03 9.507627986837178469e+02 -7.554127197265625000e+02
7.431059230779763311e+03 9.547489107837900519e+02 -7.579462890625000000e+02
6.457338440860621631e+01 7.508735043266788125e+02 -1.114307250976562500e+03
1.554539899227675050e+02 7.547768723145127296e+02 -1.110772460937500000e+03
2.463346211139578372e+02 7.586812748825177550e+02 -1.098085205078125000e+03
3.372152779891621321e+02 7.625867120325565338e+02 -1.079634765625000000e+03
4.280959605525713414e+02 7.664931837702170014e+02 -1.058502197265625000e+03
5.189766688155941665e+02 7.704006900982931256e+02 -1.040808715820312500e+03
6.098574027824215591e+02 7.743092310195788741e+02 -1.026735229492187500e+03
7.007381624577101320e+02 7.782188065377995372e+02 -1.014074218750000000e+03
7.916189478524029255e+02 7.821294166576117277e+02 -1.004445251464843750e+03
8.824997589709237218e+02 7.860410613808780909e+02 -9.957755126953125000e+02
9.733805958202574402e+02 7.899537407113239169e+02 -9.888352661132812500e+02
1.064261458406690508e+03 7.938674546536058187e+02 -9.789652099609375000e+02
1.155142346734763123e+03 7.977822032105177641e+02 -9.699827880859375000e+02
1.246023260815767571e+03 8.016979863848537207e+02 -9.623827514648437500e+02
1.336904200653894804e+03 8.056148041812703013e+02 -9.570019531250000000e+02
1.427785166253801435e+03 8.095326566025614738e+02 -9.452141723632812500e+02
1.518666157626314089e+03 8.134515436524525285e+02 -9.347180175781250000e+02
1.609547174776205793e+03 8.173714653346687555e+02 -9.261247558593750000e+02
1.700428217710112222e+03 8.212924216520041227e+02 -9.205335083007812500e+02
1.791309286434436217e+03 8.252144126091152430e+02 -9.137462158203125000e+02
1.882190380953834392e+03 8.291374382087960839e+02 -9.077607421875000000e+02
1.973071501279366203e+03 8.330614984538406134e+02 -8.992307739257812500e+02
2.063952647415455431e+03 8.369865933479741216e+02 -8.950872802734375000e+02
2.154833819366525859e+03 8.409127228967845440e+02 -8.905155029296875000e+02
2.245715017143869773e+03 8.448398871012032032e+02 -8.832202148437500000e+02
2.336596240751678124e+03 8.487680859658867121e+02 -8.789067382812500000e+02
2.427477490196703002e+03 8.526973194945603609e+02 -8.738922119140625000e+02
2.518358765485696495e+03 8.566275876900181174e+02 -8.684605102539062500e+02
2.609240066622849554e+03 8.605588905559852719e+02 -8.600008544921875000e+02
2.700121393619570881e+03 8.644912280961871147e+02 -8.497009887695312500e+02
2.791002746480284259e+03 8.684246003134176135e+02 -8.434785156250000000e+02
2.881884125209180638e+03 8.723590072123333812e+02 -8.369500122070312500e+02
2.972765529817668721e+03 8.762944487957283854e+02 -8.299959716796875000e+02
3.063646960309939459e+03 8.802309250673279166e+02 -8.256777343750000000e+02
3.154528416692861356e+03 8.841684360299259424e+02 -8.196647338867187500e+02
3.245409898972953670e+03 8.881069816891103983e+02 -8.168880004882812500e+02
3.336291407156968489e+03 8.920465620458126068e+02 -8.142075195312500000e+02
3.427172941249213181e+03 8.959871771046891809e+02 -8.129760131835937500e+02
3.518054501260863617e+03 8.999288268703967333e+02 -8.100032348632812500e+02
3.608936087196576409e+03 9.038715113447979093e+02 -8.028427734375000000e+02
3.699817699060542509e+03 9.078152305316179991e+02 -7.915400390625000000e+02
3.790699336863821372e+03 9.117599844345822930e+02 -7.796497802734375000e+02
3.881581000611069612e+03 9.157057730583474040e+02 -7.772632446289062500e+02
3.972462690308922902e+03 9.196525964047759771e+02 -7.735169677734375000e+02
4.063344405963784084e+03 9.236004544775933027e+02 -7.666252441406250000e+02
4.154226147580426186e+03 9.275493472814559937e+02 -7.625007324218750000e+02
4.245107915169792250e+03 9.314992748182266951e+02 -7.590675048828125000e+02
4.335989708736306056e+03 9.354502370934933424e+02 -7.549192504882812500e+02
4.426871528284624219e+03 9.394022341091185808e+02 -7.468602294921875000e+02
4.517753373825456947e+03 9.433552658697590232e+02 -7.366232910156250000e+02
4.608635245363577269e+03 9.473093323782086372e+02 -7.274055175781250000e+02
4.699517142905504443e+03 9.512644336372613907e+02 -7.235227661132812500e+02
4.790399066457990557e+03 9.552205696525052190e+02 -7.170401611328125000e+02
4.881281016025459394e+03 9.591777404258027673e+02 -7.110997314453125000e+02
4.972162991618853994e+03 9.631359459608793259e+02 -7.065617675781250000e+02
5.063044993242830969e+03 9.670951862623915076e+02 -6.988527832031250000e+02
5.153927020901814103e+03 9.710554613322019577e+02 -6.677059936523437500e+02
5.244809074606746435e+03 9.750167711758986115e+02 -6.434722900390625000e+02
5.335691154362168163e+03 9.789791157934814692e+02 -6.347542114257812500e+02
5.426573260174598545e+03 9.829424951933324337e+02 -6.290327758789062500e+02
5.517455392051022500e+03 9.869069093754515052e+02 -6.274367675781250000e+02
5.608337549995747395e+03 9.908723583444952965e+02 -6.256149902343750000e+02
5.699219734019599855e+03 9.948388421041890979e+02 -6.272047729492187500e+02
5.790101944127469324e+03 9.988063606573268771e+02 -6.305697631835937500e+02
5.880984180323546752e+03 1.002774914007633924e+03 -6.373049926757812500e+02
5.971866442618891597e+03 1.006744502159766853e+03 -6.488137207031250000e+02
6.062748731018044055e+03 1.010715125116519630e+03 -6.559872436523437500e+02
6.153631045527523383e+03 1.014686782880686224e+03 -6.606097412109375000e+02
6.244513386154314503e+03 1.018659475456923246e+03 -6.653427734375000000e+02
6.335395752902608365e+03 1.022633202848024666e+03 -6.695987548828125000e+02
6.426278145783464424e+03 1.026607965057715774e+03 -6.759934692382812500e+02
6.517160564801422879e+03 1.030583762090653181e+03 -6.811727294921875000e+02
6.608043009963235818e+03 1.034560593947768211e+03 -6.878460083007812500e+02
6.698925481273210607e+03 1.038538460634648800e+03 -6.915002441406250000e+02
6.789807978742523119e+03 1.042517362155020237e+03 -6.942757568359375000e+02
6.880690502375364304e+03 1.046497298512607813e+03 -6.991516723632812500e+02
6.971573052178835496e+03 1.050478269708342850e+03 -7.076784667968750000e+02
7.062455628159223124e+03 1.054460275748744607e+03 -7.168665161132812500e+02
7.153338230321183801e+03 1.058443316636607051e+03 -7.239849853515625000e+02
7.244220858675660565e+03 1.062427392374724150e+03 -7.299502563476562500e+02
7.335103513227310032e+03 1.066412502966821194e+03 -7.307224731445312500e+02
7.425986193980323151e+03 1.070398648416623473e+03 -7.246447753906250000e+02
5.960688481503166258e+01 8.665205789068713784e+02 -1.095481201171875000e+03
1.504861737962346524e+02 8.704239795627072453e+02 -1.087200927734375000e+03
2.413654884503921494e+02 8.743284148043021560e+02 -1.082352050781250000e+03
3.322448287839069963e+02 8.782338846400380135e+02 -1.070853637695312500e+03
4.231241948015522212e+02 8.821403890689834952e+02 -1.053499023437500000e+03
5.140035865139216185e+02 8.860479280985891819e+02 -1.029725585937500000e+03
6.048830039259046316e+02 8.899565017279237509e+02 -1.015778320312500000e+03
6.957624470416922122e+02 8.938661099644377828e+02 -1.003032653808593750e+03
7.866419158726930618e+02 8.977767528099939227e+02 -9.899783325195312500e+02
8.775214104230981320e+02 9.016884302683174610e+02 -9.806756591796875000e+02
9.684009306996595114e+02 9.056011423412710428e+02 -9.704241943359375000e+02
1.059280476708896458e+03 9.095148890353739262e+02 -9.601040039062500000e+02
1.150160048455465585e+03 9.134296703524887562e+02 -9.544868164062500000e+02
1.241039645950426348e+03 9.173454862963408232e+02 -9.457645263671875000e+02
1.331919269198086113e+03 9.212623368687927723e+02 -9.377194824218750000e+02
1.422798918203101493e+03 9.251802220763638616e+02 -9.268975830078125000e+02
1.513678592976415530e+03 9.290991419199854136e+02 -9.144906616210937500e+02
1.604558293522568420e+03 9.330190964052453637e+02 -9.039005126953125000e+02
1.695438019848079421e+03 9.369400855330750346e+02 -8.940538330078125000e+02
1.786317771959817037e+03 9.408621093090623617e+02 -8.880319824218750000e+02
1.877197549861972220e+03 9.447851677360013127e+02 -8.821966552734375000e+02
1.968077353565953672e+03 9.487092608185485005e+02 -8.766658325195312500e+02
2.058957183075952344e+03 9.526343885576352477e+02 -8.723073730468750000e+02
2.149837038396508433e+03 9.565605509597808123e+02 -8.672861938476562500e+02
2.240716919538797811e+03 9.604877480268478394e+02 -8.631697998046875000e+02
2.331596826507244259e+03 9.644159797616302967e+02 -8.560768432617187500e+02
2.422476759308250621e+03 9.683452461678534746e+02 -8.503146972656250000e+02
2.513356717948918231e+03 9.722755472501739860e+02 -8.453636474609375000e+02
2.604236702433321625e+03 9.762068830123171210e+02 -8.397084350585937500e+02
2.695116712772869505e+03 9.801392534570768476e+02 -8.321003417968750000e+02
2.785996748971752822e+03 9.840726585872471333e+02 -8.240483398437500000e+02
2.876876811034511775e+03 9.880070984074845910e+02 -8.184891357421875000e+02
2.967756898972205818e+03 9.919425729205831885e+02 -8.120789794921875000e+02
3.058637012789375149e+03 9.958790821302682161e+02 -8.053096923828125000e+02
3.149517152492655441e+03 9.998166260402649641e+02 -8.002251586914062500e+02
3.240397318088682368e+03 1.003755204653367400e+03 -7.957448120117187500e+02
3.331277509583975188e+03 1.007694817974232137e+03 -7.934053344726562500e+02
3.422157726983306929e+03 1.011635466005653143e+03 -7.899141845703125000e+02
3.513037970297504216e+03 1.015577148751355708e+03 -7.864781494140625000e+02
3.603918239531107247e+03 1.019519866214133799e+03 -7.821306762695312500e+02
3.694798534688539803e+03 1.023463618399575353e+03 -7.719116821289062500e+02
3.785678855780977756e+03 1.027408405308611691e+03 -7.622991943359375000e+02
3.876559202812844887e+03 1.031354226945899427e+03 -7.561619873046875000e+02
3.967439575790660456e+03 1.035301083315163851e+03 -7.523481445312500000e+02
4.058319974721292965e+03 1.039248974420130253e+03 -7.473223266601562500e+02
4.149200399609049782e+03 1.043197900262661278e+03 -7.411530151367187500e+02
4.240080850465106778e+03 1.047147860848344862e+03 -7.361508178710937500e+02
4.330961327293887734e+03 1.051098856180906296e+03 -7.297623291015625000e+02
4.421841830099700019e+03 1.055050886262208223e+03 -7.216119995117187500e+02
4.512722358893719502e+03 1.059003951095975935e+03 -7.116766357421875000e+02
4.603602913680602796e+03 1.062958050685934722e+03 -7.014458007812500000e+02
4.694483494466752745e+03 1.066913185036741197e+03 -6.956140136718750000e+02
4.785364101258921437e+03 1.070869354151189327e+03 -6.874628906250000000e+02
4.876244734061532654e+03 1.074826558031141758e+03 -6.806181640625000000e+02
4.967125392885762267e+03 1.078784796684049070e+03 -6.768115234375000000e+02
5.058006077735917643e+03 1.082744070108979940e+03 -6.735599975585937500e+02
5.148886788616655394e+03 1.086704378312453628e+03 -6.473713378906250000e+02
5.239767525538802147e+03 1.090665721297264099e+03 -6.163653564453125000e+02
5.330648288507014513e+03 1.094628099066205323e+03 -6.102106933593750000e+02
5.421529077527811751e+03 1.098591511623933911e+03 -6.095603027343750000e+02
5.512409892607945949e+03 1.102555958973243833e+03 -6.085238037109375000e+02
5.603290733751840889e+03 1.106521441116929054e+03 -6.029470214843750000e+02
5.694171600970556028e+03 1.110487958061508834e+03 -6.049406738281250000e+02
5.785052494268631563e+03 1.114455509806983173e+03 -6.082246704101562500e+02
5.875933413650374860e+03 1.118424096358008683e+03 -6.159933471679687500e+02
5.966814359126845375e+03 1.122393717720173299e+03 -6.253302001953125000e+02
6.057695330702699721e+03 1.126364373893477023e+03 -6.316876831054687500e+02
6.148576328384573571e+03 1.130336064885370433e+03 -6.337591552734375000e+02
6.239457352178986184e+03 1.134308790695853531e+03 -6.376056518554687500e+02
6.330338402090361342e+03 1.138282551330514252e+03 -6.418225097656250000e+02
6.421219478129991330e+03 1.142257346792146564e+03 -6.471174926757812500e+02
6.512100580302183516e+03 1.146233177085407078e+03 -6.527515258789062500e+02
6.602981708613689989e+03 1.150210042212158442e+03 -6.600141601562500000e+02
6.693862863068701699e+03 1.154187942176125944e+03 -6.636496582031250000e+02
6.784744043678510934e+03 1.158166876981966197e+03 -6.695058593750000000e+02
6.875625250447657891e+03 1.162146846633404493e+03 -6.729664306640625000e+02
6.966506483382545412e+03 1.166127851132303476e+03 -6.819676513671875000e+02
7.057387742490042001e+03 1.170109890484251082e+03 -6.917415161132812500e+02
7.148269027774455026e+03 1.174092964691109955e+03 -6.922979736328125000e+02
7.239150339247193187e+03 1.178077073756605387e+03 -6.914431762695312500e+02
7.330031676912214607e+03 1.182062217685393989e+03 -6.950234375000000000e+02
7.420913040774175897e+03 1.186048396480269730e+03 -6.940562744140625000e+02
5.464027124491985887e+01 9.821676643416285515e+02 -1.068566528320312500e+03
1.455182436634786427e+02 9.860710976580157876e+02 -1.060169555664062500e+03
2.363962417504517362e+02 9.899755655704066157e+02 -1.055988281250000000e+03
3.272742655123583972e+02 9.938810680843889713e+02 -1.054959960937500000e+03
4.181523149538552389e+02 9.977876052008941770e+02 -1.047510131835937500e+03
5.090303900858853012e+02 1.001695176924578846e+03 -1.025523437500000000e+03
5.999084909129887819e+02 1.005603783259168267e+03 -1.006797485351562500e+03
6.907866174394730479e+02 1.009513424208387733e+03 -9.927462768554687500e+02
7.816647696767468005e+02 1.013424099775031209e+03 -9.791237792968750000e+02
8.725429476287681609e+02 1.017335809962823987e+03 -9.692517089843750000e+02
9.634211513027548790e+02 1.021248554773628712e+03 -9.553082275390625000e+02
1.054299380704993382e+03 1.025162334213964641e+03 -9.457521972656250000e+02
1.145177635839907452e+03 1.029077148285694420e+03 -9.350314941406250000e+02
1.236055916718905792e+03 1.032992996992543340e+03 -9.250075073242187500e+02
1.326934223346179351e+03 1.036909880337305367e+03 -9.124400024414062500e+02
1.417812555726268329e+03 1.040827798324637115e+03 -9.007491455078125000e+02
1.508690913870232180e+03 1.044746750957332551e+03 -8.897247314453125000e+02
1.599569297782611102e+03 1.048666738240048289e+03 -8.826037597656250000e+02
1.690447707469807938e+03 1.052587760174646974e+03 -8.715084838867187500e+02
1.781326142938807607e+03 1.056509816764853895e+03 -8.628777465820312500e+02
1.872204604193917476e+03 1.060432908014394343e+03 -8.564442138671875000e+02
1.963083091246197000e+03 1.064357033926993608e+03 -8.553707275390625000e+02
2.053961604100186378e+03 1.068282194507308304e+03 -8.488777465820312500e+02
2.144840142760309391e+03 1.072208389756269753e+03 -8.446264648437500000e+02
2.235718707237625495e+03 1.076135619679465890e+03 -8.410194702148437500e+02
2.326597297536558472e+03 1.080063884279690683e+03 -8.365524902343750000e+02
2.417475913663860410e+03 1.083993183559738100e+03 -8.272130126953125000e+02
2.508354555626166984e+03 1.087923517525196075e+03 -8.209102783203125000e+02
2.599233223427785560e+03 1.091854886177927256e+03 -8.154815063476562500e+02
2.690111917079892009e+03 1.095787289520725608e+03 -8.086312255859375000e+02
2.780990636587142944e+03 1.099720727559179068e+03 -8.033385009765625000e+02
2.871869381953729317e+03 1.103655200294218957e+03 -7.963569946289062500e+02
2.962748153190826997e+03 1.107590707732364535e+03 -7.884262695312500000e+02
3.053626950302743353e+03 1.111527249875478446e+03 -7.812695312500000000e+02
3.144505773296346888e+03 1.115464826726354659e+03 -7.728657226562500000e+02
3.235384622178273275e+03 1.119403438289649785e+03 -7.684607543945312500e+02
3.326263496955158189e+03 1.123343084569089115e+03 -7.659100341796875000e+02
3.417142397631425411e+03 1.127283765567466617e+03 -7.622999877929687500e+02
3.508021324218250811e+03 1.131225481287576258e+03 -7.592255249023437500e+02
3.598900276719825342e+03 1.135168231735005975e+03 -7.563670043945312500e+02
3.689779255140805617e+03 1.139112016912549734e+03 -7.504080200195312500e+02
3.780658259492367506e+03 1.143056836822070181e+03 -7.422077636718750000e+02
3.871537289778701961e+03 1.147002691468223929e+03 -7.344362792968750000e+02
3.962416346006793901e+03 1.150949580855667591e+03 -7.304495239257812500e+02
4.053295428182929754e+03 1.154897504987195134e+03 -7.268764648437500000e+02
4.144174536311766133e+03 1.158846463864669204e+03 -7.211377563476562500e+02
4.235053670404478908e+03 1.162796457493677735e+03 -7.134710083007812500e+02
4.325932830465375446e+03 1.166747485877014697e+03 -7.052464599609375000e+02
4.416812016498995945e+03 1.170699549018405378e+03 -6.972227783203125000e+02
4.507691228516283445e+03 1.174652646921575069e+03 -6.854922485351562500e+02
4.598570466521778144e+03 1.178606779588386416e+03 -6.757924804687500000e+02
4.689449730522232130e+03 1.182561947024427354e+03 -6.667242431640625000e+02
4.780329020524164662e+03 1.186518149232491851e+03 -6.571021728515625000e+02
4.871208336531883106e+03 1.190475386216305196e+03 -6.502680053710937500e+02
4.962087678556796163e+03 1.194433657978661358e+03 -6.465302734375000000e+02
5.052967046603327617e+03 1.198392964524216950e+03 -6.442349853515625000e+02
5.143846440675668418e+03 1.202353305855765939e+03 -6.159550170898437500e+02
5.234725860785110854e+03 1.206314681976102293e+03 -5.873619995117187500e+02
5.325605306936078705e+03 1.210277092889882624e+03 -5.800747070312500000e+02
5.416484779135207646e+03 1.214240538600832224e+03 -5.825310058593750000e+02
5.507364277389133349e+03 1.218205019111745059e+03 -5.793645019531250000e+02
5.598243801702279598e+03 1.222170534427277744e+03 -5.771792602539062500e+02
5.689123352085705847e+03 1.226137084549292922e+03 -5.824849853515625000e+02
5.780002928544068709e+03 1.230104669482447207e+03 -5.884434814453125000e+02
5.870882531081559137e+03 1.234073289229534566e+03 -5.945570068359375000e+02
5.961762159709353000e+03 1.238042943795211613e+03 -5.998972778320312500e+02
6.052641814431874081e+03 1.242013633181340992e+03 -6.021035156250000000e+02
6.143521495255990885e+03 1.245985357393510640e+03 -6.040855102539062500e+02
6.234401202188106254e+03 1.249958116433583200e+03 -6.082554931640625000e+02
6.325280935232760385e+03 1.253931910307146609e+03 -6.128042602539062500e+02
6.416160694401012734e+03 1.257906739015132189e+03 -6.175560302734375000e+02
6.507040479697403498e+03 1.261882602562196553e+03 -6.240214843750000000e+02
6.597920291128451936e+03 1.265859500952996314e+03 -6.319637451171875000e+02
6.688800128698814660e+03 1.269837434189394116e+03 -6.300834960937500000e+02
6.779679992419201881e+03 1.273816402275115252e+03 -6.289050292968750000e+02
6.870559882294386625e+03 1.277796405215747654e+03 -6.420726318359375000e+02
6.961439798331004567e+03 1.281777443012222648e+03 -6.582137451171875000e+02
7.052319740535574965e+03 1.285759515669196844e+03 -6.669916992187500000e+02
7.143199708912521601e+03 1.289742623190395534e+03 -6.757480468750000000e+02
7.234079703473253176e+03 1.293726765579544008e+03 -6.533782958984375000e+02
7.324959724221844226e+03 1.297711942840367556e+03 -6.530726318359375000e+02
7.415839771162718534e+03 1.301698154974728823e+03 -6.486285400390625000e+02
4.967354370024986565e+01 1.097814760629087687e+03 -1.046950439453125000e+03
1.405501995261292905e+02 1.101718226602301002e+03 -1.041833251953125000e+03
2.314268810157664120e+02 1.105622727179899812e+03 -1.037144287109375000e+03
3.223035881762625650e+02 1.109528262366540730e+03 -1.037634521484375000e+03
4.131803210116922855e+02 1.113434832165017724e+03 -1.031052734375000000e+03
5.040570795333478600e+02 1.117342436579987407e+03 -1.017346984863281250e+03
5.949338637455366552e+02 1.121251075612381101e+03 -1.001048461914062500e+03
6.858106736526824534e+02 1.125160749268718064e+03 -9.852422485351562500e+02
7.766875092661939561e+02 1.129071457551792264e+03 -9.681984863281250000e+02
8.675643705900292844e+02 1.132983200462535024e+03 -9.554897460937500000e+02
9.584412576312897727e+02 1.136895978007465601e+03 -9.398657226562500000e+02
1.049318170396378264e+03 1.140809790189377964e+03 -9.263845214843750000e+02
1.140195108889834955e+03 1.144724637010134757e+03 -9.160849609375000000e+02
1.231072073122835718e+03 1.148640518475323915e+03 -9.039714965820312500e+02
1.321949063099687919e+03 1.152557434586808085e+03 -8.939927368164062500e+02
1.412826078824931756e+03 1.156475385349243879e+03 -8.795261840820312500e+02
1.503703120309626684e+03 1.160394370765425265e+03 -8.693759765625000000e+02
1.594580187558080070e+03 1.164314390840008855e+03 -8.608022460937500000e+02
1.685457280577160418e+03 1.168235445574857295e+03 -8.511445312500000000e+02
1.776334399373503402e+03 1.172157534974627197e+03 -8.432680053710937500e+02
1.867211543951532803e+03 1.176080659042112529e+03 -8.380595092773437500e+02
1.958088714322308078e+03 1.180004817781038582e+03 -8.357779541015625000e+02
2.048965910490253009e+03 1.183930011195130646e+03 -8.326737670898437500e+02
2.139843132459791377e+03 1.187856239287182689e+03 -8.291939697265625000e+02
2.230720380242215469e+03 1.191783502061851323e+03 -8.227332763671875000e+02
2.321597653841716237e+03 1.195711799521930516e+03 -8.171300048828125000e+02
2.412474953265162185e+03 1.199641131671145558e+03 -8.092739868164062500e+02
2.503352278518956155e+03 1.203571498512290418e+03 -7.989977416992187500e+02
2.594229629607871175e+03 1.207502900050953031e+03 -7.939042968750000000e+02
2.685107006542850286e+03 1.211435336287133396e+03 -7.899107666015625000e+02
2.775984409328317270e+03 1.215368807227350771e+03 -7.841337890625000000e+02
2.866861837968579493e+03 1.219303312874399126e+03 -7.774112548828125000e+02
2.957739292475045659e+03 1.223238853232003748e+03 -7.698417358398437500e+02
3.048616772851906717e+03 1.227175428302027285e+03 -7.644475097656250000e+02
3.139494279105914757e+03 1.231113038090057671e+03 -7.547617187500000000e+02
3.230371811243938282e+03 1.235051682597957551e+03 -7.483397216796875000e+02
3.321249369272263721e+03 1.238991361830383539e+03 -7.435520019531250000e+02
3.412126953195314854e+03 1.242932075789198279e+03 -7.399254760742187500e+02
3.503004563024616800e+03 1.246873824480921030e+03 -7.356722412109375000e+02
3.593882198764244094e+03 1.250816607907414436e+03 -7.328702392578125000e+02
3.684759860418969765e+03 1.254760426070541143e+03 -7.305770263671875000e+02
3.775637547999504022e+03 1.258705278975889087e+03 -7.256297607421875000e+02
3.866515261510503478e+03 1.262651166626252234e+03 -7.194532470703125000e+02
3.957393000958603807e+03 1.266598089027218521e+03 -7.144457397460937500e+02
4.048270766350440681e+03 1.270546046178787947e+03 -7.097532348632812500e+02
4.139148557690437883e+03 1.274495038086548448e+03 -7.038724975585937500e+02
4.230026374989887699e+03 1.278445064752362669e+03 -6.958712768554687500e+02
4.320904218252981082e+03 1.282396126182749867e+03 -6.848557739257812500e+02
4.411782087484141812e+03 1.286348222378641367e+03 -6.765157470703125000e+02
4.502659982694778591e+03 1.290301353344693780e+03 -6.646400146484375000e+02
4.593537903888965957e+03 1.294255519084632397e+03 -6.534630126953125000e+02
4.684415851073572412e+03 1.298210719600319862e+03 -6.438449707031250000e+02
4.775293824255233631e+03 1.302166954897344112e+03 -6.342045288085937500e+02
4.866171823438373394e+03 1.306124224977567792e+03 -6.281027832031250000e+02
4.957049848634167574e+03 1.310082529846578836e+03 -6.242829589843750000e+02
5.047927899846807122e+03 1.314041869505308568e+03 -6.189617309570312500e+02
5.138805977080948651e+03 1.318002243960276246e+03 -5.905579833984375000e+02
5.229684080347768031e+03 1.321963653211481869e+03 -5.601425170898437500e+02
5.320562209651456214e+03 1.325926097265444696e+03 -5.553914794921875000e+02
5.411440364998765290e+03 1.329889576124027371e+03 -5.606854858398437500e+02
5.502318546396447346e+03 1.333854089791886508e+03 -5.579064941406250000e+02
5.593196753848926164e+03 1.337819638271816075e+03 -5.637429809570312500e+02
5.684074987367144786e+03 1.341786221566610038e+03 -5.688995361328125000e+02
5.774953246955759823e+03 1.345753839681856334e+03 -5.740360107421875000e+02
5.865831532618962228e+03 1.349722492620348930e+03 -5.753796386718750000e+02
5.956709844368160702e+03 1.353692180384881794e+03 -5.752262573242187500e+02
6.047588182207429782e+03 1.357662902979180217e+03 -5.777177734375000000e+02
6.138466546143754385e+03 1.361634660406038165e+03 -5.835985107421875000e+02
6.229344936183653772e+03 1.365607452671043575e+03 -5.855537109375000000e+02
6.320223352331435308e+03 1.369581279776990414e+03 -5.905297851562500000e+02
6.411101794598391280e+03 1.373556141725741327e+03 -5.976665039062500000e+02
6.501980262988945469e+03 1.377532038523815572e+03 -6.023312988281250000e+02
6.592858757509733550e+03 1.381508970172144473e+03 -5.999487304687500000e+02
6.683737278165062889e+03 1.385486936675384641e+03 -6.021295166015625000e+02
6.774615824966225773e+03 1.389465938036330044e+03 -6.196529541015625000e+02
6.865494397917645983e+03 1.393445974260568619e+03 -6.313950195312500000e+02
6.956372997025726363e+03 1.397427045349963009e+03 -6.247530517578125000e+02
7.047251622297568247e+03 1.401409151307307184e+03 -6.271290283203125000e+02
7.138130273737129755e+03 1.405392292137257755e+03 -6.237980346679687500e+02
7.229008951355703175e+03 1.409376467843540013e+03 -6.094419555664062500e+02
7.319887655157828704e+03 1.413361678429879248e+03 -6.048109741210937500e+02
7.410766385147813708e+03 1.417347923899069428e+03 -6.021213989257812500e+02
4.470670218253508210e+01 1.213461867769248784e+03 -1.024189208984375000e+03
1.355820413855835795e+02 1.217365366393700242e+03 -1.020325744628906250e+03
2.264574062481988221e+02 1.221269899630919099e+03 -1.019460510253906250e+03
3.173327967771328986e+02 1.225175467485561967e+03 -1.020697753906250000e+03
4.082082129765767604e+02 1.229082069961354136e+03 -1.012850646972656250e+03
4.990836548577062786e+02 1.232989707061089575e+03 -9.889617919921875000e+02
5.899591224249452353e+02 1.236898378788493574e+03 -9.808104858398437500e+02
6.808346156829502434e+02 1.240808085147291422e+03 -9.627009887695312500e+02
7.717101346424315125e+02 1.244718826139345765e+03 -9.469260253906250000e+02
8.625856793082784861e+02 1.248630601770244539e+03 -9.355764770507812500e+02
9.534612496867775917e+02 1.252543412042781711e+03 -9.223814697265625000e+02
1.044336845784913749e+03 1.256457256959751248e+03 -9.068147583007812500e+02
1.135212467606877908e+03 1.260372136525809765e+03 -8.966102294921875000e+02
1.226088115163845941e+03 1.264288050743751228e+03 -8.852967529296875000e+02
1.316963788460241631e+03 1.268204999617300928e+03 -8.738790283203125000e+02
1.407839487500721589e+03 1.272122983149252832e+03 -8.571473388671875000e+02
1.498715212295996025e+03 1.276042001344263554e+03 -8.452570190429687500e+02
1.589590962850954384e+03 1.279962054206058383e+03 -8.387214965820312500e+02
1.680466739171650261e+03 1.283883141735568643e+03 -8.320645141601562500e+02
1.771342541265417822e+03 1.287805263939313591e+03 -8.269785156250000000e+02
1.862218369136331603e+03 1.291728420818224549e+03 -8.217659912109375000e+02
1.953094222795451060e+03 1.295652612378820777e+03 -8.191477661132812500e+02
2.043970102247316390e+03 1.299577838622033596e+03 -8.196157226562500000e+02
2.134846007496467791e+03 1.303504099552519619e+03 -8.147255249023437500e+02
2.225721938553964719e+03 1.307431395173072815e+03 -8.062644653320312500e+02
2.316597895424114540e+03 1.311359725488349795e+03 -7.994549560546875000e+02
2.407473878113552928e+03 1.315289090500213206e+03 -7.909852294921875000e+02
2.498349886629264802e+03 1.319219490213319659e+03 -7.820134887695312500e+02
2.589225920975208282e+03 1.323150924631394446e+03 -7.754609985351562500e+02
2.680101981163024902e+03 1.327083393757231534e+03 -7.711810302734375000e+02
2.770978067196672782e+03 1.331016897595487535e+03 -7.668820190429687500e+02
2.861854179080808535e+03 1.334951436147093773e+03 -7.597575073242187500e+02
2.952730316826608032e+03 1.338887009418569505e+03 -7.540802612304687500e+02
3.043606480438495055e+03 1.342823617410846055e+03 -7.469215087890625000e+02
3.134482669922988862e+03 1.346761260130442679e+03 -7.384857177734375000e+02
3.225358885286725126e+03 1.350699937576428056e+03 -7.311345214843750000e+02
3.316235126536455937e+03 1.354639649758115411e+03 -7.245862426757812500e+02
3.407111393676721491e+03 1.358580396674573421e+03 -7.199942626953125000e+02
3.497987686718464829e+03 1.362522178329527378e+03 -7.158624877929687500e+02
3.588864005666226149e+03 1.366464994729496539e+03 -7.132630004882812500e+02
3.679740350524429232e+03 1.370408845875412226e+03 -7.092783203125000000e+02
3.770616721304133534e+03 1.374353731770999730e+03 -7.082659912109375000e+02
3.861493118009646423e+03 1.378299652420915663e+03 -7.052147216796875000e+02
3.952369540648069233e+03 1.382246607827022672e+03 -6.990070190429687500e+02
4.043245989225571975e+03 1.386194597994908690e+03 -6.928175048828125000e+02
4.134122463746694848e+03 1.390143622926436365e+03 -6.853862304687500000e+02
4.224998964222730137e+03 1.394093682626262307e+03 -6.768012695312500000e+02
4.315875490657985210e+03 1.398044777097180486e+03 -6.663327636718750000e+02
4.406752043057000265e+03 1.401996906342916191e+03 -6.561859741210937500e+02
4.497628621430834755e+03 1.405950070366263390e+03 -6.450102539062500000e+02
4.588505225783796050e+03 1.409904269172810018e+03 -6.322677612304687500e+02
4.679381856122636236e+03 1.413859502764418721e+03 -6.223115234375000000e+02
4.770258512454107404e+03 1.417815771143883467e+03 -6.123869628906250000e+02
4.861135194782516919e+03 1.421773074317723513e+03 -6.060307617187500000e+02
4.952011903119040653e+03 1.425731412285938859e+03 -6.017007446289062500e+02
5.042888637467985973e+03 1.429690785054117441e+03 -5.961662597656250000e+02
5.133765397833893076e+03 1.433651192625984550e+03 -5.763850097656250000e+02
5.224642184227937832e+03 1.437612635004334152e+03 -5.398060302734375000e+02
5.315518996654427610e+03 1.441575112191960216e+03 -5.295429687500000000e+02
5.406395835120114498e+03 1.445538624193519354e+03 -5.307257690429687500e+02
5.497272699631517753e+03 1.449503171012736857e+03 -5.316655273437500000e+02
5.588149590193293989e+03 1.453468752652406693e+03 -5.397020263671875000e+02
5.679026506816386245e+03 1.457435369115322828e+03 -5.492130126953125000e+02
5.769903449505218305e+03 1.461403020408004522e+03 -5.544759521484375000e+02
5.860780418264213949e+03 1.465371706530451775e+03 -5.528271484375000000e+02
5.951657413104549050e+03 1.469341427489183843e+03 -5.518392333984375000e+02
6.042534434030763805e+03 1.473312183285132051e+03 -5.562979736328125000e+02
6.133411481049377471e+03 1.477283973923884332e+03 -5.596560058593750000e+02
6.224288554166909307e+03 1.481256799408234656e+03 -5.663667602539062500e+02
6.315165653388015926e+03 1.485230659740976989e+03 -5.746649780273437500e+02
6.406042778723756783e+03 1.489205554925836623e+03 -5.869019775390625000e+02
6.496919930178439245e+03 1.493181484968401492e+03 -5.924990234375000000e+02
6.587797107758931816e+03 1.497158449869602919e+03 -5.785102539062500000e+02
6.678674311469541863e+03 1.501136449633166194e+03 -5.826361694335937500e+02
6.769551541321328841e+03 1.505115484265610576e+03 -5.896718139648437500e+02
6.860428797318832949e+03 1.509095553766936064e+03 -5.933024291992187500e+02
6.951306079468689859e+03 1.513076658143661916e+03 -5.879028930664062500e+02
7.042183387777535245e+03 1.517058797396719456e+03 -5.801857910156250000e+02
7.133060722249560058e+03 1.521041971530765295e+03 -5.785086669921875000e+02
7.223938082896405831e+03 1.525026180548593402e+03 -5.577860107421875000e+02
7.314815469722030684e+03 1.529011424455791712e+03 -5.602819213867187500e+02
7.405692882731091231e+03 1.532997703254222870e+03 -5.545348510742187500e+02
7.496570321934530511e+03 1.536985016948543489e+03 -5.541102294921875000e+02
3.973974669305607677e+01 1.329108985764905810e+03 -1.002669494628906250e+03
1.306137692435877398e+02 1.333012517035007477e+03 -9.947632446289062500e+02
2.214878174491459504e+02 1.336917082927189767e+03 -9.917087402343750000e+02
3.123618913163663819e+02 1.340822683445177972e+03 -9.857994995117187500e+02
4.032359908497892320e+02 1.344729318592697382e+03 -9.885653076171875000e+02
4.941101160605903715e+02 1.348636988371610641e+03 -9.672830200195312500e+02
5.849842669530771673e+02 1.352545692787505686e+03 -9.554205322265625000e+02
6.758584435316734016e+02 1.356455431842245162e+03 -9.489877929687500000e+02
7.667326458075549453e+02 1.360366205541417003e+03 -9.346295166015625000e+02
8.576068737851455808e+02 1.364278013885021210e+03 -9.180625000000000000e+02
9.484811274710809812e+02 1.368190856880508363e+03 -9.033800048828125000e+02
1.039355406871996820e+03 1.372104734528809786e+03 -8.878734741210937500e+02
1.130229711992549710e+03 1.376019646834582090e+03 -8.758759765625000000e+02
1.221104042843682691e+03 1.379935593799687922e+03 -8.655217285156250000e+02
1.311978399429703131e+03 1.383852575429715216e+03 -8.541297607421875000e+02
1.402852781755151227e+03 1.387770591727457941e+03 -8.390242919921875000e+02
1.493727189831202850e+03 1.391689642694778740e+03 -8.266624755859375000e+02
1.584601623662281781e+03 1.395609728338196874e+03 -8.180332641601562500e+02
1.675476083254907280e+03 1.399530848657712340e+03 -8.135369873046875000e+02
1.766350568616064265e+03 1.403453003660775721e+03 -8.107600097656250000e+02
1.857225079749710858e+03 1.407376193347387016e+03 -8.061092529296875000e+02
1.948099616667372175e+03 1.411300417723134160e+03 -8.048054809570312500e+02
2.038974179373355582e+03 1.415225676790811121e+03 -8.005157470703125000e+02
2.129848767871968448e+03 1.419151970553211868e+03 -7.981154785156250000e+02
2.220723382174503058e+03 1.423079299014993012e+03 -7.895725097656250000e+02
2.311598022285150364e+03 1.427007662179879844e+03 -7.807602539062500000e+02
2.402472688210895285e+03 1.430937060049735010e+03 -7.743095092773437500e+02
2.493347379958257079e+03 1.434867492629215121e+03 -7.652170410156250000e+02
2.584222097531543113e+03 1.438798959922045469e+03 -7.579288330078125000e+02
2.675096840942045674e+03 1.442731461931951344e+03 -7.544744873046875000e+02
2.765971610193955712e+03 1.446664998660795391e+03 -7.545922851562500000e+02
2.856846405292046256e+03 1.450599570114165545e+03 -7.486862792968750000e+02
2.947721226247143932e+03 1.454535176292993128e+03 -7.393740234375000000e+02
3.038596073063788936e+03 1.458471817203797400e+03 -7.311975097656250000e+02
3.129470945748733357e+03 1.462409492848441005e+03 -7.232677612304687500e+02
3.220345844308496453e+03 1.466348203229717910e+03 -7.150027465820312500e+02
3.311220768749713898e+03 1.470287948353216052e+03 -7.067620239257812500e+02
3.402095719077158719e+03 1.474228728220798075e+03 -7.008519897460937500e+02
3.492970695301424712e+03 1.478170542836189270e+03 -6.957689819335937500e+02
3.583845697427168489e+03 1.482113392204046249e+03 -6.925399780273437500e+02
3.674720725458930247e+03 1.486057276326231658e+03 -6.869444580078125000e+02
3.765595779407769442e+03 1.490002195207402110e+03 -6.844124755859375000e+02
3.856470859277993441e+03 1.493948148850351572e+03 -6.831722412109375000e+02
3.947345965076470748e+03 1.497895137259736657e+03 -6.789942626953125000e+02
4.038221096809604205e+03 1.501843160437420011e+03 -6.697867431640625000e+02
4.129096254482050426e+03 1.505792218388058245e+03 -6.645052490234375000e+02
4.219971438104752451e+03 1.509742311115376651e+03 -6.564235229492187500e+02
4.310846647682250477e+03 1.513693438622169197e+03 -6.463127441406250000e+02
4.401721883218968287e+03 1.517645600912161171e+03 -6.347280273437500000e+02
4.492597144725965336e+03 1.521598797989077866e+03 -6.239465332031250000e+02
4.583472432207781821e+03 1.525553029856644571e+03 -6.138041992187500000e+02
4.674347745670937002e+03 1.529508296517655253e+03 -6.031447753906250000e+02
4.765223085122182965e+03 1.533464597975835204e+03 -5.922960205078125000e+02
4.856098450565827079e+03 1.537421934235841036e+03 -5.825930175781250000e+02
4.946973842013161629e+03 1.541380305299535394e+03 -5.773924560546875000e+02
5.037849259468377568e+03 1.545339711171574891e+03 -5.740040283203125000e+02
5.128724702936131507e+03 1.549300151855684817e+03 -5.671472167968750000e+02
5.219600172427482903e+03 1.553261627353727818e+03 -5.368790283203125000e+02
5.310475667946739122e+03 1.557224137671291828e+03 -5.056102600097656250e+02
5.401351189500768669e+03 1.561187682810239494e+03 -5.014262695312500000e+02
5.492226737095974386e+03 1.565152262776158750e+03 -5.011617431640625000e+02
5.583102310737129301e+03 1.569117877569980919e+03 -5.052059936523437500e+02
5.673977910434943624e+03 1.573084527197293937e+03 -5.213944702148437500e+02
5.764853536194073968e+03 1.577052211659960449e+03 -5.285997314453125000e+02
5.855729188018944114e+03 1.581020930962637067e+03 -5.285875244140625000e+02
5.946604865920613520e+03 1.584990685109980404e+03 -5.332554931640625000e+02
6.037480569903505966e+03 1.588961474102921784e+03 -5.461440429687500000e+02
6.128356299974373542e+03 1.592933297946117818e+03 -5.424500122070312500e+02
6.219232056139735505e+03 1.596906156644225121e+03 -5.465680541992187500e+02
6.310107838404132053e+03 1.600880050199106336e+03 -5.518598022460937500e+02
6.400983646778622642e+03 1.604854978616349399e+03 -5.595078125000000000e+02
6.491859481267631054e+03 1.608830941896885633e+03 -5.599475708007812500e+02
6.582735341877676547e+03 1.612807940046302974e+03 -5.533565063476562500e+02
6.673611228613415733e+03 1.616785973067395389e+03 -5.521589355468750000e+02
6.764487141486024484e+03 1.620765040962956846e+03 -5.556134033203125000e+02
6.855363080499693751e+03 1.624745143737643957e+03 -5.559425659179687500e+02
6.946239045661059208e+03 1.628726281395182014e+03 -5.462666625976562500e+02
7.037115036976989359e+03 1.632708453938364983e+03 -5.380698852539062500e+02
7.127991054451791570e+03 1.636691661371849477e+03 -5.374140014648437500e+02
7.218867098096525297e+03 1.640675903696566820e+03 -5.353587646484375000e+02
7.309743167915847152e+03 1.644661180919036269e+03 -5.342321166992187500e+02
7.400619263913948089e+03 1.648647493041120470e+03 -5.282308959960937500e+02
7.491495386102003977e+03 1.652634840068407357e+03 -5.282285156250000000e+02
3.477267723402474076e+01 1.444756114613264799e+03 -9.679660034179687500e+02
1.256453831017715856e+02 1.448659678524360061e+03 -9.615557250976562500e+02
2.165181146201211959e+02 1.452564277066849172e+03 -9.559144897460937500e+02
3.073908717958256602e+02 1.456469910242594779e+03 -9.584379882812500000e+02
3.982636546334251761e+02 1.460376578055322170e+03 -9.597106933593750000e+02
4.891364631436299533e+02 1.464284280509687960e+03 -9.503875122070312500e+02
5.800092973313294351e+02 1.468193017609417439e+03 -9.346892700195312500e+02
6.708821572007145733e+02 1.472102789355441928e+03 -9.272454833984375000e+02
7.617550427627284080e+02 1.476013595754280686e+03 -9.193359985351562500e+02
8.526279540222603828e+02 1.479925436808727682e+03 -9.020902709960937500e+02
9.435008909855969250e+02 1.483838312519714236e+03 -8.861400146484375000e+02
1.034373853659490123e+03 1.487752222893759608e+03 -8.711727294921875000e+02
1.125246842048596591e+03 1.491667167932726443e+03 -8.588464965820312500e+02
1.216119856163626537e+03 1.495583147642202675e+03 -8.495927734375000000e+02
1.306992896009236574e+03 1.499500162023119628e+03 -8.398207397460937500e+02
1.397865961589966901e+03 1.503418211079202592e+03 -8.262199707031250000e+02
1.488739052916760556e+03 1.507337294816039503e+03 -8.150150146484375000e+02
1.579612169994041324e+03 1.511257413234561682e+03 -8.037009887695312500e+02
1.670485312828561291e+03 1.515178566340357065e+03 -7.968745117187500000e+02
1.761358481426956132e+03 1.519100754136219621e+03 -7.943702392578125000e+02
1.852231675793649629e+03 1.523023976624943316e+03 -7.919669799804687500e+02
1.943104895939817652e+03 1.526948233811184764e+03 -7.892990112304687500e+02
2.033978141869651154e+03 1.530873525697737932e+03 -7.845280151367187500e+02
2.124851413587806746e+03 1.534799852287396789e+03 -7.791402587890625000e+02
2.215724711105460301e+03 1.538727213585749269e+03 -7.676217651367187500e+02
2.306598034426802769e+03 1.542655609593726695e+03 -7.621672363281250000e+02
2.397471383558819070e+03 1.546585040316917002e+03 -7.552102661132812500e+02
2.488344758507795632e+03 1.550515505759045482e+03 -7.481715087890625000e+02
2.579218159278389066e+03 1.554447005920112133e+03 -7.414161376953125000e+02
2.670091585881542414e+03 1.558379540808498859e+03 -7.374370117187500000e+02
2.760965038321912289e+03 1.562313110424205661e+03 -7.329537353515625000e+02
2.851838516603806056e+03 1.566247714771889150e+03 -7.301015014648437500e+02
2.942712020738283172e+03 1.570183353856205940e+03 -7.261647338867187500e+02
3.033585550729883835e+03 1.574120027679018676e+03 -7.167049560546875000e+02
3.124459106585243717e+03 1.578057736243121326e+03 -7.074274902343750000e+02
3.215332688310998492e+03 1.581996479555033147e+03 -6.967447509765625000e+02
3.306206295913783833e+03 1.585936257614754140e+03 -6.897645263671875000e+02
3.397079929398139939e+03 1.589877070427872241e+03 -6.823284912109375000e+02
3.487953588774893433e+03 1.593818917998112738e+03 -6.772017211914062500e+02
3.578827274048933759e+03 1.597761800329200923e+03 -6.713969726562500000e+02
3.669700985224219039e+03 1.601705717422068119e+03 -6.624224853515625000e+02
3.760574722312157974e+03 1.605650669283233583e+03 -6.600689697265625000e+02
3.851448485317057930e+03 1.609596655915491283e+03 -6.586574707031250000e+02
3.942322274245554581e+03 1.613543677321635187e+03 -6.546452636718750000e+02
4.033196089104516432e+03 1.617491733504459262e+03 -6.497204589843750000e+02
4.124069929898134433e+03 1.621440824468620121e+03 -6.428197021484375000e+02
4.214943796637584455e+03 1.625390950217843056e+03 -6.347827758789062500e+02
4.305817689327290282e+03 1.629342110755853355e+03 -6.278974609375000000e+02
4.396691607971792109e+03 1.633294306085444987e+03 -6.155814819335937500e+02
4.487565552582032979e+03 1.637247536210343242e+03 -6.047894897460937500e+02
4.578439523162669502e+03 1.641201801133342087e+03 -5.935255126953125000e+02
4.669313519720104523e+03 1.645157100859098136e+03 -5.834129638671875000e+02
4.760187542261090130e+03 1.649113435391336679e+03 -5.700100097656250000e+02
4.851061590790050104e+03 1.653070804731920362e+03 -5.607782592773437500e+02
4.941935665318160318e+03 1.657029208885505795e+03 -5.558670043945312500e+02
5.032809765849728137e+03 1.660988647856749594e+03 -5.512887573242187500e+02
5.123683892389410175e+03 1.664949121646583080e+03 -5.445289916992187500e+02
5.214558044947916642e+03 1.668910630261525512e+03 -5.262084960937500000e+02
5.305432223530253395e+03 1.672873173701576889e+03 -4.906950073242187500e+02
5.396306428142357618e+03 1.676836751974187791e+03 -4.706327514648437500e+02
5.487180658791563474e+03 1.680801365079358220e+03 -4.722107543945312500e+02
5.578054915481945500e+03 1.684767013023607433e+03 -4.798450012207031250e+02
5.668929198224563152e+03 1.688733695807866752e+03 -5.048800048828125000e+02
5.759803507024073042e+03 1.692701413436792791e+03 -5.171589965820312500e+02
5.850677841884782538e+03 1.696670165915042162e+03 -5.158670043945312500e+02
5.941552202817751095e+03 1.700639953244477510e+03 -5.202849121093750000e+02
6.032426589827518910e+03 1.704610775429755449e+03 -5.244509887695312500e+02
6.123301002920605242e+03 1.708582632473669946e+03 -5.226437377929687500e+02
6.214175442103762180e+03 1.712555524379946291e+03 -5.230923461914062500e+02
6.305049907381413504e+03 1.716529451152309775e+03 -5.280500488281250000e+02
6.395924398764502257e+03 1.720504412793554366e+03 -5.299812011718750000e+02
6.486798916257801466e+03 1.724480409309267998e+03 -5.338270874023437500e+02
6.577673459867713973e+03 1.728457440700381994e+03 -5.235060424804687500e+02
6.668548029598779976e+03 1.732435506972484291e+03 -5.244024658203125000e+02
6.759422625461942516e+03 1.736414608127437532e+03 -5.264920654296875000e+02
6.850297247461741790e+03 1.740394744170829654e+03 -5.190565185546875000e+02
6.941171895604929887e+03 1.744375915104523301e+03 -5.201531372070312500e+02
7.032046569897909649e+03 1.748358120932243764e+03 -5.114514465332031250e+02
7.122921270345337689e+03 1.752341361657716334e+03 -5.111693420410156250e+02
7.213795996958273463e+03 1.756325637285597622e+03 -5.067677307128906250e+02
7.304670749741140753e+03 1.760310947817750275e+03 -5.119736633300781250e+02
7.395545528698246926e+03 1.764297293258830905e+03 -5.022435607910156250e+02
7.486420333840651438e+03 1.768284673612564802e+03 -5.151185913085937500e+02
2.980549380672164261e+01 1.560403254315257072e+03 -9.418624877929687500e+02
1.206768829617649317e+02 1.564306850862689316e+03 -9.349362792968750000e+02
2.115482977631036192e+02 1.568211482048034668e+03 -9.285727539062500000e+02
3.024197382172569633e+02 1.572117147876881063e+03 -9.325867309570312500e+02
3.932912043288815767e+02 1.576023848352022469e+03 -9.322601318359375000e+02
4.841626961086876690e+02 1.579931583476252854e+03 -9.306202392578125000e+02
5.750342135615646839e+02 1.583840353252366185e+03 -9.158722534179687500e+02
6.659057566914707422e+02 1.587750157685950398e+03 -8.997474975585937500e+02
7.567773255100473762e+02 1.591660996779799461e+03 -8.941857299804687500e+02
8.476489200212527066e+02 1.595572870537638664e+03 -8.865885009765625000e+02
9.385205402320716530e+02 1.599485778961330652e+03 -8.725987548828125000e+02
1.029392186149023473e+03 1.603399722056463361e+03 -8.597042236328125000e+02
1.120263857776531950e+03 1.607314699824899435e+03 -8.479810180664062500e+02
1.211135555125540122e+03 1.611230712270364165e+03 -8.350212402343750000e+02
1.302007278200937435e+03 1.615147759397514164e+03 -8.248937377929687500e+02
1.392879027006798424e+03 1.619065841208212078e+03 -8.128913574218750000e+02
1.483750801554298960e+03 1.622984957707114518e+03 -8.033422851562500000e+02
1.574622601847862825e+03 1.626905108897946775e+03 -7.939465332031250000e+02
1.665494427894242108e+03 1.630826294783502817e+03 -7.848087158203125000e+02
1.756366279700072482e+03 1.634748515367507935e+03 -7.788837890625000000e+02
1.847238157269661315e+03 1.638671770652756095e+03 -7.772007446289062500e+02
1.938110060614184476e+03 1.642596060644835234e+03 -7.745864868164062500e+02
2.028981989738182165e+03 1.646521385344676673e+03 -7.682219848632812500e+02
2.119853944645961747e+03 1.650447744756937027e+03 -7.597557373046875000e+02
2.210725925348582678e+03 1.654375138885341585e+03 -7.524030151367187500e+02
2.301597931850701571e+03 1.658303567732684314e+03 -7.442757568359375000e+02
2.392469964158721268e+03 1.662233031303621829e+03 -7.349785156250000000e+02
2.483342022279510275e+03 1.666163529600948095e+03 -7.282415161132812500e+02
2.574214106217259541e+03 1.670095062628388405e+03 -7.223618164062500000e+02
2.665086215983377770e+03 1.674027630388736725e+03 -7.153272705078125000e+02
2.755958351582055911e+03 1.677961232886649668e+03 -7.069570312500000000e+02
2.846830513017717749e+03 1.681895870124921203e+03 -7.049060058593750000e+02
2.937702700301655568e+03 1.685831542106345296e+03 -7.055289916992187500e+02
3.028574913438176736e+03 1.689768248835578561e+03 -7.000337524414062500e+02
3.119447152434149757e+03 1.693705990316346288e+03 -6.885877685546875000e+02
3.210319417295744643e+03 1.697644766551442444e+03 -6.791922607421875000e+02
3.301191708030179143e+03 1.701584577544592321e+03 -6.702365112304687500e+02
3.392064024641411379e+03 1.705525423298589885e+03 -6.628214721679687500e+02
3.482936367140850052e+03 1.709467303818091750e+03 -6.571954956054687500e+02
3.573808735532918945e+03 1.713410219105891883e+03 -6.505392456054687500e+02
3.664681129821809009e+03 1.717354169164784253e+03 -6.413715209960937500e+02
3.755553550018928945e+03 1.721299154001288116e+03 -6.366090087890625000e+02
3.846425996128469706e+03 1.725245173615403473e+03 -6.363762207031250000e+02
3.937298468157183379e+03 1.729192228012718260e+03 -6.318977661132812500e+02
4.028170966111822054e+03 1.733140317196957767e+03 -6.247324829101562500e+02
4.119043489996693097e+03 1.737089441169984639e+03 -6.184064941406250000e+02
4.209916039822855964e+03 1.741039599935524166e+03 -6.120347290039062500e+02
4.300788615594850853e+03 1.744990793500095606e+03 -6.052915039062500000e+02
4.391661217317217961e+03 1.748943021862767637e+03 -5.947352294921875000e+02
4.482533845000667498e+03 1.752896285029128194e+03 -5.851902465820312500e+02
4.573406498650088906e+03 1.756850583003833890e+03 -5.732310180664062500e+02
4.664279178271768615e+03 1.760805915788747370e+03 -5.621962280273437500e+02
4.755151883872575127e+03 1.764762283388525248e+03 -5.468919677734375000e+02
4.846024615456932224e+03 1.768719685805961490e+03 -5.361074829101562500e+02
4.936897373035782948e+03 1.772678123045712709e+03 -5.305762939453125000e+02
5.027770156613783911e+03 1.776637595108710229e+03 -5.266287841796875000e+02
5.118642966195242479e+03 1.780598102000541985e+03 -5.244229736328125000e+02
5.209515801791218109e+03 1.784559643724933267e+03 -5.045400085449218750e+02
5.300388663406250998e+03 1.788522220285609365e+03 -4.849902343750000000e+02
5.391261551046860404e+03 1.792485831683501601e+03 -4.660799865722656250e+02
5.482134464719798416e+03 1.796450477925129235e+03 -4.771631164550781250e+02
5.573007404429488815e+03 1.800416159013286233e+03 -4.855894165039062500e+02
5.663880370187107474e+03 1.804382874949835241e+03 -4.963194885253906250e+02
5.754753361996728927e+03 1.808350625740364194e+03 -5.014541320800781250e+02
5.845626379863359034e+03 1.812319411387667060e+03 -5.014447937011718750e+02
5.936499423797708005e+03 1.816289231895469129e+03 -5.010965576171875000e+02
6.027372493804199621e+03 1.820260087266564369e+03 -5.022595825195312500e+02
6.118245589889585972e+03 1.824231977504678071e+03 -5.002344665527343750e+02
6.209118712060619146e+03 1.828204902614466846e+03 -5.000396423339843750e+02
6.299991860321490094e+03 1.832178862598724663e+03 -5.032358093261718750e+02
6.390865034683491103e+03 1.836153857461176813e+03 -5.026628112792968750e+02
6.481738235150929540e+03 1.840129887204617262e+03 -5.117807006835937500e+02
6.572611461730673909e+03 1.844106951833702624e+03 -4.987091674804687500e+02
6.663484714427031577e+03 1.848085051350295544e+03 -4.972291259765625000e+02
6.754357993250829168e+03 1.852064185759983957e+03 -5.009791564941406250e+02
6.845231298206839710e+03 1.856044355066493154e+03 -4.898917846679687500e+02
6.936104629301698878e+03 1.860025559270754457e+03 -4.940490112304687500e+02
7.026977986542042345e+03 1.864007798378355801e+03 -4.848077697753906250e+02
7.117851369932061061e+03 1.867991072392091155e+03 -4.874852600097656250e+02
7.208724779482930899e+03 1.871975381315685809e+03 -4.805184631347656250e+02
7.299598215199424885e+03 1.875960725153796375e+03 -4.859998779296875000e+02
7.390471677085617557e+03 1.879947103907354176e+03 -4.849848632812500000e+02
7.481345165152684785e+03 1.883934517582878470e+03 -4.863673400878906250e+02
2.483819641266018152e+01 1.676050404871813953e+03 -9.200152587890625000e+02
1.157082688250811771e+02 1.679954034049063921e+03 -9.091892089843750000e+02
2.065783668793737888e+02 1.683858697873540223e+03 -9.035955200195312500e+02
2.974484905819408596e+02 1.687764396349899471e+03 -9.066842651367187500e+02
3.883186399375554174e+02 1.691671129480935633e+03 -9.043473510742187500e+02
4.791888149571605027e+02 1.695578897269442677e+03 -9.036500244140625000e+02
5.700590156450634822e+02 1.699487699719145894e+03 -8.973132324218750000e+02
6.609292420058045536e+02 1.703397536834701896e+03 -8.823587646484375000e+02
7.517994940506760031e+02 1.707308408617973328e+03 -8.706445312500000000e+02
8.426697717837523669e+02 1.711220315073616803e+03 -8.664607543945312500e+02
9.335400752120185643e+02 1.715133256205357611e+03 -8.595104980468750000e+02
1.024410404341761023e+03 1.719047232014127076e+03 -8.489299926757812500e+02
1.115280759177869186e+03 1.722962242506444454e+03 -8.382272338867187500e+02
1.206151139731053263e+03 1.726878287685103714e+03 -8.238592529296875000e+02
1.297021546005969867e+03 1.730795367551967502e+03 -8.119140014648437500e+02
1.387891978007159196e+03 1.734713482113555074e+03 -7.984755249023437500e+02
1.478762435745447874e+03 1.738632631369866431e+03 -7.906685180664062500e+02
1.569632919225259684e+03 1.742552815326489508e+03 -7.841102294921875000e+02
1.660503428453463130e+03 1.746474033987149596e+03 -7.752122802734375000e+02
1.751373963436577469e+03 1.750396287354640663e+03 -7.666017456054687500e+02
1.842244524179259315e+03 1.754319575431756675e+03 -7.611300048828125000e+02
1.933115110692335293e+03 1.758243898223154247e+03 -7.591900024414062500e+02
2.023985722980229184e+03 1.762169255731627345e+03 -7.536774902343750000e+02
2.114856361047597602e+03 1.766095647960901260e+03 -7.430252685546875000e+02
2.205727024905383587e+03 1.770023074914701283e+03 -7.369232177734375000e+02
2.296597714558127336e+03 1.773951536596752703e+03 -7.295557250976562500e+02
2.387468430012348108e+03 1.777881033009849489e+03 -7.173967285156250000e+02
2.478339171274797991e+03 1.781811564157716930e+03 -7.086799926757812500e+02
2.569209938350017183e+03 1.785743130044080317e+03 -7.017013549804687500e+02
2.660080731248832308e+03 1.789675730672664940e+03 -6.952257080078125000e+02
2.750951549975899979e+03 1.793609366047196090e+03 -6.852522583007812500e+02
2.841822394535411149e+03 1.797544036169536412e+03 -6.789270019531250000e+02
2.932693264938890934e+03 1.801479741044342518e+03 -6.806877441406250000e+02
3.023564161190297455e+03 1.805416480675339699e+03 -6.774854736328125000e+02
3.114435083296615630e+03 1.809354255065321922e+03 -6.694844970703125000e+02
3.205306031264364719e+03 1.813293064219877124e+03 -6.584875488281250000e+02
3.296177005100296810e+03 1.817232908139936626e+03 -6.515492553710937500e+02
3.387048004808602855e+03 1.821173786829225719e+03 -6.436192626953125000e+02
3.477919030400691554e+03 1.825115700292401016e+03 -6.364072265625000000e+02
3.568790081880753860e+03 1.829058648533187807e+03 -6.293037109375000000e+02
3.659661159253446385e+03 1.833002631554380059e+03 -6.205750122070312500e+02
3.750532262529712170e+03 1.836947649358771741e+03 -6.143982543945312500e+02
3.841403391713974997e+03 1.840893701951950788e+03 -6.113430175781250000e+02
3.932274546812870540e+03 1.844840789335779846e+03 -6.063742675781250000e+02
4.023145727833150886e+03 1.848788911513984203e+03 -6.017567749023437500e+02
4.114016934779239818e+03 1.852738068490289152e+03 -5.965665283203125000e+02
4.204888167662196793e+03 1.856688260269351304e+03 -5.882672729492187500e+02
4.295759426486445591e+03 1.860639486852101982e+03 -5.809732666015625000e+02
4.386630711256526411e+03 1.864591748244129121e+03 -5.725989990234375000e+02
4.477502021983382292e+03 1.868545044448226690e+03 -5.614494628906250000e+02
4.568373358671437018e+03 1.872499375468119979e+03 -5.485180053710937500e+02
4.659244721327559091e+03 1.876454741308465600e+03 -5.361752319335937500e+02
4.750116109958151355e+03 1.880411141969263554e+03 -5.199708251953125000e+02
4.840987524567870423e+03 1.884368577458895743e+03 -5.095299987792968750e+02
4.931858965167659335e+03 1.888327047776430845e+03 -5.029897460937500000e+02
5.022730431761941873e+03 1.892286552928388119e+03 -5.002927551269531250e+02
5.113601924355141819e+03 1.896247092917561531e+03 -5.018054809570312500e+02
5.204473442958551459e+03 1.900208667745813727e+03 -4.975549926757812500e+02
5.295344987576361746e+03 1.904171277419663966e+03 -4.807136535644531250e+02
5.386216558215441182e+03 1.908134921940974891e+03 -4.851081848144531250e+02
5.477088154882192612e+03 1.912099601312540472e+03 -4.822795410156250000e+02
5.567959777581272647e+03 1.916065315539017320e+03 -4.860143127441406250e+02
5.658831426323624328e+03 1.920032064623199403e+03 -4.858856506347656250e+02
5.749703101113904268e+03 1.923999848568812013e+03 -4.842257385253906250e+02
5.840574801956187002e+03 1.927968667380511761e+03 -4.859560546875000000e+02
5.931446528861881234e+03 1.931938521061092615e+03 -4.846361083984375000e+02
6.022318281835177913e+03 1.935909409613348544e+03 -4.789411621093750000e+02
6.113190060883061960e+03 1.939881333041936159e+03 -4.790558471679687500e+02
6.204061866011703387e+03 1.943854291348718107e+03 -4.775792541503906250e+02
6.294933697225991637e+03 1.947828284539282322e+03 -4.804109191894531250e+02
6.385805554536869749e+03 1.951803312617354095e+03 -4.796565246582031250e+02
6.476677437948528677e+03 1.955779375583864748e+03 -4.877079772949218750e+02
6.567549347468069755e+03 1.959756473444402218e+03 -4.739706115722656250e+02
6.658421283099567518e+03 1.963734606201760471e+03 -4.721507263183593750e+02
6.749293244854197837e+03 1.967713773860596120e+03 -4.755650939941406250e+02
6.840165232736384496e+03 1.971693976423703134e+03 -4.634510498046875000e+02
6.931037246752995998e+03 1.975675213893875480e+03 -4.650389709472656250e+02
7.021909286910435185e+03 1.979657486275769770e+03 -4.581379394531250000e+02
7.112781353213125840e+03 1.983640793573111296e+03 -4.613422546386718750e+02
7.203653445672243834e+03 1.987625135787762702e+03 -4.494529113769531250e+02
7.294525564292329364e+03 1.991610512925311923e+03 -4.536869201660156250e+02
7.385397709077573381e+03 1.995596924987621605e+03 -4.546747436523437500e+02
7.476269880039268173e+03 1.999584371979348361e+03 -4.545364379882812500e+02
1.987078505370300263e+01 1.791697566280141473e+03 -9.036357421875000000e+02
1.107395406935829669e+02 1.795601228083483875e+03 -8.887212524414062500e+02
2.016083219706779346e+02 1.799505924542434514e+03 -8.812137451171875000e+02
2.924771288917399943e+02 1.803411655661650002e+03 -8.811977539062500000e+02
3.833459614615421742e+02 1.807318421442992985e+03 -8.786156616210937500e+02
4.742148196906782687e+02 1.811226221891120076e+03 -8.773772583007812500e+02
5.650837035838048905e+02 1.815135057008825243e+03 -8.754917602539062500e+02
6.559526131453458220e+02 1.819044926799833775e+03 -8.658289794921875000e+02
7.468215483863605186e+02 1.822955831267870963e+03 -8.503337402343750000e+02
8.376905093113891780e+02 1.826867770417593420e+03 -8.398624877929687500e+02
9.285594959270674735e+02 1.830780744249932468e+03 -8.406472778320312500e+02
1.019428508239914663e+03 1.834694752769544721e+03 -8.343172607421875000e+02
1.110297546254470944e+03 1.838609795981086791e+03 -8.217557373046875000e+02
1.201166609981795773e+03 1.842525873885490000e+03 -8.065527343750000000e+02
1.292035699426429346e+03 1.846442986489273608e+03 -7.953020019531250000e+02
1.382904814592795447e+03 1.850361133793368936e+03 -7.836518554687500000e+02
1.473773955491720699e+03 1.854280315803363919e+03 -7.741989746093750000e+02
1.564643122127978131e+03 1.858200532521121204e+03 -7.703460083007812500e+02
1.655512314507970586e+03 1.862121783950366080e+03 -7.643649902343750000e+02
1.746381532638566568e+03 1.866044070095755160e+03 -7.555620117187500000e+02
1.837250776524189860e+03 1.869967390959151089e+03 -7.470927734375000000e+02
1.928120046175783500e+03 1.873891746546141803e+03 -7.414544677734375000e+02
2.018989341597771272e+03 1.877817136857658625e+03 -7.389844970703125000e+02
2.109858662794693373e+03 1.881743561898358166e+03 -7.308007812500000000e+02
2.200728009777609259e+03 1.885671021672897041e+03 -7.193962402343750000e+02
2.291597382551059127e+03 1.889599516184069216e+03 -7.127504882812500000e+02
2.382466781121445820e+03 1.893529045433737338e+03 -7.001304931640625000e+02
2.473336205495754257e+03 1.897459609427489340e+03 -6.884982299804687500e+02
2.564205655678058974e+03 1.901391208169050515e+03 -6.784984741210937500e+02
2.655075131679768674e+03 1.905323841660283506e+03 -6.729622192382812500e+02
2.745944633505307138e+03 1.909257509904913604e+03 -6.666474609375000000e+02
2.836814161158748902e+03 1.913192212907597423e+03 -6.561917724609375000e+02
2.927683714651502669e+03 1.917127950670197606e+03 -6.519882812500000000e+02
3.018553293987992220e+03 1.921064723197370768e+03 -6.537109985351562500e+02
3.109422899174736813e+03 1.925002530492842197e+03 -6.487892456054687500e+02
3.200292530218604952e+03 1.928941372559405863e+03 -6.391774902343750000e+02
3.291162187125999480e+03 1.932881249401718378e+03 -6.304667968750000000e+02
3.382031869901344180e+03 1.936822161022573709e+03 -6.225032348632812500e+02
3.472901578556047752e+03 1.940764107423834503e+03 -6.152219848632812500e+02
3.563771313094301149e+03 1.944707088612020016e+03 -6.077070312500000000e+02
3.654641073520528153e+03 1.948651104588992894e+03 -5.998983154296875000e+02
3.745510859845904633e+03 1.952596155358478427e+03 -5.927404785156250000e+02
3.836380672074970789e+03 1.956542240924201906e+03 -5.894922485351562500e+02
3.927250510214129463e+03 1.960489361288957298e+03 -5.839149780273437500e+02
4.018120374270249158e+03 1.964437516456469893e+03 -5.786472167968750000e+02
4.108990264247520827e+03 1.968386706431396306e+03 -5.736012573242187500e+02
4.199860180157236755e+03 1.972336931216530502e+03 -5.655164794921875000e+02
4.290730122003937140e+03 1.976288190814666450e+03 -5.575029907226562500e+02
4.381600089791696519e+03 1.980240485230460763e+03 -5.472070312500000000e+02
4.472470083531807177e+03 1.984193814465776086e+03 -5.361984863281250000e+02
4.563340103228809312e+03 1.988148178527131677e+03 -5.238680419921875000e+02
4.654210148889222182e+03 1.992103577414527535e+03 -5.121784667968750000e+02
4.745080220519681461e+03 1.996060011134482920e+03 -4.997890014648437500e+02
4.835950318124727346e+03 2.000017479688860476e+03 -4.899437561035156250e+02
4.926820441715302877e+03 2.003975983082316816e+03 -4.873766479492187500e+02
5.017690591296064667e+03 2.007935521315783262e+03 -4.899895019531250000e+02
5.108560766871203668e+03 2.011896094395779073e+03 -4.880375671386718750e+02
5.199430968451895751e+03 2.015857702325098217e+03 -4.840744934082031250e+02
5.290301196042681113e+03 2.019820345106534660e+03 -4.862132263183593750e+02
5.381171449650079012e+03 2.023784022743813694e+03 -4.734129943847656250e+02
5.472041729280725121e+03 2.027748735239729285e+03 -4.896544494628906250e+02
5.562912034939043224e+03 2.031714482599869370e+03 -4.839808654785156250e+02
5.653782366636442021e+03 2.035681264827027917e+03 -4.706677856445312500e+02
5.744652724376996048e+03 2.039649081923067570e+03 -4.649756774902343750e+02
5.835523108165245503e+03 2.043617933893576264e+03 -4.649889221191406250e+02
5.926393518012249842e+03 2.047587820741347969e+03 -4.626578674316406250e+02
6.017263953922432847e+03 2.051558742470107973e+03 -4.576185607910156250e+02
6.108134415902546607e+03 2.055530699082650244e+03 -4.579474792480468750e+02
6.199004903959226795e+03 2.059503690582700074e+03 -4.541436157226562500e+02
6.289875418096780777e+03 2.063477716974914074e+03 -4.576324768066406250e+02
6.380745958326384425e+03 2.067452778262086213e+03 -4.567704162597656250e+02
6.471616524652461521e+03 2.071428874447010458e+03 -4.643354492187500000e+02
6.562487117081647739e+03 2.075406005534343421e+03 -4.492860717773437500e+02
6.653357735618483275e+03 2.079384171527810395e+03 -4.471465148925781250e+02
6.744228380273911171e+03 2.083363372429274023e+03 -4.465407104492187500e+02
6.835099051052471623e+03 2.087343608244322240e+03 -4.370652465820312500e+02
6.925969747960567474e+03 2.091324878975749016e+03 -4.359576416015625000e+02
7.016840471005300060e+03 2.095307184625416994e+03 -4.252146606445312500e+02
7.107711220190627500e+03 2.099290525199845433e+03 -4.286095275878906250e+02
7.198581995527958497e+03 2.103274900700896978e+03 -4.246476745605468750e+02
7.289452797021716833e+03 2.107260311132296920e+03 -4.276424865722656250e+02
7.380323624676093459e+03 2.111246756497770548e+03 -4.276772155761718750e+02
7.471194478502264246e+03 2.115234236801043153e+03 -4.257136535644531250e+02
1.490325973113067448e+01 1.907344738544896245e+03 -8.828410034179687500e+02
1.057706985683180392e+02 1.911248432967811823e+03 -8.651074829101562500e+02
1.966381630385294557e+02 1.915153162054717541e+03 -8.552192382812500000e+02
2.875056531482841820e+02 1.919058925811201334e+03 -8.534710083007812500e+02
3.783731689020060003e+02 1.922965724239125848e+03 -8.526288452148437500e+02
4.692407103106379509e+02 1.926873557341285050e+03 -8.493952636718750000e+02
5.601082773790694773e+02 1.930782425121404231e+03 -8.479445190429687500e+02
6.509758701113751158e+02 1.934692327584140003e+03 -8.437302246093750000e+02
7.418434885188471526e+02 1.938603264732286334e+03 -8.322814941406250000e+02
8.327111326056765392e+02 1.942515236568637192e+03 -8.170667724609375000e+02
9.235788023788481951e+02 1.946428243097849190e+03 -8.120939941406250000e+02
1.014446497844648547e+03 1.950342284323647618e+03 -8.129639892578125000e+02
1.105314219007734209e+03 1.954257360246963799e+03 -8.073662719726562500e+02
1.196181965879281051e+03 1.958173470875248313e+03 -7.918220214843750000e+02
1.287049738463480026e+03 1.962090616208501160e+03 -7.778339843750000000e+02
1.377917536765104160e+03 1.966008796251378953e+03 -7.667176513671875000e+02
1.468785360794863664e+03 1.969928011008538306e+03 -7.568552246093750000e+02
1.559653210557415150e+03 1.973848260482773185e+03 -7.560070190429687500e+02
1.650521086059277877e+03 1.977769544675946236e+03 -7.509689941406250000e+02
1.741388987307436764e+03 1.981691863593645394e+03 -7.433632812500000000e+02
1.832256914305849932e+03 1.985615217238664627e+03 -7.342647705078125000e+02
1.923124867065926082e+03 1.989539605614729226e+03 -7.266854858398437500e+02
2.013992845592088997e+03 1.993465028725564480e+03 -7.202944946289062500e+02
2.104860849888646044e+03 1.997391486573033035e+03 -7.164890136718750000e+02
2.195728879966773093e+03 2.001318979162722826e+03 -7.042517089843750000e+02
2.286596935830777511e+03 2.005247506496496499e+03 -6.950734863281250000e+02
2.377465017487527803e+03 2.009177068578079343e+03 -6.865967407226562500e+02
2.468333124943426810e+03 2.013107665413059294e+03 -6.739132690429687500e+02
2.559201258203247562e+03 2.017039297002367675e+03 -6.604276733398437500e+02
2.650069417277700268e+03 2.020971963351592422e+03 -6.528852539062500000e+02
2.740937602171441540e+03 2.024905664461664855e+03 -6.449719848632812500e+02
2.831805812889011577e+03 2.028840400338172913e+03 -6.335910034179687500e+02
2.922674049441237003e+03 2.032776170983910561e+03 -6.261687622070312500e+02
3.013542311832541600e+03 2.036712976403534412e+03 -6.276104736328125000e+02
3.104410600069910288e+03 2.040650816597975791e+03 -6.261049804687500000e+02
3.195278914159862325e+03 2.044589691573753953e+03 -6.194002685546875000e+02
3.286147254108684137e+03 2.048529601332731545e+03 -6.111870117187500000e+02
3.377015619921265170e+03 2.052470545877702534e+03 -6.030777587890625000e+02
3.467884011608548462e+03 2.056412525213323534e+03 -5.953322753906250000e+02
3.558752429174957797e+03 2.060355539344251156e+03 -5.870935058593750000e+02
3.649620872624916956e+03 2.064299588271416724e+03 -5.771849975585937500e+02
3.740489341969601810e+03 2.068244671999476850e+03 -5.687627563476562500e+02
3.831357837213203311e+03 2.072190790532156825e+03 -5.632625122070312500e+02
3.922226358362706378e+03 2.076137943873181939e+03 -5.583049926757812500e+02
4.013094905424397439e+03 2.080086132026277483e+03 -5.515554809570312500e+02
4.103963478403049521e+03 2.084035354993306100e+03 -5.469849853515625000e+02
4.194832077309489250e+03 2.087985612778924406e+03 -5.406852416992187500e+02
4.285700702148489654e+03 2.091936905386857688e+03 -5.329289550781250000e+02
4.376569352924125269e+03 2.095889232820831239e+03 -5.240527343750000000e+02
4.467438029647571966e+03 2.099842595084570348e+03 -5.141005249023437500e+02
4.558306732323486358e+03 2.103796992179937661e+03 -5.039537353515625000e+02
4.649175460958154872e+03 2.107752424111589789e+03 -4.948102416992187500e+02
4.740044215558562428e+03 2.111708890883252025e+03 -4.897503967285156250e+02
4.830912996128899977e+03 2.115666392498649657e+03 -4.865989990234375000e+02
4.921781802680343390e+03 2.119624928959645331e+03 -4.779877014160156250e+02
5.012650635217549279e+03 2.123584500272758305e+03 -4.786757507324218750e+02
5.103519493744475767e+03 2.127545106437988579e+03 -4.748910522460937500e+02
5.194388378272647969e+03 2.131506747460924089e+03 -4.723213195800781250e+02
5.285257288806256838e+03 2.135469423346221447e+03 -4.737122192382812500e+02
5.376126225352054462e+03 2.139433134094811976e+03 -4.693549499511718750e+02
5.466995187916676514e+03 2.143397879711352289e+03 -4.669800720214843750e+02
5.557864176504546776e+03 2.147363660198636353e+03 -4.610699768066406250e+02
5.648733191126724705e+03 2.151330475562252104e+03 -4.486921997070312500e+02
5.739602231787634082e+03 2.155298325804993510e+03 -4.437439880371093750e+02
5.830471298491815105e+03 2.159267210928723216e+03 -4.439766235351562500e+02
5.921340391250094399e+03 2.163237130939029157e+03 -4.406499938964843750e+02
6.012209510067244992e+03 2.167208085836842656e+03 -4.362893981933593750e+02
6.103078654949786142e+03 2.171180075629614294e+03 -4.369575500488281250e+02
6.193947825904237106e+03 2.175153100317344069e+03 -4.316489868164062500e+02
6.284817022935138084e+03 2.179127159904688597e+03 -4.349024963378906250e+02
6.375686246053548530e+03 2.183102254396304488e+03 -4.362833251953125000e+02
6.466555495264008641e+03 2.187078383794985712e+03 -4.257078857421875000e+02
6.557424770573037677e+03 2.191055548103526235e+03 -4.215607604980468750e+02
6.648294071985175833e+03 2.195033747326582670e+03 -4.186474914550781250e+02
6.739163399511366151e+03 2.199012981466948986e+03 -4.149325866699218750e+02
6.830032753156148829e+03 2.202993250527419150e+03 -4.017489013671875000e+02
6.920902132926043123e+03 2.206974554514512420e+03 -4.015516662597656250e+02
7.011771538827917539e+03 2.210956893428228796e+03 -3.981190490722656250e+02
7.102640970865963027e+03 2.214940267275087535e+03 -4.017296142578125000e+02
7.193510429051471874e+03 2.218924676056019962e+03 -3.975844726562500000e+02
7.284379913388751447e+03 2.222910119776614010e+03 -3.997051696777343750e+02
7.375249423882341944e+03 2.226896598439663649e+03 -3.949692993164062500e+02
7.466118960543186404e+03 2.230884112048894167e+03 -3.948030700683593750e+02
9.935620447155088186e+00 2.022991921663284302e+03 -8.629137573242187500e+02
1.008017424517311156e+02 2.026895648702047765e+03 -8.467647705078125000e+02
1.916678900847909972e+02 2.030800410413183272e+03 -8.316327514648437500e+02
2.825340633530868217e+02 2.034706206801347435e+03 -8.289392700195312500e+02
3.734002622608095407e+02 2.038613037869334221e+03 -8.285026855468750000e+02
4.642664868193678558e+02 2.042520903620868921e+03 -8.255460205078125000e+02
5.551327370328363031e+02 2.046429804058745503e+03 -8.227979736328125000e+02
6.459990129058714956e+02 2.050339739186689258e+03 -8.189727172851562500e+02
7.368653144496493042e+02 2.054250709009356797e+03 -8.135449829101562500e+02
8.277316416685935110e+02 2.058162713528610766e+03 -8.005507812500000000e+02
9.185979945689905435e+02 2.062075752750039101e+03 -7.894639892578125000e+02
1.009464373157941736e+03 2.065989826674573123e+03 -7.835964965820312500e+02
1.100330777439754456e+03 2.069904935306869447e+03 -7.855662841796875000e+02
1.191197207425255328e+03 2.073821078650653362e+03 -7.781302490234375000e+02
1.282063663119217381e+03 2.077738256710581481e+03 -7.650020141601562500e+02
1.372930144526064396e+03 2.081656469487585127e+03 -7.510096435546875000e+02
1.463796651656622998e+03 2.085575716986320913e+03 -7.419002685546875000e+02
1.554663184515549801e+03 2.089495999210514128e+03 -7.403670043945312500e+02
1.645529743109364063e+03 2.093417316162958741e+03 -7.378767700195312500e+02
1.736396327444817871e+03 2.097339667848311365e+03 -7.301030273437500000e+02
1.827262937526218593e+03 2.101263054269365966e+03 -7.214904785156250000e+02
1.918129573364974931e+03 2.105187475430779159e+03 -7.118512573242187500e+02
2.008996234965045005e+03 2.109112931332550943e+03 -7.047172851562500000e+02
2.099862922331318259e+03 2.113039421983063221e+03 -7.010237426757812500e+02
2.190729635474504903e+03 2.116966947381384671e+03 -6.931740112304687500e+02
2.281596374399377964e+03 2.120895507534965873e+03 -6.824677734375000000e+02
2.372463139112340286e+03 2.124825102443806827e+03 -6.706962890625000000e+02
2.463329929620027542e+03 2.128755732113495469e+03 -6.583134765625000000e+02
2.554196745927212760e+03 2.132687396546825767e+03 -6.417603149414062500e+02
2.645063588044606149e+03 2.136620095747523010e+03 -6.300490112304687500e+02
2.735930455976631492e+03 2.140553829719312489e+03 -6.232042236328125000e+02
2.826797349728061818e+03 2.144488598464056849e+03 -6.126304931640625000e+02
2.917664269309723750e+03 2.148424401988275349e+03 -6.031577148437500000e+02
3.008531214726273902e+03 2.152361240292899311e+03 -6.011652832031250000e+02
3.099398185983998701e+03 2.156299113382585347e+03 -6.030434570312500000e+02
3.190265183089883067e+03 2.160238021261058748e+03 -5.986967773437500000e+02
3.281132206050446257e+03 2.164177963931113482e+03 -5.913305053710937500e+02
3.371999254870228469e+03 2.168118941396474838e+03 -5.831354980468750000e+02
3.462866329560056329e+03 2.172060953660868108e+03 -5.741267089843750000e+02
3.553733430124702863e+03 2.176004000728018582e+03 -5.641317138671875000e+02
3.644600556568242610e+03 2.179948082599788904e+03 -5.509983520507812500e+02
3.735467708902200684e+03 2.183893199282698333e+03 -5.404397583007812500e+02
3.826334887130535208e+03 2.187839350777678192e+03 -5.336747436523437500e+02
3.917202091260231100e+03 2.191786537089385092e+03 -5.289315185546875000e+02
4.008069321297807619e+03 2.195734758221544325e+03 -5.256207275390625000e+02
4.098936577247688547e+03 2.199684014176018536e+03 -5.212990112304687500e+02
4.189803859121049754e+03 2.203634304957464337e+03 -5.163795166015625000e+02
4.280671166922198609e+03 2.207585630571469665e+03 -5.103657531738281250e+02
4.371538500655675307e+03 2.211537991018034518e+03 -5.036744995117187500e+02
4.462405860332539305e+03 2.215491386302746832e+03 -4.942805175781250000e+02
4.553273245957214385e+03 2.219445816428400576e+03 -4.917633361816406250e+02
4.644140657536452636e+03 2.223401281397789717e+03 -4.896250000000000000e+02
4.735008095076540485e+03 2.227357781217433512e+03 -4.757640686035156250e+02
4.825875558582367375e+03 2.231315315887331963e+03 -4.723736877441406250e+02
4.916743048064876348e+03 2.235273885412141681e+03 -4.674620971679687500e+02
5.007610563528258353e+03 2.239233489797450602e+03 -4.609819641113281250e+02
5.098478104977170005e+03 2.243194129043258727e+03 -4.622256774902343750e+02
5.189345672422787175e+03 2.247155803156085312e+03 -4.573572692871093750e+02
5.280213265869300812e+03 2.251118512138724327e+03 -4.511684265136718750e+02
5.371080885323463008e+03 2.255082255993969738e+03 -4.466026000976562500e+02
5.461948530792025849e+03 2.259047034724615514e+03 -4.443339843750000000e+02
5.552816202279296704e+03 2.263012848335318267e+03 -4.381854248046875000e+02
5.643683899796335027e+03 2.266979696830734611e+03 -4.267173461914062500e+02
5.734551623347681016e+03 2.270947580212727189e+03 -4.224434204101562500e+02
5.825419372937758453e+03 2.274916498485021293e+03 -4.229191589355468750e+02
5.916287148577626795e+03 2.278886451651342213e+03 -4.186100463867187500e+02
6.007154950271593407e+03 2.282857439715415239e+03 -4.149525451660156250e+02
6.098022778026526794e+03 2.286829462681896985e+03 -4.148585815429687500e+02
6.188890631848829798e+03 2.290802520552650094e+03 -4.092219543457031250e+02
6.279758511743042618e+03 2.294776613331399858e+03 -4.122231445312500000e+02
6.370626417720457539e+03 2.298751741020940244e+03 -4.059851379394531250e+02
6.461494349785149097e+03 2.302727903627790511e+03 -4.056568298339843750e+02
6.552362307944102213e+03 2.306705101151950657e+03 -3.982950134277343750e+02
6.643230292201507837e+03 2.310683333599939942e+03 -3.956970520019531250e+02
6.734098302568541840e+03 2.314662600972689688e+03 -3.922540283203125000e+02
6.824966339049511589e+03 2.318642903275787830e+03 -3.767826843261718750e+02
6.915834401651285589e+03 2.322624240512959659e+03 -3.788033447265625000e+02
7.006702490380383097e+03 2.326606612686067820e+03 -3.731639404296875000e+02
7.097570605241227895e+03 2.330590019798837602e+03 -3.779152221679687500e+02
7.188438746244879439e+03 2.334574461854994297e+03 -3.740829162597656250e+02
7.279306913395877928e+03 2.338559938860125840e+03 -3.780364685058593750e+02
7.370175106698414311e+03 2.342546450815163553e+03 -3.733254394531250000e+02
7.461043326164130121e+03 2.346533997724764049e+03 -3.729039916992187500e+02
4.967867202823981643e+00 2.138639115634374321e+03 -8.526665039062500000e+02
9.583267234475351870e+01 2.142542875283397734e+03 -8.317492675781250000e+02
1.866975031108595431e+02 2.146447669613175094e+03 -8.151407470703125000e+02
2.775623595075448975e+02 2.150353498628363013e+03 -8.044990234375000000e+02
3.684272415394661948e+02 2.154260362330824137e+03 -8.053010253906250000e+02
4.592921492175664753e+02 2.158168260726146400e+03 -8.011229858398437500e+02
5.501570825463859364e+02 2.162077193817123771e+03 -7.997005004882812500e+02
6.410220415303483605e+02 2.165987161606550217e+03 -7.981309814453125000e+02
7.318870261803967878e+02 2.169898164098151028e+03 -7.918187255859375000e+02
8.227520365011878312e+02 2.173810201294720173e+03 -7.832502441406250000e+02
9.136170724991243333e+02 2.177723273201845586e+03 -7.693792724609375000e+02
1.004482134181074798e+03 2.181637379821389914e+03 -7.603610229492187500e+02
1.095347221551463008e+03 2.185552521157078445e+03 -7.617935180664062500e+02
1.186212334621232003e+03 2.189468697212636471e+03 -7.601387329101562500e+02
1.277077473394805565e+03 2.193385907991789281e+03 -7.520537109375000000e+02
1.367942637876840308e+03 2.197304153497330844e+03 -7.394446411132812500e+02
1.458807828078279272e+03 2.201223433732986450e+03 -7.281325073242187500e+02
1.549673044003546238e+03 2.205143748703412712e+03 -7.250852661132812500e+02
1.640538285659276880e+03 2.209065098410472274e+03 -7.233982543945312500e+02
1.731403553052223288e+03 2.212987482857890427e+03 -7.163807373046875000e+02
1.822268846186809242e+03 2.216910902050323784e+03 -7.071574707031250000e+02
1.913134165073977783e+03 2.220835355989634991e+03 -6.975869750976562500e+02
2.003999509718269110e+03 2.224760844680480659e+03 -6.909415283203125000e+02
2.094864880123990588e+03 2.228687368125654757e+03 -6.823468017578125000e+02
2.185730276302434504e+03 2.232614926329813898e+03 -6.789589843750000000e+02
2.276595698257908225e+03 2.236543519295752048e+03 -6.679860229492187500e+02
2.367461145997280255e+03 2.240473147026263177e+03 -6.553624877929687500e+02
2.458326619526837021e+03 2.244403809526003897e+03 -6.440374755859375000e+02
2.549192118851235136e+03 2.248335506797768176e+03 -6.259426879882812500e+02
2.640057643981417641e+03 2.252268238845281303e+03 -6.105650024414062500e+02
2.730923194922041148e+03 2.256202005672268569e+03 -6.007772216796875000e+02
2.821788771677413024e+03 2.260136807282455266e+03 -5.907055053710937500e+02
2.912654374258592725e+03 2.264072643677704036e+03 -5.817727661132812500e+02
3.003520002670120448e+03 2.268009514863602817e+03 -5.761887207031250000e+02
3.094385656918399036e+03 2.271947420843876898e+03 -5.759375000000000000e+02
3.185251337010413408e+03 2.275886361619457603e+03 -5.750637207031250000e+02
3.276117042952566408e+03 2.279826337195932865e+03 -5.694632568359375000e+02
3.366982774749398232e+03 2.283767347575165331e+03 -5.606477661132812500e+02
3.457848532411968336e+03 2.287709392762742937e+03 -5.487357177734375000e+02
3.548714315944700502e+03 2.291652472762390971e+03 -5.362650146484375000e+02
3.639580125352018513e+03 2.295596587575040758e+03 -5.219636840820312500e+02
3.730445960645098239e+03 2.299541737205348909e+03 -5.134290161132812500e+02
3.821311821828247048e+03 2.303487921657040715e+03 -5.067114868164062500e+02
3.912177708908217028e+03 2.307435140934772789e+03 -5.034089965820312500e+02
4.003043621891643852e+03 2.311383395040407777e+03 -5.018380126953125000e+02
4.093909560782834888e+03 2.315332683977670968e+03 -4.981702575683593750e+02
4.184775525592966005e+03 2.319283007751218975e+03 -4.934194946289062500e+02
4.275641516326460987e+03 2.323234366362914443e+03 -4.912105102539062500e+02
4.366507532987743616e+03 2.327186759818345308e+03 -4.906010131835937500e+02
4.457373575587989762e+03 2.331140188119374216e+03 -4.905950012207031250e+02
4.548239644131623209e+03 2.335094651268795133e+03 -4.775252990722656250e+02
4.639105738625163212e+03 2.339050149273127317e+03 -4.688432006835937500e+02
4.729971859075361863e+03 2.343006682133302093e+03 -4.623470764160156250e+02
4.820838005486526527e+03 2.346964249853044748e+03 -4.536419677734375000e+02
4.911704177869833075e+03 2.350922852437011898e+03 -4.507916870117187500e+02
5.002570376229705289e+03 2.354882489888928831e+03 -4.431438598632812500e+02
5.093436600570566952e+03 2.358843162211589515e+03 -4.396240234375000000e+02
5.184302850903477520e+03 2.362804869406856596e+03 -4.351815185546875000e+02
5.275169127233093604e+03 2.366767611482180655e+03 -4.286357727050781250e+02
5.366035429565701634e+03 2.370731388437561691e+03 -4.238518981933593750e+02
5.456901757908053696e+03 2.374696200278587639e+03 -4.206881103515625000e+02
5.547768112264806405e+03 2.378662047007121146e+03 -4.153231506347656250e+02
5.638634492646902800e+03 2.382628928628750145e+03 -4.047431640625000000e+02
5.729500899058766663e+03 2.386596845145337284e+03 -3.965092163085937500e+02
5.820367331504588947e+03 2.390565796561539173e+03 -4.018165283203125000e+02
5.911233789995778352e+03 2.394535782879218459e+03 -3.965353088378906250e+02
6.002100274536758661e+03 2.398506804103963077e+03 -3.936066284179687500e+02
6.092966785134049132e+03 2.402478860237635672e+03 -4.020903015136718750e+02
6.183833321794285439e+03 2.406451951285824180e+03 -3.932822570800781250e+02
6.274699884522007778e+03 2.410426077249459922e+03 -3.812669372558593750e+02
6.365566473328042775e+03 2.414401238134130836e+03 -3.857166137695312500e+02
6.456433088217396289e+03 2.418377433942630887e+03 -3.857955017089843750e+02
6.547299729196121916e+03 2.422354664677754045e+03 -3.752318115234375000e+02
6.638166396268759854e+03 2.426332930345088243e+03 -3.717616577148437500e+02
6.729033089446602389e+03 2.430312230946496129e+03 -3.698439636230468750e+02
6.819899808733956888e+03 2.434292566485702991e+03 -3.541357727050781250e+02
6.910766554137459025e+03 2.438273936966434121e+03 -3.568626098632812500e+02
7.001633325663744472e+03 2.442256342392414808e+03 -3.491296691894531250e+02
7.092500123317353427e+03 2.446239782767370343e+03 -3.521507263183593750e+02
7.183366947109345347e+03 2.450224258094094694e+03 -3.511970214843750000e+02
7.274233797044027597e+03 2.454209768377244473e+03 -3.551073913574218750e+02
7.365100673125823960e+03 2.458196313618682325e+03 -3.540722961425781250e+02
7.455967575365910307e+03 2.462183893823996186e+03 -3.453809204101562500e+02
0.000000000000000000e+00 2.254286320460960269e+03 -8.365552978515625000e+02
9.086348824936430901e+01 2.258190112713724375e+03 -8.193181762695312500e+02
1.817270021184813231e+02 2.262094939657486975e+03 -7.968923339843750000e+02
2.725905416137538850e+02 2.266000801294110715e+03 -7.812493286132812500e+02
3.634541067397221923e+02 2.269907697627320886e+03 -7.779173583984375000e+02
4.543176975075621158e+02 2.273815628661774099e+03 -7.748945312500000000e+02
5.451813139216974378e+02 2.277724594398401678e+03 -7.710079956054687500e+02
6.360449559863191098e+02 2.281634594842791557e+03 -7.673143310546875000e+02
7.269086237128358334e+02 2.285545629998669028e+03 -7.634970092773437500e+02
8.177723171055549756e+02 2.289457699869759381e+03 -7.571350097656250000e+02
9.086360361709957942e+02 2.293370804456993937e+03 -7.467539672851562500e+02
9.994997809160267934e+02 2.297284943765960634e+03 -7.348560180664062500e+02
1.090363551344955340e+03 2.301200117800384760e+03 -7.327218017578125000e+02
1.181227347468957305e+03 2.305116326562128961e+03 -7.334061889648437500e+02
1.272091169292340055e+03 2.309033570055849850e+03 -7.302052001953125000e+02
1.362955016819527373e+03 2.312951848284341395e+03 -7.229455566406250000e+02
1.453818890061811544e+03 2.316871161252260208e+03 -7.137346801757812500e+02
1.544682789023499936e+03 2.320791508962400258e+03 -7.089516601562500000e+02
1.635546713711111806e+03 2.324712891417555511e+03 -7.049375000000000000e+02
1.726410664131515659e+03 2.328635308623313904e+03 -6.979591674804687500e+02
1.817274640289018862e+03 2.332558760580606759e+03 -6.886726684570312500e+02
1.908138642194680870e+03 2.336483247294090688e+03 -6.759468383789062500e+02
1.999002669853158295e+03 2.340408768767490983e+03 -6.673754882812500000e+02
2.089866723268642090e+03 2.344335325004532933e+03 -6.592148437500000000e+02
2.180730802452308126e+03 2.348262916007079184e+03 -6.529713134765625000e+02
2.271594907408580184e+03 2.352191541780717671e+03 -6.459279785156250000e+02
2.362459038143977523e+03 2.356121202328242362e+03 -6.366900024414062500e+02
2.453323194665485062e+03 2.360051897653378546e+03 -6.236428222656250000e+02
2.544187376977177337e+03 2.363983627757988870e+03 -6.067229003906250000e+02
2.635051585090346634e+03 2.367916392647661269e+03 -5.884465332031250000e+02
2.725915819009533152e+03 2.371850192325189710e+03 -5.750443115234375000e+02
2.816780078738695011e+03 2.375785026793368161e+03 -5.631401367187500000e+02
2.907644364289473742e+03 2.379720896056853235e+03 -5.533695068359375000e+02
2.998508675665943883e+03 2.383657800118438900e+03 -5.452728271484375000e+02
3.089373012874973938e+03 2.387595738981850445e+03 -5.421576538085937500e+02
3.180237375922966748e+03 2.391534712649881840e+03 -5.442116699218750000e+02
3.271101764816674404e+03 2.395474721127189696e+03 -5.380111694335937500e+02
3.361966179560637102e+03 2.399415764416567981e+03 -5.237853393554687500e+02
3.452830620165914297e+03 2.403357842522673309e+03 -5.111508178710937500e+02
3.543695086636929773e+03 2.407300955448299646e+03 -5.008516540527343750e+02
3.634559578977990896e+03 2.411245103195309639e+03 -4.896927795410156250e+02
3.725424097200273536e+03 2.415190285769291222e+03 -4.840233154296875000e+02
3.816288641308201477e+03 2.419136503173038363e+03 -4.804513244628906250e+02
3.907153211308410391e+03 2.423083755411207676e+03 -4.778594970703125000e+02
3.998017807207652368e+03 2.427032042485661805e+03 -4.804540100097656250e+02
4.088882429010234773e+03 2.430981364400126040e+03 -4.827969970703125000e+02
4.179747076727217063e+03 2.434931721158325672e+03 -4.858200073242187500e+02
4.270611750363139436e+03 2.438883112764917314e+03 -4.757508850097656250e+02
4.361476449922192842e+03 2.442835539222694933e+03 -4.735623168945312500e+02
4.452341175416018814e+03 2.446789000534452498e+03 -4.688432922363281250e+02
4.543205926848342642e+03 2.450743496704846621e+03 -4.601343078613281250e+02
4.634070704226265661e+03 2.454699027735739946e+03 -4.490493164062500000e+02
4.724935507556423545e+03 2.458655593632720411e+03 -4.397593078613281250e+02
4.815800336843007244e+03 2.462613194397650659e+03 -4.373161010742187500e+02
4.906665192097192630e+03 2.466571830035187304e+03 -4.282872619628906250e+02
4.997530073323636316e+03 2.470531500549055636e+03 -4.209279785156250000e+02
5.088394980526529253e+03 2.474492205941118300e+03 -4.170243225097656250e+02
5.179259913716930896e+03 2.478453946216031909e+03 -4.130145874023437500e+02
5.270124872899381444e+03 2.482416721378453076e+03 -4.061142578125000000e+02
5.360989858080400154e+03 2.486380531429313123e+03 -4.011030883789062500e+02
5.451854869266855530e+03 2.490345376374199986e+03 -3.978027038574218750e+02
5.542719906463054940e+03 2.494311256215907633e+03 -3.832595520019531250e+02
5.633584969679941423e+03 2.498278170958161354e+03 -3.827695617675781250e+02
5.724450058922171593e+03 2.502246120604686439e+03 -3.752868041992187500e+02
5.815315174194169231e+03 2.506215105158276856e+03 -3.806687011718750000e+02
5.906180315506877378e+03 2.510185124622657895e+03 -3.788480834960937500e+02
5.997045482864603400e+03 2.514156179002486169e+03 -3.804015197753906250e+02
6.087910676274448633e+03 2.518128268298693001e+03 -3.797598876953125000e+02
6.178775895742466673e+03 2.522101392518728971e+03 -3.705743103027343750e+02
6.269641141273546964e+03 2.526075551662594080e+03 -3.608215026855468750e+02
6.360506412878748961e+03 2.530050745735876262e+03 -3.645930175781250000e+02
6.451371710562263615e+03 2.534026974742300808e+03 -3.594979248046875000e+02
6.542237034330843017e+03 2.538004238682799041e+03 -3.516495361328125000e+02
6.633102384188910946e+03 2.541982537563890219e+03 -3.482409973144531250e+02
6.723967760147526860e+03 2.545961871387436986e+03 -3.465019836425781250e+02
6.814833162211230956e+03 2.549942240158095956e+03 -3.303664855957031250e+02
6.905698590386658907e+03 2.553923643878661096e+03 -3.284724731445312500e+02
6.996564044680213556e+03 2.557906082552857697e+03 -3.238651733398437500e+02
7.087429525096551515e+03 2.561889556183479726e+03 -3.279777832031250000e+02
7.178295031646732241e+03 2.565874064775183797e+03 -3.315514526367187500e+02
7.269160564335063100e+03 2.569859608331695199e+03 -3.310456848144531250e+02
7.360026123166317120e+03 2.573846186855807900e+03 -3.373341674804687500e+02
7.450891708150971681e+03 2.577833800350315869e+03 -3.388537292480468750e+02
8.589419016707688570e+01 2.373837360995821655e+03 -8.030122680664062500e+02
1.767563871090533212e+02 2.377742220547981560e+03 -7.813487548828125000e+02
2.676186096728779376e+02 2.381648114801384509e+03 -7.603082275390625000e+02
3.584808578630909324e+02 2.385555043759755790e+03 -7.505679931640625000e+02
4.493431316906353459e+02 2.389463007426820695e+03 -7.462860107421875000e+02
5.402054311599349603e+02 2.393372005806304514e+03 -7.425522460937500000e+02
6.310677562754135579e+02 2.397282038901001215e+03 -7.388410034179687500e+02
7.219301070483634248e+02 2.401193106715567410e+03 -7.354377441406250000e+02
8.127924834829755127e+02 2.405105209253728390e+03 -7.315549926757812500e+02
9.036548855861183256e+02 2.409018346517346799e+03 -7.264409790039062500e+02
9.945173133641947061e+02 2.412932518511079252e+03 -7.185985107421875000e+02
1.085379766821628436e+03 2.416847725236788392e+03 -7.103782348632812500e+02
1.176242245969828218e+03 2.420763966700062156e+03 -7.039864501953125000e+02
1.267104750812985003e+03 2.424681242903694510e+03 -7.014099731445312500e+02
1.357967281355522573e+03 2.428599553851410747e+03 -6.957911987304687500e+02
1.448829837608616799e+03 2.432518899545073509e+03 -6.902852783203125000e+02
1.539692419576691464e+03 2.436439279989339411e+03 -6.858232421875000000e+02
1.630555027266265824e+03 2.440360695189796388e+03 -6.808197631835937500e+02
1.721417660684091970e+03 2.444283145146444440e+03 -6.717307739257812500e+02
1.812280319834593683e+03 2.448206629863940179e+03 -6.634987792968750000e+02
1.903143004728946835e+03 2.452131149346940219e+03 -6.546804809570312500e+02
1.994005715371575207e+03 2.456056703598238528e+03 -6.449997558593750000e+02
2.084868451766669750e+03 2.459983292620629072e+03 -6.346149902343750000e+02
2.175731213925639167e+03 2.463910916417837143e+03 -6.270894775390625000e+02
2.266594001852674410e+03 2.467839574994519353e+03 -6.228107299804687500e+02
2.357456815554411151e+03 2.471769268352538347e+03 -6.154937744140625000e+02
2.448319655037717894e+03 2.475699996497482061e+03 -6.051197509765625000e+02
2.539182520306785591e+03 2.479631759430281818e+03 -5.874378662109375000e+02
2.630045411372906528e+03 2.483564557156525552e+03 -5.685012207031250000e+02
2.720908328240271658e+03 2.487498389679007232e+03 -5.517349853515625000e+02
2.811771270913654007e+03 2.491433257001452148e+03 -5.364727783203125000e+02
2.902634239403880201e+03 2.495369159126654267e+03 -5.238397216796875000e+02
2.993497233715374023e+03 2.499306096058338881e+03 -5.155182495117187500e+02
3.084360253855003975e+03 2.503244067800231278e+03 -5.098724975585937500e+02
3.175223299829056486e+03 2.507183074356988072e+03 -5.090002441406250000e+02
3.266086371644516475e+03 2.511123115730471909e+03 -5.068027343750000000e+02
3.356949469305691309e+03 2.515064191923476756e+03 -4.969617614746093750e+02
3.447812592823640443e+03 2.519006302942521870e+03 -4.813615112304687500e+02
3.538675742202904075e+03 2.522949448788538575e+03 -4.698127441406250000e+02
3.629538917447673157e+03 2.526893629465252161e+03 -4.624531555175781250e+02
3.720402118569239974e+03 2.530838844978250563e+03 -4.633233337402343750e+02
3.811265345572028309e+03 2.534785095328465104e+03 -4.686544799804687500e+02
3.902128598462557420e+03 2.538732380520552397e+03 -4.667036132812500000e+02
3.992991877247579396e+03 2.542680700558237731e+03 -4.656487121582031250e+02
4.083855181931401603e+03 2.546630055446177721e+03 -4.656078796386718750e+02
4.174718512525316328e+03 2.550580445184372365e+03 -4.644363708496093750e+02
4.265581869033630937e+03 2.554531869780272245e+03 -4.578541870117187500e+02
4.356445251460652798e+03 2.558484329233877361e+03 -4.523781433105468750e+02
4.447308659817790613e+03 2.562437823552638292e+03 -4.485075988769531250e+02
4.538172094109118916e+03 2.566392352736555040e+03 -4.408506469726562500e+02
4.629035554341506213e+03 2.570347916790284216e+03 -4.270819702148437500e+02
4.719899040521471761e+03 2.574304515718482435e+03 -4.172799987792968750e+02
4.810762552653555758e+03 2.578262149523943663e+03 -4.118768005371093750e+02
4.901626090748701245e+03 2.582220818208530545e+03 -4.057829895019531250e+02
4.992489654811564833e+03 2.586180521778762341e+03 -3.987052612304687500e+02
5.083353244846337475e+03 2.590141260236501694e+03 -3.950385437011718750e+02
5.174216860864311457e+03 2.594103033585473895e+03 -3.922932128906250000e+02
5.265080502869677730e+03 2.598065841828472912e+03 -3.836038513183593750e+02
5.355944170869188383e+03 2.602029684970155358e+03 -3.783564147949218750e+02
5.446807864869711921e+03 2.605994563014246523e+03 -3.749096679687500000e+02
5.537671584875322878e+03 2.609960475963540375e+03 -3.619645385742187500e+02
5.628535330897197127e+03 2.613927423821762204e+03 -3.607965698242187500e+02
5.719399102939991280e+03 2.617895406591705978e+03 -3.632859802246093750e+02
5.810262901007896289e+03 2.621864424278028309e+03 -3.651248779296875000e+02
5.901126725111971609e+03 2.625834476884454489e+03 -3.540469055175781250e+02
5.991990575256757438e+03 2.629805564412847161e+03 -3.555667419433593750e+02
6.082854451449005865e+03 2.633777686868794262e+03 -3.547070922851562500e+02
6.173718353695003316e+03 2.637750844254158437e+03 -3.476454162597656250e+02
6.264582281999639235e+03 2.641725036573596299e+03 -3.443621215820312500e+02
6.355446236373623833e+03 2.645700263829901814e+03 -3.410639953613281250e+02
6.446310216821497306e+03 2.649676526027731597e+03 -3.352284240722656250e+02
6.537174223350128159e+03 2.653653823168948293e+03 -3.212636413574218750e+02
6.628038255963474512e+03 2.657632155259139836e+03 -3.221575012207031250e+02
6.718902314672945067e+03 2.661611522300168872e+03 -3.147212219238281250e+02
6.809766399483080022e+03 2.665591924295760691e+03 -3.029428405761718750e+02
6.900630510400282219e+03 2.669573361251503229e+03 -3.001223449707031250e+02
6.991494647431187332e+03 2.673555833168327808e+03 -2.988000183105468750e+02
7.082358810580335557e+03 2.677539340049959719e+03 -2.975151672363281250e+02
7.173222999858669937e+03 2.681523881901055574e+03 -3.100281677246093750e+02
7.264087215270847082e+03 2.685509458725340664e+03 -3.202685241699218750e+02
7.354951456821057945e+03 2.689496070525608957e+03 -3.271439208984375000e+02
7.445815724520711228e+03 2.693483717306517065e+03 -3.286269836425781250e+02
8.092477809940464795e+01 2.489484620125964284e+03 -7.867584838867187500e+02
1.717856580844381824e+02 2.493389512280002236e+03 -7.620702514648437500e+02
2.626465636868961155e+02 2.497295439144596457e+03 -7.438905029296875000e+02
3.535074949113186449e+02 2.501202400722540915e+03 -7.351443481445312500e+02
4.443684517685323954e+02 2.505110397018492222e+03 -7.315155029296875000e+02
5.352294342631939799e+02 2.509019428035244346e+03 -7.271087646484375000e+02
6.260904423994943500e+02 2.512929493775591254e+03 -7.227390136718750000e+02
7.169514761888422072e+02 2.516840594244189560e+03 -7.183394775390625000e+02
8.078125356354285032e+02 2.520752729443833232e+03 -7.135629882812500000e+02
8.986736207460053265e+02 2.524665899378247559e+03 -7.086304931640625000e+02
9.895347315270919353e+02 2.528580104050226510e+03 -7.026282348632812500e+02
1.080395867983344942e+03 2.532495343463495374e+03 -6.925577392578125000e+02
1.171257030125707388e+03 2.536411617622710764e+03 -6.811667480468750000e+02
1.262118217958603054e+03 2.540328926531597972e+03 -6.717567138671875000e+02
1.352979431486455724e+03 2.544247270192019641e+03 -6.673656616210937500e+02
1.443840670720441267e+03 2.548166648607701063e+03 -6.678237304687500000e+02
1.534701935664867051e+03 2.552087061781436205e+03 -6.636679687500000000e+02
1.625563226326368749e+03 2.556008509719744325e+03 -6.584874877929687500e+02
1.716424542711814865e+03 2.559930992423556745e+03 -6.496367187500000000e+02
1.807285884825512767e+03 2.563854509896598756e+03 -6.429822387695312500e+02
1.898147252678405493e+03 2.567779062143526971e+03 -6.334872436523437500e+02
1.989008646275033243e+03 2.571704649166204035e+03 -6.235987548828125000e+02
2.079870065619936213e+03 2.575631270969286561e+03 -6.140992431640625000e+02
2.170731510724057443e+03 2.579558927555568516e+03 -6.053585205078125000e+02
2.261592981591820717e+03 2.583487618929706514e+03 -6.004827270507812500e+02
2.352454478229978122e+03 2.587417345094494522e+03 -5.967239990234375000e+02
2.443316000645048916e+03 2.591348106053657830e+03 -5.869877319335937500e+02
2.534177548841573298e+03 2.595279901809059083e+03 -5.718948364257812500e+02
2.625039122830610722e+03 2.599212732368148863e+03 -5.506055297851562500e+02
2.715900722616584972e+03 2.603146597729064524e+03 -5.323420410156250000e+02
2.806762348203919828e+03 2.607081497900187969e+03 -5.141094970703125000e+02
2.897623999603558332e+03 2.611017432881519198e+03 -5.009664916992187500e+02
2.988485676820157096e+03 2.614954402679577470e+03 -4.903020019531250000e+02
3.079347379860468209e+03 2.618892407295294106e+03 -4.829157714843750000e+02
3.170209108730661683e+03 2.622831446733325720e+03 -4.734987487792968750e+02
3.261070863437838852e+03 2.626771520997397602e+03 -4.549704895019531250e+02
3.351932643986074254e+03 2.630712630090303719e+03 -4.591827392578125000e+02
3.442794450386776589e+03 2.634654774015769362e+03 -4.587007446289062500e+02
3.533656282644253224e+03 2.638597952778451145e+03 -4.564620056152343750e+02
3.624518140762811527e+03 2.642542166379280388e+03 -4.551950073242187500e+02
3.715380024753627367e+03 2.646487414825707674e+03 -4.554794311523437500e+02
3.806241934621240944e+03 2.650433698117733002e+03 -4.544044494628906250e+02
3.897103870372055098e+03 2.654381016259081662e+03 -4.543055725097656250e+02
3.987965832012938336e+03 2.658329369256272912e+03 -4.498217773437500000e+02
4.078827819548198022e+03 2.662278757109306753e+03 -4.467057189941406250e+02
4.169689832988893613e+03 2.666229179824702442e+03 -4.440649414062500000e+02
4.260551872339565307e+03 2.670180637402459979e+03 -4.377369689941406250e+02
4.351413937604753301e+03 2.674133129849098623e+03 -4.342367858886718750e+02
4.442276028795167804e+03 2.678086657168343663e+03 -4.279943237304687500e+02
4.533138145915465429e+03 2.682041219361126423e+03 -4.182652587890625000e+02
4.624000288972165436e+03 2.685996816433034837e+03 -4.043462829589843750e+02
4.714862457972252741e+03 2.689953448386862874e+03 -3.947950134277343750e+02
4.805724652919801883e+03 2.693911115226335824e+03 -3.893547973632812500e+02
4.896586873825872317e+03 2.697869816954247653e+03 -3.832788696289062500e+02
4.987449120695237070e+03 2.701829553576186299e+03 -3.764754028320312500e+02
5.078311393532087095e+03 2.705790325093083084e+03 -3.724677429199218750e+02
5.169173692347481847e+03 2.709752131510525942e+03 -3.698994445800781250e+02
5.260036017145961523e+03 2.713714972831308842e+03 -3.611046142578125000e+02
5.350898367933928967e+03 2.717678849057294428e+03 -3.556122436523437500e+02
5.441760744718369097e+03 2.721643760195001960e+03 -3.520068359375000000e+02
5.532623147503472865e+03 2.725609706245362759e+03 -3.436415100097656250e+02
5.623485576300416142e+03 2.729576687213964760e+03 -3.425184020996093750e+02
5.714348031113622710e+03 2.733544703103601933e+03 -3.394217529296875000e+02
5.805210511947516352e+03 2.737513753917999566e+03 -3.373626403808593750e+02
5.896073018813156523e+03 2.741483839659020305e+03 -3.295983276367187500e+02
5.986935551714967005e+03 2.745454960333183408e+03 -3.311642761230468750e+02
6.077798110659467056e+03 2.749427115941420197e+03 -3.301531982421875000e+02
6.168660695653641596e+03 2.753400306488387287e+03 -3.226890258789062500e+02
6.259523306701681577e+03 2.757374531976878643e+03 -3.189926452636718750e+02
6.350385943814646453e+03 2.761349792411550879e+03 -3.135622863769531250e+02
6.441248606996960007e+03 2.765326087796129286e+03 -3.109510803222656250e+02
6.532111296255374327e+03 2.769303418133407831e+03 -2.990057373046875000e+02
6.622974011594196782e+03 2.773281783427111804e+03 -2.955534057617187500e+02
6.713836753024486825e+03 2.777261183679103851e+03 -2.866532897949218750e+02
6.804699520551017486e+03 2.781241618895903230e+03 -2.787192687988281250e+02
6.895562314179958776e+03 2.785223089080303907e+03 -2.681557006835937500e+02
6.986425133918295614e+03 2.789205594233237207e+03 -2.773233947753906250e+02
7.077287979770218953e+03 2.793189134361222386e+03 -2.870027160644531250e+02
7.168150851747021079e+03 2.797173709467053413e+03 -2.955464477539062500e+02
7.259013749852776527e+03 2.801159319554455578e+03 -3.037754821777343750e+02
7.349876674092374742e+03 2.805145964626222849e+03 -3.116518554687500000e+02
7.440739624476642348e+03 2.809133644686080515e+03 -3.158222961425781250e+02
7.595525204809382558e+01 2.605131890104152262e+03 -7.695777587890625000e+02
1.668148150462657213e+02 2.609036814857274294e+03 -7.479347534179687500e+02
2.576744036573218182e+02 2.612942774328403175e+03 -7.281102294921875000e+02
3.485340178858023137e+02 2.616849768520332873e+03 -7.168681640625000000e+02
4.393936577427666634e+02 2.620757797439582646e+03 -7.113302612304687500e+02
5.302533232327550650e+02 2.624666861088015139e+03 -7.072399902343750000e+02
6.211130143599584699e+02 2.628576959467492998e+03 -7.008489990234375000e+02
7.119727311356691644e+02 2.632488092584535480e+03 -6.967130126953125000e+02
8.028324735643109307e+02 2.636400260441936553e+03 -6.922160034179687500e+02
8.936922416524030268e+02 2.640313463041558862e+03 -6.866115112304687500e+02
9.845520354066975415e+02 2.644227700387127697e+03 -6.825872802734375000e+02
1.075411854831501842e+03 2.648142972484230995e+03 -6.716650390625000000e+02
1.166271699938108213e+03 2.652059279334731400e+03 -6.532247314453125000e+02
1.257131570730707608e+03 2.655976620941422880e+03 -6.467492675781250000e+02
1.347991467213956639e+03 2.659894997309893370e+03 -6.372111816406250000e+02
1.438851389398798347e+03 2.663814408441074193e+03 -6.374854736328125000e+02
1.529711337289656512e+03 2.667734854341484606e+03 -6.396804809570312500e+02
1.620571310893166810e+03 2.671656335011124611e+03 -6.359575195312500000e+02
1.711431310216197744e+03 2.675578850457444787e+03 -6.251617431640625000e+02
1.802291335262823850e+03 2.679502400680445135e+03 -6.173652343750000000e+02
1.893151386044453830e+03 2.683426985684782267e+03 -6.077422485351562500e+02
1.984011462565278634e+03 2.687352605476044118e+03 -5.978432617187500000e+02
2.074871564829838462e+03 2.691279260054230690e+03 -5.888027343750000000e+02
2.165731692849192768e+03 2.695206949424929917e+03 -5.828554687500000000e+02
2.256591846627881750e+03 2.699135673591867089e+03 -5.780545043945312500e+02
2.347452026172308251e+03 2.703065432556904852e+03 -5.746845092773437500e+02
2.438312231489224359e+03 2.706996226324699819e+03 -5.635897216796875000e+02
2.529172462583170272e+03 2.710928054898977280e+03 -5.475571899414062500e+02
2.620032719465205446e+03 2.714860918282531202e+03 -5.291979980468750000e+02
2.710893002139637247e+03 2.718794816479086876e+03 -5.123407592773437500e+02
2.801753310611005872e+03 2.722729749493300915e+03 -4.955442504882812500e+02
2.892613644890254363e+03 2.726665717326104641e+03 -4.805264892578125000e+02
2.983474004982039332e+03 2.730602719984017313e+03 -4.681544799804687500e+02
3.074334390892763622e+03 2.734540757468901575e+03 -4.569110107421875000e+02
3.165194802629179321e+03 2.738479829783551395e+03 -4.437845153808593750e+02
3.256055240197922103e+03 2.742419936932623386e+03 -4.327326660156250000e+02
3.346915703603532165e+03 2.746361078919842839e+03 -4.396079711914062500e+02
3.437776192856952548e+03 2.750303255748003721e+03 -4.465010070800781250e+02
3.528636707962607034e+03 2.754246467420831323e+03 -4.430290222167968750e+02
3.619497248925035819e+03 2.758190713942050934e+03 -4.438078613281250000e+02
3.710357815755065531e+03 2.762135995315387845e+03 -4.430505371093750000e+02
3.801218408457469195e+03 2.766082311543636024e+03 -4.423157653808593750e+02
3.892079027038766071e+03 2.770029662630520761e+03 -4.409827575683593750e+02
3.982939671505475417e+03 2.773978048578836024e+03 -4.327416687011718750e+02
4.073800341862137429e+03 2.777927469394169748e+03 -4.289621582031250000e+02
4.164661038119811565e+03 2.781877925078384578e+03 -4.235193481445312500e+02
4.255521760282805189e+03 2.785829415636137128e+03 -4.147031860351562500e+02
4.346382508355891332e+03 2.789781941070221364e+03 -4.115324096679687500e+02
4.437243282349780202e+03 2.793735501383431256e+03 -4.053614501953125000e+02
4.528104082268895581e+03 2.797690096580423415e+03 -3.956805114746093750e+02
4.618964908120338805e+03 2.801645726664923131e+03 -3.816149597167968750e+02
4.709825759910279885e+03 2.805602391639724374e+03 -3.723048095703125000e+02
4.800686637643259019e+03 2.809560091508552432e+03 -3.668157653808593750e+02
4.891547541330452077e+03 2.813518826274201274e+03 -3.607748718261718750e+02
4.982408470976282842e+03 2.817478595941327512e+03 -3.542380371093750000e+02
5.073269426585175097e+03 2.821439400513656437e+03 -3.498958129882812500e+02
5.164130408168071881e+03 2.825401239993982017e+03 -3.475245666503906250e+02
5.254991415729513392e+03 2.829364114385098219e+03 -3.376427001953125000e+02
5.345852449276018888e+03 2.833328023692592978e+03 -3.308956298828125000e+02
5.436713508814573288e+03 2.837292967918328941e+03 -3.280142517089843750e+02
5.527574594349134713e+03 2.841258947065100074e+03 -3.219775390625000000e+02
5.618435705891111866e+03 2.845225961139425635e+03 -3.196407775878906250e+02
5.709296843444928527e+03 2.849194010143168271e+03 -3.166592712402343750e+02
5.800158007014775649e+03 2.853163094078190625e+03 -3.148044738769531250e+02
5.891019196611829102e+03 2.857133212951943278e+03 -3.069719543457031250e+02
5.981880412240629084e+03 2.861104366763494909e+03 -3.090000915527343750e+02
6.072741653907811269e+03 2.865076555520296097e+03 -3.082035217285156250e+02
6.163602921619778499e+03 2.869049779222346842e+03 -3.008032531738281250e+02
6.254464215381303802e+03 2.873024037876166403e+03 -3.015558166503906250e+02
6.345325535203330219e+03 2.876999331483617425e+03 -2.955162048339843750e+02
6.436186881090048701e+03 2.880975660049356520e+03 -2.889607238769531250e+02
6.527048253048327751e+03 2.884953023577108979e+03 -2.772188720703125000e+02
6.617909651082707569e+03 2.888931422067806125e+03 -2.751167907714843750e+02
6.708771075204014778e+03 2.892910855527035892e+03 -2.576310729980468750e+02
6.799632525416789576e+03 2.896891323959454894e+03 -2.612163391113281250e+02
6.890494001727551222e+03 2.900872827366925776e+03 -2.653885498046875000e+02
6.981355504143284634e+03 2.904855365752242506e+03 -2.697576293945312500e+02
7.072217032667947933e+03 2.908838939120993018e+03 -2.749677429199218750e+02
7.163078587313066237e+03 2.912823547475971282e+03 -2.807298278808593750e+02
7.253940168082714081e+03 2.916809190819971263e+03 -2.880211791992187500e+02
7.344801774981548078e+03 2.920795869157649577e+03 -2.972628173828125000e+02
7.435663408020511270e+03 2.924783582491800189e+03 -3.055382385253906250e+02
7.098561201465781778e+01 2.720779170933179557e+03 -7.532592773437500000e+02
1.618438579959329218e+02 2.724684128277935088e+03 -7.309320068359375000e+02
2.527021295855520293e+02 2.728590120350010693e+03 -7.100659790039062500e+02
3.435604267881717533e+02 2.732497147152200341e+03 -6.946690063476562500e+02
4.344187496150843799e+02 2.736405208690091968e+03 -6.862254638671875000e+02
5.252770980702480301e+02 2.740314304963685572e+03 -6.846647949218750000e+02
6.161354721584357321e+02 2.744224435979500413e+03 -6.792692871093750000e+02
7.069938718904741108e+02 2.748135601739399135e+03 -6.723084716796875000e+02
7.978522972711361945e+02 2.752047802248969674e+03 -6.687842407226562500e+02
8.887107483068248257e+02 2.755961037508212030e+03 -6.621787109375000000e+02
9.795692250041756779e+02 2.759875307523645461e+03 -6.561290283203125000e+02
1.070427727367728949e+03 2.763790612297132611e+03 -6.357392578125000000e+02
1.161286255408544093e+03 2.767706951833330095e+03 -6.187545166015625000e+02
1.252144809131044894e+03 2.771624326134100556e+03 -6.215305175781250000e+02
1.343003388539538719e+03 2.775542735205031931e+03 -6.099185180664062500e+02
1.433861993645317852e+03 2.779462179047986865e+03 -6.061527709960937500e+02
1.524720624452573247e+03 2.783382657666690648e+03 -6.109907226562500000e+02
1.615579280968173407e+03 2.787304171065799892e+03 -6.104687500000000000e+02
1.706437963198637590e+03 2.791226719247177243e+03 -5.998867187500000000e+02
1.797296671148389578e+03 2.795150302215479314e+03 -5.873159790039062500e+02
1.888155404828721657e+03 2.799074919974431396e+03 -5.757465209960937500e+02
1.979014164243591949e+03 2.803000572525896132e+03 -5.677212524414062500e+02
2.069872949398006313e+03 2.806927259874530137e+03 -5.601185302734375000e+02
2.160731760302674957e+03 2.810854982024058700e+03 -5.529085083007812500e+02
2.251590596962021664e+03 2.814783738978207111e+03 -5.488344726562500000e+02
2.342449459382798523e+03 2.818713530738838017e+03 -5.457260131835937500e+02
2.433308347571757622e+03 2.822644357311539352e+03 -5.355577392578125000e+02
2.524167261533206329e+03 2.826576218697242439e+03 -5.240825195312500000e+02
2.615026201278204098e+03 2.830509114902466536e+03 -5.076977539062500000e+02
2.705885166811058298e+03 2.834443045929074287e+03 -4.924620056152343750e+02
2.796744158136425540e+03 2.838378011780790985e+03 -4.777355041503906250e+02
2.887603175265365280e+03 2.842314012460410595e+03 -4.643122558593750000e+02
2.978462218202184886e+03 2.846251047972589731e+03 -4.515687561035156250e+02
3.069321286953520030e+03 2.850189118320122361e+03 -4.442912597656250000e+02
3.160180381526122801e+03 2.854128223506733775e+03 -4.419460144042968750e+02
3.251039501926628873e+03 2.858068363537080586e+03 -4.315708923339843750e+02
3.341898648159462027e+03 2.862009538413025439e+03 -4.378529968261718750e+02
3.432757820235565305e+03 2.865951748137362301e+03 -4.363451538085937500e+02
3.523617018159478903e+03 2.869894992716610432e+03 -4.344449157714843750e+02
3.614476241935743019e+03 2.873839272151701152e+03 -4.305108337402343750e+02
3.705335491575184278e+03 2.877784586446359754e+03 -4.360066223144531250e+02
3.796194767082342878e+03 2.881730935606174171e+03 -4.258301086425781250e+02
3.887054068463970907e+03 2.885678319633007050e+03 -4.181811523437500000e+02
3.977913395726587623e+03 2.889626738529652357e+03 -4.098877258300781250e+02
4.068772748874733225e+03 2.893576192300766706e+03 -4.055225830078125000e+02
4.159632127919234335e+03 2.897526680950075388e+03 -4.006495666503906250e+02
4.250491532864863984e+03 2.901478204480372369e+03 -3.916708374023437500e+02
4.341350963715696707e+03 2.905430762896314263e+03 -3.888437194824218750e+02
4.432210420483024791e+03 2.909384356199763715e+03 -3.827412414550781250e+02
4.523069903171388432e+03 2.913338984395377338e+03 -3.730962829589843750e+02
4.613929411787074059e+03 2.917294647485949099e+03 -3.588874511718750000e+02
4.704788946337066591e+03 2.921251345476135612e+03 -3.498097839355468750e+02
4.795648506825673394e+03 2.925209078368730843e+03 -3.442576904296875000e+02
4.886508093263953924e+03 2.929167846168391407e+03 -3.382709960937500000e+02
4.977367705656215549e+03 2.933127648876048625e+03 -3.339556579589843750e+02
5.068227344006998464e+03 2.937088486496359110e+03 -3.281286926269531250e+02
5.159087008327478543e+03 2.941050359034910798e+03 -3.256068420410156250e+02
5.249946698621963151e+03 2.945013266492635012e+03 -3.161502380371093750e+02
5.340806414897204377e+03 2.948977208875119686e+03 -3.095090637207031250e+02
5.431666157159721479e+03 2.952942186183296144e+03 -3.069332885742187500e+02
5.522525925413821824e+03 2.956908198422752321e+03 -3.010521850585937500e+02
5.613385719670914114e+03 2.960875245596282184e+03 -2.977561035156250000e+02
5.704245539935072884e+03 2.964843327708542347e+03 -2.946927185058593750e+02
5.795105386211071163e+03 2.968812444761395454e+03 -2.931527709960937500e+02
5.885965258509619161e+03 2.972782596759498119e+03 -2.891736450195312500e+02
5.976825156835489906e+03 2.976753783705644310e+03 -2.881029052734375000e+02
6.067685081195086241e+03 2.980726005603559315e+03 -2.873593139648437500e+02
6.158545031595276669e+03 2.984699262457899749e+03 -2.806101074218750000e+02
6.249405008040135726e+03 2.988673554270528257e+03 -2.814026489257812500e+02
6.340265010541072115e+03 2.992648881046101451e+03 -2.786526184082031250e+02
6.431125039102393202e+03 2.996625242787413299e+03 -2.622896728515625000e+02
6.521985093730618246e+03 3.000602639498189092e+03 -2.607020263671875000e+02
6.612845174430403858e+03 3.004581071183085442e+03 -2.590576782226562500e+02
6.703705281212693080e+03 3.008560537843964994e+03 -2.595576477050781250e+02
6.794565414081793278e+03 3.012541039486415684e+03 -2.616649475097656250e+02
6.885425573044689372e+03 3.016522576111368835e+03 -2.646095886230468750e+02
6.976285758107667789e+03 3.020505147725343704e+03 -2.674246826171875000e+02
7.067145969275268726e+03 3.024488754328340292e+03 -2.707451782226562500e+02
7.158006206558551639e+03 3.028473395926877856e+03 -2.752216186523437500e+02
7.248866469962056726e+03 3.032459072522819042e+03 -2.819149780273437500e+02
7.339726759490207769e+03 3.036445784121751785e+03 -2.916557312011718750e+02
7.430587075153831393e+03 3.040433530724607408e+03 -3.023903503417968750e+02
6.601585800095926970e+01 2.836426462612114847e+03 -7.336785278320312500e+02
1.568727869351860136e+02 2.840331452543847263e+03 -7.117440185546875000e+02
2.477297414734493941e+02 2.844237477211281657e+03 -6.895780029296875000e+02
3.385867216205224395e+02 2.848144536618143320e+03 -6.709368286132812500e+02
4.294437273869989440e+02 2.852052630768157542e+03 -6.591737060546875000e+02
5.203007587774191052e+02 2.855961759664118290e+03 -6.570100097656250000e+02
6.111578157965559512e+02 2.859871923309750855e+03 -6.548087158203125000e+02
7.020148984552361071e+02 2.863783121708780527e+03 -6.495357666015625000e+02
7.928720067578833550e+02 2.867695354863069952e+03 -6.430650024414062500e+02
8.837291407110169530e+02 2.871608622778207064e+03 -6.368747558593750000e+02
9.745863003216218203e+02 2.875522925456985831e+03 -6.274625244140625000e+02
1.065443485593888909e+03 2.879438262903131545e+03 -6.113787841796875000e+02
1.156300696538994089e+03 2.883354635119438171e+03 -5.789295043945312500e+02
1.247157933161128312e+03 2.887272042109631002e+03 -5.832477416992187500e+02
1.338015195465064608e+03 2.891190483877435327e+03 -5.823930053710937500e+02
1.428872483461746015e+03 2.895109960426576436e+03 -5.781129760742187500e+02
1.519729797155596316e+03 2.899030471759848297e+03 -5.823947143554687500e+02
1.610587136553134769e+03 2.902952017880976200e+03 -5.820482788085937500e+02
1.701444501661229879e+03 2.906874598793685436e+03 -5.751950073242187500e+02
1.792301892484072596e+03 2.910798214502632618e+03 -5.606152343750000000e+02
1.883159309032838792e+03 2.914722865008749068e+03 -5.402862548828125000e+02
1.974016751312185079e+03 2.918648550317622721e+03 -5.345312500000000000e+02
2.064874219326302409e+03 2.922575270431116223e+03 -5.230159912109375000e+02
2.155731713086133823e+03 2.926503025354817510e+03 -5.158837890625000000e+02
2.246589232596335933e+03 2.930431815089657903e+03 -5.165867309570312500e+02
2.337446777863660827e+03 2.934361639641225338e+03 -5.171884765625000000e+02
2.428304348894511349e+03 2.938292499012313783e+03 -5.095794982910156250e+02
2.519161945693311282e+03 2.942224393205717206e+03 -5.013911743164062500e+02
2.610019568271236494e+03 2.946157322226092219e+03 -4.902687377929687500e+02
2.700877216632710770e+03 2.950091286078095436e+03 -4.762304992675781250e+02
2.791734890782157890e+03 2.954026284760795534e+03 -4.644129943847656250e+02
2.882592590730637312e+03 2.957962318282574415e+03 -4.552655029296875000e+02
2.973450316482689232e+03 2.961899386645294726e+03 -4.494114990234375000e+02
3.064308068044716492e+03 2.965837489849887788e+03 -4.345397949218750000e+02
3.155165845423471183e+03 2.969776627903804183e+03 -4.320887756347656250e+02
3.246023648625705391e+03 2.973716800807975233e+03 -4.285419921875000000e+02
3.336881477655726485e+03 2.977658008567988873e+03 -4.232702636718750000e+02
3.427739332524593920e+03 2.981600251184776425e+03 -4.289503784179687500e+02
3.518597213236847892e+03 2.985543528662994504e+03 -4.187151794433593750e+02
3.609455119796912186e+03 2.989487841007299721e+03 -4.145433959960937500e+02
3.700313052215729840e+03 2.993433188219554722e+03 -4.134710693359375000e+02
3.791171010497841053e+03 2.997379570305347443e+03 -4.014791564941406250e+02
3.882028994649881497e+03 3.001326987265609205e+03 -3.953940429687500000e+02
3.972887004678370431e+03 3.005275439104996622e+03 -3.870365295410156250e+02
4.063745040587848052e+03 3.009224925828166306e+03 -3.824926757812500000e+02
4.154603102389490232e+03 3.013175447436980903e+03 -3.777890930175781250e+02
4.245461190087371506e+03 3.017127003935165703e+03 -3.686404113769531250e+02
4.336319303686264902e+03 3.021079595326445997e+03 -3.661707458496093750e+02
4.427177443197229877e+03 3.025033221615478396e+03 -3.601337585449218750e+02
4.518035608624457382e+03 3.028987882805056870e+03 -3.505125122070312500e+02
4.608893799974699505e+03 3.032943578897975385e+03 -3.372150878906250000e+02
4.699752017254708335e+03 3.036900309897959232e+03 -3.277160644531250000e+02
4.790610260468791239e+03 3.040858075808733702e+03 -3.247921752929687500e+02
4.881468529628124088e+03 3.044816876634955406e+03 -3.165680236816406250e+02
4.972326824737014249e+03 3.048776712378486991e+03 -3.114992370605468750e+02
5.063185145799769089e+03 3.052737583043985069e+03 -3.056437988281250000e+02
5.154043492827797309e+03 3.056699488634243608e+03 -3.032248840332031250e+02
5.244901865825522691e+03 3.060662429153919220e+03 -2.958822631835937500e+02
5.335760264799115248e+03 3.064626404604874551e+03 -2.874582519531250000e+02
5.426618689755676314e+03 3.068591414991766214e+03 -2.849605407714843750e+02
5.517477140699513257e+03 3.072557460316456854e+03 -2.791707763671875000e+02
5.608335617641452700e+03 3.076524540586397052e+03 -2.759346618652343750e+02
5.699194120586384088e+03 3.080492655800655484e+03 -2.722109375000000000e+02
5.790052649538265541e+03 3.084461805965751410e+03 -2.704497070312500000e+02
5.880911204508505762e+03 3.088431991083547473e+03 -2.674079589843750000e+02
5.971769785501295701e+03 3.092403211157768965e+03 -2.711279296875000000e+02
6.062628392523503862e+03 3.096375466193072498e+03 -2.596005249023437500e+02
6.153487025581649505e+03 3.100348756192252040e+03 -2.630533447265625000e+02
6.244345684680156410e+03 3.104323081159964204e+03 -2.675823974609375000e+02
6.335204369829967618e+03 3.108298441097140312e+03 -2.701219177246093750e+02
6.426063081035856158e+03 3.112274836009368300e+03 -2.699275207519531250e+02
6.516921818304108456e+03 3.116252265901304781e+03 -2.678760681152343750e+02
6.607780581639381126e+03 3.120230730772949755e+03 -2.666354675292968750e+02
6.698639371052500792e+03 3.124210230630822480e+03 -2.670478515625000000e+02
6.789498186548124067e+03 3.128190765476785600e+03 -2.694290466308593750e+02
6.880357028132770211e+03 3.132172335315495729e+03 -2.726655273437500000e+02
6.971215895813191310e+03 3.136154940149746835e+03 -2.758392944335937500e+02
7.062074789593694732e+03 3.140138579984195530e+03 -2.790758361816406250e+02
7.152933709485456347e+03 3.144123254820704460e+03 -2.833997802734375000e+02
7.243792655492899939e+03 3.148108964664861560e+03 -2.899170227050781250e+02
7.334651627620216459e+03 3.152095709517598152e+03 -2.991842346191406250e+02
7.425510625878698193e+03 3.156083489385433495e+03 -3.095566406250000000e+02
6.104599000839516521e+01 2.952073765141889453e+03 -7.104234619140625000e+02
1.519016018656548113e+02 2.955978787655942142e+03 -6.913704833984375000e+02
2.427572393227601424e+02 2.959884844914078712e+03 -6.736694946289062500e+02
3.336129023839021102e+02 2.963791936920024455e+03 -6.509838256835937500e+02
4.244685910602565855e+02 2.967700063677504659e+03 -6.338864746093750000e+02
5.153243053560145199e+02 2.971609225190244615e+03 -6.262227783203125000e+02
6.061800452761817724e+02 2.975519421459175646e+03 -6.244044799804687500e+02
6.970358108312357217e+02 2.979430652490817010e+03 -6.228462524414062500e+02
7.878916020258329809e+02 2.983342918287962675e+03 -6.159534912109375000e+02
8.787474188667256385e+02 2.987256218852475286e+03 -6.094922485351562500e+02
9.696032613604329526e+02 2.991170554189942777e+03 -6.000294799804687500e+02
1.060459129511378706e+03 2.995085924303159118e+03 -5.861872558593750000e+02
1.151315023330738768e+03 2.999002329193986952e+03 -5.664692382812500000e+02
1.242170942822704092e+03 3.002919768868945539e+03 -5.490687255859375000e+02
1.333026887992164120e+03 3.006838243328034878e+03 -5.506724853515625000e+02
1.423882858849596232e+03 3.010757752577774227e+03 -5.482637939453125000e+02
1.514738855399889871e+03 3.014678296620026231e+03 -5.522344970703125000e+02
1.605594877649564296e+03 3.018599875459447503e+03 -5.520242309570312500e+02
1.696450925605138764e+03 3.022522489098832011e+03 -5.447527465820312500e+02
1.787306999271269888e+03 3.026446137541905046e+03 -5.331447753906250000e+02
1.878163098658900708e+03 3.030370820791460574e+03 -5.039892578125000000e+02
1.969019223772222176e+03 3.034296538851223886e+03 -4.929395141601562500e+02
2.059875374616123736e+03 3.038223291723988950e+03 -4.872892456054687500e+02
2.150731551201315597e+03 3.042151079415343702e+03 -4.820554809570312500e+02
2.241587753532454371e+03 3.046079901928082108e+03 -4.862465209960937500e+02
2.332443981616059318e+03 3.050009759264998138e+03 -4.910874938964843750e+02
2.423300235458882526e+03 3.053940651429817080e+03 -4.856159973144531250e+02
2.514156515065114945e+03 3.057872578426264226e+03 -4.792806701660156250e+02
2.605012820446165279e+03 3.061805540257133543e+03 -4.708712463378906250e+02
2.695869151606108062e+03 3.065739536927081645e+03 -4.621887512207031250e+02
2.786725508549716324e+03 3.069674568438902497e+03 -4.599464721679687500e+02
2.877581891287816688e+03 3.073610634795390069e+03 -4.394703063964843750e+02
2.968438299824949354e+03 3.077547736002132297e+03 -4.331714782714843750e+02
3.059294734167633578e+03 3.081485872060060501e+03 -4.253722229003906250e+02
3.150151194322621450e+03 3.085425042975693941e+03 -4.151242675781250000e+02
3.241007680296665058e+03 3.089365248749963939e+03 -4.163094787597656250e+02
3.331864192093955353e+03 3.093306489386595786e+03 -4.109684753417968750e+02
3.422720729725668207e+03 3.097248764891177416e+03 -4.064288024902343750e+02
3.513577293196227401e+03 3.101192075265571475e+03 -3.957943115234375000e+02
3.604433882510056719e+03 3.105136420512571931e+03 -3.920816345214843750e+02
3.695290497678332031e+03 3.109081800636835396e+03 -3.909380798339843750e+02
3.786147138705244288e+03 3.113028215643018484e+03 -3.789481201171875000e+02
3.877003805597545579e+03 3.116975665532052517e+03 -3.726226196289062500e+02
3.967860498362104408e+03 3.120924150309525430e+03 -3.641884460449218750e+02
4.058717217002995312e+03 3.124873669977299869e+03 -3.594752807617187500e+02
4.149573961531510577e+03 3.128824224540963769e+03 -3.542633972167968750e+02
4.240430731951957569e+03 3.132775814002379775e+03 -3.453903808593750000e+02
4.331287528268992901e+03 3.136728438365273178e+03 -3.417940979003906250e+02
4.422144350493326783e+03 3.140682097633369267e+03 -3.377293395996093750e+02
4.513001198629615828e+03 3.144636791810393333e+03 -3.261014099121093750e+02
4.603858072684495710e+03 3.148592520901001990e+03 -3.142203063964843750e+02
4.694714972664602101e+03 3.152549284905195236e+03 -3.050205688476562500e+02
4.785571898574125953e+03 3.156507083830423653e+03 -3.020091552734375000e+02
4.876428850424475968e+03 3.160465917678549886e+03 -2.934699707031250000e+02
4.967285828219959512e+03 3.164425786452367902e+03 -2.882163696289062500e+02
5.058142831964883953e+03 3.168386690156534314e+03 -2.821195678710937500e+02
5.148999861670541577e+03 3.172348628793843091e+03 -2.795718688964843750e+02
5.239856917341123335e+03 3.176311602368950844e+03 -2.711605834960937500e+02
5.330713998983381316e+03 3.180275610884651542e+03 -2.643310852050781250e+02
5.421571106604067609e+03 3.184240654343739152e+03 -2.615811157226562500e+02
5.512428240207373165e+03 3.188206732750870287e+03 -2.557176666259765625e+02
5.603285399804590270e+03 3.192173846108838916e+03 -2.518159790039062500e+02
5.694142585400026292e+03 3.196141994421370327e+03 -2.525401763916015625e+02
5.784999796997988597e+03 3.200111177693121135e+03 -2.422153930664062500e+02
5.875857034609885886e+03 3.204081395925953984e+03 -2.490419006347656250e+02
5.966714298239676282e+03 3.208052649124525487e+03 -2.585249023437500000e+02
6.057571587894461118e+03 3.212024937290698290e+03 -2.662937927246093750e+02
6.148428903580643237e+03 3.215998260430060327e+03 -2.723100891113281250e+02
6.239286245302646421e+03 3.219972618545405567e+03 -2.788903503417968750e+02
6.330143613071646541e+03 3.223948011641390622e+03 -2.838615417480468750e+02
6.421001006891950965e+03 3.227924439718946815e+03 -2.857375183105468750e+02
6.511858426770195365e+03 3.231901902783662081e+03 -2.849108886718750000e+02
6.602715872710803524e+03 3.235880400839261711e+03 -2.836561889648437500e+02
6.693573344725067727e+03 3.239859933886677027e+03 -2.844062805175781250e+02
6.784430842817178927e+03 3.243840501932427287e+03 -2.875383300781250000e+02
6.875288366993772797e+03 3.247822104979306459e+03 -2.921008911132812500e+02
6.966145917261717841e+03 3.251804743030108511e+03 -2.966632080078125000e+02
7.057003493625088595e+03 3.255788416088558733e+03 -3.006283264160156250e+02
7.147861096095060930e+03 3.259773124159313738e+03 -3.048768005371093750e+02
7.238718724676407874e+03 3.263758867244236171e+03 -3.111802368164062500e+02
7.329576379373087548e+03 3.267745645347982645e+03 -3.193675231933593750e+02
7.420434060196392238e+03 3.271733458473347127e+03 -3.270787658691406250e+02
5.607600803859531879e+01 3.067721078519709408e+03 -6.972310180664062500e+02
1.469303027889691293e+02 3.071626133610494435e+03 -6.701152343750000000e+02
2.377846231346484274e+02 3.075532223454676569e+03 -6.545017089843750000e+02
3.286389690800569952e+02 3.079439348055049777e+03 -6.334073486328125000e+02
4.194933406361378729e+02 3.083347507415339351e+03 -6.121117553710937500e+02
5.103477378075476736e+02 3.087256701538339257e+03 -5.998692626953125000e+02
6.012021605983609334e+02 3.091166930426843464e+03 -5.939249877929687500e+02
6.920566090199863538e+02 3.095078194086439908e+03 -5.927950439453125000e+02
7.829110830767313018e+02 3.098990492519922554e+03 -5.859790039062500000e+02
8.737655827752314508e+02 3.102903825729154050e+03 -5.783147583007812500e+02
9.646201081220060587e+02 3.106818193719722331e+03 -5.691127319335937500e+02
1.055474659121828154e+03 3.110733596494421363e+03 -5.555865478515625000e+02
1.146329235785407946e+03 3.114650034056045115e+03 -5.372002563476562500e+02
1.237183838117402047e+03 3.118567506408318877e+03 -5.168077392578125000e+02
1.328038466122001410e+03 3.122486013555899262e+03 -5.099458312988281250e+02
1.418893119810614735e+03 3.126405555501580238e+03 -5.136272583007812500e+02
1.509747799187432975e+03 3.130326132247224450e+03 -5.172282714843750000e+02
1.600602504258975387e+03 3.134247743799351156e+03 -5.175360107421875000e+02
1.691457235032226890e+03 3.138170390158891678e+03 -5.096517639160156250e+02
1.782311991511494853e+03 3.142094071330502629e+03 -5.005289916992187500e+02
1.873166773707722314e+03 3.146018787317909300e+03 -4.632082519531250000e+02
1.964021581625565886e+03 3.149944538123905659e+03 -4.370312500000000000e+02
2.054876415269100107e+03 3.153871323753148317e+03 -4.400687561035156250e+02
2.145731274649733678e+03 3.157799144207499921e+03 -4.506380004882812500e+02
2.236586159771773964e+03 3.161727999491617084e+03 -4.573540039062500000e+02
2.327441070641740225e+03 3.165657889608293772e+03 -4.638682556152343750e+02
2.418296007266384549e+03 3.169588814561255276e+03 -4.627407531738281250e+02
2.509150969650247134e+03 3.173520774354226887e+03 -4.604741821289062500e+02
2.600005957804154605e+03 3.177453768990933895e+03 -4.629530029296875000e+02
2.690860971732763574e+03 3.181387798475101590e+03 -4.433547363281250000e+02
2.781716011440381408e+03 3.185322862808592618e+03 -4.336141052246093750e+02
2.872571076938183978e+03 3.189258961996063590e+03 -4.241819763183593750e+02
2.963426168230362236e+03 3.193196096042171121e+03 -4.107834777832031250e+02
3.054281285323901102e+03 3.197134264948777854e+03 -4.056420593261718750e+02
3.145136428225203417e+03 3.201073468718677759e+03 -3.986450805664062500e+02
3.235991596940904856e+03 3.205013707358390093e+03 -3.901177978515625000e+02
3.326846791475545615e+03 3.208954980867914855e+03 -3.882167358398437500e+02
3.417702011839952320e+03 3.212897289253771305e+03 -3.839101867675781250e+02
3.508557258039014414e+03 3.216840632517822087e+03 -3.728622436523437500e+02
3.599412530076690018e+03 3.220785010663792491e+03 -3.696213073730468750e+02
3.690267827964271419e+03 3.224730423695407808e+03 -3.684084472656250000e+02
3.781123151706065983e+03 3.228676871615462005e+03 -3.579592590332031250e+02
3.871978501308942214e+03 3.232624354429543018e+03 -3.490708923339843750e+02
3.962833876779302955e+03 3.236572872138582170e+03 -3.408443603515625000e+02
4.053689278121804819e+03 3.240522424748167396e+03 -3.354025573730468750e+02
4.144544705347390845e+03 3.244473012259230018e+03 -3.316652221679687500e+02
4.235400158460251987e+03 3.248424634678289294e+03 -3.217065124511718750e+02
4.326255637465277687e+03 3.252377292008139193e+03 -3.186978759765625000e+02
4.417111142373178154e+03 3.256330984250642359e+03 -3.147638549804687500e+02
4.507966673188493587e+03 3.260285711410455406e+03 -3.030885620117187500e+02
4.598822229917859659e+03 3.264241473491303623e+03 -2.912815856933593750e+02
4.689677812568028457e+03 3.268198270496912301e+03 -2.824064941406250000e+02
4.780533421143190935e+03 3.272156102430075407e+03 -2.793232116699218750e+02
4.871389055654639378e+03 3.276114969293586910e+03 -2.706733093261718750e+02
4.962244716106681153e+03 3.280074871093966067e+03 -2.647420349121093750e+02
5.053100402503740042e+03 3.284035807831212878e+03 -2.591367492675781250e+02
5.143956114856991917e+03 3.287997779510915279e+03 -2.562332153320312500e+02
5.234811853170744143e+03 3.291960786135867238e+03 -2.478913421630859375e+02
5.325667617451632395e+03 3.295924827709794044e+03 -2.441312103271484375e+02
5.416523407706408761e+03 3.299889904236420989e+03 -2.371676025390625000e+02
5.507379223939264193e+03 3.303856015720404685e+03 -2.402188262939453125e+02
5.598235066161607392e+03 3.307823162161745131e+03 -2.307653808593750000e+02
5.689090934377629310e+03 3.311791343567892909e+03 -2.358016204833984375e+02
5.779946828591870144e+03 3.315760559940710664e+03 -2.431300354003906250e+02
5.870802748815156519e+03 3.319730811282061040e+03 -2.525365905761718750e+02
5.961658695052145049e+03 3.323702097598463297e+03 -2.652947692871093750e+02
6.052514667309587821e+03 3.327674418893642724e+03 -2.787014770507812500e+02
6.143370665593771264e+03 3.331647775167599320e+03 -2.908374023437500000e+02
6.234226689909351990e+03 3.335622166425921023e+03 -3.010185852050781250e+02
6.325082740267273039e+03 3.339597592673264444e+03 -3.081528015136718750e+02
6.415938816672191024e+03 3.343574053911492229e+03 -3.110772705078125000e+02
6.506794919130392373e+03 3.347551550145260990e+03 -3.104223937988281250e+02
6.597651047646766528e+03 3.351530081377364695e+03 -3.090929565429687500e+02
6.688507202231907286e+03 3.355509647611528635e+03 -3.099067993164062500e+02
6.779363382890471257e+03 3.359490248851478100e+03 -3.139878234863281250e+02
6.870219589629094116e+03 3.363471885100938380e+03 -3.202297973632812500e+02
6.961075822454411536e+03 3.367454556362703443e+03 -3.264917297363281250e+02
7.051932081370730884e+03 3.371438262639567256e+03 -3.315619812011718750e+02
7.142788366389228031e+03 3.375423003938049078e+03 -3.361241149902343750e+02
7.233644677514326759e+03 3.379408780260011554e+03 -3.417471618652343750e+02
7.324501014750450850e+03 3.383395591608248651e+03 -3.485570373535156250e+02
7.415357378108543344e+03 3.387383437987416983e+03 -3.533468322753906250e+02
5.110591209318954498e+01 3.183368402747437358e+03 -6.815114746093750000e+02
1.419588897067587823e+02 3.187273490411229432e+03 -6.565067749023437500e+02
2.328118929110933095e+02 3.191179612835869193e+03 -6.286277465820312500e+02
3.236649217107333243e+02 3.195086770025081933e+03 -6.120876464843750000e+02
4.145179761166218668e+02 3.198994961981661618e+03 -5.942404785156250000e+02
5.053710561334155500e+02 3.202904188710264862e+03 -5.778057861328125000e+02
5.962241617653053254e+02 3.206814450214616954e+03 -5.673489990234375000e+02
6.870772930234670639e+02 3.210725746496580541e+03 -5.608385009765625000e+02
7.779304499122081324e+02 3.214638077560812235e+03 -5.547167358398437500e+02
8.687836324383970350e+02 3.218551443410106003e+03 -5.436250000000000000e+02
9.596368406084366143e+02 3.222465844048187137e+03 -5.349000244140625000e+02
1.050490074426867068e+03 3.226381279479712248e+03 -5.210369873046875000e+02
1.141343333904864267e+03 3.230297749706543982e+03 -5.038762512207031250e+02
1.232196619046619162e+03 3.234215254732407629e+03 -4.758592529296875000e+02
1.323049929856788367e+03 3.238133794561028481e+03 -4.540830078125000000e+02
1.413903266346314922e+03 3.242053369196131825e+03 -4.633697509765625000e+02
1.504756628519622609e+03 3.245973978641442955e+03 -4.828322448730468750e+02
1.595610016383347102e+03 3.249895622900687158e+03 -4.837537536621093750e+02
1.686463429944124073e+03 3.253818301976658404e+03 -4.783129882812500000e+02
1.777316869206610136e+03 3.257742015872150660e+03 -4.660432434082031250e+02
1.868170334181515500e+03 3.261666764591820538e+03 -4.320104980468750000e+02
1.959023824873496778e+03 3.265592548139393330e+03 -3.948194885253906250e+02
2.049877341286977753e+03 3.269519366516731679e+03 -4.082207641601562500e+02
2.140730883432901464e+03 3.273447219729423523e+03 -4.309855041503906250e+02
2.231584451315808110e+03 3.277376107779331505e+03 -4.379940185546875000e+02
2.322438044942216948e+03 3.281306030671112239e+03 -4.504985046386718750e+02
2.413291664318880066e+03 3.285236988408491015e+03 -4.569370117187500000e+02
2.504145309450337663e+03 3.289168980992399156e+03 -4.385163879394531250e+02
2.594998980347299948e+03 3.293102008430287242e+03 -4.315886840820312500e+02
2.685852677014539950e+03 3.297036070722155273e+03 -4.211656494140625000e+02
2.776706399456248619e+03 3.300971167872659862e+03 -4.078544311523437500e+02
2.867560147683718242e+03 3.304907299886457622e+03 -3.969133300781250000e+02
2.958413921701139770e+03 3.308844466766342521e+03 -3.912879638671875000e+02
3.049267721515381709e+03 3.312782668515108526e+03 -3.832949523925781250e+02
3.140121547132846899e+03 3.316721905136480927e+03 -3.754292602539062500e+02
3.230975398560287431e+03 3.320662176635116339e+03 -3.671930236816406250e+02
3.321829275802243501e+03 3.324603483012877405e+03 -3.654591979980468750e+02
3.412683178869541734e+03 3.328545824274420738e+03 -3.613945312500000000e+02
3.503537107766955160e+03 3.332489200423471630e+03 -3.469115295410156250e+02
3.594391062498558313e+03 3.336433611462824047e+03 -3.466199035644531250e+02
3.685245043075527065e+03 3.340379057396203279e+03 -3.423429260253906250e+02
3.776099049502285197e+03 3.344325538226403296e+03 -3.353517761230468750e+02
3.866953081785701215e+03 3.348273053958080709e+03 -3.255355224609375000e+02
3.957807139932061546e+03 3.352221604594960809e+03 -3.176175537109375000e+02
4.048661223946022801e+03 3.356171190138906240e+03 -3.125005493164062500e+02
4.139515333838528022e+03 3.360121810594573617e+03 -3.088988647460937500e+02
4.230369469614000991e+03 3.364073465965688229e+03 -2.978335266113281250e+02
4.321223631276981905e+03 3.368026156255975366e+03 -2.953573303222656250e+02
4.412077818838530220e+03 3.371979881468228996e+03 -2.919007568359375000e+02
4.502932032302836888e+03 3.375934641606174409e+03 -2.801649169921875000e+02
4.593786271676886827e+03 3.379890436673536897e+03 -2.678245849609375000e+02
4.684640536967082880e+03 3.383847266673110425e+03 -2.599978942871093750e+02
4.775494828177965246e+03 3.387805131608620286e+03 -2.568171081542968750e+02
4.866349145320476964e+03 3.391764031484723091e+03 -2.483261413574218750e+02
4.957203488399041817e+03 3.395723966303281486e+03 -2.424106140136718750e+02
5.048057857418316416e+03 3.399684936069883406e+03 -2.396236877441406250e+02
5.138912252389127389e+03 3.403646940786391497e+03 -2.322580871582031250e+02
5.229766673316014931e+03 3.407609980456531048e+03 -2.241943817138671875e+02
5.320621120205614716e+03 3.411574055084958673e+03 -2.250644683837890625e+02
5.411475593064446002e+03 3.415539164674468338e+03 -2.261640472412109375e+02
5.502330091896932572e+03 3.419505309226922691e+03 -2.277892456054687500e+02
5.593184616714366712e+03 3.423472488747909665e+03 -2.291680297851562500e+02
5.684039167521055788e+03 3.427440703241154552e+03 -2.355995788574218750e+02
5.774893744321307167e+03 3.431409952709451318e+03 -2.457991180419921875e+02
5.865748347126413137e+03 3.435380237157456577e+03 -2.603511047363281250e+02
5.956602975940448232e+03 3.439351556587032974e+03 -2.783251037597656250e+02
6.047457630770397373e+03 3.443323911001905799e+03 -2.967297058105468750e+02
6.138312311622779816e+03 3.447297300405800343e+03 -3.131007690429687500e+02
6.229167018502019346e+03 3.451271724803373218e+03 -3.265427246093750000e+02
6.320021751419059001e+03 3.455247184196487069e+03 -3.361326904296875000e+02
6.410876510378438979e+03 3.459223678589798510e+03 -3.405936279296875000e+02
6.501731295386794955e+03 3.463201207986101508e+03 -3.407206115722656250e+02
6.592586106448550709e+03 3.467179772390983999e+03 -3.390267944335937500e+02
6.683440943574765697e+03 3.471159371805377305e+03 -3.391276245117187500e+02
6.774295806769980118e+03 3.475140006233938038e+03 -3.433533630371093750e+02
6.865150696040480398e+03 3.479121675680391490e+03 -3.509989318847656250e+02
6.956005611393135041e+03 3.483104380147531629e+03 -3.592597045898437500e+02
7.046860552832484245e+03 3.487088119640946388e+03 -3.658462219238281250e+02
7.137715520369471051e+03 3.491072894160635769e+03 -3.750707702636718750e+02
7.228570514008402824e+03 3.495058703714050353e+03 -3.800011291503906250e+02
7.319425533753819764e+03 3.499045548302121460e+03 -3.858576354980468750e+02
7.410280579617014155e+03 3.503033427928574383e+03 -3.890185852050781250e+02
4.613570217369124293e+01 3.299015737826004624e+03 -6.650159912109375000e+02
1.369873626204207540e+02 3.302920858056284487e+03 -6.297517700195312500e+02
2.278390486536081880e+02 3.306827013055793941e+03 -5.858167724609375000e+02
3.186907602774444968e+02 3.310734202829189599e+03 -5.750393066406250000e+02
4.095424975033383816e+02 3.314642427378334105e+03 -5.744597778320312500e+02
5.003942603353643790e+02 3.318551686707884073e+03 -5.575925292968750000e+02
5.912460487782955170e+02 3.322461980820633471e+03 -5.406030273437500000e+02
6.820978628429584205e+02 3.326373309719376266e+03 -5.294005126953125000e+02
7.729497025338932872e+02 3.330285673410631716e+03 -5.210617675781250000e+02
8.638015678576193750e+02 3.334199071893468499e+03 -5.100792541503906250e+02
9.546534588208887726e+02 3.338113505175337195e+03 -4.998325195312500000e+02
1.045505375428125262e+03 3.342028973257169127e+03 -4.887844848632812500e+02
1.136357317690504715e+03 3.345945476143620908e+03 -4.719827575683593750e+02
1.227209285612218082e+03 3.349863013838417828e+03 -4.530257568359375000e+02
1.318061279197689146e+03 3.353781586344353855e+03 -4.245664978027343750e+02
1.408913298458326608e+03 3.357701193665154278e+03 -4.324500122070312500e+02
1.499765343398088589e+03 3.361621835803613067e+03 -4.508030090332031250e+02
1.590617414023960009e+03 3.365543512764386833e+03 -4.555874938964843750e+02
1.681469510342460126e+03 3.369466224550269544e+03 -4.506627502441406250e+02
1.772321632358012721e+03 3.373389971165917814e+03 -4.379842529296875000e+02
1.863173780081793666e+03 3.377314752612262964e+03 -4.194807434082031250e+02
1.954025953517993912e+03 3.381240568894892931e+03 -4.023890075683593750e+02
2.044878152671270072e+03 3.385167420018464327e+03 -4.067600708007812500e+02
2.135730377552565187e+03 3.389095305982977152e+03 -4.156640625000000000e+02
2.226582628166535869e+03 3.393024226794019341e+03 -4.206099243164062500e+02
2.317434904519352131e+03 3.396954182456247509e+03 -4.264733886718750000e+02
2.408287206617998891e+03 3.400885172970592976e+03 -4.241972045898437500e+02
2.499139534466899931e+03 3.404817198341712356e+03 -4.139818420410156250e+02
2.589991888076998293e+03 3.408750258573330939e+03 -4.017306213378906250e+02
2.680844267452834174e+03 3.412684353669174016e+03 -3.926697692871093750e+02
2.771696672598831356e+03 3.416619483632966876e+03 -3.818562622070312500e+02
2.862549103525932878e+03 3.420555648465640843e+03 -3.745861511230468750e+02
2.953401560238562524e+03 3.424492848174646497e+03 -3.692038269042968750e+02
3.044254042743472382e+03 3.428431082759983838e+03 -3.609460449218750000e+02
3.135106551047181711e+03 3.432370352228172123e+03 -3.527695312500000000e+02
3.225959085156559013e+03 3.436310656580142677e+03 -3.453726501464843750e+02
3.316811645075795241e+03 3.440251995820552111e+03 -3.394767761230468750e+02
3.407664230816066265e+03 3.444194369954057038e+03 -3.383205261230468750e+02
3.498516842381795868e+03 3.448137778982520103e+03 -3.237077026367187500e+02
3.589369479777291417e+03 3.452082222908735275e+03 -3.237030029296875000e+02
3.680222143013728783e+03 3.456027701739221811e+03 -3.195080261230468750e+02
3.771074832095531747e+03 3.459974215474911034e+03 -3.123491516113281250e+02
3.861927547029219568e+03 3.463921764119528234e+03 -3.022569274902343750e+02
3.952780287821660750e+03 3.467870347677730024e+03 -2.941887512207031250e+02
4.043633054477162659e+03 3.471819966152310371e+03 -2.884344177246093750e+02
4.134485847006668337e+03 3.475770619546994567e+03 -2.853642272949218750e+02
4.225338665414717980e+03 3.479722307865507901e+03 -2.743138122558593750e+02
4.316191509705735371e+03 3.483675031110644341e+03 -2.719142150878906250e+02
4.407044379890896380e+03 3.487628789287060499e+03 -2.684337158203125000e+02
4.497897275974391960e+03 3.491583582396619022e+03 -2.563892517089843750e+02
4.588750197962857783e+03 3.495539410443976521e+03 -2.445712890625000000e+02
4.679603145863162354e+03 3.499496273433789611e+03 -2.410970306396484375e+02
4.770456119679729454e+03 3.503454171366989613e+03 -2.310873565673828125e+02
4.861309119423385710e+03 3.507413104250095785e+03 -2.259096221923828125e+02
4.952162145098671317e+03 3.511373072083108127e+03 -2.191564483642578125e+02
5.043015196710010059e+03 3.515334074873477221e+03 -2.209337768554687500e+02
5.133868274268461391e+03 3.519296112620271742e+03 -2.213402709960937500e+02
5.224721377778565511e+03 3.523259185331873596e+03 -2.219812927246093750e+02
5.315574507246725261e+03 3.527223293007351458e+03 -2.203604431152343750e+02
5.406427662679692730e+03 3.531188435654155910e+03 -2.219790191650390625e+02
5.497280844082008116e+03 3.535154613272286952e+03 -2.245514678955078125e+02
5.588134051464614458e+03 3.539121825867332518e+03 -2.293969573974609375e+02
5.678987284831935540e+03 3.543090073443017900e+03 -2.384562988281250000e+02
5.769840544188278727e+03 3.547059356002137065e+03 -2.527360534667968750e+02
5.860693829544936307e+03 3.551029673548415303e+03 -2.721348571777343750e+02
5.951547140906215645e+03 3.555001026084646583e+03 -2.943685302734375000e+02
6.042400478278752416e+03 3.558973413615487516e+03 -3.160079650878906250e+02
6.133253841669298708e+03 3.562946836144663393e+03 -3.349028320312500000e+02
6.224107231082161888e+03 3.566921293674968183e+03 -3.504222412109375000e+02
6.314960646528284997e+03 3.570896786209195852e+03 -3.618646850585937500e+02
6.405814088012324646e+03 3.574873313752934337e+03 -3.686132507324218750e+02
6.496667555540800095e+03 3.578850876308977604e+03 -3.708015747070312500e+02
6.587521049118135124e+03 3.582829473879188299e+03 -3.697403259277343750e+02
6.678374568755272776e+03 3.586809106469154358e+03 -3.683588867187500000e+02
6.769228114456869662e+03 3.590789774080738425e+03 -3.713891296386718750e+02
6.860081686229445040e+03 3.594771476719528437e+03 -3.800293884277343750e+02
6.950935284079751000e+03 3.598754214387387037e+03 -3.944389343261718750e+02
7.041788908012094907e+03 3.602737987088970840e+03 -4.042495422363281250e+02
7.132642558037419803e+03 3.606722794827073812e+03 -4.141214599609375000e+02
7.223496234160382301e+03 3.610708637605421245e+03 -4.190454101562500000e+02
7.314349936385289766e+03 3.614695515427738428e+03 -4.229800415039062500e+02
7.405203664723085240e+03 3.618683428297750652e+03 -4.246907958984375000e+02
7.496057419178541750e+03 3.622672376218251884e+03 -4.259810180664062500e+02
4.116537828207947314e+01 3.414663083753548563e+03 -6.531170043945312500e+02
1.320157215319341049e+02 3.418568236546590924e+03 -6.187180175781250000e+02
2.228660903638228774e+02 3.422474424115382135e+03 -5.745352172851562500e+02
3.137164847819367424e+02 3.426381646467372775e+03 -5.488255004882812500e+02
4.045669047976844013e+02 3.430289903602562845e+03 -5.444085083007812500e+02
4.954173504151403904e+02 3.434199195527471602e+03 -5.312535400390625000e+02
5.862678216390777379e+02 3.438109522244893014e+03 -5.142465209960937500e+02
6.771183184803230688e+02 3.442020883756689727e+03 -4.980102539062500000e+02
7.679688409434165806e+02 3.445933280067518353e+03 -4.869174804687500000e+02
8.588193890347611159e+02 3.449846711180172861e+03 -4.766145019531250000e+02
9.496699627614580095e+02 3.453761177099309862e+03 -4.678542480468750000e+02
1.040520562127465382e+03 3.457676677828654647e+03 -4.570159912109375000e+02
1.131371187143959105e+03 3.461593213369138539e+03 -4.453577575683593750e+02
1.222221837815595791e+03 3.465510783726349473e+03 -4.265000000000000000e+02
1.313072514146566391e+03 3.469429388904012740e+03 -4.071518249511718750e+02
1.403923216148163192e+03 3.473349028903990984e+03 -4.091505126953125000e+02
1.494773943824577145e+03 3.477269703731872141e+03 -4.204689941406250000e+02
1.585624697182560340e+03 3.481191413388587534e+03 -4.299712524414062500e+02
1.676475476228864864e+03 3.485114157880656421e+03 -4.300637512207031250e+02
1.767326280967565253e+03 3.489037937209010124e+03 -4.291625061035156250e+02
1.858177111410070211e+03 3.492962751378305256e+03 -4.065911865234375000e+02
1.949027967560687102e+03 3.496888600392267108e+03 -4.049639892578125000e+02
2.039878849423723295e+03 3.500815484253689647e+03 -4.008434448242187500e+02
2.130729757010471076e+03 3.504743402966298163e+03 -4.015027160644531250e+02
2.221580690325237811e+03 3.508672356533817947e+03 -4.013315124511718750e+02
2.312431649374775589e+03 3.512602344959042966e+03 -3.985795593261718750e+02
2.403282634165370837e+03 3.516533368247561157e+03 -3.941694641113281250e+02
2.494133644701912999e+03 3.520465426400303841e+03 -3.789261779785156250e+02
2.584984680994995870e+03 3.524398519420996308e+03 -3.718718566894531250e+02
2.675835743049508892e+03 3.528332647315226495e+03 -3.704063415527343750e+02
2.766686830869643018e+03 3.532267810084857047e+03 -3.582596435546875000e+02
2.857537944466341287e+03 3.536204007734544575e+03 -3.522423095703125000e+02
2.948389083844260313e+03 3.540141240266151726e+03 -3.492491455078125000e+02
3.039240249009919353e+03 3.544079507684335113e+03 -3.406835937500000000e+02
3.130091439970070496e+03 3.548018809991888702e+03 -3.316774902343750000e+02
3.220942656731233001e+03 3.551959147193469107e+03 -3.229606628417968750e+02
3.311793899297714233e+03 3.555900519290938973e+03 -3.171901245117187500e+02
3.402645167680922896e+03 3.559842926289886236e+03 -3.159635925292968750e+02
3.493496461885049939e+03 3.563786368193104863e+03 -3.013408203125000000e+02
3.584347781914519146e+03 3.567730845002457500e+03 -3.015559082031250000e+02
3.675199127780389972e+03 3.571676356722600758e+03 -2.974834899902343750e+02
3.766050499487202615e+03 3.575622903358191252e+03 -2.901904907226562500e+02
3.856901897041476332e+03 3.579570484911091626e+03 -2.802746276855468750e+02
3.947753320449730381e+03 3.583519101385958493e+03 -2.734158630371093750e+02
4.038604769716737792e+03 3.587468752785585821e+03 -2.667110900878906250e+02
4.129456244853325188e+03 3.591419439113698900e+03 -2.604391479492187500e+02
4.220307745864032768e+03 3.595371160374023020e+03 -2.535561370849609375e+02
4.311159272753167897e+03 3.599323916569352150e+03 -2.530417480468750000e+02
4.402010825531790033e+03 3.603277707704342902e+03 -2.472868041992187500e+02
4.492862404204439372e+03 3.607232533781789243e+03 -2.296263122558593750e+02
4.583714008777751587e+03 3.611188394805416465e+03 -2.210056915283203125e+02
4.674565639258245938e+03 3.615145290778949857e+03 -2.228438110351562500e+02
4.765417295650346205e+03 3.619103221705183387e+03 -2.241963653564453125e+02
4.856268977965228260e+03 3.623062187588773668e+03 -2.230619964599609375e+02
4.947120686207083054e+03 3.627022188431583345e+03 -2.198360290527343750e+02
5.037972420380683616e+03 3.630983224238269031e+03 -2.179953918457031250e+02
5.128824180496740155e+03 3.634945295012556016e+03 -2.183673553466796875e+02
5.219675966559909284e+03 3.638908400758169591e+03 -2.191865539550781250e+02
5.310527778576826677e+03 3.642872541477903724e+03 -2.208443298339843750e+02
5.401379616554128006e+03 3.646837717175483704e+03 -2.232117004394531250e+02
5.492231480496004224e+03 3.650803927854634821e+03 -2.272279968261718750e+02
5.583083370413747616e+03 3.654771173518151045e+03 -2.342434692382812500e+02
5.673935286311665550e+03 3.658739454169757664e+03 -2.462339324951171875e+02
5.764787228194298223e+03 3.662708769815042615e+03 -2.643196105957031250e+02
5.855639196072705090e+03 3.666679120454937220e+03 -2.870886230468750000e+02
5.946491189951077104e+03 3.670650506094098091e+03 -3.118470458984375000e+02
6.037343209836399183e+03 3.674622926736250520e+03 -3.352890014648437500e+02
6.128195255734957755e+03 3.678596382384188473e+03 -3.554329833984375000e+02
6.219047327651409432e+03 3.682570873041637242e+03 -3.719428710937500000e+02
6.309899425596697256e+03 3.686546398713253438e+03 -3.847702331542968750e+02
6.400751549575361423e+03 3.690522959399968386e+03 -3.935338134765625000e+02
6.491603699593804777e+03 3.694500555108301342e+03 -3.982078247070312500e+02
6.582455875656800345e+03 3.698479185841046274e+03 -4.024483947753906250e+02
6.673308077775174752e+03 3.702458851600065827e+03 -4.035629577636718750e+02
6.764160305953351781e+03 3.706439552390947938e+03 -4.064196166992187500e+02
6.855012560197967105e+03 3.710421288216486573e+03 -4.168262634277343750e+02
6.945864840515656397e+03 3.714404059080407023e+03 -4.290332336425781250e+02
7.036717146911076270e+03 3.718387864984571934e+03 -4.391502075195312500e+02
7.127569479394936934e+03 3.722372705934569240e+03 -4.556652526855468750e+02
7.218421837971778587e+03 3.726358581934124231e+03 -4.567384033203125000e+02
7.309274222646141425e+03 3.730345492985099554e+03 -4.599241943359375000e+02
7.400126633428968489e+03 3.734333439092151821e+03 -4.603634033203125000e+02
7.490979070324683562e+03 3.738322420259006321e+03 -4.624669799804687500e+02
3.619494041963480413e+01 3.530310440533794463e+03 -6.322701416015625000e+02
1.270439664426958188e+02 3.534215625881217420e+03 -6.202153320312500000e+02
2.178930180433671921e+02 3.538121846016496420e+03 -6.024373168945312500e+02
3.087420952258398756e+02 3.542029100941494107e+03 -5.645292358398437500e+02
3.995911980014061555e+02 3.545937390659935772e+03 -5.162721557617187500e+02
4.904403263744898140e+02 3.549846715174615383e+03 -4.785093383789062500e+02
5.812894803492818028e+02 3.553757074489258230e+03 -4.550161743164062500e+02
6.721386599370744079e+02 3.557668468608520925e+03 -4.486710205078125000e+02
7.629878651422914118e+02 3.561580897535197437e+03 -4.435603332519531250e+02
8.538370959714520723e+02 3.565494361273013055e+03 -4.345171813964843750e+02
9.446863524313084781e+02 3.569408859823830426e+03 -4.236784973144531250e+02
1.035535634526167996e+03 3.573324393193237484e+03 -4.111809997558593750e+02
1.126384942267090082e+03 3.577240961384028196e+03 -4.019941711425781250e+02
1.217234275658614933e+03 3.581158564398996532e+03 -3.945061645507812500e+02
1.308083634705166332e+03 3.585077202242799103e+03 -3.924714050292968750e+02
1.398933019417803735e+03 3.588996874918229878e+03 -3.971209716796875000e+02
1.489782429800834507e+03 3.592917582429014146e+03 -4.088880004882812500e+02
1.580631865860894322e+03 3.596839324777014554e+03 -4.200950012207031250e+02
1.671481327604735270e+03 3.600762101968750358e+03 -4.116313476562500000e+02
1.762330815036781132e+03 3.604685914006084204e+03 -4.035189208984375000e+02
1.853180328167974949e+03 3.608610760892741382e+03 -4.010154418945312500e+02
1.944029867002973333e+03 3.612536642632447183e+03 -3.852651062011718750e+02
2.034879431545967236e+03 3.616463559227064252e+03 -3.900433959960937500e+02
2.125729021808132529e+03 3.620391510683111846e+03 -3.847032165527343750e+02
2.216578637793892995e+03 3.624320497000589967e+03 -3.801587829589843750e+02
2.307428279509767890e+03 3.628250518186017871e+03 -3.743360900878906250e+02
2.398277946962509304e+03 3.632181574240326881e+03 -3.650014038085937500e+02
2.489127640156541020e+03 3.636113665170036256e+03 -3.563360595703125000e+02
2.579977359102922492e+03 3.640046790976077318e+03 -3.497138671875000000e+02
2.670827103805961087e+03 3.643980951663106680e+03 -3.449633483886718750e+02
2.761676874270197004e+03 3.647916147234849632e+03 -3.354159240722656250e+02
2.852526670506689698e+03 3.651852377693168819e+03 -3.293994750976562500e+02
2.943376492519979365e+03 3.655789643043652177e+03 -3.266257324218750000e+02
3.034226340316468850e+03 3.659727943288162351e+03 -3.178849182128906250e+02
3.125076213902793825e+03 3.663667278431355953e+03 -3.086376647949218750e+02
3.215926113285822794e+03 3.667607648476958275e+03 -2.998323364257812500e+02
3.306776038469746709e+03 3.671549053426831961e+03 -2.940361022949218750e+02
3.397625989465857856e+03 3.675491493285633624e+03 -2.875530700683593750e+02
3.488475966278463602e+03 3.679434968058019876e+03 -2.781846618652343750e+02
3.579325968911871314e+03 3.683379477744922042e+03 -2.787747192382812500e+02
3.670175997377140447e+03 3.687325022351928055e+03 -2.748919067382812500e+02
3.761026051678927615e+03 3.691271601880900562e+03 -2.673728332519531250e+02
3.851876131823752075e+03 3.695219216337427497e+03 -2.570683593750000000e+02
3.942726237818365917e+03 3.699167865723371506e+03 -2.500510559082031250e+02
4.033576369666843675e+03 3.703117550042457879e+03 -2.454365844726562500e+02
4.124426527380477637e+03 3.707068269298411906e+03 -2.348313140869140625e+02
4.215276710963808000e+03 3.711020023495890200e+03 -2.384868164062500000e+02
4.306126920420909300e+03 3.714972812635824084e+03 -2.414928741455078125e+02
4.396977155763306655e+03 3.718926636724732816e+03 -2.361384735107421875e+02
4.487827416995074600e+03 3.722881495763547719e+03 -2.298198242187500000e+02
4.578677704122965224e+03 3.726837389757856727e+03 -2.242306976318359375e+02
4.669528017153497785e+03 3.730794318710453808e+03 -2.234793701171875000e+02
4.760378356091328897e+03 3.734752282624132931e+03 -2.239300842285156250e+02
4.851228720947401598e+03 3.738711281503550708e+03 -2.235157318115234375e+02
4.942079111726023257e+03 3.742671315349638462e+03 -2.226517486572265625e+02
5.032929528431734070e+03 3.746632384170778096e+03 -2.219141387939453125e+02
5.123779971075593494e+03 3.750594487965106964e+03 -2.221042785644531250e+02
5.214630439661908895e+03 3.754557626741006970e+03 -2.234229583740234375e+02
5.305480934197548777e+03 3.758521800498478115e+03 -2.258531036376953125e+02
5.396331454688915983e+03 3.762487009242177010e+03 -2.294906616210937500e+02
5.487182001140667126e+03 3.766453252975828946e+03 -2.352298278808593750e+02
5.578032573563628830e+03 3.770420531703159213e+03 -2.447579040527343750e+02
5.668883171962341294e+03 3.774388845426961780e+03 -2.597385253906250000e+02
5.759733796341111884e+03 3.778358194150961936e+03 -2.802488098144531250e+02
5.850584446711116470e+03 3.782328577879816294e+03 -3.045506286621093750e+02
5.941435123076895252e+03 3.786299996616318822e+03 -3.301477355957031250e+02
6.032285825444618240e+03 3.790272450364194810e+03 -3.542754821777343750e+02
6.123136553821386769e+03 3.794245939125306904e+03 -3.751281127929687500e+02
6.213987308211624622e+03 3.798220462906174362e+03 -3.925596618652343750e+02
6.304838088626042008e+03 3.802196021707728505e+03 -4.064506835937500000e+02
6.395688895069295540e+03 3.806172615535557270e+03 -4.201237792968750000e+02
6.486539727548020892e+03 3.810150244391523302e+03 -4.284337463378906250e+02
6.577390586066525429e+03 3.814128908279351890e+03 -4.355867004394531250e+02
6.668241470635985024e+03 3.818108607203699648e+03 -4.387257690429687500e+02
6.759092381260823458e+03 3.822089341167360544e+03 -4.434275817871093750e+02
6.849943317947443575e+03 3.826071110174991190e+03 -4.489855346679687500e+02
6.940794280702830292e+03 3.830053914227522910e+03 -4.706646728515625000e+02
7.031645269531058148e+03 3.834037753330543637e+03 -4.689756774902343750e+02
7.122496284443535842e+03 3.838022627487778664e+03 -4.683821105957031250e+02
7.213347325444454327e+03 3.842008536702021956e+03 -4.747481384277343750e+02
7.304198392538120970e+03 3.845995480976998806e+03 -4.821006774902343750e+02
7.395049485735828057e+03 3.849983460316434503e+03 -4.880373840332031250e+02
7.485900605041999370e+03 3.853972474723123014e+03 -4.947155761718750000e+02
3.122438858798705041e+01 3.645957808162085712e+03 -6.050134887695312500e+02
1.220720973543357104e+02 3.649863026062957942e+03 -5.981882324218750000e+02
2.129198316937545314e+02 3.653769278757274151e+03 -5.879395141601562500e+02
3.037675916105508804e+02 3.657676566249690950e+03 -5.736518554687500000e+02
3.946153771161334589e+02 3.661584888544864953e+03 -5.299627685546875000e+02
4.854631882145768031e+02 3.665494245644658804e+03 -4.668020019531250000e+02
5.763110249105375260e+02 3.669404637553729117e+03 -4.191632385253906250e+02
6.671588872149586678e+02 3.673316064274869859e+03 -4.065807495117187500e+02
7.580067751322640106e+02 3.677228525811806321e+03 -4.009920043945312500e+02
8.488546886692056432e+02 3.681142022168263793e+03 -3.936790161132812500e+02
9.397026278323028237e+02 3.685056553346104920e+03 -3.868085021972656250e+02
1.030550592625979334e+03 3.688972119351848960e+03 -3.864360046386718750e+02
1.121398583061411045e+03 3.692888720186427236e+03 -3.868970031738281250e+02
1.212246599142905325e+03 3.696806355854496360e+03 -3.880678710937500000e+02
1.303094640874885954e+03 3.700725026359781623e+03 -3.882379150390625000e+02
1.393942708268528804e+03 3.704644731703214347e+03 -3.892936706542968750e+02
1.484790801328141242e+03 3.708565471892245114e+03 -3.939954223632812500e+02
1.575638920060475357e+03 3.712487246928736567e+03 -3.974680786132812500e+02
1.666487064472050406e+03 3.716410056815482676e+03 -3.908118896484375000e+02
1.757335234567290172e+03 3.720333901555277407e+03 -3.849870910644531250e+02
1.848183430357370526e+03 3.724258781152777374e+03 -3.767023620605468750e+02
1.939031651846598834e+03 3.728184695612639189e+03 -3.738366699218750000e+02
2.029879899039631709e+03 3.732111644936725497e+03 -3.679533386230468750e+02
2.120728171947179362e+03 3.736039629129692912e+03 -3.641065673828125000e+02
2.211576470573898405e+03 3.739968648193404078e+03 -3.568840026855468750e+02
2.302424794926308095e+03 3.743898702132515609e+03 -3.518283996582031250e+02
2.393273145011160523e+03 3.747829790949821472e+03 -3.436763305664062500e+02
2.484121520832763053e+03 3.751761914649046957e+03 -3.349139099121093750e+02
2.574969922402175143e+03 3.755695073235780001e+03 -3.274848632812500000e+02
2.665818349724053405e+03 3.759629266710020602e+03 -3.225811462402343750e+02
2.756666802802588791e+03 3.763564495077356696e+03 -3.130798950195312500e+02
2.847515281648840755e+03 3.767500758341513574e+03 -3.072013549804687500e+02
2.938363786267349496e+03 3.771438056504353881e+03 -3.045592041015625000e+02
3.029212316664634272e+03 3.775376389571465552e+03 -2.958463745117187500e+02
3.120060872847447172e+03 3.779315757544711232e+03 -2.867422485351562500e+02
3.210909454822074622e+03 3.783256160427816212e+03 -2.799847412109375000e+02
3.301758062593638897e+03 3.787197598225437105e+03 -2.723297119140625000e+02
3.392606696172617376e+03 3.791140070939436555e+03 -2.656786193847656250e+02
3.483455355563550256e+03 3.795083578575402498e+03 -2.605187683105468750e+02
3.574304040770977736e+03 3.799028121135197580e+03 -2.573675537109375000e+02
3.665152751805842854e+03 3.802973698622547090e+03 -2.559025421142578125e+02
3.756001488672569394e+03 3.806920311042107642e+03 -2.435475158691406250e+02
3.846850251378025860e+03 3.810867958395741880e+03 -2.336555480957031250e+02
3.937699039928498678e+03 3.814816640687175095e+03 -2.291210021972656250e+02
4.028547854328644462e+03 3.818766357921063900e+03 -2.287612762451171875e+02
4.119396694589406252e+03 3.822717110100202262e+03 -2.298990020751953125e+02
4.210245560715324245e+03 3.826668897228315473e+03 -2.314823608398437500e+02
4.301094452710705809e+03 3.830621719309128821e+03 -2.324032897949218750e+02
4.391943370586726815e+03 3.834575576346367598e+03 -2.327560577392578125e+02
4.482792314347578213e+03 3.838530468341894448e+03 -2.321531066894531250e+02
4.573641284000128508e+03 3.842486395301297307e+03 -2.319402923583984375e+02
4.664490279550896958e+03 3.846443357226438820e+03 -2.318581085205078125e+02
4.755339301004540175e+03 3.850401354122906923e+03 -2.319182891845703125e+02
4.846188348371651955e+03 3.854360385991632938e+03 -2.315424652099609375e+02
4.937037421657005325e+03 3.858320452838204801e+03 -2.307976989746093750e+02
5.027886520865024067e+03 3.862281554665416479e+03 -2.303491668701171875e+02
5.118735646006651223e+03 3.866243691476993263e+03 -2.305548706054687500e+02
5.209584797086194158e+03 3.870206863275729120e+03 -2.319064178466796875e+02
5.300433974110521376e+03 3.874171070065349340e+03 -2.347565612792968750e+02
5.391283177086152136e+03 3.878136311850510538e+03 -2.397659149169921875e+02
5.482132406017626636e+03 3.882102588634938002e+03 -2.480237731933593750e+02
5.572981660915771499e+03 3.886069900420494378e+03 -2.606704711914062500e+02
5.663830941785126925e+03 3.890038247210904956e+03 -2.781520385742187500e+02
5.754680248630233109e+03 3.894007629009895027e+03 -2.996342468261718750e+02
5.845529581461916678e+03 3.897978045822121203e+03 -3.239780883789062500e+02
5.936378940284717828e+03 3.901949497650377452e+03 -3.490564575195312500e+02
6.027228325105505064e+03 3.905921984497457743e+03 -3.727229919433593750e+02
6.118077735930448398e+03 3.909895506368950009e+03 -3.969045104980468750e+02
6.208927172764204443e+03 3.913870063265785575e+03 -4.122555847167968750e+02
6.299776635617949069e+03 3.917845655193552375e+03 -4.307086181640625000e+02
6.390626124495873228e+03 3.921822282155044377e+03 -4.465036926269531250e+02
6.481475639404729009e+03 3.925799944153055549e+03 -4.570686035156250000e+02
6.572325180348940194e+03 3.929778641192242503e+03 -4.720809936523437500e+02
6.663174747339449823e+03 3.933758373275399208e+03 -4.736688232421875000e+02
6.754024340380914509e+03 3.937739140408113599e+03 -4.735663757324218750e+02
6.844873959479620680e+03 3.941720942590385675e+03 -4.763944702148437500e+02
6.935723604642553255e+03 3.945703779828734696e+03 -4.917156677246093750e+02
7.026573275873903185e+03 3.949687652125023305e+03 -4.949107055664062500e+02
7.117422973184846342e+03 3.953672559483908117e+03 -4.957124023437500000e+02
7.208272696579806507e+03 3.957658501908183098e+03 -5.006172790527343750e+02
7.299122446062974632e+03 3.961645479401573539e+03 -5.094168701171875000e+02
7.389972221645759419e+03 3.965633491967804730e+03 -5.176085205078125000e+02
7.480822023332351819e+03 3.969622539609670639e+03 -5.265266723632812500e+02
2.625372278899885714e+01 3.761605186641216278e+03 -5.796640014648437500e+02
1.171001142686000094e+02 3.765510437087155879e+03 -5.747944946289062500e+02
2.079465313167311251e+02 3.769416722335852683e+03 -5.682452392578125000e+02
2.987929739379324019e+02 3.773324042391963303e+03 -5.566353759765625000e+02
3.896394421434961259e+02 3.777232397258281708e+03 -5.367399902343750000e+02
4.804859359373804182e+02 3.781141786938533187e+03 -4.864872436523437500e+02
5.713324553244747221e+02 3.785052211435511708e+03 -4.396022338867187500e+02
6.621790003154892474e+02 3.788963670752942562e+03 -4.070249938964843750e+02
7.530255709149641916e+02 3.792876164895482361e+03 -3.920412597656250000e+02
8.438721671295352280e+02 3.796789693865925074e+03 -3.861635131835937500e+02
9.347187889660708606e+02 3.800704257667064667e+03 -3.846799316406250000e+02
1.025565436428529210e+03 3.804619856301695108e+03 -3.836617126464843750e+02
1.116412109528435394e+03 3.808536489775404334e+03 -3.833855285644531250e+02
1.207258808269863948e+03 3.812454158090986311e+03 -3.826314086914062500e+02
1.298105532657471485e+03 3.816372861252166331e+03 -3.823845214843750000e+02
1.388952282702084631e+03 3.820292599260807037e+03 -3.790516967773437500e+02
1.479799058408476412e+03 3.824213372122496367e+03 -3.755418395996093750e+02
1.570645859782816842e+03 3.828135179840028286e+03 -3.752767944335937500e+02
1.661492686832207255e+03 3.832058022415265441e+03 -3.690947265625000000e+02
1.752339539560838602e+03 3.835981899854727089e+03 -3.641530151367187500e+02
1.843186417979653925e+03 3.839906812159344554e+03 -3.532181091308593750e+02
1.934033322093309835e+03 3.843832759333774447e+03 -3.494602050781250000e+02
2.024880251906113699e+03 3.847759741381742060e+03 -3.447889709472656250e+02
2.115727207429241389e+03 3.851687758305110037e+03 -3.409419860839843750e+02
2.206574188666883856e+03 3.855616810109466314e+03 -3.335415649414062500e+02
2.297421195625909604e+03 3.859546896797604859e+03 -3.283740234375000000e+02
2.388268228312837891e+03 3.863478018373250961e+03 -3.198567199707031250e+02
2.479115286732092500e+03 3.867410174839198589e+03 -3.107262878417968750e+02
2.569962370894732885e+03 3.871343366198241711e+03 -3.029604797363281250e+02
2.660809480805182829e+03 3.875277592455036938e+03 -2.992199401855468750e+02
2.751656616467982531e+03 3.879212853614240885e+03 -2.887508239746093750e+02
2.842503777893958613e+03 3.883149149676784873e+03 -2.832949218750000000e+02
2.933350965087767690e+03 3.887086480649188161e+03 -2.805177001953125000e+02
3.024198178055929020e+03 3.891024846532382071e+03 -2.713883666992187500e+02
3.115045416805078276e+03 3.894964247330091894e+03 -2.615742492675781250e+02
3.205892681341851130e+03 3.898904683047905564e+03 -2.540836944580078125e+02
3.296739971670671366e+03 3.902846153685823083e+03 -2.494445648193359375e+02
3.387587287802598439e+03 3.906788659251295030e+03 -2.352906951904296875e+02
3.478434629742056131e+03 3.910732199745252728e+03 -2.401511840820312500e+02
3.569281997493468225e+03 3.914676775171421468e+03 -2.438255157470703125e+02
3.660129391067894176e+03 3.918622385534457862e+03 -2.432083435058593750e+02
3.750976810469757766e+03 3.922569030837155879e+03 -2.381862640380859375e+02
3.841824255705578253e+03 3.926516711083240807e+03 -2.325870513916015625e+02
3.932671726782340556e+03 3.930465426276437938e+03 -2.303739624023437500e+02
4.023519223704002798e+03 3.934415176419541240e+03 -2.306276092529296875e+02
4.114366746481973678e+03 3.938365961516276002e+03 -2.323038635253906250e+02
4.205214295120444149e+03 3.942317781570367515e+03 -2.348081970214843750e+02
4.296061869624070823e+03 3.946270636586472392e+03 -2.377175292968750000e+02
4.386909470003680326e+03 3.950224526565521955e+03 -2.407049713134765625e+02
4.477757096263812855e+03 3.954179451513104141e+03 -2.433343200683593750e+02
4.568604748411104083e+03 3.958135411432944238e+03 -2.453342285156250000e+02
4.659452426452073269e+03 3.962092406326904893e+03 -2.465086517333984375e+02
4.750300130391260609e+03 3.966050436199642718e+03 -2.466064300537109375e+02
4.841147860239725560e+03 3.970009501053951681e+03 -2.456234436035156250e+02
4.931995616001891904e+03 3.973969600894488394e+03 -2.441349945068359375e+02
5.022843397682067007e+03 3.977930735723115504e+03 -2.429946594238281250e+02
5.113691205291426741e+03 3.981892905544489622e+03 -2.426807708740234375e+02
5.204539038834278472e+03 3.985856110363267362e+03 -2.435034484863281250e+02
5.295386898317374289e+03 3.989820350181311369e+03 -2.464082794189453125e+02
5.386234783747233450e+03 3.993785625002346933e+03 -2.529312133789062500e+02
5.477082695128396153e+03 3.997751934830099344e+03 -2.639314880371093750e+02
5.567930632471805438e+03 4.001719279668293893e+03 -2.792997131347656250e+02
5.658778595782001503e+03 4.005687659520655870e+03 -2.979512634277343750e+02
5.749626585063291714e+03 4.009657074389047921e+03 -3.196469726562500000e+02
5.840474600326735526e+03 4.013627524279057980e+03 -3.434590759277343750e+02
5.931322641576873139e+03 4.017599009194411337e+03 -3.676128845214843750e+02
6.022170708820223808e+03 4.021571529136970639e+03 -3.950597839355468750e+02
6.113018802063539624e+03 4.025545084111392498e+03 -4.198135681152343750e+02
6.203866921311011538e+03 4.029519674120470881e+03 -4.381109313964843750e+02
6.294715066573815420e+03 4.033495299167931080e+03 -4.547111206054687500e+02
6.385563237856491469e+03 4.037471959257498384e+03 -4.800530090332031250e+02
6.476411435165558942e+03 4.041449654393829405e+03 -4.813591308593750000e+02
6.567259658505441621e+03 4.045428384578786790e+03 -4.825975036621093750e+02
6.658107907887082547e+03 4.049408149816095829e+03 -4.897691345214843750e+02
6.748956183315021917e+03 4.053388950110413134e+03 -5.008935241699218750e+02
6.839804484796128236e+03 4.057370785464532673e+03 -5.106202392578125000e+02
6.930652812336571515e+03 4.061353655882179737e+03 -5.223123779296875000e+02
7.021501165941124782e+03 4.065337561366148293e+03 -5.253604125976562500e+02
7.112349545620614663e+03 4.069322501921094954e+03 -5.254444580078125000e+02
7.203197951379464939e+03 4.073308477550745010e+03 -5.308626098632812500e+02
7.294046383222332224e+03 4.077295488256961107e+03 -5.390799560546875000e+02
7.384894841160043143e+03 4.081283534044399858e+03 -5.461276855468750000e+02
7.475743325197021477e+03 4.085272614917717874e+03 -5.547218017578125000e+02
2.128294302406720817e+01 3.877252575970254838e+03 -5.505717773437500000e+02
1.121280171867692843e+02 3.881157858957536519e+03 -5.439660034179687500e+02
2.029731169138103724e+02 3.885064176755025983e+03 -5.395422363281250000e+02
2.938182422094978392e+02 3.888971529369242489e+03 -5.323779907226562500e+02
3.846633930848911405e+02 3.892879916801117361e+03 -5.183577880859375000e+02
4.755085695442976430e+02 3.896789339056238532e+03 -4.969792480468750000e+02
5.663537715923739597e+02 3.900699796137399971e+03 -4.692377319335937500e+02
6.571989992400631309e+02 3.904611288046464324e+03 -4.412307434082031250e+02
7.480442524917889386e+02 3.908523814789019525e+03 -4.185840148925781250e+02
8.388895313541870564e+02 3.912437376366928220e+03 -3.826683044433593750e+02
9.297348358340095729e+02 3.916351972784847021e+03 -3.742568054199218750e+02
1.020580165935447440e+03 3.920267604045569897e+03 -3.769115905761718750e+02
1.111425521669676527e+03 3.924184270153753459e+03 -3.644019165039062500e+02
1.202270903041120619e+03 3.928101971112191677e+03 -3.775955505371093750e+02
1.293116310054203495e+03 3.932020706922747195e+03 -3.763602600097656250e+02
1.383961742720101029e+03 3.935940477591939270e+03 -3.663950195312500000e+02
1.474807201043004170e+03 3.939861283120699227e+03 -3.655937500000000000e+02
1.565652685029665008e+03 3.943783123513683677e+03 -3.629687500000000000e+02
1.656498194686835632e+03 3.947705998774617910e+03 -3.579609375000000000e+02
1.747343730018706992e+03 3.951629908906295896e+03 -3.500937500000000000e+02
1.838189291036454961e+03 3.955554853912442923e+03 -3.369335937500000000e+02
1.929034877744503319e+03 3.959480833796784282e+03 -3.278203430175781250e+02
2.019880490147275850e+03 3.963407848563045263e+03 -3.234869079589843750e+02
2.110726128255715594e+03 3.967335898213088512e+03 -3.193143615722656250e+02
2.201571792074479163e+03 3.971264982753433287e+03 -3.121170043945312500e+02
2.292417481610085815e+03 3.975195102185010910e+03 -3.071852111816406250e+02
2.383263196869171225e+03 3.979126256512477994e+03 -2.987948913574218750e+02
2.474108937856042758e+03 3.983058445737697184e+03 -2.900191955566406250e+02
2.564954704581876285e+03 3.986991669866256416e+03 -2.824935913085937500e+02
2.655800497051095590e+03 3.990925928901880980e+03 -2.772432250976562500e+02
2.746646315268008038e+03 3.994861222846433520e+03 -2.677090759277343750e+02
2.837492159243905917e+03 3.998797551703639328e+03 -2.651546325683593750e+02
2.928338028982980177e+03 4.002734915478155017e+03 -2.587762145996093750e+02
3.019183924491982907e+03 4.006673314171843231e+03 -2.491267089843750000e+02
3.110029845777666196e+03 4.010612747790291905e+03 -2.387597198486328125e+02
3.200875792846316472e+03 4.014553216334432364e+03 -2.343794555664062500e+02
3.291721765702590346e+03 4.018494719810783863e+03 -2.334247741699218750e+02
3.382567764357430860e+03 4.022437258220277727e+03 -2.334424743652343750e+02
3.473413788815378211e+03 4.026380831568501890e+03 -2.336705932617187500e+02
3.564259839080856182e+03 4.030325439856387675e+03 -2.334967498779296875e+02
3.655105915164807811e+03 4.034271083089523017e+03 -2.329576568603515625e+02
3.745952017071773298e+03 4.038217761271633208e+03 -2.322332458496093750e+02
3.836798144808271900e+03 4.042165474404580891e+03 -2.320493927001953125e+02
3.927644298381055705e+03 4.046114222493022680e+03 -2.327176055908203125e+02
4.018490477794432081e+03 4.050064005540683866e+03 -2.346627655029296875e+02
4.109336683059576899e+03 4.054014823549427092e+03 -2.382009582519531250e+02
4.200182914180681109e+03 4.057966676524840295e+03 -2.432134399414062500e+02
4.291029171162517741e+03 4.061919564469717443e+03 -2.491931457519531250e+02
4.381875454015797004e+03 4.065873487387783825e+03 -2.552298431396484375e+02
4.472721762745175511e+03 4.069828445280902088e+03 -2.603186950683593750e+02
4.563568097357172519e+03 4.073784438155591488e+03 -2.640457458496093750e+02
4.654414457858423702e+03 4.077741466012783349e+03 -2.664985046386718750e+02
4.745260844253352843e+03 4.081699528857134283e+03 -2.673126525878906250e+02
4.836107256553135812e+03 4.085658626691438258e+03 -2.663316650390625000e+02
4.926953694761963561e+03 4.089618759520351887e+03 -2.641524353027343750e+02
5.017800158884376287e+03 4.093579927345737815e+03 -2.613607788085937500e+02
5.108646648931549862e+03 4.097542130173183978e+03 -2.589390869140625000e+02
5.199493164907675236e+03 4.101505368004553020e+03 -2.564432067871093750e+02
5.290339706819504499e+03 4.105469640845432878e+03 -2.561321105957031250e+02
5.381186274673789740e+03 4.109434948697686195e+03 -2.617116394042968750e+02
5.472032868474721909e+03 4.113401291564106941e+03 -2.749225769042968750e+02
5.562879488233360462e+03 4.117368669449351728e+03 -2.910920410156250000e+02
5.653726133954478428e+03 4.121337082358077168e+03 -3.100368957519531250e+02
5.744572805641917512e+03 4.125306530290283263e+03 -3.317667541503906250e+02
5.835419503307202831e+03 4.129277013254351914e+03 -3.553229675292968750e+02
5.926266226954525337e+03 4.133248531250283122e+03 -3.877053222656250000e+02
6.017112976590637118e+03 4.137221084282733500e+03 -4.177709350585937500e+02
6.107959752222173847e+03 4.141194672355428338e+03 -4.455197448730468750e+02
6.198806553853442892e+03 4.145169295471161604e+03 -4.566834106445312500e+02
6.289653381495503709e+03 4.149144953634589911e+03 -4.769309692382812500e+02
6.380500235152896494e+03 4.153121646846644580e+03 -4.892526855468750000e+02
6.471347114832140505e+03 4.157099375114776194e+03 -5.010123596191406250e+02
6.562194020537659526e+03 4.161078138440847397e+03 -5.109228515625000000e+02
6.653040952280629426e+03 4.165057936826720834e+03 -5.196113891601562500e+02
6.743887910065241158e+03 4.169038770277984440e+03 -5.283568115234375000e+02
6.834734893898479640e+03 4.173020638797432184e+03 -5.357624511718750000e+02
6.925581903786631301e+03 4.177003542389720678e+03 -5.420126342773437500e+02
7.016428939734119922e+03 4.180987481055781245e+03 -5.469771118164062500e+02
7.107276001752121374e+03 4.184972454802133143e+03 -5.519067993164062500e+02
7.198123089845175855e+03 4.188958463631570339e+03 -5.576618041992187500e+02
7.288970204017590731e+03 4.192945507545955479e+03 -5.657782592773437500e+02
7.379817344280192629e+03 4.196933586549945176e+03 -5.726463623046875000e+02
7.470664510637754574e+03 4.200922700647264719e+03 -5.790620727539062500e+02
1.631204929482191801e+01 3.992899976151064038e+03 -5.166685180664062500e+02
1.071558061109390110e+02 3.996805291673168540e+03 -5.116857299804687500e+02
1.979995884867385030e+02 4.000711642015725374e+03 -5.009595031738281250e+02
2.888433964268770069e+02 4.004619027182459831e+03 -4.980159912109375000e+02
3.796872299421811476e+02 4.008527447176165879e+03 -4.869465026855468750e+02
4.705310890371911228e+02 4.012436902000568807e+03 -4.762734985351562500e+02
5.613749737164471298e+02 4.016347391659393907e+03 -4.649332275390625000e+02
6.522188839907757938e+02 4.020258916154503822e+03 -4.531709899902343750e+02
7.430628198646008968e+02 4.024171475492417812e+03 -4.126757812500000000e+02
8.339067813449073583e+02 4.028085069674067199e+03 -3.810000000000000000e+02
9.247507684379816055e+02 4.031999698704108596e+03 -3.712343750000000000e+02
1.015594781148363836e+03 4.035915362585335970e+03 -3.715703125000000000e+02
1.106438819487113506e+03 4.039832061321474612e+03 -3.607109375000000000e+02
1.197282883458537981e+03 4.043749794917181134e+03 -3.640468750000000000e+02
1.288126973067177460e+03 4.047668563373386860e+03 -3.624570312500000000e+02
1.378971088324207813e+03 4.051588366695679724e+03 -3.524531250000000000e+02
1.469815229233819991e+03 4.055509204886853695e+03 -3.402578125000000000e+02
1.560659395802766085e+03 4.059431077951565385e+03 -3.340117187500000000e+02
1.651503588037565351e+03 4.063353985891677439e+03 -3.276718750000000000e+02
1.742347805942874402e+03 4.067277928710915148e+03 -3.193750000000000000e+02
1.833192049529403448e+03 4.071202906413935125e+03 -3.071250000000000000e+02
1.924036318801925518e+03 4.075128919002600014e+03 -3.051853942871093750e+02
2.014880613764747977e+03 4.079055966481566429e+03 -3.000819396972656250e+02
2.105724934428697452e+03 4.082984048854559660e+03 -2.962993469238281250e+02
2.196569280798546970e+03 4.086913166123442352e+03 -2.890859375000000000e+02
2.287413652880699374e+03 4.090843318293802440e+03 -2.839613342285156250e+02
2.378258050681790337e+03 4.094774505368433893e+03 -2.750985717773437500e+02
2.469102474206476472e+03 4.098706727349199355e+03 -2.660266418457031250e+02
2.559946923465467989e+03 4.102639984242618084e+03 -2.609208679199218750e+02
2.650791398463537917e+03 4.106574276049621403e+03 -2.502689666748046875e+02
2.741635899204760790e+03 4.110509602774865925e+03 -2.440881805419921875e+02
2.832480425700545311e+03 4.114445964421145618e+03 -2.453326568603515625e+02
2.923324977954849601e+03 4.118383360992185771e+03 -2.453281555175781250e+02
3.014169555974891409e+03 4.122321792492642999e+03 -2.432145538330078125e+02
3.105014159766724333e+03 4.126261258925311267e+03 -2.372050018310546875e+02
3.195858789337333292e+03 4.130201760292984545e+03 -2.337058258056640625e+02
3.286703444691142067e+03 4.134143296599388123e+03 -2.324203948974609375e+02
3.377548125839093700e+03 4.138085867849178612e+03 -2.316540222167968750e+02
3.468392832785495557e+03 4.142029474045149982e+03 -2.309885711669921875e+02
3.559237565535004251e+03 4.145974115190096200e+03 -2.306095123291015625e+02
3.650082324098562822e+03 4.149919791288673878e+03 -2.309139556884765625e+02
3.740927108480711468e+03 4.153866502342745662e+03 -2.322618103027343750e+02
3.831771918687736616e+03 4.157814248358830810e+03 -2.341887512207031250e+02
3.922616754726739600e+03 4.161763029337860644e+03 -2.366037597656250000e+02
4.013461616601794958e+03 4.165712845283560455e+03 -2.401458740234375000e+02
4.104306504324078560e+03 4.169663696200586855e+03 -2.457333221435546875e+02
4.195151417897897772e+03 4.173615582091733813e+03 -2.537875518798828125e+02
4.285996357327792794e+03 4.177568502960726619e+03 -2.634179992675781250e+02
4.376841322624939494e+03 4.181522458810359240e+03 -2.728107604980468750e+02
4.467686313793528825e+03 4.185477449645288289e+03 -2.803686523437500000e+02
4.558531330840312876e+03 4.189433475469239056e+03 -2.858848266601562500e+02
4.649376373771810904e+03 4.193390536284074187e+03 -2.897122192382812500e+02
4.740221442592563108e+03 4.197348632094450295e+03 -2.922160034179687500e+02
4.831066537313628942e+03 4.201307762904092669e+03 -2.929215393066406250e+02
4.921911657939199358e+03 4.205267928716726601e+03 -2.914458007812500000e+02
5.012756804473930970e+03 4.209229129534214735e+03 -2.850860595703125000e+02
5.103601976928883232e+03 4.213191365361213684e+03 -2.762340087890625000e+02
5.194447175308363512e+03 4.217154636202380061e+03 -2.663748779296875000e+02
5.285292399619007483e+03 4.221118942058645189e+03 -2.910459594726562500e+02
5.376137649867567234e+03 4.225084282935597003e+03 -3.020750122070312500e+02
5.466982926058350131e+03 4.229050658836960793e+03 -3.156727294921875000e+02
5.557828228202415630e+03 4.233018069764599204e+03 -3.296083984375000000e+02
5.648673556304071099e+03 4.236986515724100173e+03 -3.481461486816406250e+02
5.739518910367973149e+03 4.240955996716395020e+03 -3.705504760742187500e+02
5.830364290405064821e+03 4.244926512747071683e+03 -3.947017822265625000e+02
5.921209696419769898e+03 4.248898063819855452e+03 -4.173833923339843750e+02
6.012055128418607637e+03 4.252870649935677648e+03 -4.471304321289062500e+02
6.102900586408330128e+03 4.256844271101988852e+03 -4.546129455566406250e+02
6.193746070393361151e+03 4.260818927318789065e+03 -4.718190307617187500e+02
6.284591580384876579e+03 4.264794618591666222e+03 -4.922055969238281250e+02
6.375437116386834532e+03 4.268771344923414290e+03 -5.114699707031250000e+02
6.466282678406452760e+03 4.272749106317758560e+03 -5.278728637695312500e+02
6.557128266447689384e+03 4.276727902778424323e+03 -5.386804809570312500e+02
6.647973880521720275e+03 4.280707734308205545e+03 -5.468695678710937500e+02
6.738819520633202046e+03 4.284688600911758840e+03 -5.548226928710937500e+02
6.829665186788421124e+03 4.288670502591878176e+03 -5.607290649414062500e+02
6.920510878994246013e+03 4.292653439352288842e+03 -5.639815673828125000e+02
7.011356597254984081e+03 4.296637411196716130e+03 -5.681241455078125000e+02
7.102202341581694782e+03 4.300622418127954006e+03 -5.724677734375000000e+02
7.193048111978685483e+03 4.304608460151590407e+03 -5.773109130859375000e+02
7.283893908450612798e+03 4.308595537268556654e+03 -5.859510498046875000e+02
7.374739731008419767e+03 4.312583649482578039e+03 -5.959692993164062500e+02
7.465585579656530172e+03 4.316572796800173819e+03 -6.025809936523437500e+02
1.134104160300921649e+01 4.108547387181781232e+03 -4.820130004882812500e+02
1.021834810423897579e+02 4.112452735234983265e+03 -4.770447387695312500e+02
1.930259460371453315e+02 4.116359118116088212e+03 -4.697334899902343750e+02
2.838684365916997194e+02 4.120266535830684006e+03 -4.670586547851562500e+02
3.747109527169959620e+02 4.124174988379701972e+03 -4.666516723632812500e+02
4.655534944175742567e+02 4.128084475769661367e+03 -4.691489868164062500e+02
5.563960616979748011e+02 4.131994998000562191e+03 -4.300659790039062500e+02
6.472386545690242201e+02 4.135906555077992380e+03 -4.102204589843750000e+02
7.380812730351462960e+02 4.139819147004745901e+03 -3.852000122070312500e+02
8.289239171032095328e+02 4.143732773784548044e+03 -3.756000061035156250e+02
9.197665867796167731e+02 4.147647435421124101e+03 -3.670000000000000000e+02
1.010609282068908215e+03 4.151563131917268038e+03 -3.561835937500000000e+02
1.101452002982143313e+03 4.155479863277636468e+03 -3.410976562500000000e+02
1.192294749523745850e+03 4.159397629505023360e+03 -3.337304687500000000e+02
1.283137521697906777e+03 4.163316430601291358e+03 -3.279062500000000000e+02
1.373980319516034797e+03 4.167236266573891044e+03 -3.207460937500000000e+02
1.464823142982320860e+03 4.171157137420959771e+03 -3.104648437500000000e+02
1.555665992103517056e+03 4.175079043151810765e+03 -2.999960937500000000e+02
1.646508866886259057e+03 4.179001983765512705e+03 -2.928359375000000000e+02
1.737351767334854230e+03 4.182925959267653525e+03 -2.858281250000000000e+02
1.828194693460362032e+03 4.186850969661958516e+03 -2.861797485351562500e+02
1.919037645267322659e+03 4.190777014950290322e+03 -2.834865417480468750e+02
2.009880622760043480e+03 4.194704095137305558e+03 -2.805924377441406250e+02
2.100723625949583948e+03 4.198632210225798190e+03 -2.720770568847656250e+02
2.191566654840484262e+03 4.202561360220424831e+03 -2.691090393066406250e+02
2.282409709439263679e+03 4.206491545123979449e+03 -2.632868347167968750e+02
2.373252789752557874e+03 4.210422764939256012e+03 -2.517571105957031250e+02
2.464095895784907043e+03 4.214355019670911133e+03 -2.439319458007812500e+02
2.554939027547254227e+03 4.218288309322670102e+03 -2.443365325927734375e+02
2.645782185043906793e+03 4.222222633896395564e+03 -2.435521240234375000e+02
2.736625368279637769e+03 4.226157993396744132e+03 -2.426664276123046875e+02
2.827468577265040949e+03 4.230094387827441096e+03 -2.399129333496093750e+02
2.918311812005005777e+03 4.234031817191280425e+03 -2.388498535156250000e+02
3.009155072505818680e+03 4.237970281492918730e+03 -2.372107849121093750e+02
3.099998358774231747e+03 4.241909780733287334e+03 -2.352665100097656250e+02
3.190841670816764235e+03 4.245850314919836819e+03 -2.334344940185546875e+02
3.281685008638072759e+03 4.249791884052567184e+03 -2.321964111328125000e+02
3.372528372248867527e+03 4.253734488137066364e+03 -2.313758087158203125e+02
3.463371761654037982e+03 4.257678127175197005e+03 -2.310807037353515625e+02
3.554215176857542247e+03 4.261622801172547042e+03 -2.315619506835937500e+02
3.645058617870789021e+03 4.265568510130047798e+03 -2.331541748046875000e+02
3.735902084697969258e+03 4.269515254053287208e+03 -2.358629150390625000e+02
3.826745577345602214e+03 4.273463032945990562e+03 -2.392931060791015625e+02
3.917589095820789225e+03 4.277411846810020506e+03 -2.430286102294921875e+02
4.008432640127488412e+03 4.281361695650033653e+03 -2.481530761718750000e+02
4.099276210277108476e+03 4.285312579467892647e+03 -2.559711761474609375e+02
4.190119806273607537e+03 4.289264498269185424e+03 -2.669010925292968750e+02
4.280963428121758625e+03 4.293217452057637274e+03 -2.796893310546875000e+02
4.371807075832621194e+03 4.297171440834179521e+03 -2.916312561035156250e+02
4.462650749410502613e+03 4.301126464606262743e+03 -3.013810729980468750e+02
4.553494448862038553e+03 4.305082523373886943e+03 -3.085639343261718750e+02
4.644338174193864688e+03 4.309039617141708732e+03 -3.137039184570312500e+02
4.735181925410404801e+03 4.312997745912522078e+03 -3.174247131347656250e+02
4.826025702522718348e+03 4.316956909691914916e+03 -3.202118530273437500e+02
4.916869505535229109e+03 4.320917108481749892e+03 -3.212631225585937500e+02
5.007713334452244453e+03 4.324878342286683619e+03 -3.202524108886718750e+02
5.098557189285056666e+03 4.328840611108578742e+03 -3.152482299804687500e+02
5.189401070037856698e+03 4.332803914952091873e+03 -3.190327148437500000e+02
5.280244976717396639e+03 4.336768253820948303e+03 -3.313834533691406250e+02
5.371088909330195747e+03 4.340733627718873322e+03 -3.452698669433593750e+02
5.461932867880794220e+03 4.344700036647729576e+03 -3.554604492187500000e+02
5.552776852380251512e+03 4.348667480613104999e+03 -3.670265197753906250e+02
5.643620862832758576e+03 4.352635959616862237e+03 -3.876839599609375000e+02
5.734464899242972024e+03 4.356605473663657904e+03 -4.083426818847656250e+02
5.825308961621834897e+03 4.360576022757217288e+03 -4.247478027343750000e+02
5.916153049973770976e+03 4.364547606900334358e+03 -4.500172119140625000e+02
6.006997164305532351e+03 4.368520226096734405e+03 -4.584407348632812500e+02
6.097841304623754695e+03 4.372493880350142717e+03 -4.730758972167968750e+02
6.188685470932512544e+03 4.376468569662421942e+03 -4.901666870117187500e+02
6.279529663243214600e+03 4.380444294039160013e+03 -5.103616333007812500e+02
6.370373881560051814e+03 4.384421053485013545e+03 -5.304388427734375000e+02
6.461218125889776275e+03 4.388398847999982536e+03 -5.473433227539062500e+02
6.552062396236928180e+03 4.392377677590586245e+03 -5.596337280273437500e+02
6.642906692612217739e+03 4.396357542258687317e+03 -5.693424072265625000e+02
6.733751015020301566e+03 4.400338442009873688e+03 -5.758751831054687500e+02
6.824595363467698917e+03 4.404320376844145358e+03 -5.811056518554687500e+02
6.915439737961161882e+03 4.408303346768952906e+03 -5.835942382812500000e+02
7.006284138505114242e+03 4.412287351786158979e+03 -5.861343994140625000e+02
7.097128565110499039e+03 4.416272391897626221e+03 -5.907114868164062500e+02
7.187973017781740054e+03 4.420258467109873891e+03 -5.981133422851562500e+02
7.278817496523261070e+03 4.424245577422901988e+03 -6.071372680664062500e+02
7.369662001346121542e+03 4.428233722845092416e+03 -6.191274414062500000e+02
7.460506532254745252e+03 4.432222903375513852e+03 -6.264996948242187500e+02
6.369919950142502785e+00 4.224194809063337743e+03 -4.522727661132812500e+02
9.721104198275133967e+01 4.228100189642980695e+03 -4.498974914550781250e+02
1.880521895664278418e+02 4.232006605058908463e+03 -4.510629882812500000e+02
2.788933627053629607e+02 4.235914055314846337e+03 -4.535329895019531250e+02
3.697345614107325673e+02 4.239822540415450931e+03 -4.265440063476562500e+02
4.605757856869604439e+02 4.243732060363516212e+03 -4.099195556640625000e+02
5.514170355384703726e+02 4.247642615162767470e+03 -3.952518310546875000e+02
6.422583109762053937e+02 4.251554204815067351e+03 -3.697753906250000000e+02
7.330996120047057047e+02 4.255466829326935112e+03 -3.504564819335937500e+02
8.239409386306069791e+02 4.259380488700233400e+03 -3.473835754394531250e+02
9.147822908604284748e+02 4.263295182938687503e+03 -3.370052795410156250e+02
1.005623668698710389e+03 4.267210912044160068e+03 -3.257539062500000000e+02
1.096465072156395763e+03 4.271127676022239029e+03 -3.103125000000000000e+02
1.187306501237908378e+03 4.275045474875718355e+03 -3.008593750000000000e+02
1.278147955947904848e+03 4.278964308608323336e+03 -2.927617187500000000e+02
1.368989436297211796e+03 4.282884177223779261e+03 -2.831796875000000000e+02
1.459830942290253006e+03 4.286805080724880099e+03 -2.769921875000000000e+02
1.550672473933780566e+03 4.290727019115351140e+03 -2.708671875000000000e+02
1.641514031234197319e+03 4.294649992398917675e+03 -2.699375000000000000e+02
1.732355614196159877e+03 4.298574000578373671e+03 -2.701354675292968750e+02
1.823197222830611281e+03 4.302499043657444417e+03 -2.646699829101562500e+02
1.914038857141975313e+03 4.306425121639855206e+03 -2.613885803222656250e+02
2.004880517134792171e+03 4.310352234529331326e+03 -2.619934997558593750e+02
2.095722202820004895e+03 4.314280382330529392e+03 -2.554936523437500000e+02
2.186563914201920852e+03 4.318209565043449402e+03 -2.539172210693359375e+02
2.277405651287408546e+03 4.322139782675541937e+03 -2.500659027099609375e+02
2.368247414082987234e+03 4.326071035227738321e+03 -2.455186309814453125e+02
2.459089202592847869e+03 4.330003322704695165e+03 -2.423469696044921875e+02
2.549931016828515567e+03 4.333936645109206438e+03 -2.417674102783203125e+02
2.640772856794064865e+03 4.337871002444997430e+03 -2.420855560302734375e+02
2.731614722494035959e+03 4.341806394714862108e+03 -2.412556457519531250e+02
2.822456613939371891e+03 4.345742821924388409e+03 -2.402245330810546875e+02
2.913298531134612858e+03 4.349680284075438976e+03 -2.389745483398437500e+02
3.004140474086394534e+03 4.353618781172670424e+03 -2.377696380615234375e+02
3.094982442801119760e+03 4.357558313217945397e+03 -2.364013671875000000e+02
3.185824437285773456e+03 4.361498880215920508e+03 -2.349276580810546875e+02
3.276666457544546574e+03 4.365440482169389725e+03 -2.334774017333984375e+02
3.367508503588614985e+03 4.369383119083009660e+03 -2.325739746093750000e+02
3.458350575422169641e+03 4.373326790959574282e+03 -2.327918395996093750e+02
3.549192673049867153e+03 4.377271497801877558e+03 -2.345338592529296875e+02
3.640034796482766978e+03 4.381217239615507424e+03 -2.377602233886718750e+02
3.730876945725060068e+03 4.385164016402326524e+03 -2.420683135986328125e+02
3.821719120783498511e+03 4.389111828165128827e+03 -2.466719207763671875e+02
3.912561321664834395e+03 4.393060674909502268e+03 -2.515441284179687500e+02
4.003403548373258673e+03 4.397010556638240814e+03 -2.581637268066406250e+02
4.094245800920063630e+03 4.400961473353207111e+03 -2.682307434082031250e+02
4.185088079309323803e+03 4.404913425059989095e+03 -2.816065979003906250e+02
4.275930383545812219e+03 4.408866411761380732e+03 -2.962351989746093750e+02
4.366772713640471920e+03 4.412820433461107314e+03 -3.098060913085937500e+02
4.457615069597493857e+03 4.416775490161962807e+03 -3.215849609375000000e+02
4.548457451423862949e+03 4.420731581869535148e+03 -3.309219360351562500e+02
4.639299859126098454e+03 4.424688708584755659e+03 -3.370753479003906250e+02
4.730142292708391324e+03 4.428646870312280953e+03 -3.408803405761718750e+02
4.820984752182033844e+03 4.432606067055836320e+03 -3.441048278808593750e+02
4.911827237551333383e+03 4.436566298818215728e+03 -3.470677185058593750e+02
5.002669748820830137e+03 4.440527565603144467e+03 -3.511779479980468750e+02
5.093512286001467146e+03 4.444489867416210473e+03 -3.562044372558593750e+02
5.184354849097551778e+03 4.448453204257413745e+03 -3.657063293457031250e+02
5.275197438115952536e+03 4.452417576132342219e+03 -3.751922912597656250e+02
5.366040053063305095e+03 4.456382983044721186e+03 -3.805287780761718750e+02
5.456882693943567574e+03 4.460349424998275936e+03 -3.878417053222656250e+02
5.547725360768381506e+03 4.464316901994869113e+03 -3.978754272460937500e+02
5.638568053541937843e+03 4.468285414040088654e+03 -4.191925659179687500e+02
5.729410772268427536e+03 4.472254961134865880e+03 -4.472539978027343750e+02
5.820253516959142871e+03 4.476225543284788728e+03 -4.516222839355468750e+02
5.911096287618624046e+03 4.480197160493582487e+03 -4.639321289062500000e+02
6.001939084253041074e+03 4.484169812763109803e+03 -4.785039672851562500e+02
6.092781906869495288e+03 4.488143500099889934e+03 -4.928570251464843750e+02
6.183624755472177640e+03 4.492118222502991557e+03 -5.063141174316406250e+02
6.274467630072264001e+03 4.496093979979865253e+03 -5.236000976562500000e+02
6.365310530673945323e+03 4.500070772532373667e+03 -5.412620239257812500e+02
6.456153457283973694e+03 4.504048600165173411e+03 -5.579379272460937500e+02
6.546996409906772897e+03 4.508027462879195809e+03 -5.719618530273437500e+02
6.637839388553402387e+03 4.512007360680960119e+03 -5.838803710937500000e+02
6.728682393228285946e+03 4.515988293572328985e+03 -5.922717285156250000e+02
6.819525423937942833e+03 4.519970261557959020e+03 -5.974489135742187500e+02
6.910368480689125136e+03 4.523953264639712870e+03 -5.993420410156250000e+02
7.001211563486256637e+03 4.527937302823178470e+03 -6.018330688476562500e+02
7.092054672340280376e+03 4.531922376110218465e+03 -6.087044067382812500e+02
7.182897807255620137e+03 4.535908484506420791e+03 -6.190108642578125000e+02
7.273740968236699700e+03 4.539895628012716770e+03 -6.283899536132812500e+02
7.364584155294811353e+03 4.543883806633763015e+03 -6.396904296875000000e+02
7.455427368433913216e+03 4.547873020375147462e+03 -6.510189208984375000e+02
1.398684337968006730e+00 4.339842241796664894e+03 -4.435480041503906250e+02
9.223848893400281668e+01 4.343747654895298183e+03 -4.146652526855468750e+02
1.830783190764486790e+02 4.347654102840460837e+03 -4.104288635253906250e+02
2.739181747699622065e+02 4.351561585634015501e+03 -3.987173156738281250e+02
3.647580560252536088e+02 4.355470103279687464e+03 -3.803319396972656250e+02
4.555979628472123295e+02 4.359379655782133341e+03 -3.651477050781250000e+02
5.464378952397964895e+02 4.363290243143215775e+03 -3.398408813476562500e+02
6.372778532141819596e+02 4.367201865367591381e+03 -3.326109924316406250e+02
7.281178367750253528e+02 4.371114522458054125e+03 -3.233337402343750000e+02
8.189578459288459271e+02 4.375028214419260621e+03 -3.203464355468750000e+02
9.097978806820465252e+02 4.378942941254004836e+03 -3.098199768066406250e+02
1.000637941039167345e+03 4.382858702965080738e+03 -3.066246337890625000e+02
1.091478027011500672e+03 4.386775499556213617e+03 -2.975896301269531250e+02
1.182318138603353873e+03 4.390693331031128764e+03 -2.903863525390625000e+02
1.273158275818801485e+03 4.394612197393551469e+03 -2.833074645996093750e+02
1.363998438669368625e+03 4.398532098647207022e+03 -2.723330993652343750e+02
1.454838627159129828e+03 4.402453034795820713e+03 -2.677502136230468750e+02
1.545678841294837184e+03 4.406375005841255188e+03 -2.601328430175781250e+02
1.636519081083242781e+03 4.410298011787235737e+03 -2.570141601562500000e+02
1.727359346528537571e+03 4.414222052639350295e+03 -2.423087463378906250e+02
1.818199637642013840e+03 4.418147128400392830e+03 -2.416035614013671875e+02
1.909039954427862540e+03 4.422073239072225988e+03 -2.462779846191406250e+02
1.999880296890623868e+03 4.426000384659506381e+03 -2.477076110839843750e+02
2.090720665041473694e+03 4.429928565165027976e+03 -2.446806030273437500e+02
2.181561058884602971e+03 4.433857780594378710e+03 -2.413231811523437500e+02
2.272401478426647373e+03 4.437788030947558582e+03 -2.408772888183593750e+02
2.363241923674358986e+03 4.441719316232018173e+03 -2.413079376220703125e+02
2.454082394632161595e+03 4.445651636447757483e+03 -2.426433410644531250e+02
2.544922891311114654e+03 4.449584991600364447e+03 -2.442464599609375000e+02
2.635763413715409115e+03 4.453519381692633033e+03 -2.451838378906250000e+02
2.726603961849818006e+03 4.457454806729219854e+03 -2.451317443847656250e+02
2.817444535725051537e+03 4.461391266711056232e+03 -2.442570037841796875e+02
2.908285135345766321e+03 4.465328761644661427e+03 -2.431592102050781250e+02
2.999125760718481615e+03 4.469267291531898081e+03 -2.417929229736328125e+02
3.089966411849716678e+03 4.473206856375560164e+03 -2.401647491455078125e+02
3.180807088746456429e+03 4.477147456181235611e+03 -2.382493896484375000e+02
3.271647791412775405e+03 4.481089090950787067e+03 -2.364034576416015625e+02
3.362488519859849475e+03 4.485031760687939823e+03 -2.353331756591796875e+02
3.453329274092102423e+03 4.488975465397350490e+03 -2.359639282226562500e+02
3.544170054113958031e+03 4.492920205081813037e+03 -2.388417816162109375e+02
3.635010859936242923e+03 4.496865979743190110e+03 -2.438509826660156250e+02
3.725851691563846543e+03 4.500812789388000965e+03 -2.499356842041015625e+02
3.816692549003055319e+03 4.504760634017176926e+03 -2.541029510498046875e+02
3.907533432260621339e+03 4.508709513637237251e+03 -2.582273559570312500e+02
3.998374341340735555e+03 4.512659428247250617e+03 -2.646682434082031250e+02
4.089215276254806668e+03 4.516610377854667604e+03 -2.759014892578125000e+02
4.180056237006792799e+03 4.520562362462282181e+03 -2.956017150878906250e+02
4.270897223601583391e+03 4.524515382071956992e+03 -3.130594482421875000e+02
4.361738236050005071e+03 4.528469436688348651e+03 -3.272491455078125000e+02
4.452579274356598035e+03 4.532424526315182447e+03 -3.394420776367187500e+02
4.543420338527765125e+03 4.536380650956183672e+03 -3.507050781250000000e+02
4.634261428570142016e+03 4.540337810613214970e+03 -3.578312072753906250e+02
4.725102544488385320e+03 4.544296005291864276e+03 -3.594065856933593750e+02
4.815943686293438077e+03 4.548255234993994236e+03 -3.604957885742187500e+02
4.906784853989724070e+03 4.552215499724261463e+03 -3.774125061035156250e+02
4.997626047581434250e+03 4.556176799485459924e+03 -3.817120971679687500e+02
5.088467267079977319e+03 4.560139134282246232e+03 -3.874365539550781250e+02
5.179308512489544228e+03 4.564102504116483033e+03 -3.902039794921875000e+02
5.270149783816770650e+03 4.568066908993758261e+03 -3.997182617187500000e+02
5.360991081068408675e+03 4.572032348915934563e+03 -4.132081298828125000e+02
5.451832404248649254e+03 4.575998823885805905e+03 -4.184346008300781250e+02
5.542673753368901089e+03 4.579966333909891546e+03 -4.248145446777343750e+02
5.633515128433238715e+03 4.583934878989122808e+03 -4.327551574707031250e+02
5.724356529446202330e+03 4.587904459128156304e+03 -4.506039123535156250e+02
5.815197956418851390e+03 4.591875074330717325e+03 -4.645111389160156250e+02
5.906039409355493262e+03 4.595846724598668516e+03 -4.789781188964843750e+02
5.996880888262996450e+03 4.599819409937597811e+03 -4.940628967285156250e+02
6.087722393147880211e+03 4.603793130350299180e+03 -5.093340759277343750e+02
6.178563924014335498e+03 4.607767885840497911e+03 -5.221396484375000000e+02
6.269405480873771012e+03 4.611743676410987973e+03 -5.370208740234375000e+02
6.360247063730261289e+03 4.615720502065494657e+03 -5.532331542968750000e+02
6.451088672590674832e+03 4.619698362808674574e+03 -5.675106811523437500e+02
6.541930307459319010e+03 4.623677258643321693e+03 -5.812524414062500000e+02
6.632771968347020447e+03 4.627657189572229981e+03 -5.961623535156250000e+02
6.723613655258668587e+03 4.631638155600056052e+03 -6.075580444335937500e+02
6.814455368200782686e+03 4.635620156730525196e+03 -6.126101074218750000e+02
6.905297107179649174e+03 4.639603192965500057e+03 -6.158875122070312500e+02
6.996138872199924663e+03 4.643587264310568571e+03 -6.199655151367187500e+02
7.086980663272785023e+03 4.647572370768524706e+03 -6.266098632812500000e+02
7.177822480402188376e+03 4.651558512342162430e+03 -6.376320800781250000e+02
7.268664323593024164e+03 4.655545689035207033e+03 -6.485267944335937500e+02
7.359506192856235430e+03 4.659533900852315128e+03 -6.591961669921875000e+02
7.450348088196013123e+03 4.663523147796280682e+03 -6.713914184570312500e+02
8.726582189719192684e+01 4.459395130994729698e+03 -3.722071838378906250e+02
1.781043345686048269e+02 4.463301611462607980e+03 -3.567861022949218750e+02
2.689428727866616100e+02 4.467209126789122820e+03 -3.484744873046875000e+02
3.597814365620724857e+02 4.471117676975205541e+03 -3.242139282226562500e+02
4.506200258994940668e+02 4.475027262025512755e+03 -3.216910705566406250e+02
5.414586408033501357e+02 4.478937881944701076e+03 -3.118671264648437500e+02
6.322972812845837325e+02 4.482849536735564470e+03 -3.046272583007812500e+02
7.231359473478514701e+02 4.486762226400896907e+03 -2.962814025878906250e+02
8.139746389994397759e+02 4.490675950943492353e+03 -2.915423278808593750e+02
9.048133562461007386e+02 4.494590710368938744e+03 -2.827172851562500000e+02
9.956520990923745558e+02 4.498506504679098725e+03 -2.791749572753906250e+02
1.086490867549204268e+03 4.502423333879560232e+03 -2.703148498535156250e+02
1.177329661621013656e+03 4.506341197970323265e+03 -2.647294921875000000e+02
1.268168481312226504e+03 4.510260096957907081e+03 -2.531324157714843750e+02
1.359007326633902267e+03 4.514180030844174325e+03 -2.468289337158203125e+02
1.449846197590464726e+03 4.518100999634712934e+03 -2.455060119628906250e+02
1.540685094188665971e+03 4.522023003330454230e+03 -2.477816619873046875e+02
1.631524016434792429e+03 4.525946041936054826e+03 -2.460737152099609375e+02
1.722362964333733544e+03 4.529870115454308689e+03 -2.409291534423828125e+02
1.813201937895966694e+03 4.533795223890803754e+03 -2.372886962890625000e+02
1.904040937126381323e+03 4.537721367245540023e+03 -2.394270324707031250e+02
1.994879962029401213e+03 4.541648545525968075e+03 -2.425051727294921875e+02
2.085719012615736574e+03 4.545576758732087910e+03 -2.441175842285156250e+02
2.176558088890044019e+03 4.549506006869487464e+03 -2.448716735839843750e+02
2.267397190858842805e+03 4.553436289941892028e+03 -2.457912292480468750e+02
2.358236318528768606e+03 4.557367607951164246e+03 -2.474168395996093750e+02
2.449075471904361621e+03 4.561299960902892053e+03 -2.492625579833984375e+02
2.539914650996448472e+03 4.565233348798938096e+03 -2.509950561523437500e+02
2.630753855809802189e+03 4.569167771643027663e+03 -2.519570312500000000e+02
2.721593086348380893e+03 4.573103229437954724e+03 -2.516432800292968750e+02
2.812432342623593286e+03 4.577039722189307213e+03 -2.505805816650390625e+02
2.903271624639863148e+03 4.580977249898947775e+03 -2.490237121582031250e+02
2.994110932403476909e+03 4.584915812570601702e+03 -2.471679992675781250e+02
3.084950265921303071e+03 4.588855410208925605e+03 -2.449956817626953125e+02
3.175789625199977309e+03 4.592796042815782130e+03 -2.425887756347656250e+02
3.266629010243923403e+03 4.596737710396759212e+03 -2.404382171630859375e+02
3.357468421064084396e+03 4.600680412952788174e+03 -2.389113922119140625e+02
3.448307857665000483e+03 4.604624150488525629e+03 -2.389038238525390625e+02
3.539147320050979033e+03 4.608568923008628190e+03 -2.416170959472656250e+02
3.629986808233195916e+03 4.612514730514958501e+03 -2.478820037841796875e+02
3.720826322215842083e+03 4.616461573011241853e+03 -2.551487121582031250e+02
3.811665862005786039e+03 4.620409450502134860e+03 -2.602915344238281250e+02
3.902505427609430626e+03 4.624358362991362810e+03 -2.820415344238281250e+02
3.993345019031548873e+03 4.628308310479857028e+03 -2.977515563964843750e+02
4.084184636282734573e+03 4.632259292974136770e+03 -3.090898742675781250e+02
4.175024279367760755e+03 4.636211310475133359e+03 -3.210717163085937500e+02
4.265863948290818371e+03 4.640164362989366055e+03 -3.318047485351562500e+02
4.356703643063083291e+03 4.644118450517766178e+03 -3.396921691894531250e+02
4.447543363688979298e+03 4.648073573064059019e+03 -3.710982666015625000e+02
4.538383110174909234e+03 4.652029730632901192e+03 -3.803975524902343750e+02
4.629222882527858019e+03 4.655986923228017986e+03 -3.894073486328125000e+02
4.720062680752016604e+03 4.659945150850340724e+03 -3.908660278320312500e+02
4.810902504858328030e+03 4.663904413508251309e+03 -3.969379882812500000e+02
4.901742354851448908e+03 4.667864711199887097e+03 -4.103333740234375000e+02
4.992582230735570192e+03 4.671826043932698667e+03 -4.160101013183593750e+02
5.083422132522100583e+03 4.675788411707617342e+03 -4.174743347167968750e+02
5.174262060214998201e+03 4.679751814530231059e+03 -4.178018798828125000e+02
5.265102013821247965e+03 4.683716252403333783e+03 -4.226797485351562500e+02
5.355941993347369134e+03 4.687681725328788161e+03 -4.474060058593750000e+02
5.446781998797552660e+03 4.691648233313113451e+03 -4.481115722656250000e+02
5.537622030183090828e+03 4.695615776358172297e+03 -4.482352905273437500e+02
5.628462087508291006e+03 4.699584354466758668e+03 -4.504357910156250000e+02
5.719302170777693391e+03 4.703553967644460499e+03 -4.577424316406250000e+02
5.810142280002357438e+03 4.707524615892209113e+03 -4.733991394042968750e+02
5.900982415186474100e+03 4.711496299217455089e+03 -4.874247741699218750e+02
5.991822576336795464e+03 4.715469017620198429e+03 -5.006762084960937500e+02
6.082662763459957205e+03 4.719442771103233099e+03 -5.161561279296875000e+02
6.173502976560266688e+03 4.723417559674009681e+03 -5.315251464843750000e+02
6.264343215649132617e+03 4.727393383333459496e+03 -5.477287597656250000e+02
6.355183480730513111e+03 4.731370242086239159e+03 -5.639260864257812500e+02
6.446023771811276674e+03 4.735348135935142636e+03 -5.778792114257812500e+02
6.536864088895730674e+03 4.739327064882963896e+03 -5.929049072265625000e+02
6.627704431994934566e+03 4.743307028934359550e+03 -6.089619750976562500e+02
6.718544801113428548e+03 4.747288028093054891e+03 -6.206088256835937500e+02
6.809385196257615462e+03 4.751270062362775207e+03 -6.263239746093750000e+02
6.900225617434363812e+03 4.755253131746314466e+03 -6.317614135742187500e+02
6.991066064647980966e+03 4.759237236246466637e+03 -6.390458984375000000e+02
7.081906537909409963e+03 4.763222375868819654e+03 -6.468743286132812500e+02
7.172747037223191001e+03 4.767208550615236163e+03 -6.569006958007812500e+02
7.263587562593631446e+03 4.771195760490372777e+03 -6.665263671875000000e+02
7.354428114031907171e+03 4.775184005497023463e+03 -6.760485229492187500e+02
7.445268691542441957e+03 4.779173285639844835e+03 -6.875023193359375000e+02
8.229304087429773062e+01 4.575042617939412594e+03 -3.216646423339843750e+02
1.731302360447589308e+02 4.578949130925349891e+03 -3.128495178222656250e+02
2.639674567570909858e+02 4.582856678777374327e+03 -3.003590393066406250e+02
3.548047030228190124e+02 4.586765261500142515e+03 -2.966786804199218750e+02
4.456419748459011316e+02 4.590674879094585776e+03 -2.943502807617187500e+02
5.364792722309939563e+02 4.594585531565360725e+03 -2.845177612304687500e+02
6.273165951890405267e+02 4.598497218916192651e+03 -2.778168334960937500e+02
7.181539437244646251e+02 4.602409941149875522e+03 -2.711938171386718750e+02
8.089913178440183401e+02 4.606323698271065950e+03 -2.649157714843750000e+02
8.998287175542209297e+02 4.610238490282557905e+03 -2.604814147949218750e+02
9.906661428594961762e+02 4.614154317187145352e+03 -2.500980224609375000e+02
1.081503593770903535e+03 4.618071178989484906e+03 -2.463772125244140625e+02
1.172341070292983204e+03 4.621989075692370534e+03 -2.442431945800781250e+02
1.263178572429809719e+03 4.625908007299527526e+03 -2.424014282226562500e+02
1.354016100192675367e+03 4.629827973814681172e+03 -2.416069030761718750e+02
1.444853653586236760e+03 4.633748975239694118e+03 -2.399500122070312500e+02
1.535691232616547495e+03 4.637671011582016945e+03 -2.404917602539062500e+02
1.626528837290825322e+03 4.641594082840718329e+03 -2.412349700927734375e+02
1.717366467613028362e+03 4.645518189021386206e+03 -2.411190490722656250e+02
1.808204123594332486e+03 4.649443330126814544e+03 -2.424191436767578125e+02
1.899041805239394307e+03 4.653369506160728633e+03 -2.461809387207031250e+02
1.989879512552288361e+03 4.657296717127785087e+03 -2.507605895996093750e+02
2.080717245544306934e+03 4.661224963030777872e+03 -2.543516693115234375e+02
2.171555004219757393e+03 4.665154243872500956e+03 -2.566873474121093750e+02
2.262392788585275412e+03 4.669084559656679630e+03 -2.580031738281250000e+02
2.353230598647613078e+03 4.673015910387970507e+03 -2.589183044433593750e+02
2.444068434410961345e+03 4.676948296067304909e+03 -2.598829345703125000e+02
2.534906295886496082e+03 4.680881716701202095e+03 -2.605989990234375000e+02
2.625744183078641072e+03 4.684816172291524708e+03 -2.605911865234375000e+02
2.716582095991587266e+03 4.688751662841998041e+03 -2.598382568359375000e+02
2.807420034636743367e+03 4.692688188355416059e+03 -2.581398620605468750e+02
2.898257999018533155e+03 4.696625748836435378e+03 -2.557900543212890625e+02
2.989095989143243060e+03 4.700564344289712608e+03 -2.530941314697265625e+02
3.079934005017625168e+03 4.704503974715247750e+03 -2.500355072021484375e+02
3.170772046648431569e+03 4.708444640119560063e+03 -2.465156402587890625e+02
3.261610114039853215e+03 4.712386340504512191e+03 -2.431061706542968750e+02
3.352448207203182392e+03 4.716329075874760747e+03 -2.418432312011718750e+02
3.443286326142726466e+03 4.720272846233099699e+03 -2.662326049804687500e+02
3.534124470862909220e+03 4.724217651583254337e+03 -2.711893920898437500e+02
3.624962641374790110e+03 4.728163491928949952e+03 -2.817439880371093750e+02
3.715800837682792917e+03 4.732110367272980511e+03 -2.897583312988281250e+02
3.806639059793436900e+03 4.736058277620002627e+03 -2.993114624023437500e+02
3.897477307713474147e+03 4.740007222972810268e+03 -3.125589294433593750e+02
3.988315581447212026e+03 4.743957203335128725e+03 -3.341667480468750000e+02
4.079153881005826406e+03 4.747908218708820641e+03 -3.448640441894531250e+02
4.169992206393624656e+03 4.751860269101336598e+03 -3.548463439941406250e+02
4.260830557615030557e+03 4.755813354511745274e+03 -3.655739135742187500e+02
4.351668934681219980e+03 4.759767474946565926e+03 -3.811921997070312500e+02
4.442507337596383877e+03 4.763722630407661200e+03 -4.070661315917968750e+02
4.533345766367274337e+03 4.767678820901550353e+03 -4.182619018554687500e+02
4.624184221000643447e+03 4.771636046427302063e+03 -4.209609069824218750e+02
4.715022701500682160e+03 4.775594306991435587e+03 -4.252088623046875000e+02
4.805861207878449932e+03 4.779553602595813572e+03 -4.283598022460937500e+02
4.896699740138486959e+03 4.783513933245092630e+03 -4.477070007324218750e+02
4.987538298285100609e+03 4.787475298943929374e+03 -4.475647277832031250e+02
5.078376882329466753e+03 4.791437699692323804e+03 -4.463178100585937500e+02
5.169215492275892757e+03 4.795401135497726500e+03 -4.308969726562500000e+02
5.260054128131014295e+03 4.799365606361068785e+03 -4.409036560058593750e+02
5.350892789901467040e+03 4.803331112287007272e+03 -4.589132690429687500e+02
5.441731477591674775e+03 4.807297653277404606e+03 -4.672395324707031250e+02
5.532570191212696955e+03 4.811265229338780046e+03 -4.665046997070312500e+02
5.623408930768957362e+03 4.815233840472064912e+03 -4.650976867675781250e+02
5.714247696264879778e+03 4.819203486682847142e+03 -4.656575927734375000e+02
5.805086487711290829e+03 4.823174167972989380e+03 -4.738485717773437500e+02
5.895925305112963542e+03 4.827145884346216917e+03 -4.841870727539062500e+02
5.986764148476067930e+03 4.831118635806255043e+03 -4.946364746093750000e+02
6.077603017807821743e+03 4.835092422357760370e+03 -5.094047851562500000e+02
6.168441913112066686e+03 4.839067244003526866e+03 -5.275223999023437500e+02
6.259280834400211461e+03 4.843043100746348500e+03 -5.469719238281250000e+02
6.350119781676563434e+03 4.847019992590881884e+03 -5.667705688476562500e+02
6.440958754947641864e+03 4.850997919538989663e+03 -5.856780395507812500e+02
6.531797754218103364e+03 4.854976881596259773e+03 -6.016718139648437500e+02
6.622636779498541728e+03 4.858956878766417503e+03 -6.183816528320312500e+02
6.713475830793846399e+03 4.862937911050394177e+03 -6.336779785156250000e+02
6.804314908110536635e+03 4.866919978453777730e+03 -6.419749755859375000e+02
6.895154011454898864e+03 4.870903080980293453e+03 -6.474644775390625000e+02
6.985993140831822529e+03 4.874887218631803989e+03 -6.569800415039062500e+02
7.076832296252017841e+03 4.878872391412965953e+03 -6.666962280273437500e+02
7.167671477720141411e+03 4.882858599327504635e+03 -6.750981445312500000e+02
7.258510685240384191e+03 4.886845842379145324e+03 -6.829669799804687500e+02
7.349349918823689222e+03 4.890834120570681989e+03 -6.907545166015625000e+02
7.440189178474945948e+03 4.894823433904908597e+03 -7.005010986328125000e+02
7.732014586695004255e+01 4.690690115731209517e+03 -2.936435852050781250e+02
1.681560235063079745e+02 4.694596661230549216e+03 -2.846449279785156250e+02
2.589919266833458096e+02 4.698504241604357958e+03 -2.720122375488281250e+02
3.498278554091230035e+02 4.702412856856361032e+03 -2.689553222656250000e+02
4.406638096878305078e+02 4.706322506990283728e+03 -2.665961303710937500e+02
5.314997895241249353e+02 4.710233192007057369e+03 -2.565876770019531250e+02
6.223357949290657416e+02 4.714144911914132535e+03 -2.499548950195312500e+02
7.131718259069602937e+02 4.718057666711509228e+03 -2.456612243652343750e+02
8.040078824644442648e+02 4.721971456405706704e+03 -2.360692596435546875e+02
8.948439646081533283e+02 4.725886280997656286e+03 -2.405631256103515625e+02
9.856800723423948511e+02 4.729802140491083264e+03 -2.413352203369140625e+02
1.076516205678461120e+03 4.733719034890644252e+03 -2.399521179199218750e+02
1.167352364620543085e+03 4.737636964200064540e+03 -2.366643066406250000e+02
1.258188549173297361e+03 4.741555928421206772e+03 -2.351089019775390625e+02
1.349024759347434156e+03 4.745475927559658885e+03 -2.359145660400390625e+02
1.439860995147610083e+03 4.749396961616352201e+03 -2.387169799804687500e+02
1.530697256580460817e+03 4.753319030597805977e+03 -2.423938446044921875e+02
1.621533543652622029e+03 4.757242134504951537e+03 -2.460328063964843750e+02
1.712369856368284672e+03 4.761166273342445493e+03 -2.493606567382812500e+02
1.803206194738741033e+03 4.765091447113081813e+03 -2.532838897705078125e+02
1.894042558768298477e+03 4.769017655820585787e+03 -2.579279174804687500e+02
1.984878948461497203e+03 4.772944899469614029e+03 -2.625561828613281250e+02
2.075715363829047419e+03 4.776873178062960505e+03 -2.663512878417968750e+02
2.166551804875722155e+03 4.780802491602487862e+03 -2.689032287597656250e+02
2.257388271608040668e+03 4.784732840094715357e+03 -2.703701782226562500e+02
2.348224764032522216e+03 4.788664223541505635e+03 -2.711351623535156250e+02
2.439061282153706998e+03 4.792596641944721341e+03 -2.716717224121093750e+02
2.529897825982654467e+03 4.796530095311813056e+03 -2.717028198242187500e+02
2.620734395523671992e+03 4.800464583642780781e+03 -2.708669433593750000e+02
2.711570990781183355e+03 4.804400106942281127e+03 -2.688394775390625000e+02
2.802407611766364425e+03 4.808336665214970708e+03 -2.665057067871093750e+02
2.893244258483406156e+03 4.812274258461780846e+03 -2.629664001464843750e+02
2.984080930939177051e+03 4.816212886689230800e+03 -2.587565612792968750e+02
3.074917629140196368e+03 4.820152549898251891e+03 -2.535722198486328125e+02
3.165754353093216196e+03 4.824093248094432056e+03 -2.711914062500000000e+02
3.256591102802194655e+03 4.828034981279633939e+03 -2.717710266113281250e+02
3.347427878278773278e+03 4.831977749457582831e+03 -2.753424682617187500e+02
3.438264679527026601e+03 4.835921552633866668e+03 -2.895429077148437500e+02
3.529101506551494822e+03 4.839866390809416771e+03 -2.974695739746093750e+02
3.619938359363004565e+03 4.843812263987958431e+03 -3.081769714355468750e+02
3.710775237966212444e+03 4.847759172174148262e+03 -3.201966247558593750e+02
3.801612142367637716e+03 4.851707115371711552e+03 -3.335200500488281250e+02
3.892449072574032471e+03 4.855656093583442271e+03 -3.473308715820312500e+02
3.983286028589587659e+03 4.859606106813065708e+03 -3.657062072753906250e+02
4.074123010425595567e+03 4.863557155063375831e+03 -3.795544738769531250e+02
4.164960018086247146e+03 4.867509238339029253e+03 -3.888544311523437500e+02
4.255797051575966179e+03 4.871462356642819941e+03 -4.033792114257812500e+02
4.346634110906044953e+03 4.875416509979404509e+03 -4.165927124023437500e+02
4.437471196080674417e+03 4.879371698351576924e+03 -4.495180053710937500e+02
4.528308307106373832e+03 4.883327921761199832e+03 -4.511195373535156250e+02
4.619145443990244530e+03 4.887285180213861167e+03 -4.524919433593750000e+02
4.709982606736244634e+03 4.891243473713286221e+03 -4.538867492675781250e+02
4.800819795355433598e+03 4.895202802261337638e+03 -4.557265319824218750e+02
4.891657009852468036e+03 4.899163165863603354e+03 -4.583389892578125000e+02
4.982494250231655315e+03 4.903124564521014690e+03 -4.620285644531250000e+02
5.073331516503822058e+03 4.907086998239159584e+03 -4.643506774902343750e+02
5.164168808673741296e+03 4.911050467020832002e+03 -4.580263061523437500e+02
5.255006126747932285e+03 4.915014970869757235e+03 -4.702081909179687500e+02
5.345843470732914284e+03 4.918980509788729250e+03 -4.916758422851562500e+02
5.436680840633111075e+03 4.922947083783335984e+03 -5.000624694824218750e+02
5.527518236459582113e+03 4.926914692854508758e+03 -4.984847412109375000e+02
5.618355658216867596e+03 4.930883337007835507e+03 -4.840532531738281250e+02
5.709193105909158476e+03 4.934853016246110201e+03 -4.685434875488281250e+02
5.800030579547630623e+03 4.938823730571195483e+03 -4.568128662109375000e+02
5.890868079136591405e+03 4.942795479989610612e+03 -4.593161315917968750e+02
5.981705604682909325e+03 4.946768264504149556e+03 -4.642461853027343750e+02
6.072543156192870811e+03 4.950742084116674960e+03 -4.785459899902343750e+02
6.163380733671132475e+03 4.954716938831843436e+03 -4.962630615234375000e+02
6.254218337128870189e+03 4.958692828652448952e+03 -5.197663574218750000e+02
6.345055966570042074e+03 4.962669753583148122e+03 -5.505929565429687500e+02
6.435893622001633048e+03 4.966647713627666235e+03 -5.782015380859375000e+02
6.526731303427834064e+03 4.970626708787865937e+03 -5.996162719726562500e+02
6.617569010859820992e+03 4.974606739069335163e+03 -6.213388061523437500e+02
6.708406744302017614e+03 4.978587804474867880e+03 -6.418729248046875000e+02
6.799244503760943189e+03 4.982569905006326735e+03 -6.552965698242187500e+02
6.890082289243116975e+03 4.986553040670230985e+03 -6.641779785156250000e+02
6.980920100753428414e+03 4.990537211467511952e+03 -6.732737426757812500e+02
7.071757938302354887e+03 4.994522417402826250e+03 -6.838128662109375000e+02
7.162595801894785836e+03 4.998508658479899168e+03 -6.925982666015625000e+02
7.253433691534679383e+03 5.002495934702455997e+03 -7.014108886718750000e+02
7.344271607233444229e+03 5.006484246073290706e+03 -7.083876953125000000e+02
7.435109548995271325e+03 5.010473592596128583e+03 -7.146519775390625000e+02
7.234713687666226178e+01 4.806337624366395175e+03 -2.653952636718750000e+02
1.631816969551146030e+02 4.810244202374480665e+03 -2.560777282714843750e+02
2.540162825665902346e+02 4.814151815264485776e+03 -2.449854278564453125e+02
3.448508937226142734e+02 4.818060463041998446e+03 -2.408734283447265625e+02
4.356855304271448404e+02 4.821970145707949996e+03 -2.366898803710937500e+02
5.265201926847221330e+02 4.825880863268859684e+03 -2.281763000488281250e+02
6.173548805064056069e+02 4.829792615725658834e+03 -2.226416778564453125e+02
7.081895938967354596e+02 4.833705403082072735e+03 -2.225563201904296875e+02
7.990243328621145338e+02 4.837619225341826677e+03 -2.255983428955078125e+02
8.898590974092949182e+02 4.841534082509577274e+03 -2.282807006835937500e+02
9.806938875427003950e+02 4.845449974587187171e+03 -2.289016418457031250e+02
1.071528703273390420e+03 4.849366901580244303e+03 -2.290826110839843750e+02
1.162363544605672359e+03 4.853284863488748670e+03 -2.295852966308593750e+02
1.253198411544086412e+03 4.857203860320150852e+03 -2.314527740478515625e+02
1.344033304099692032e+03 4.861123892076313496e+03 -2.354661407470703125e+02
1.434868222276680171e+03 4.865044958760030568e+03 -2.411754302978515625e+02
1.525703166082035750e+03 4.868967060375027359e+03 -2.472362823486328125e+02
1.616538135522045195e+03 4.872890196925029159e+03 -2.528283386230468750e+02
1.707373130601365119e+03 4.876814368413761258e+03 -2.579034423828125000e+02
1.798208151330705732e+03 4.880739574844948947e+03 -2.627659912109375000e+02
1.889043197714956477e+03 4.884665816220454872e+03 -2.674993896484375000e+02
1.979878269758191891e+03 4.888593092546798289e+03 -2.721049499511718750e+02
2.070713367471471429e+03 4.892521403824910522e+03 -2.759786682128906250e+02
2.161548490859451704e+03 4.896450750058516860e+03 -2.787922973632812500e+02
2.252383639928419143e+03 4.900381131252273917e+03 -2.806681823730468750e+02
2.343218814685242251e+03 4.904312547408975661e+03 -2.820617065429687500e+02
2.434054015134344809e+03 4.908244998532347381e+03 -2.827584228515625000e+02
2.524889241286669858e+03 4.912178484626114368e+03 -2.830583801269531250e+02
2.615724493146641180e+03 4.916113005693070590e+03 -2.810017700195312500e+02
2.706559770718682557e+03 4.920048561736941338e+03 -2.770029907226562500e+02
2.797395074013853446e+03 4.923985152761451900e+03 -2.713063964843750000e+02
2.888230403036577627e+03 4.927922778770327568e+03 -2.755032958984375000e+02
2.979065757793257944e+03 4.931861439766362309e+03 -2.871746826171875000e+02
3.069901138290995732e+03 4.935801135754212737e+03 -2.957255554199218750e+02
3.160736544535961002e+03 4.939741866735741496e+03 -3.017231750488281250e+02
3.251571976532693952e+03 4.943683632716536522e+03 -3.000759277343750000e+02
3.342407434292370453e+03 4.947626433697529137e+03 -3.047542114257812500e+02
3.433242917819414288e+03 4.951570269685238600e+03 -3.142265625000000000e+02
3.524078427118016407e+03 4.955515140681527555e+03 -3.237404174804687500e+02
3.614913962199352682e+03 4.959461046689189970e+03 -3.351143798828125000e+02
3.705749523067846894e+03 4.963407987711951137e+03 -3.521289062500000000e+02
3.796585109730251133e+03 4.967355963755398989e+03 -3.682510375976562500e+02
3.887420722192851827e+03 4.971304974820464849e+03 -3.815556030273437500e+02
3.978256360460305586e+03 4.975255020911805332e+03 -3.951720581054687500e+02
4.069092024543555453e+03 4.979206102033145726e+03 -4.154490051269531250e+02
4.159927714447141625e+03 4.983158218188211322e+03 -4.220585632324218750e+02
4.250763430175371468e+03 4.987111369379796088e+03 -4.346953125000000000e+02
4.341599171739304438e+03 4.991065555612556636e+03 -4.474964294433593750e+02
4.432434939143364318e+03 4.995020776887424290e+03 -4.571219177246093750e+02
4.523270732394186780e+03 4.998977033210918307e+03 -4.657489624023437500e+02
4.614106551498291083e+03 5.002934324584901333e+03 -4.720856628417968750e+02
4.704942396460333839e+03 5.006892651014029980e+03 -4.755532531738281250e+02
4.795778267291025259e+03 5.010852012501098216e+03 -4.781560363769531250e+02
4.886614163995021954e+03 5.014812409047968686e+03 -4.834504699707031250e+02
4.977450086576631293e+03 5.018773840661160648e+03 -4.904149169921875000e+02
5.068286035046912730e+03 5.022736307342536747e+03 -5.019967346191406250e+02
5.159122009410406463e+03 5.026699809096753597e+03 -5.147359619140625000e+02
5.249958009673515335e+03 5.030664345925673842e+03 -5.261329956054687500e+02
5.340794035842875019e+03 5.034629917833954096e+03 -5.320496215820312500e+02
5.431630087923142128e+03 5.038596524825319648e+03 -5.294386596679687500e+02
5.522466165925143287e+03 5.042564166902564466e+03 -5.215450439453125000e+02
5.613302269853418693e+03 5.046532844069413841e+03 -4.993963012695312500e+02
5.704138399712275714e+03 5.050502556329593062e+03 -4.765369873046875000e+02
5.794974555512657389e+03 5.054473303686827421e+03 -4.522367858886718750e+02
5.885810737259220332e+03 5.058445086143910885e+03 -4.565448608398437500e+02
5.976646944958483800e+03 5.062417903705500066e+03 -4.449067687988281250e+02
6.067483178617083468e+03 5.066391756374388933e+03 -4.443194885253906250e+02
6.158319438239326701e+03 5.070366644153371453e+03 -4.542424316406250000e+02
6.249155723836272955e+03 5.074342567048035562e+03 -4.822041320800781250e+02
6.339992035412462428e+03 5.078319525060243905e+03 -5.216718139648437500e+02
6.430828372974414378e+03 5.082297518194653094e+03 -5.558145751953125000e+02
6.521664736526669003e+03 5.086276546454057097e+03 -5.843535156250000000e+02
6.612501126080052927e+03 5.090256609842181206e+03 -6.122145385742187500e+02
6.703337541639106348e+03 5.094237708361819386e+03 -6.410809936523437500e+02
6.794173983210464939e+03 5.098219842017628253e+03 -6.658898925781250000e+02
6.885010450800647959e+03 5.102203010812401772e+03 -6.807962036132812500e+02
6.975846944414195605e+03 5.106187214750796556e+03 -6.897579956054687500e+02
7.066683464062050916e+03 5.110172453834675252e+03 -6.984017944335937500e+02
7.157520009748637676e+03 5.114158728069625795e+03 -7.054502563476562500e+02
7.248356581478379667e+03 5.118146037456579506e+03 -7.136368408203125000e+02
7.339193179262336344e+03 5.122134382002055645e+03 -7.234760131835937500e+02
7.430029803104931489e+03 5.126123761707916856e+03 -7.317258911132812500e+02
6.737401390494778752e+01 4.921985143849626184e+03 -2.374728546142578125e+02
1.582072563925758004e+02 4.925891754359938204e+03 -2.278286590576171875e+02
2.490405244086869061e+02 4.929799399762414396e+03 -2.170916900634765625e+02
3.398738179646898061e+02 4.933708080059848726e+03 -2.161684570312500000e+02
4.307071370650082827e+02 4.937617795254103839e+03 -2.081928100585937500e+02
5.215404817139497027e+02 4.941528545349836349e+03 -2.120780029296875000e+02
6.123738519225735217e+02 4.945440330351702869e+03 -2.141999206542968750e+02
7.032072476951871067e+02 4.949353150261566043e+03 -2.124110107421875000e+02
7.940406690386589617e+02 4.953267005085013807e+03 -2.129389343261718750e+02
8.848741159592755139e+02 4.957181894822977483e+03 -2.141518859863281250e+02
9.757075884619262069e+02 4.961097819479182363e+03 -2.159818725585937500e+02
1.066541086557204835e+03 4.965014779058285058e+03 -2.194691009521484375e+02
1.157374610249768011e+03 4.968932773564010859e+03 -2.245711059570312500e+02
1.248208159543923102e+03 4.972851802999153733e+03 -2.302048339843750000e+02
1.339041734450845979e+03 4.976771867367438972e+03 -2.363525543212890625e+02
1.429875334974844009e+03 4.980692966671660542e+03 -2.432007446289062500e+02
1.520708961122436449e+03 4.984615100916475058e+03 -2.501290740966796875e+02
1.611542612900491804e+03 4.988538270104676485e+03 -2.565243530273437500e+02
1.702376290313201025e+03 4.992462474239990115e+03 -2.624317626953125000e+02
1.793209993371739984e+03 4.996387713326141238e+03 -2.678639221191406250e+02
1.884043722080648877e+03 5.000313987364992499e+03 -2.732826538085937500e+02
1.974877476444002241e+03 5.004241296362131834e+03 -2.785825195312500000e+02
2.065711256473092362e+03 5.008169640320353210e+03 -2.829473571777343750e+02
2.156545062172226608e+03 5.012099019243381917e+03 -2.858764953613281250e+02
2.247378893548157066e+03 5.016029433133080602e+03 -2.874814758300781250e+02
2.338212750607402995e+03 5.019960881995037198e+03 -2.887771911621093750e+02
2.429046633354271762e+03 5.023893365832976997e+03 -2.892166442871093750e+02
2.519880541800055653e+03 5.027826884647831321e+03 -2.894252929687500000e+02
2.610714475948829204e+03 5.031761438446119428e+03 -2.938837890625000000e+02
2.701548435805365443e+03 5.035697027228772640e+03 -3.005921325683593750e+02
2.792382421380607411e+03 5.039633651000447571e+03 -3.032384338378906250e+02
2.883216432678862475e+03 5.043571309765800834e+03 -3.077450256347656250e+02
2.974050469706766307e+03 5.047510003525763750e+03 -3.223350830078125000e+02
3.064884532470954582e+03 5.051449732285924256e+03 -3.335337829589843750e+02
3.155718620978179388e+03 5.055390496050007641e+03 -3.306872253417968750e+02
3.246552735232748091e+03 5.059332294819876552e+03 -3.283359375000000000e+02
3.337386875245603733e+03 5.063275128599256277e+03 -3.267275085449218750e+02
3.428221041021402925e+03 5.067218997392803431e+03 -3.395314025878906250e+02
3.519055232564220205e+03 5.071163901203311980e+03 -3.500018920898437500e+02
3.609889449885347858e+03 5.075109840034507215e+03 -3.625562438964843750e+02
3.700723692989209667e+03 5.079056813889183104e+03 -3.855551757812500000e+02
3.791557961882324889e+03 5.083004822772927582e+03 -4.035044860839843750e+02
3.882392256571445614e+03 5.086953866686671972e+03 -4.127559814453125000e+02
3.973226577060762793e+03 5.090903945636004210e+03 -4.212598266601562500e+02
4.064060923361452296e+03 5.094855059621855617e+03 -4.283688964843750000e+02
4.154895295477937907e+03 5.098807208651676774e+03 -4.357275085449218750e+02
4.245729693414643407e+03 5.102760392725467682e+03 -4.499571533203125000e+02
4.336564117182511836e+03 5.106714611847884953e+03 -4.642272033691406250e+02
4.427398566785966977e+03 5.110669866022653878e+03 -4.759039001464843750e+02
4.518233042231760919e+03 5.114626155253499746e+03 -4.886228027343750000e+02
4.609067543526412919e+03 5.118583479543216527e+03 -4.999201660156250000e+02
4.699902070674346760e+03 5.122541838896460831e+03 -5.049569396972656250e+02
4.790736623686621897e+03 5.126501233316026628e+03 -5.088530578613281250e+02
4.881571202567545697e+03 5.130461662805639207e+03 -5.134384155273437500e+02
4.972405807321891189e+03 5.134423127368092537e+03 -5.198290405273437500e+02
5.063240437960135750e+03 5.138385627008043230e+03 -5.332932128906250000e+02
5.154075094487052411e+03 5.142349161728285253e+03 -5.505540771484375000e+02
5.244909776909276843e+03 5.146313731532543898e+03 -5.600812377929687500e+02
5.335744485233211890e+03 5.150279336424544454e+03 -5.638682861328125000e+02
5.426579219463514164e+03 5.154245976407080889e+03 -5.610415039062500000e+02
5.517413979611126706e+03 5.158213651484809816e+03 -5.534489746093750000e+02
5.608248765680240467e+03 5.162182361661456525e+03 -5.327316894531250000e+02
5.699083577675744891e+03 5.166152106937952340e+03 -5.100989379882812500e+02
5.789918415608233772e+03 5.170122887320816517e+03 -4.854154052734375000e+02
5.880753279482247308e+03 5.174094702812843025e+03 -4.811097717285156250e+02
5.971588169304537587e+03 5.178067553416825831e+03 -4.663220214843750000e+02
6.062423085081623867e+03 5.182041439136490226e+03 -4.550806884765625000e+02
6.153258026817813516e+03 5.186016359974630177e+03 -4.437325744628906250e+02
6.244092994524398819e+03 5.189992315937764943e+03 -4.557830505371093750e+02
6.334927988205570728e+03 5.193969307024963200e+03 -4.872011718750000000e+02
6.425763007867964916e+03 5.197947333244606853e+03 -5.124296875000000000e+02
6.516598053516121581e+03 5.201926394596695900e+03 -5.498457641601562500e+02
6.607433125160983764e+03 5.205906491084955633e+03 -5.915472412109375000e+02
6.698268222806975245e+03 5.209887622714973986e+03 -6.293317260742187500e+02
6.789103346460731700e+03 5.213869789489544928e+03 -6.641819458007812500e+02
6.879938496128888801e+03 5.217852991410531104e+03 -6.878215332031250000e+02
6.970773671815753914e+03 5.221837228484451771e+03 -7.046284179687500000e+02
7.061608873532502912e+03 5.225822500712238252e+03 -7.127742309570312500e+02
7.152444101283443160e+03 5.229808808098547161e+03 -7.141245117187500000e+02
7.243279355072998442e+03 5.233796150647103786e+03 -7.212064208984375000e+02
7.334114634912228212e+03 5.237784528361633420e+03 -7.313845825195312500e+02
7.424949940805556253e+03 5.241773941243998706e+03 -7.410746459960937500e+02
6.240077695378568023e+01 5.037632674179039896e+03 -2.105102386474609375e+02
1.532327018203213811e+02 5.041539317187853158e+03 -1.904499664306640625e+02
2.440646522111492231e+02 5.045446995096281171e+03 -1.894755706787109375e+02
3.348966281373286620e+02 5.049355707908049226e+03 -1.925489807128906250e+02
4.257286296033998951e+02 5.053265455625951290e+03 -1.964382629394531250e+02
5.165606566136702895e+02 5.057176238252781332e+03 -1.996746063232421875e+02
6.073927091790828854e+02 5.061088055795058608e+03 -2.009769744873046875e+02
6.982247873041778803e+02 5.065000908252783120e+03 -2.017218627929687500e+02
7.890568909957073629e+02 5.068914795632474124e+03 -2.025915527343750000e+02
8.798890202599577606e+02 5.072829717935994267e+03 -2.042864074707031250e+02
9.707211751017021015e+02 5.076745675166137516e+03 -2.071807250976562500e+02
1.061553355531767011e+03 5.080662667327560484e+03 -2.126782379150390625e+02
1.152385561554459855e+03 5.084580694423988461e+03 -2.205264434814453125e+02
1.243217793174553663e+03 5.088499756457284093e+03 -2.286058349609375000e+02
1.334050050402758643e+03 5.092419853433035314e+03 -2.358869781494140625e+02
1.424882333243614994e+03 5.096340985353104770e+03 -2.430506591796875000e+02
1.515714641703758389e+03 5.100263152223080397e+03 -2.503411407470703125e+02
1.606546975789824501e+03 5.104186354042962193e+03 -2.573923034667968750e+02
1.697379335506120697e+03 5.108110590819269419e+03 -2.640345153808593750e+02
1.788211720863822848e+03 5.112035862554796040e+03 -2.701614685058593750e+02
1.879044131867238320e+03 5.115962169252336025e+03 -2.754042968750000000e+02
1.969876568520790897e+03 5.119889510915614665e+03 -2.811408996582031250e+02
2.060709030835656449e+03 5.123817887547425926e+03 -2.864525451660156250e+02
2.151541518816142343e+03 5.127747299154289067e+03 -2.892655334472656250e+02
2.242374032468767837e+03 5.131677745736204088e+03 -2.910587463378906250e+02
2.333206571800401434e+03 5.135609227298758924e+03 -3.057722778320312500e+02
2.424039136815350503e+03 5.139541743843816221e+03 -3.139143676757812500e+02
2.514871727524441667e+03 5.143475295376963913e+03 -3.165156555175781250e+02
2.605704343932447955e+03 5.147409881899133325e+03 -3.196477050781250000e+02
2.696536986043443903e+03 5.151345503415912390e+03 -3.291432495117187500e+02
2.787369653868721798e+03 5.155282159931026399e+03 -3.357806091308593750e+02
2.878202347412472591e+03 5.159219851445406675e+03 -3.330640869140625000e+02
2.969035066681564786e+03 5.163158577965572476e+03 -3.337351989746093750e+02
3.059867811682401225e+03 5.167098339493386447e+03 -3.361476440429687500e+02
3.150700582421850413e+03 5.171039136032573879e+03 -3.443759460449218750e+02
3.241533378903986886e+03 5.174980967586860061e+03 -3.485555419921875000e+02
3.332366201140219346e+03 5.178923834159970284e+03 -3.516470031738281250e+02
3.423199049134738743e+03 5.182867735754698515e+03 -3.603773193359375000e+02
3.514031922891968861e+03 5.186812672374770045e+03 -3.666109924316406250e+02
3.604864822422852740e+03 5.190758644023910165e+03 -3.898751831054687500e+02
3.695697747732046992e+03 5.194705650705844164e+03 -4.094339599609375000e+02
3.786530698826070875e+03 5.198653692423366010e+03 -4.262424621582031250e+02
3.877363675711443648e+03 5.202602769181132317e+03 -4.370690917968750000e+02
3.968196678392821923e+03 5.206552880981937051e+03 -4.446683044433593750e+02
4.059029706880915910e+03 5.210504027828574181e+03 -4.536666259765625000e+02
4.149862761180382222e+03 5.214456209726631641e+03 -4.615217285156250000e+02
4.240695841295411810e+03 5.218409426677972078e+03 -4.729652709960937500e+02
4.331528947237296961e+03 5.222363678686320782e+03 -4.847702026367187500e+02
4.422362079010345042e+03 5.226318965754471719e+03 -4.982733154296875000e+02
4.513195236621191725e+03 5.230275287888012826e+03 -5.127030029296875000e+02
4.604028420076239854e+03 5.234232645088806748e+03 -5.266784057617187500e+02
4.694861629380262457e+03 5.238191037361510098e+03 -5.343886718750000000e+02
4.785694864544086158e+03 5.242150464707985520e+03 -5.401816406250000000e+02
4.876528125572134741e+03 5.246110927133820951e+03 -5.436497192382812500e+02
4.967361412468831986e+03 5.250072424640879035e+03 -5.501761474609375000e+02
5.058194725245237350e+03 5.254034957233816385e+03 -5.584964599609375000e+02
5.149028063905774616e+03 5.257998524914495647e+03 -5.696220092773437500e+02
5.239861428456963040e+03 5.261963127689436078e+03 -5.789645996093750000e+02
5.330694818905554712e+03 5.265928765559569001e+03 -5.866635742187500000e+02
5.421528235255973414e+03 5.269895438528619707e+03 -5.890625610351562500e+02
5.512361677519045770e+03 5.273863146602176130e+03 -5.872647705078125000e+02
5.603195145699428394e+03 5.277831889781169593e+03 -5.742045898437500000e+02
5.694028639801312238e+03 5.281801668070256710e+03 -5.469860229492187500e+02
5.784862159835873172e+03 5.285772481473162770e+03 -5.210864257812500000e+02
5.875695705807534978e+03 5.289744329993613064e+03 -5.117976379394531250e+02
5.966529277722816914e+03 5.293717213634401560e+03 -4.933896789550781250e+02
6.057362875588471070e+03 5.297691132400184870e+03 -4.753399047851562500e+02
6.148196499408688396e+03 5.301666086292825639e+03 -4.623042297363281250e+02
6.239030149194877595e+03 5.305642075317911804e+03 -4.607002258300781250e+02
6.329863824950996786e+03 5.309619099476374686e+03 -4.620008850097656250e+02
6.420697526683914475e+03 5.313597158774733543e+03 -4.799779357910156250e+02
6.511531254398054443e+03 5.317576253214851022e+03 -5.224918823242187500e+02
6.602365008104359731e+03 5.321556382800452411e+03 -5.700693359375000000e+02
6.693198787807370536e+03 5.325537547534331679e+03 -6.083933105468750000e+02
6.784032593513606116e+03 5.329519747422076762e+03 -6.456602172851562500e+02
6.874866425229702145e+03 5.333502982465550303e+03 -6.813927001953125000e+02
6.965700282959965989e+03 5.337487252668477595e+03 -7.093089599609375000e+02
7.056534166715573519e+03 5.341472558034583926e+03 -7.268026733398437500e+02
7.147368076500948519e+03 5.345458898567594588e+03 -7.327509765625000000e+02
7.238202012320281938e+03 5.349446274271234870e+03 -7.380790405273437500e+02
7.329035974184749648e+03 5.353434685148298740e+03 -7.475057373046875000e+02
7.419869962099008262e+03 5.357424131203442812e+03 -7.585146484375000000e+02
5.742742602445650846e+01 5.153280215354636312e+03 -1.907852478027343750e+02
1.482580332400975749e+02 5.157186890856362879e+03 -1.891865692138671875e+02
2.390886659754905850e+02 5.161094601265154779e+03 -1.888990783691406250e+02
3.299193242420442402e+02 5.165003346585668623e+03 -1.893257293701171875e+02
4.207500080438330770e+02 5.168913126821629703e+03 -1.909615936279296875e+02
5.115807173855137080e+02 5.172823941975831985e+03 -1.927745666503906250e+02
6.024114522779127583e+02 5.176735792052932084e+03 -1.943251495361328125e+02
6.932422127254540101e+02 5.180648677053861320e+03 -1.956434936523437500e+02
7.840729987348895520e+02 5.184562596984207630e+03 -1.970157165527343750e+02
8.749038103129714727e+02 5.188477551847696304e+03 -1.989207000732421875e+02
9.657346474637743086e+02 5.192393541646189988e+03 -2.020695190429687500e+02
1.056565510198473930e+03 5.196310566385276616e+03 -2.077231140136718750e+02
1.147396398521494120e+03 5.200228626066818833e+03 -2.163919219970703125e+02
1.238227312437375076e+03 5.204147720694541931e+03 -2.259739074707031250e+02
1.329058251956943423e+03 5.208067850271239877e+03 -2.344313201904296875e+02
1.419889217084739357e+03 5.211989014802500606e+03 -2.412342071533203125e+02
1.510720207827398553e+03 5.215911214291118085e+03 -2.487201538085937500e+02
1.601551224191556685e+03 5.219834448738954961e+03 -2.573497924804687500e+02
1.692382266181404702e+03 5.223758718150667846e+03 -2.644568481445312500e+02
1.783213333808351308e+03 5.227684022530913353e+03 -2.709772644042968750e+02
1.874044427076354623e+03 5.231610361880622804e+03 -2.761063842773437500e+02
1.964875545990187675e+03 5.235537736205384135e+03 -2.945209960937500000e+02
2.055706690560793504e+03 5.239466145507991314e+03 -3.064459228515625000e+02
2.146537860792595893e+03 5.243395589792169631e+03 -3.127304992675781250e+02
2.237369056692230515e+03 5.247326069059781730e+03 -3.192377624511718750e+02
2.328200278266100213e+03 5.251257583317346871e+03 -3.295560302734375000e+02
2.419031525518978015e+03 5.255190132565796375e+03 -3.435983886718750000e+02
2.509862798461690545e+03 5.259123716810718179e+03 -3.421224365234375000e+02
2.600694097098545171e+03 5.263058336053974926e+03 -3.412739868164062500e+02
2.691525421434082091e+03 5.266993990299291909e+03 -3.403969421386718750e+02
2.782356771479477175e+03 5.270930679551325738e+03 -3.558199768066406250e+02
2.873188147238921374e+03 5.274868403811007738e+03 -3.625901184082031250e+02
2.964019548719283193e+03 5.278807163084857166e+03 -3.677641601562500000e+02
3.054850975926732644e+03 5.282746957374736667e+03 -3.720708923339843750e+02
3.145682428868371062e+03 5.286687786684371531e+03 -3.749618225097656250e+02
3.236513907548272982e+03 5.290629651018418372e+03 -3.777724609375000000e+02
3.327345411977730691e+03 5.294572550378739834e+03 -3.818174133300781250e+02
3.418176942161051556e+03 5.298516484769061208e+03 -3.833456420898437500e+02
3.509008498102659360e+03 5.302461454194039106e+03 -3.939382019042968750e+02
3.599840079813497141e+03 5.306407458656467497e+03 -4.145773620605468750e+02
3.690671687297988683e+03 5.310354498160071671e+03 -4.361733398437500000e+02
3.781503320562886074e+03 5.314302572706714272e+03 -4.532501525878906250e+02
3.872334979614824988e+03 5.318251682302914560e+03 -4.629129333496093750e+02
3.963166664457996376e+03 5.322201826950535178e+03 -4.693433227539062500e+02
4.053998375103576109e+03 5.326153006652370095e+03 -4.761423950195312500e+02
4.144830111555987969e+03 5.330105221413075924e+03 -4.866806945800781250e+02
4.235661873819539323e+03 5.334058471236377954e+03 -4.975712280273437500e+02
4.326493661905522458e+03 5.338012756125070155e+03 -5.103587951660156250e+02
4.417325475818011910e+03 5.341968076081946492e+03 -5.252593383789062500e+02
4.508157315563876182e+03 5.345924431112594903e+03 -5.375100708007812500e+02
4.598989181149518117e+03 5.349881821218878031e+03 -5.509206542968750000e+02
4.689821072579594329e+03 5.353840246405452490e+03 -5.612341918945312500e+02
4.780652989865047857e+03 5.357799706675112247e+03 -5.650166015625000000e+02
4.871484933010069653e+03 5.361760202031582594e+03 -5.705578002929687500e+02
4.962316902019432746e+03 5.365721732477657497e+03 -5.762186279296875000e+02
5.053148896903963760e+03 5.369684298018924892e+03 -5.793744506835937500e+02
5.143980917667970061e+03 5.373647898656316102e+03 -5.868771362304687500e+02
5.234812964318320155e+03 5.377612534395419061e+03 -5.954755859375000000e+02
5.325645036861533299e+03 5.381578205237165093e+03 -6.048876342773437500e+02
5.416477135302033275e+03 5.385544911188073456e+03 -6.117299194335937500e+02
5.507309259650763124e+03 5.389512652251869440e+03 -6.149815063476562500e+02
5.598141409912146628e+03 5.393481428428553045e+03 -6.120556640625000000e+02
5.688973586090607569e+03 5.397451239724643528e+03 -5.986232910156250000e+02
5.779805788197321817e+03 5.401422086142934859e+03 -5.770692749023437500e+02
5.870638016236480325e+03 5.405393967687152326e+03 -5.599792480468750000e+02
5.961470270215068012e+03 5.409366884360089898e+03 -5.285805664062500000e+02
6.052302550139138475e+03 5.413340836165472865e+03 -5.068943786621093750e+02
6.143134856013581157e+03 5.417315823107026517e+03 -5.010318603515625000e+02
6.233967187849106267e+03 5.421291845189407468e+03 -5.008196411132812500e+02
6.324799545650370419e+03 5.425268902414478362e+03 -4.947108154296875000e+02
6.415631929423892871e+03 5.429246994785964489e+03 -4.967425537109375000e+02
6.506464339174097404e+03 5.433226122308522463e+03 -5.261668701171875000e+02
6.597296774911927059e+03 5.437206284984946251e+03 -5.447929687500000000e+02
6.688129236641805619e+03 5.441187482818961143e+03 -5.715576171875000000e+02
6.778961724370485172e+03 5.445169715813361108e+03 -6.151145629882812500e+02
6.869794238104601391e+03 5.449152983973734081e+03 -6.597716674804687500e+02
6.960626777848345228e+03 5.453137287301011384e+03 -6.961851196289062500e+02
7.051459343612892553e+03 5.457122625800780952e+03 -7.249976806640625000e+02
7.142291935402550735e+03 5.461108999475836754e+03 -7.445972900390625000e+02
7.233124553221859969e+03 5.465096408328041434e+03 -7.591329345703125000e+02
7.323957197081763297e+03 5.469084852363914251e+03 -7.718414306640625000e+02
7.414789866986684501e+03 5.473074331586249173e+03 -7.807009887695312500e+02
5.245396111859008670e+01 5.268927767377346754e+03 -1.919464416503906250e+02
1.432832506534177810e+02 5.272834475366398692e+03 -1.900421447753906250e+02
2.341125657036900520e+02 5.276742218271829188e+03 -1.889435272216796875e+02
3.249419062803499401e+02 5.280650996096432209e+03 -1.890514526367187500e+02
4.157712723880540580e+02 5.284560808844864368e+03 -1.900817718505859375e+02
5.066006640309933573e+02 5.288471656520850956e+03 -1.916194458007812500e+02
5.974300812203437090e+02 5.292383539125323296e+03 -1.931305236816406250e+02
6.882595239604124799e+02 5.296296456665731966e+03 -1.943404846191406250e+02
7.790889922580681741e+02 5.300210409143008292e+03 -1.954932861328125000e+02
8.699184861194808036e+02 5.304125396560877562e+03 -1.969498291015625000e+02
9.607480055496562272e+02 5.308041418923065066e+03 -1.992350158691406250e+02
1.051577550559071824e+03 5.311958476233296096e+03 -2.040821685791015625e+02
1.142407121152384207e+03 5.315876568494364619e+03 -2.134710540771484375e+02
1.233236717334133573e+03 5.319795695710927248e+03 -2.241091918945312500e+02
1.324066339115146548e+03 5.323715857885777950e+03 -2.335229492187500000e+02
1.414895986499963328e+03 5.327637055021710694e+03 -2.402812500000000000e+02
1.505725659494986758e+03 5.331559287123382092e+03 -2.648494262695312500e+02
1.596555358107201755e+03 5.335482554193586111e+03 -2.818269042968750000e+02
1.687385082340799272e+03 5.339406856236979365e+03 -2.909111022949218750e+02
1.778214832206722349e+03 5.343332193255424500e+03 -2.987524719238281250e+02
1.869044607709627599e+03 5.347258565253578126e+03 -3.074968261718750000e+02
1.959874408853705972e+03 5.351185972234234214e+03 -3.196980285644531250e+02
2.050704235650133342e+03 5.355114414200186729e+03 -3.319312133789062500e+02
2.141534088103333488e+03 5.359043891157954931e+03 -3.370191345214843750e+02
2.232363966219709255e+03 5.362974403107538819e+03 -3.459906005859375000e+02
2.323193870006129146e+03 5.366905950054526329e+03 -3.494945373535156250e+02
2.414023799466900527e+03 5.370838532001711428e+03 -3.672043151855468750e+02
2.504853754613082856e+03 5.374772148951888084e+03 -3.735595397949218750e+02
2.595683735448983498e+03 5.378706800910644233e+03 -3.770523071289062500e+02
2.686513741979259066e+03 5.382642487879842520e+03 -3.796359252929687500e+02
2.777343774214619771e+03 5.386579209862276912e+03 -3.872059631347656250e+02
2.868173832159838639e+03 5.390516966863535345e+03 -3.919273681640625000e+02
2.959003915821202099e+03 5.394455758885480464e+03 -3.955155334472656250e+02
3.049834025205578655e+03 5.398395585932768881e+03 -3.988559265136718750e+02
3.140664160319371149e+03 5.402336448008194566e+03 -4.035670776367187500e+02
3.231494321167119779e+03 5.406278345115482807e+03 -4.082425842285156250e+02
3.322324507759884000e+03 5.410221277258358896e+03 -4.105757446289062500e+02
3.413154720101971179e+03 5.414165244439616799e+03 -4.099597778320312500e+02
3.503984958197921515e+03 5.418110246662981808e+03 -4.040072326660156250e+02
3.594815222058678046e+03 5.422056283934041858e+03 -4.062980957031250000e+02
3.685645511688664556e+03 5.426003356252796948e+03 -4.485891723632812500e+02
3.776475827094400302e+03 5.429951463624835014e+03 -4.784481811523437500e+02
3.867306168282753788e+03 5.433900606053881347e+03 -4.912916259765625000e+02
3.958136535257915966e+03 5.437850783542729914e+03 -4.959562988281250000e+02
4.048966928031062707e+03 5.441801996095106006e+03 -5.022748413085937500e+02
4.139797346606501378e+03 5.445754243713803589e+03 -5.136319580078125000e+02
4.230627790988655761e+03 5.449707526403479278e+03 -5.270759277343750000e+02
4.321458261188585311e+03 5.453661844165995717e+03 -5.409953613281250000e+02
4.412288757210597396e+03 5.457617197007872164e+03 -5.552186279296875000e+02
4.503119279061444104e+03 5.461573584930039942e+03 -5.664860229492187500e+02
4.593949826747877523e+03 5.465531007937155664e+03 -5.769302978515625000e+02
4.684780400273855776e+03 5.469489466032013297e+03 -5.849558105468750000e+02
4.775610999651020393e+03 5.473448959218338132e+03 -5.900072021484375000e+02
4.866441624883096665e+03 5.477409487500786781e+03 -5.947811889648437500e+02
4.957272275975090452e+03 5.481371050881221890e+03 -5.997471923828125000e+02
5.048102952937595546e+03 5.485333649364300072e+03 -6.040594482421875000e+02
5.138933655775384977e+03 5.489297282952815294e+03 -6.096789550781250000e+02
5.229764384494861588e+03 5.493261951651424170e+03 -6.165593872070312500e+02
5.320595139102777466e+03 5.497227655461058021e+03 -6.248598632812500000e+02
5.411425919603323564e+03 5.501194394388236105e+03 -6.330606689453125000e+02
5.502256726007675752e+03 5.505162168435752392e+03 -6.406265258789062500e+02
5.593087558320257813e+03 5.509130977607332170e+03 -6.436663818359375000e+02
5.683918416545377113e+03 5.513100821903906763e+03 -6.425051269531250000e+02
5.774749300694093108e+03 5.517071701331995428e+03 -6.277615966796875000e+02
5.865580210771062411e+03 5.521043615894392133e+03 -6.032882690429687500e+02
5.956411146782571450e+03 5.525016565593890846e+03 -5.741417236328125000e+02
6.047242108735372312e+03 5.528990550435148180e+03 -5.558269042968750000e+02
6.138073096633888781e+03 5.532965570420958102e+03 -5.453049316406250000e+02
6.228904110489063896e+03 5.536941625554114580e+03 -5.398877563476562500e+02
6.319735150305321440e+03 5.540918715839274228e+03 -5.374032592773437500e+02
6.410566216089529917e+03 5.544896841280162334e+03 -5.417584838867187500e+02
6.501397307845647447e+03 5.548876001879572868e+03 -5.564953613281250000e+02
6.592228425585082732e+03 5.552856197642162442e+03 -5.380637817382812500e+02
6.683059569312026724e+03 5.556837428569793701e+03 -5.517324218750000000e+02
6.773890739033231512e+03 5.560819694667123258e+03 -5.906073608398437500e+02
6.864721934755332768e+03 5.564802995937876403e+03 -6.341632080078125000e+02
6.955553156482521445e+03 5.568787332383915782e+03 -6.805749511718750000e+02
7.046384404225973412e+03 5.572772704011760652e+03 -7.205364379882812500e+02
7.137215677990112454e+03 5.576759110823273659e+03 -7.472621459960937500e+02
7.228046977779362351e+03 5.580746552820317447e+03 -7.693682861328125000e+02
7.318878303604666144e+03 5.584735030010342598e+03 -7.858988037109375000e+02
7.409709655470447615e+03 5.588724542392417789e+03 -7.950023193359375000e+02
4.748038223816547543e+01 5.384575330246239901e+03 -1.943519897460937500e+02
1.383083540620282292e+02 5.388482070716097951e+03 -1.924391632080078125e+02
2.291363513969117776e+02 5.392389846112579107e+03 -1.911554412841796875e+02
3.199643742539919913e+02 5.396298656436614692e+03 -1.909268798828125000e+02
4.107924226373434067e+02 5.400208501692861319e+03 -1.917288513183593750e+02
5.016204965517390519e+02 5.404119381884112954e+03 -1.928924713134765625e+02
5.924485960081219673e+02 5.408031297014094889e+03 -1.939749908447265625e+02
6.832767210107995197e+02 5.411944247086532414e+03 -1.947788696289062500e+02
7.741048715664073825e+02 5.415858232104219496e+03 -1.955688018798828125e+02
8.649330476815812290e+02 5.419773252071812749e+03 -1.966510467529296875e+02
9.557612493608612567e+02 5.423689306992106140e+03 -1.980581817626953125e+02
1.046589476615190506e+03 5.427606396869756281e+03 -2.265535125732421875e+02
1.137417729448992759e+03 5.431524521705694497e+03 -2.367823181152343750e+02
1.228246007866458967e+03 5.435443681505508721e+03 -2.516947479248046875e+02
1.319074311878997833e+03 5.439363876271992922e+03 -2.631559753417968750e+02
1.409902641490683891e+03 5.443285106008872390e+03 -2.749342956542968750e+02
1.500730996708385646e+03 5.447207370718941092e+03 -2.904032897949218750e+02
1.591559377538622357e+03 5.451130670405924320e+03 -3.123776855468750000e+02
1.682387783985817805e+03 5.455055005074478686e+03 -3.168544311523437500e+02
1.773216216061031446e+03 5.458980374727398157e+03 -3.280423583984375000e+02
1.864044673768570647e+03 5.462906779367476702e+03 -3.377894592285156250e+02
1.954873157112975605e+03 5.466834218999370933e+03 -3.513888549804687500e+02
2.045701666105305776e+03 5.470762693624943495e+03 -3.619317016601562500e+02
2.136530200749752112e+03 5.474692203248851001e+03 -3.710941772460937500e+02
2.227358761053183116e+03 5.478622747875750065e+03 -3.791614685058593750e+02
2.318187347022001632e+03 5.482554327507503331e+03 -3.883126220703125000e+02
2.409015958660747856e+03 5.486486942146904767e+03 -3.992931518554687500e+02
2.499844595980481245e+03 5.490420591798610985e+03 -4.102061462402343750e+02
2.590673258985509165e+03 5.494355276466347277e+03 -4.116224670410156250e+02
2.681501947680371813e+03 5.498290996153838933e+03 -4.161027832031250000e+02
2.772330662075895816e+03 5.502227750862948596e+03 -4.183718872070312500e+02
2.863159402176737785e+03 5.506165540600195527e+03 -4.207481384277343750e+02
2.953988167989416979e+03 5.510104365365579724e+03 -4.228767395019531250e+02
3.044816959520569071e+03 5.514044225164689124e+03 -4.272472534179687500e+02
3.135645776776596904e+03 5.517985120001249015e+03 -4.339693298339843750e+02
3.226474619762273505e+03 5.521927049876190722e+03 -4.468359985351562500e+02
3.317303488488309085e+03 5.525870014796033502e+03 -4.370134582519531250e+02
3.408132382959243841e+03 5.529814014763571322e+03 -4.366129455566406250e+02
3.498961303179617971e+03 5.533759049781598151e+03 -4.212844543457031250e+02
3.589790249160258099e+03 5.537705119853839278e+03 -4.079873657226562500e+02
3.680619220905704424e+03 5.541652224984019995e+03 -4.463974914550781250e+02
3.771448218422476202e+03 5.545600365175865591e+03 -4.940515441894531250e+02
3.862277241717209108e+03 5.549549540431238711e+03 -5.191354370117187500e+02
3.953106290794443339e+03 5.553499750756658614e+03 -5.268092651367187500e+02
4.043935365665005520e+03 5.557450996153056622e+03 -5.324351196289062500e+02
4.134764466333435848e+03 5.561403276625089347e+03 -5.433228759765625000e+02
4.225593592804158106e+03 5.565356592176482081e+03 -5.568572998046875000e+02
4.316422745088115335e+03 5.569310942809097469e+03 -5.684782714843750000e+02
4.407251923189847730e+03 5.573266328528523445e+03 -5.820126953125000000e+02
4.498081127115758136e+03 5.577222749338485301e+03 -5.949788818359375000e+02
4.588910356872715056e+03 5.581180205239914358e+03 -6.038876953125000000e+02
4.679739612465025857e+03 5.585138696239329875e+03 -6.102474975585937500e+02
4.770568893903633580e+03 5.589098222337663174e+03 -6.157850952148437500e+02
4.861398201192962006e+03 5.593058783539570868e+03 -6.185863037109375000e+02
4.952227534337551333e+03 5.597020379848778248e+03 -6.242371215820312500e+02
5.043056893348344602e+03 5.600983011269010603e+03 -6.310463867187500000e+02
5.133886278229765594e+03 5.604946677803061903e+03 -6.357832031250000000e+02
5.224715688988333568e+03 5.608911379455588758e+03 -6.426605224609375000e+02
5.315545125630917028e+03 5.612877116229385138e+03 -6.509422607421875000e+02
5.406374588161590509e+03 5.616843888126313686e+03 -6.568756713867187500e+02
5.497204076591646299e+03 5.620811695152893662e+03 -6.641026611328125000e+02
5.588033590925391763e+03 5.624780537311919034e+03 -6.695187377929687500e+02
5.678863131167134270e+03 5.628750414605252445e+03 -6.706565551757812500e+02
5.769692697328166105e+03 5.632721327038481832e+03 -6.671330566406250000e+02
5.860522289412678219e+03 5.636693274612538517e+03 -6.528530273437500000e+02
5.951351907427422702e+03 5.640666257334873080e+03 -6.285276489257812500e+02
6.042181551378802396e+03 5.644640275205485523e+03 -6.099458618164062500e+02
6.133011221271473914e+03 5.648615328229032457e+03 -5.912623901367187500e+02
6.223840917116263881e+03 5.652591416409239173e+03 -5.795944824218750000e+02
6.314670638917712495e+03 5.656568539749830961e+03 -5.763613281250000000e+02
6.405500386682339013e+03 5.660546698253601789e+03 -5.741972045898437500e+02
6.496330160414683633e+03 5.664525891926139593e+03 -5.862089233398437500e+02
6.587159960125572979e+03 5.668506120767444372e+03 -5.653572387695312500e+02
6.677989785819780082e+03 5.672487384784966707e+03 -5.695574340820312500e+02
6.768819637503474951e+03 5.676469683979637921e+03 -5.974869995117187500e+02
6.859649515183409676e+03 5.680453018356114626e+03 -6.331562500000000000e+02
6.950479418864240870e+03 5.684437387916259468e+03 -6.684469604492187500e+02
7.041309348556678742e+03 5.688422792666591704e+03 -7.060721435546875000e+02
7.132139304265379906e+03 5.692409232608042657e+03 -7.358949584960937500e+02
7.222969285994535312e+03 5.696396707745268941e+03 -7.672440795898437500e+02
7.313799293755320832e+03 5.700385218081995845e+03 -7.915197143554687500e+02
7.404629327551927418e+03 5.704374763621948659e+03 -8.037077026367187500e+02
7.495459387391339988e+03 5.708365344366990030e+03 -8.121066894531250000e+02
4.250668938434682786e+01 5.500222903961315751e+03 -1.970394134521484375e+02
1.333333434674423188e+02 5.504129676908254623e+03 -1.951456604003906250e+02
2.241600230571348220e+02 5.508037484790198505e+03 -1.937772521972656250e+02
3.149867281643673778e+02 5.511946327608078718e+03 -1.933168334960937500e+02
4.058134587937965989e+02 5.515856205366551876e+03 -1.934737854003906250e+02
4.966402149496134371e+02 5.519767118068411946e+03 -1.940193939208984375e+02
5.874669966428773478e+02 5.523679065718315542e+03 -1.946706695556640625e+02
6.782938038781285286e+02 5.527592048318125308e+03 -1.952315521240234375e+02
7.691206366620026529e+02 5.531506065872497857e+03 -2.147435455322265625e+02
8.599474950009025633e+02 5.535421118385158479e+03 -2.232789154052734375e+02
9.507743788992520422e+02 5.539337205857969820e+03 -2.344903564453125000e+02
1.041601288368459791e+03 5.543254328295588493e+03 -2.535630340576171875e+02
1.132428223412483931e+03 5.547172485701739788e+03 -2.679035339355468750e+02
1.223255184035981074e+03 5.551091678079217672e+03 -2.768832092285156250e+02
1.314082170249894261e+03 5.555011905433610082e+03 -2.977904663085937500e+02
1.404909182058647275e+03 5.558933167763985693e+03 -3.040474548339843750e+02
1.495736219468992203e+03 5.562855465077795088e+03 -3.129477539062500000e+02
1.586563282487331890e+03 5.566778797377832234e+03 -3.171341247558593750e+02
1.677390371118206531e+03 5.570703164665959775e+03 -3.398868408203125000e+02
1.768217485372675583e+03 5.574628566947765648e+03 -3.533151855468750000e+02
1.859044625255046412e+03 5.578555004226043820e+03 -3.670662231445312500e+02
1.949871790769742802e+03 5.582482476502656937e+03 -3.825516052246093750e+02
2.040698981927824207e+03 5.586410983782261610e+03 -3.924099731445312500e+02
2.131526198733714409e+03 5.590340526069514453e+03 -4.026904602050781250e+02
2.222353441194049083e+03 5.594271103366278112e+03 -4.143660583496093750e+02
2.313180709315463901e+03 5.598202715677209198e+03 -4.238501281738281250e+02
2.404008003102149814e+03 5.602135363004170358e+03 -4.325514526367187500e+02
2.494835322565515526e+03 5.606069045352749527e+03 -4.349267272949218750e+02
2.585662667709635571e+03 5.610003762725740671e+03 -4.402376708984375000e+02
2.676490038539166562e+03 5.613939515125006437e+03 -4.484843444824218750e+02
2.767317435064818710e+03 5.617876302556134760e+03 -4.485264892578125000e+02
2.858144857291365042e+03 5.621814125022850931e+03 -4.490524902343750000e+02
2.948972305225324817e+03 5.625752982526086271e+03 -4.498477783203125000e+02
3.039799778873100877e+03 5.629692875072360039e+03 -4.512304077148437500e+02
3.130627278241561726e+03 5.633633802662603557e+03 -4.547439270019531250e+02
3.221454803335014731e+03 5.637575765303336084e+03 -4.574837341308593750e+02
3.312282354164402932e+03 5.641518762995488942e+03 -4.625936584472656250e+02
3.403109930734382942e+03 5.645462795742787421e+03 -4.632091979980468750e+02
3.493937533049029298e+03 5.649407863548956811e+03 -4.375144958496093750e+02
3.584765161119634286e+03 5.653353966418653727e+03 -4.265711975097656250e+02
3.675592814950505272e+03 5.657301104354672134e+03 -4.585489501953125000e+02
3.766420494548394345e+03 5.661249277359806001e+03 -4.992151489257812500e+02
3.857248199919704348e+03 5.665198485439643264e+03 -5.399497070312500000e+02
3.948075931068859063e+03 5.669148728594183922e+03 -5.529678955078125000e+02
4.038903688007034361e+03 5.673100006830878556e+03 -5.615420532226562500e+02
4.129731470738537610e+03 5.677052320150658488e+03 -5.709644165039062500e+02
4.220559279267909005e+03 5.681005668557249010e+03 -5.810267944335937500e+02
4.311387113605858758e+03 5.684960052055306733e+03 -5.922740478515625000e+02
4.402214973757276312e+03 5.688915470648556948e+03 -6.044926147460937500e+02
4.493042859728448093e+03 5.692871924338862300e+03 -6.173070678710937500e+02
4.583870771525893360e+03 5.696829413129948080e+03 -6.271112670898437500e+02
4.674698709154268727e+03 5.700787937027402222e+03 -6.343351440429687500e+02
4.765526672624633648e+03 5.704747496033087373e+03 -6.390500488281250000e+02
4.856354661941179074e+03 5.708708090150728822e+03 -6.440325927734375000e+02
4.947182677108328789e+03 5.712669719383120537e+03 -6.490693359375000000e+02
5.038010718137375079e+03 5.716632383735850453e+03 -6.554640502929687500e+02
5.128838785032508895e+03 5.720596083209849894e+03 -6.617842407226562500e+02
5.219666877800365910e+03 5.724560817810706794e+03 -6.676309204101562500e+02
5.310494996447581798e+03 5.728526587542146444e+03 -6.745407104492187500e+02
5.401323140978463925e+03 5.732493392405100167e+03 -6.815907592773437500e+02
5.492151311404188164e+03 5.736461232406087220e+03 -6.875924682617187500e+02
5.582979507729178295e+03 5.740430107546970248e+03 -6.930980834960937500e+02
5.673807729957625270e+03 5.744400017830543220e+03 -6.967857666015625000e+02
5.764635978100821376e+03 5.748370963263325393e+03 -6.985667724609375000e+02
5.855464252162957564e+03 5.752342943846248090e+03 -6.946192016601562500e+02
5.946292552150785923e+03 5.756315959583036602e+03 -6.785550537109375000e+02
6.037120878071058542e+03 5.760290010478347540e+03 -6.593868408203125000e+02
6.127949229927733541e+03 5.764265096535906196e+03 -6.400366821289062500e+02
6.218777607732219622e+03 5.768241217757575214e+03 -6.297029418945312500e+02
6.309606011488824151e+03 5.772218374148011208e+03 -6.260531616210937500e+02
6.400434441204182804e+03 5.776196565710939467e+03 -6.228101806640625000e+02
6.491262896882602945e+03 5.780175792448222637e+03 -6.268473510742187500e+02
6.582091378535144031e+03 5.784156054366379976e+03 -6.217451782226562500e+02
6.672919886166462675e+03 5.788137351466342807e+03 -6.271697387695312500e+02
6.763748419782612473e+03 5.792119683752767742e+03 -6.490858764648437500e+02
6.854576979390811175e+03 5.796103051229380071e+03 -6.759490966796875000e+02
6.945405564995016903e+03 5.800087453899905086e+03 -6.956568603515625000e+02
7.036234176606638357e+03 5.804072891766205430e+03 -6.942075805664062500e+02
7.127062814229633659e+03 5.808059364833869040e+03 -7.001071777343750000e+02
7.217891477868775837e+03 5.812046873105689883e+03 -7.478295288085937500e+02
7.308720167535007931e+03 5.816035416584461927e+03 -7.913382568359375000e+02
7.399548883232753724e+03 5.820024995274841785e+03 -8.106471557617187500e+02
7.490377624968532473e+03 5.824015609179623425e+03 -8.202067260742187500e+02
3.753288255911320448e+01 5.615870488523505628e+03 -1.996395263671875000e+02
1.283582188712898642e+02 5.619777293942868710e+03 -1.975767822265625000e+02
2.191835806856397539e+02 5.623685134304687381e+03 -1.956470642089843750e+02
3.100089680133387446e+02 5.627594009611755610e+03 -1.945255737304687500e+02
4.008343808585777879e+02 5.631503919866867363e+03 -1.944708862304687500e+02
4.916598192260134965e+02 5.635414865074679255e+03 -2.178984375000000000e+02
5.824852831262396649e+02 5.639326845237985253e+03 -2.209142303466796875e+02
6.733107725641457364e+02 5.643239860360510647e+03 -2.293189086914062500e+02
7.641362875460181385e+02 5.647153910445980728e+03 -2.420443878173828125e+02
8.549618280787253752e+02 5.651068995498120785e+03 -2.549882659912109375e+02
9.457873941664583981e+02 5.654985115518793464e+03 -2.635869140625000000e+02
1.036612985820393078e+03 5.658902270512655377e+03 -2.858260498046875000e+02
1.127438603044836782e+03 5.662820460483431816e+03 -2.908825073242187500e+02
1.218264245844213292e+03 5.666739685433916748e+03 -2.981584777832031250e+02
1.309089914229698479e+03 5.670659945368766785e+03 -3.027988281250000000e+02
1.399915608205599710e+03 5.674581240289844573e+03 -3.295354003906250000e+02
1.490741327778436244e+03 5.678503570201806724e+03 -3.383544921875000000e+02
1.581567072954960167e+03 5.682426935109309852e+03 -3.521667785644531250e+02
1.672392843739595264e+03 5.686351335012353957e+03 -3.674067382812500000e+02
1.763218640143284574e+03 5.690276769917458296e+03 -3.847369995117187500e+02
1.854044462170451880e+03 5.694203239826485515e+03 -3.994839172363281250e+02
1.944870309825520962e+03 5.698130744744092226e+03 -4.123119812011718750e+02
2.035696183119434863e+03 5.702059284673072398e+03 -4.257367248535156250e+02
2.126522082056850195e+03 5.705988859617151320e+03 -4.324469909667968750e+02
2.217348006644053385e+03 5.709919469580054283e+03 -4.522822570800781250e+02
2.308173956888029352e+03 5.713851114564575255e+03 -4.587279968261718750e+02
2.398999932792852633e+03 5.717783794575370848e+03 -4.564328918457031250e+02
2.489825934369699098e+03 5.721717509614303708e+03 -4.545299987792968750e+02
2.580651961623108946e+03 5.725652259685099125e+03 -4.532154541015625000e+02
2.671478014557156712e+03 5.729588044793345034e+03 -4.608147583007812500e+02
2.762304093183251098e+03 5.733524864940904081e+03 -4.659824829101562500e+02
2.853130197505466640e+03 5.737462720131501555e+03 -4.669491577148437500e+02
2.943956327530555427e+03 5.741401610368862748e+03 -4.676876831054687500e+02
3.034782483265269548e+03 5.745341535656712949e+03 -4.714676513671875000e+02
3.125608664716011845e+03 5.749282495996914804e+03 -4.777657165527343750e+02
3.216434871887322515e+03 5.753224491395056248e+03 -4.832759704589843750e+02
3.307261104790144600e+03 5.757167521853931248e+03 -4.873028869628906250e+02
3.398087363429018296e+03 5.761111587376333773e+03 -4.829819641113281250e+02
3.488913647808250971e+03 5.765056687966920435e+03 -4.533739013671875000e+02
3.579739957938785665e+03 5.769002823627553880e+03 -4.598972778320312500e+02
3.670566293825162575e+03 5.772949994364753366e+03 -4.979471740722656250e+02
3.761392655474017374e+03 5.776898200178518891e+03 -5.321691894531250000e+02
3.852219042891869321e+03 5.780847441074438393e+03 -5.641735839843750000e+02
3.943045456083025783e+03 5.784797717055305839e+03 -5.762121582031250000e+02
4.033871895058895461e+03 5.788749028125777841e+03 -5.854644165039062500e+02
4.124698359823552892e+03 5.792701374288648367e+03 -5.931089477539062500e+02
4.215524850381421857e+03 5.796654755546711385e+03 -6.003842163085937500e+02
4.306351366743678227e+03 5.800609171904623508e+03 -6.096517333984375000e+02
4.397177908914629370e+03 5.804564623365178704e+03 -6.201029052734375000e+02
4.488004476900910959e+03 5.808521109931170940e+03 -6.320408325195312500e+02
4.578831070709158666e+03 5.812478631608188152e+03 -6.428882446289062500e+02
4.669657690343679860e+03 5.816437188397161663e+03 -6.502482910156250000e+02
4.760484335815766826e+03 5.820396780304610729e+03 -6.562814331054687500e+02
4.851311007129494101e+03 5.824357407332397997e+03 -6.635573730468750000e+02
4.942137704289401881e+03 5.828319069483317435e+03 -6.700696411132812500e+02
5.032964427306549624e+03 5.832281766762025654e+03 -6.780947875976562500e+02
5.123791176185477525e+03 5.836245499172247946e+03 -6.846685791015625000e+02
5.214617950932472013e+03 5.840210266716778278e+03 -6.900545043945312500e+02
5.305444751554401591e+03 5.844176069398410618e+03 -6.973073120117187500e+02
5.396271578055573627e+03 5.848142907222732902e+03 -7.054389648437500000e+02
5.487098430447047576e+03 5.852110780192539096e+03 -7.111516723632812500e+02
5.577925308733247221e+03 5.856079688310623169e+03 -7.173039550781250000e+02
5.668752212918479927e+03 5.860049631580710411e+03 -7.213979492187500000e+02
5.759579143013805151e+03 5.864020610006526113e+03 -7.238049316406250000e+02
5.850406099023763090e+03 5.867992623592726886e+03 -7.263728637695312500e+02
5.941233080954756588e+03 5.871965672340244055e+03 -7.192769775390625000e+02
6.032060088813770562e+03 5.875939756254665554e+03 -7.058732299804687500e+02
6.122887122604646720e+03 5.879914875339716673e+03 -6.908865356445312500e+02
6.213714182338910177e+03 5.883891029598191381e+03 -6.793660888671875000e+02
6.304541268020635471e+03 5.887868219032883644e+03 -6.742446289062500000e+02
6.395368379656574689e+03 5.891846443648450077e+03 -6.692954711914062500e+02
6.486195517251268029e+03 5.895825703448615968e+03 -6.644914550781250000e+02
6.577022680815425701e+03 5.899805998436175287e+03 -6.759580078125000000e+02
6.667849870353704318e+03 5.903787328614853323e+03 -6.816619873046875000e+02
6.758677085872623138e+03 5.907769693988375366e+03 -7.029964599609375000e+02
6.849504327378817834e+03 5.911753094559535384e+03 -7.239288330078125000e+02
6.940331594876712188e+03 5.915737530332989991e+03 -7.381641235351562500e+02
7.031158888377249241e+03 5.919723001311533153e+03 -7.294320678710937500e+02
7.121986207884969190e+03 5.923709507498890162e+03 -7.122185058593750000e+02
7.212813553404062986e+03 5.927697048899717629e+03 -7.300264892578125000e+02
7.303640924945706502e+03 5.931685625515878201e+03 -7.792824096679687500e+02
7.394468322514556348e+03 5.935675237352028489e+03 -8.136984863281250000e+02
7.485295746116666123e+03 5.939665884410962462e+03 -8.285803833007812500e+02
3.255896176374517381e+01 5.731518083931878209e+03 -2.022905578613281250e+02
1.233829802752006799e+02 5.735424921818077564e+03 -1.989704895019531250e+02
2.142070242844056338e+02 5.739332794655114412e+03 -2.191046600341796875e+02
3.050310938024194911e+02 5.743241702445782721e+03 -2.213153533935546875e+02
3.958551888335496187e+02 5.747151645192876458e+03 -2.308951568603515625e+02
4.866793093823362142e+02 5.751062622901052237e+03 -2.468973083496093750e+02
5.775034554598387331e+02 5.754974635573104024e+03 -2.542865600585937500e+02
6.683276270702481270e+02 5.758887683212757111e+03 -2.604410095214843750e+02
7.591518242203164846e+02 5.762801765824668109e+03 -2.698339843750000000e+02
8.499760469167958945e+02 5.766716883409768343e+03 -2.873488464355468750e+02
9.408002951638773084e+02 5.770633035973645747e+03 -2.884092407226562500e+02
1.031624568972620182e+03 5.774550223519094288e+03 -2.905304565429687500e+02
1.122448868347564712e+03 5.778468446047976613e+03 -3.162694702148437500e+02
1.213273193292785436e+03 5.782387703567743301e+03 -3.252496032714843750e+02
1.304097543819923885e+03 5.786307996078394353e+03 -3.422831115722656250e+02
1.394921919932821766e+03 5.790229323584586382e+03 -3.580369873046875000e+02
1.485746321638347581e+03 5.794151686090044677e+03 -3.720828857421875000e+02
1.576570748943137005e+03 5.798075083597563207e+03 -3.810809936523437500e+02
1.667395201851380989e+03 5.801999516111798584e+03 -3.959959411621093750e+02
1.758219680374255404e+03 5.805924983633682132e+03 -4.120576171875000000e+02
1.849044184516300447e+03 5.809851486170664430e+03 -4.274522094726562500e+02
1.939868714281823486e+03 5.813779023722745478e+03 -4.474582824707031250e+02
2.030693269681651145e+03 5.817707596295513213e+03 -4.530028686523437500e+02
2.121517850720556453e+03 5.821637203891761601e+03 -4.593523254394531250e+02
2.212342457404825836e+03 5.825567846514284611e+03 -4.667742309570312500e+02
2.303167089741211385e+03 5.829499524168670177e+03 -4.730069885253906250e+02
2.393991747734253295e+03 5.833432236855849624e+03 -4.750144958496093750e+02
2.484816431394778192e+03 5.837365984581410885e+03 -4.754602966308593750e+02
2.575641140727209859e+03 5.841300767347216606e+03 -4.738936767578125000e+02
2.666465875736088492e+03 5.845236585157923400e+03 -4.874856567382812500e+02
2.757290636432357132e+03 5.849173438016325235e+03 -4.985262145996093750e+02
2.848115422820439562e+03 5.853111325926147401e+03 -5.014538574218750000e+02
2.938940234906738624e+03 5.857050248890183866e+03 -5.004725646972656250e+02
3.029765072698239237e+03 5.860990206914022565e+03 -5.013355102539062500e+02
3.120589936201460660e+03 5.864931199999526143e+03 -5.041877136230468750e+02
3.211414825420593843e+03 5.868873228151351213e+03 -5.126437377929687500e+02
3.302239740366931073e+03 5.872816291370429099e+03 -5.169387207031250000e+02
3.393064681044779718e+03 5.876760389664210379e+03 -5.156094970703125000e+02
3.483889647458447143e+03 5.880705523032695055e+03 -4.935792541503906250e+02
3.574714639618992805e+03 5.884651691480539739e+03 -5.095411376953125000e+02
3.665539657530840486e+03 5.888598895012401044e+03 -5.385969238281250000e+02
3.756364701200742275e+03 5.892547133630141616e+03 -5.763188476562500000e+02
3.847189770635217428e+03 5.896496407338418067e+03 -5.933209838867187500e+02
3.938014865838573314e+03 5.900446716140024364e+03 -6.026060180664062500e+02
4.028839986821985804e+03 5.904398060039617121e+03 -6.066274414062500000e+02
4.119665133589645848e+03 5.908350439039058983e+03 -6.099902954101562500e+02
4.210490306146210060e+03 5.912303853143006563e+03 -6.153673706054687500e+02
4.301315504502737895e+03 5.916258302354253829e+03 -6.237557983398437500e+02
4.392140728663420305e+03 5.920213786677457392e+03 -6.331059570312500000e+02
4.482965978634776548e+03 5.924170306115411222e+03 -6.437440185546875000e+02
4.573791254423791543e+03 5.928127860670909286e+03 -6.546920166015625000e+02
4.664616556034656242e+03 5.932086450348608196e+03 -6.646423950195312500e+02
4.755441883478313684e+03 5.936046075152233243e+03 -6.719703369140625000e+02
4.846267236759304069e+03 5.940006735083647072e+03 -6.791422119140625000e+02
4.937092615881934762e+03 5.943968430147506297e+03 -6.871526489257812500e+02
5.027918020857381634e+03 5.947931160348467529e+03 -6.962198486328125000e+02
5.118743451690068468e+03 5.951894925688393414e+03 -7.042245483398437500e+02
5.209568908386398107e+03 5.955859726171009243e+03 -7.114965209960937500e+02
5.300394390953006223e+03 5.959825561800971627e+03 -7.176212158203125000e+02
5.391219899394433014e+03 5.963792432580143213e+03 -7.260935668945312500e+02
5.482045433721737936e+03 5.967760338513180614e+03 -7.337156982421875000e+02
5.572870993938995525e+03 5.971729279602877796e+03 -7.400494384765625000e+02
5.663696580051211640e+03 5.975699255853891373e+03 -7.449308471679687500e+02
5.754522192068863660e+03 5.979670267268083990e+03 -7.481576538085937500e+02
5.845347829996491782e+03 5.983642313851974905e+03 -7.500435791015625000e+02
5.936173493840731680e+03 5.987615395605564117e+03 -7.526711425781250000e+02
6.026999183608451858e+03 5.991589512534439564e+03 -7.470748291015625000e+02
6.117824899303610437e+03 5.995564664641395211e+03 -7.370805664062500000e+02
6.208650640937499702e+03 5.999540851930156350e+03 -7.270320434570312500e+02
6.299476408514427021e+03 6.003518074404448271e+03 -7.157456054687500000e+02
6.390302202041260898e+03 6.007496332067996264e+03 -7.088919067382812500e+02
6.481128021521959454e+03 6.011475624924525619e+03 -7.077238769531250000e+02
6.571953866967931390e+03 6.015455952975898981e+03 -7.087570800781250000e+02
6.662779738383367658e+03 6.019437316227704287e+03 -6.960782470703125000e+02
6.753605635774903931e+03 6.023419714682735503e+03 -7.286696777343750000e+02
6.844431559149175882e+03 6.027403148343786597e+03 -7.373693237304687500e+02
6.935257508510723710e+03 6.031387617215514183e+03 -7.499835815429687500e+02
7.026083483870374039e+03 6.035373121300712228e+03 -7.669611816406250000e+02
7.116909485232550651e+03 6.039359660604037344e+03 -7.704370117187500000e+02
7.207735512601910159e+03 6.043347235127352178e+03 -7.727518920898437500e+02
7.298561565989046358e+03 6.047335844875313342e+03 -7.885524291992187500e+02
7.389387645398732275e+03 6.051325489851646125e+03 -8.130614013671875000e+02
7.480213750837370753e+03 6.055316170059144497e+03 -8.365332031250000000e+02
2.758492699998896569e+01 5.847165690188296139e+03 -2.271369628906250000e+02
1.184076276808045805e+02 5.851072560535743833e+03 -2.359241333007812500e+02
2.092303538548294455e+02 5.854980465842410922e+03 -2.475620574951171875e+02
3.000531055332394317e+02 5.858889406111091375e+03 -2.574087524414062500e+02
3.908758827203419060e+02 5.862799381346441805e+03 -2.608071289062500000e+02
4.816986854206770658e+02 5.866710391550324857e+03 -2.827387390136718750e+02
5.725215136453043669e+02 5.870622436725534499e+03 -2.842534790039062500e+02
6.633443673984147608e+02 5.874535516877658665e+03 -2.895494689941406250e+02
7.541672466867603362e+02 5.878449632009491324e+03 -2.925866699218750000e+02
8.449901515168603510e+02 5.882364782122895122e+03 -2.931809692382812500e+02
9.358130818932550028e+02 5.886280967224389315e+03 -3.123149719238281250e+02
1.026636037826887332e+03 5.890198187314905226e+03 -3.289949035644531250e+02
1.117459019322181121e+03 5.894116442400030792e+03 -3.457474975585937500e+02
1.208282026383676566e+03 5.898035732480697334e+03 -3.596839294433593750e+02
1.299105059022200294e+03 5.901956057563424110e+03 -3.727690124511718750e+02
1.389928117242176086e+03 5.905877417648211122e+03 -3.915864562988281250e+02
1.480751201050356030e+03 5.909799812741577625e+03 -4.010953674316406250e+02
1.571574310453375801e+03 5.913723242846317589e+03 -4.119575805664062500e+02
1.662397445455426350e+03 5.917647707964293659e+03 -4.242864990234375000e+02
1.753220606067683548e+03 5.921573208100162446e+03 -4.450807189941406250e+02
1.844043792294571176e+03 5.925499743258580565e+03 -4.529129028320312500e+02
1.934867004140513018e+03 5.929427313441410661e+03 -4.609842834472656250e+02
2.025690241616335697e+03 5.933355918651446700e+03 -4.665587158203125000e+02
2.116513504726579413e+03 5.937285558894276619e+03 -4.753259582519531250e+02
2.207336793478112668e+03 5.941216234173625708e+03 -4.856768493652343750e+02
2.298160107876989059e+03 5.945147944490425289e+03 -4.961458129882812500e+02
2.388983447928098030e+03 5.949080689850263298e+03 -4.991102600097656250e+02
2.479806813642266206e+03 5.953014470255933702e+03 -5.010452575683593750e+02
2.570630205024033785e+03 5.956949285710230470e+03 -5.035801391601562500e+02
2.661453622077591717e+03 5.960885136218741536e+03 -5.173395385742187500e+02
2.752277064813999459e+03 5.964822021782398224e+03 -5.261947021484375000e+02
2.843100533237913623e+03 5.968759942406788468e+03 -5.291983642578125000e+02
2.933924027355620638e+03 5.972698898094706237e+03 -5.322980957031250000e+02
3.024747547174105421e+03 5.976638888848945498e+03 -5.326704101562500000e+02
3.115571092699654400e+03 5.980579914674162865e+03 -5.340777587890625000e+02
3.206394663936691359e+03 5.984521975573152304e+03 -5.409163208007812500e+02
3.297218260896624997e+03 5.988465071549639106e+03 -5.486019287109375000e+02
3.388041883583297022e+03 5.992409202607348561e+03 -5.566619262695312500e+02
3.478865532001480460e+03 5.996354368749074638e+03 -5.566723632812500000e+02
3.569689206162118353e+03 6.000300569978542626e+03 -5.670552368164062500e+02
3.660512906069634482e+03 6.004247806299477816e+03 -5.893170776367187500e+02
3.751336631730664521e+03 6.008196077716536820e+03 -6.150776977539062500e+02
3.842160383151611313e+03 6.012145384231582284e+03 -6.245408325195312500e+02
3.932984160337131470e+03 6.016095725849270821e+03 -6.269445800781250000e+02
4.023807963298168033e+03 6.020047102571465075e+03 -6.256829223632812500e+02
4.114631792039144784e+03 6.023999514403752983e+03 -6.256633300781250000e+02
4.205455646564369090e+03 6.027952961347997189e+03 -6.294876098632812500e+02
4.296279526884900406e+03 6.031907443407922983e+03 -6.366181030273437500e+02
4.387103433005278930e+03 6.035862960588186979e+03 -6.464742431640625000e+02
4.477927364932023920e+03 6.039819512891583145e+03 -6.583291015625000000e+02
4.568751322671771049e+03 6.043777100321836770e+03 -6.706160888671875000e+02
4.659575306228827685e+03 6.047735722881741822e+03 -6.814116821289062500e+02
4.750399315614253283e+03 6.051695380576886237e+03 -6.891494140625000000e+02
4.841223350832471624e+03 6.055656073407270014e+03 -6.961674804687500000e+02
4.932047411888022907e+03 6.059617801379412413e+03 -7.027421875000000000e+02
5.022871498791733757e+03 6.063580564497038722e+03 -7.110269165039062500e+02
5.113695611548144370e+03 6.067544362761080265e+03 -7.215187377929687500e+02
5.204519750163657591e+03 6.071509196176193655e+03 -7.314519653320312500e+02
5.295343914645258337e+03 6.075475064747966826e+03 -7.370368652343750000e+02
5.386168104996904731e+03 6.079441968477331102e+03 -7.452678833007812500e+02
5.476992321230005473e+03 6.083409907368943095e+03 -7.547003784179687500e+02
5.567816563348751515e+03 6.087378881425596774e+03 -7.609248657226562500e+02
5.658640831357566640e+03 6.091348890651948750e+03 -7.660943603515625000e+02
5.749465125267393887e+03 6.095319935049861670e+03 -7.701260986328125000e+02
5.840289445082889870e+03 6.099292014624923468e+03 -7.728950195312500000e+02
5.931113790810573846e+03 6.103265129378996789e+03 -7.763407592773437500e+02
6.021938162456965074e+03 6.107239279316738248e+03 -7.768361816406250000e+02
6.112762560026370920e+03 6.111214464440941811e+03 -7.748542480468750000e+02
6.203586983530083671e+03 6.115190684756264091e+03 -7.670211791992187500e+02
6.294411432972294278e+03 6.119167940264567733e+03 -7.544175415039062500e+02
6.385235908359754831e+03 6.123146230969578028e+03 -7.466983642578125000e+02
6.476060409696772695e+03 6.127125556876882911e+03 -7.447376708984375000e+02
6.566884936994407326e+03 6.131105917988345027e+03 -7.476722412109375000e+02
6.657709490256966092e+03 6.135087314307689667e+03 -7.314329833984375000e+02
6.748534069491317496e+03 6.139069745838642120e+03 -7.422368774414062500e+02
6.839358674703864381e+03 6.143053212583996356e+03 -7.542067871093750000e+02
6.930183305898914114e+03 6.147037714549340308e+03 -7.311898193359375000e+02
7.021007963087642565e+03 6.151023251736536622e+03 -7.615297241210937500e+02
7.111832646274589933e+03 6.155009824149310589e+03 -8.016288452148437500e+02
7.202657355463830754e+03 6.158997431790456176e+03 -8.191423950195312500e+02
7.293482090666657314e+03 6.162986074665561318e+03 -8.276065063476562500e+02
7.384306851887376979e+03 6.166975752776488662e+03 -8.201217651367187500e+02
7.475131639132509008e+03 6.170966466128826141e+03 -8.315101318359375000e+02
2.261077826959080994e+01 5.962813307291828096e+03 -2.559828643798828125e+02
1.134321610896149650e+02 5.966720210095867515e+03 -2.661524353027343750e+02
2.042535693985410035e+02 5.970628147867508233e+03 -2.819615783691406250e+02
2.950750032074283808e+02 5.974537120609544218e+03 -2.845181579589843750e+02
3.858964625205844641e+02 5.978447128325700760e+03 -2.864905090332031250e+02
4.767179473424330354e+02 5.982358171018771827e+03 -2.877599182128906250e+02
5.675394576841499656e+02 5.986270248692482710e+03 -2.876010742187500000e+02
6.583609935499262065e+02 5.990183361352421343e+03 -3.110528259277343750e+02
7.491825549465138465e+02 5.994097508998587728e+03 -3.165993347167968750e+02
8.400041418804321438e+02 5.998012691636569798e+03 -3.293803710937500000e+02
9.308257543562212959e+02 6.001928909271024168e+03 -3.400640258789062500e+02
1.021647392384707928e+03 6.005846161901950836e+03 -3.589700012207031250e+02
1.112469055970548652e+03 6.009764449534937739e+03 -3.737449645996093750e+02
1.203290745117934421e+03 6.013683772173710167e+03 -3.917926635742187500e+02
1.294112459838157520e+03 6.017604129821993411e+03 -4.030710754394531250e+02
1.384934200135408901e+03 6.021525522481650114e+03 -4.254569702148437500e+02
1.475755966016324237e+03 6.025447950157336891e+03 -4.317428894042968750e+02
1.566577757487539202e+03 6.029371412853710353e+03 -4.401188354492187500e+02
1.657399574553361163e+03 6.033295910570770502e+03 -4.481722412109375000e+02
1.748221417224965990e+03 6.037221443315036595e+03 -4.570593872070312500e+02
1.839043285506661050e+03 6.041148011089302599e+03 -4.663824462890625000e+02
1.929865179402986541e+03 6.045075613897293806e+03 -4.783522033691406250e+02
2.020687098924885504e+03 6.049004251740872860e+03 -4.881657714843750000e+02
2.111509044076665305e+03 6.052933924625627697e+03 -4.937980041503906250e+02
2.202331014865078032e+03 6.056864632554352283e+03 -5.015341186523437500e+02
2.293153011296875775e+03 6.060796375529840589e+03 -5.105105895996093750e+02
2.383975033376016654e+03 6.064729153556749225e+03 -5.194799804687500000e+02
2.474797081113792956e+03 6.068662966637872159e+03 -5.255477905273437500e+02
2.565619154514744878e+03 6.072597814776003361e+03 -5.262080078125000000e+02
2.656441253583179787e+03 6.076533697976730764e+03 -5.437025756835937500e+02
2.747263378330040723e+03 6.080470616240985692e+03 -5.529564819335937500e+02
2.838085528759751469e+03 6.084408569574356079e+03 -5.564123535156250000e+02
2.928907704878831282e+03 6.088347557979635894e+03 -5.589276733398437500e+02
3.019729906694148667e+03 6.092287581459619105e+03 -5.621847534179687500e+02
3.110552134212106466e+03 6.096228640018962324e+03 -5.622850341796875000e+02
3.201374387437244877e+03 6.100170733660459518e+03 -5.677642822265625000e+02
3.292196666380506940e+03 6.104113862387835979e+03 -5.764881591796875000e+02
3.383018971046200022e+03 6.108058026204816997e+03 -5.837328491210937500e+02
3.473841301438980736e+03 6.112003225115127861e+03 -5.966200561523437500e+02
3.564663657569792122e+03 6.115949459121562541e+03 -6.120667724609375000e+02
3.655486039442825131e+03 6.119896728226915002e+03 -6.264421997070312500e+02
3.746308447064948268e+03 6.123845032436773181e+03 -6.411126098632812500e+02
3.837130880442564376e+03 6.127794371753931046e+03 -6.489785766601562500e+02
3.927953339580213651e+03 6.131744746180251241e+03 -6.479188842773437500e+02
4.018775824488955550e+03 6.135696155722253025e+03 -6.452923583984375000e+02
4.109598335173213854e+03 6.139648600379936397e+03 -6.446670532226562500e+02
4.200420871637063101e+03 6.143602080159820616e+03 -6.474487915039062500e+02
4.291243433891911991e+03 6.147556595063768327e+03 -6.544536132812500000e+02
4.382066021942067891e+03 6.151512145097367465e+03 -6.656054687500000000e+02
4.472888635793933645e+03 6.155468730260618031e+03 -6.794301147460937500e+02
4.563711275454494171e+03 6.159426350560039282e+03 -6.916602172851562500e+02
4.654533940927824005e+03 6.163385005997493863e+03 -7.017547607421875000e+02
4.745356632225215435e+03 6.167344696576707065e+03 -7.089856567382812500e+02
4.836179349350742996e+03 6.171305422303266823e+03 -7.144899291992187500e+02
4.927002092309063300e+03 6.175267183178104460e+03 -7.189851684570312500e+02
5.017824861111002974e+03 6.179229979205876589e+03 -7.276235961914062500e+02
5.108647655761218630e+03 6.183193810389377177e+03 -7.379042968750000000e+02
5.199470476266229525e+03 6.187158676732331514e+03 -7.490898437500000000e+02
5.290293322632554919e+03 6.191124578240327537e+03 -7.582061157226562500e+02
5.381116194864502177e+03 6.195091514914296567e+03 -7.653350219726562500e+02
5.471939092973480001e+03 6.199059486758895218e+03 -7.727260742187500000e+02
5.562762016963446513e+03 6.203028493776917458e+03 -7.784883422851562500e+02
5.653584966839058325e+03 6.206998535973019898e+03 -7.823703613281250000e+02
5.744407942611491308e+03 6.210969613349996507e+03 -7.878480224609375000e+02
5.835230944284703583e+03 6.214941725911572576e+03 -7.942133789062500000e+02
5.926053971865680069e+03 6.218914873660542071e+03 -7.994455566406250000e+02
6.016877025360940024e+03 6.222889056601561606e+03 -8.013220214843750000e+02
6.107700104774557985e+03 6.226864274738356471e+03 -8.007733764648437500e+02
6.198523210118059069e+03 6.230840528073720634e+03 -7.975531616210937500e+02
6.289346341395634227e+03 6.234817816611379385e+03 -7.906574707031250000e+02
6.380169498613802716e+03 6.238796140354126692e+03 -7.820316162109375000e+02
6.470992681777104735e+03 6.242775499305687845e+03 -7.783791503906250000e+02
6.561815890896483324e+03 6.246755893471650779e+03 -7.838247680664062500e+02
6.652639125976362266e+03 6.250737322853878140e+03 -7.832699584960937500e+02
6.743462387023260817e+03 6.254719787456095219e+03 -7.828550415039062500e+02
6.834285674044047482e+03 6.258703287281095982e+03 -7.985471801757812500e+02
6.925108987042796798e+03 6.262687822332605720e+03 -7.717569580078125000e+02
7.015932326030917466e+03 6.266673392616212368e+03 -7.627449340820312500e+02
7.106755691012251191e+03 6.270659998133778572e+03 -8.064685058593750000e+02
7.197579081991687417e+03 6.274647638889029622e+03 -8.370116577148437500e+02
7.288402498980052769e+03 6.278636314884759486e+03 -8.425678100585937500e+02
7.379225941981887445e+03 6.282626026125624776e+03 -8.309712524414062500e+02
7.470049411003594287e+03 6.286616772615350783e+03 -8.087560424804687500e+02
1.763651557406410575e+01 6.078460935242474079e+03 -2.940259399414062500e+02
1.084565805033780634e+02 6.082367870498448610e+03 -2.936884155273437500e+02
1.992766709171701223e+02 6.086275840729475021e+03 -2.917257690429687500e+02
2.900967868264997378e+02 6.090184845939278603e+03 -2.899681091308593750e+02
3.809169282356742769e+02 6.094094886132515967e+03 -2.908764648437500000e+02
4.717370951491175219e+02 6.098005961311049759e+03 -3.149184570312500000e+02
5.625572875780053437e+02 6.101918071478605270e+03 -3.259973144531250000e+02
6.533775055264122784e+02 6.105831216638907790e+03 -3.368463745117187500e+02
7.441977490013232455e+02 6.109745396796613932e+03 -3.477566223144531250e+02
8.350180180091410875e+02 6.113660611953586340e+03 -3.575538635253906250e+02
9.258383125542895868e+02 6.117576862113550305e+03 -3.727618408203125000e+02
1.016658632647828199e+03 6.121494147281162441e+03 -3.912778625488281250e+02
1.107478978294180706e+03 6.125412467458285391e+03 -4.125718078613281250e+02
1.198299349497654475e+03 6.129331822648644447e+03 -4.225417480468750000e+02
1.289119746269425377e+03 6.133252212856896222e+03 -4.316765747070312500e+02
1.379940168613800779e+03 6.137173638086766005e+03 -4.379531555175781250e+02
1.470760616537416354e+03 6.141096098340116441e+03 -4.431647949218750000e+02
1.561581090046907775e+03 6.145019593620672822e+03 -4.512864379882812500e+02
1.652401589146582410e+03 6.148944123933091760e+03 -4.577499084472656250e+02
1.743222113847499713e+03 6.152869689281098545e+03 -4.664801330566406250e+02
1.834042664154316299e+03 6.156796289665624499e+03 -4.782073059082031250e+02
1.924863240071106702e+03 6.160723925092257559e+03 -4.913531188964843750e+02
2.015683841608930379e+03 6.164652595565654337e+03 -5.015476379394531250e+02
2.106504468772327527e+03 6.168582301086746156e+03 -5.076838684082031250e+02
2.197325121567933820e+03 6.172513041659258306e+03 -5.269229125976562500e+02
2.288145800002152100e+03 6.176444817287847400e+03 -5.397974853515625000e+02
2.378966504079522565e+03 6.180377627976238728e+03 -5.487922973632812500e+02
2.469787233811221085e+03 6.184311473727226257e+03 -5.542265014648437500e+02
2.560607989201322198e+03 6.188246354544535279e+03 -5.577018432617187500e+02
2.651428770254598930e+03 6.192182270431891084e+03 -5.663159790039062500e+02
2.742249576981645077e+03 6.196119221392087638e+03 -5.754621582031250000e+02
2.833070409387233667e+03 6.200057207429781556e+03 -5.825614624023437500e+02
2.923891267477883957e+03 6.203996228546835482e+03 -5.863124389648437500e+02
3.014712151260115206e+03 6.207936284747906029e+03 -5.897736816406250000e+02
3.105533060740563087e+03 6.211877376036718488e+03 -5.927880249023437500e+02
3.196353995923651382e+03 6.215819502415135503e+03 -5.942340698242187500e+02
3.287174956820439547e+03 6.219762663888745010e+03 -6.021305541992187500e+02
3.377995943435234949e+03 6.223706860460340977e+03 -6.097471313476562500e+02
3.468816955772694200e+03 6.227652092131786048e+03 -6.187229614257812500e+02
3.559637993843411095e+03 6.231598358909599483e+03 -6.318969726562500000e+02
3.650459057652158663e+03 6.235545660795643926e+03 -6.480081176757812500e+02
3.741280147205339745e+03 6.239493997792713344e+03 -6.617400512695312500e+02
3.832101262509822845e+03 6.243443369905464351e+03 -6.698180541992187500e+02
3.922922403569566086e+03 6.247393777137622237e+03 -6.706885986328125000e+02
4.013743570395978168e+03 6.251345219491980970e+03 -6.683142089843750000e+02
4.104564762993482873e+03 6.255297696972265840e+03 -6.686893920898437500e+02
4.195385981366271153e+03 6.259251209582202137e+03 -6.721427001953125000e+02
4.286207225525286049e+03 6.263205757324583828e+03 -6.773980102539062500e+02
4.377028495475184172e+03 6.267161340204067528e+03 -6.883414916992187500e+02
4.467849791222484782e+03 6.271117958223447204e+03 -7.006536254882812500e+02
4.558671112773707137e+03 6.275075611385516822e+03 -7.117681884765625000e+02
4.649492460133391432e+03 6.279034299694932997e+03 -7.221593017578125000e+02
4.740313833312480710e+03 6.282994023156352341e+03 -7.309085083007812500e+02
4.831135232315398753e+03 6.286954781770706177e+03 -7.376865844726562500e+02
4.921956657146569341e+03 6.290916575543582439e+03 -7.438572387695312500e+02
5.012778107816935517e+03 6.294879404475912452e+03 -7.491176757812500000e+02
5.103599584331037477e+03 6.298843268575146794e+03 -7.587550659179687500e+02
5.194421086695278063e+03 6.302808167841285467e+03 -7.692944335937500000e+02
5.285242614916525781e+03 6.306774102278985083e+03 -7.764356689453125000e+02
5.376064168998971581e+03 6.310741071891970932e+03 -7.814752807617187500e+02
5.466885748953674920e+03 6.314709076684899628e+03 -7.872020263671875000e+02
5.557707354785175994e+03 6.318678116659633815e+03 -7.918926391601562500e+02
5.648528986497665755e+03 6.322648191819898784e+03 -7.932666625976562500e+02
5.739350644102320075e+03 6.326619302169419825e+03 -8.017531738281250000e+02
5.830172327603446320e+03 6.330591447712853551e+03 -8.147911376953125000e+02
5.920994037007680163e+03 6.334564628452062607e+03 -8.212305908203125000e+02
6.011815772321773693e+03 6.338538844391703606e+03 -8.238840942382812500e+02
6.102637533549917862e+03 6.342514095535501838e+03 -8.235952148437500000e+02
6.193459320703172125e+03 6.346490381885319948e+03 -8.219366455078125000e+02
6.284281133786076680e+03 6.350467703445814550e+03 -8.193510742187500000e+02
6.375102972805034369e+03 6.354446060221642256e+03 -8.156374511718750000e+02
6.465924837764585391e+03 6.358425452213734388e+03 -8.113498535156250000e+02
6.556746728675789200e+03 6.362405879428610206e+03 -8.124218139648437500e+02
6.647568645542953163e+03 6.366387341867201030e+03 -8.152218627929687500e+02
6.738390588372712955e+03 6.370369839535094798e+03 -8.246338500976562500e+02
6.829212557171587832e+03 6.374353372434154153e+03 -8.317428588867187500e+02
6.920034551944117993e+03 6.378337940569035709e+03 -8.270753784179687500e+02
7.010856572701246478e+03 6.382323543943464756e+03 -8.156875610351562500e+02
7.101678619447397068e+03 6.386310182559303939e+03 -8.320025634765625000e+02
7.192500692187109962e+03 6.390297856422141194e+03 -8.544617919921875000e+02
7.283322790931095369e+03 6.394286565534770489e+03 -8.632553100585937500e+02
7.374144915684009902e+03 6.398276309899985790e+03 -8.522177124023437500e+02
7.464967066452372819e+03 6.402267089522443712e+03 -8.075138549804687500e+02
1.266213891515508294e+01 6.194108574039302766e+03 -3.070906982421875000e+02
1.034808859238401055e+02 6.198015541740693152e+03 -3.045139770507812500e+02
1.942996584125794470e+02 6.201923544426448643e+03 -3.019008483886718750e+02
2.851184563923161477e+02 6.205832582100294530e+03 -3.219165649414062500e+02
3.759372798674739897e+02 6.209742654763162136e+03 -3.342185668945312500e+02
4.667561288427095860e+02 6.213653762421570718e+03 -3.478076782226562500e+02
5.575750033287331462e+02 6.217565905077382922e+03 -3.591289367675781250e+02
6.483939033299684525e+02 6.221479082735255361e+03 -3.670777587890625000e+02
7.392128288530511782e+02 6.225393295397050679e+03 -3.773278198242187500e+02
8.300317799047334120e+02 6.229308543067425489e+03 -3.837732238769531250e+02
9.208507564893225208e+02 6.233224825750105083e+03 -4.059827270507812500e+02
1.011669758617877960e+03 6.237142143446020782e+03 -4.131436157226562500e+02
1.102488786294707097e+03 6.241060496162623167e+03 -4.242526245117187500e+02
1.193307839524350129e+03 6.244979883899912238e+03 -4.342074584960937500e+02
1.284126918317750096e+03 6.248900306664407253e+03 -4.423981628417968750e+02
1.374946022679330781e+03 6.252821764457970858e+03 -4.488848266601562500e+02
1.465765152615727857e+03 6.256744257283397019e+03 -4.544440307617187500e+02
1.556584308133460581e+03 6.260667785145342350e+03 -4.624313659667968750e+02
1.647403489237069152e+03 6.264592348046600819e+03 -4.692206726074218750e+02
1.738222695937496610e+03 6.268517945990897715e+03 -4.891052551269531250e+02
1.829041928239166737e+03 6.272444578982889652e+03 -5.050753173828125000e+02
1.919861186146386899e+03 6.276372247024439275e+03 -5.192636108398437500e+02
2.010680469670332968e+03 6.280300950119271874e+03 -5.301611938476562500e+02
2.101499778815312311e+03 6.284230688272044063e+03 -5.393342895507812500e+02
2.192319113587960601e+03 6.288161461485549808e+03 -5.556677856445312500e+02
2.283138473995029926e+03 6.292093269762583077e+03 -5.713852539062500000e+02
2.373957860040594824e+03 6.296026113106869161e+03 -5.818985595703125000e+02
2.464777271735947579e+03 6.299959991523064673e+03 -5.875581665039062500e+02
2.555596709085511975e+03 6.303894905013963580e+03 -5.868700561523437500e+02
2.646416172093478963e+03 6.307830853581428528e+03 -5.964119262695312500e+02
2.737235660770907998e+03 6.311767837231978774e+03 -6.007219238281250000e+02
2.828055175122455694e+03 6.315705855968408287e+03 -5.978704833984375000e+02
2.918874715154524893e+03 6.319644909792579710e+03 -6.051373291015625000e+02
3.009694280873751268e+03 6.323584998709149659e+03 -6.123944702148437500e+02
3.100513872286654077e+03 6.327526122720912099e+03 -6.176292724609375000e+02
3.191333489397773519e+03 6.331468281832523644e+03 -6.209077758789062500e+02
3.282153132218169048e+03 6.335411476046778262e+03 -6.269818115234375000e+02
3.372972800752148032e+03 6.339355705367401242e+03 -6.366854248046875000e+02
3.463792495003901422e+03 6.343300969796255231e+03 -6.454479980468750000e+02
3.554612214984954335e+03 6.347247269339859486e+03 -6.555260620117187500e+02
3.645431960699381307e+03 6.351194604001007974e+03 -6.710076904296875000e+02
3.736251732153818011e+03 6.355142973780632019e+03 -6.841181030273437500e+02
3.827071529354900122e+03 6.359092378685250878e+03 -6.921669921875000000e+02
3.917891352307051420e+03 6.363042818716727197e+03 -6.935834350585937500e+02
4.008711201021214947e+03 6.366994293878786266e+03 -6.918423461914062500e+02
4.099531075501814485e+03 6.370946804176084697e+03 -6.943074340820312500e+02
4.190350975753273815e+03 6.374900349609553814e+03 -6.974804077148437500e+02
4.281170901786768809e+03 6.378854930185712874e+03 -7.008628540039062500e+02
4.371990853606490418e+03 6.382810545906424522e+03 -7.111791381835937500e+02
4.462810831219074316e+03 6.386767196776345372e+03 -7.218157348632812500e+02
4.553630834631156176e+03 6.390724882796406746e+03 -7.301372070312500000e+02
4.644450863847276196e+03 6.394683603974059224e+03 -7.402043457031250000e+02
4.735270918878144585e+03 6.398643360309302807e+03 -7.530820922851562500e+02
4.826090999728534371e+03 6.402604151807725430e+03 -7.630606079101562500e+02
4.916911106402520090e+03 6.406565978472121060e+03 -7.706650390625000000e+02
5.007731238911277615e+03 6.410528840306214988e+03 -7.765732421875000000e+02
5.098551397259230725e+03 6.414492737313732505e+03 -7.831287841796875000e+02
5.189371581452898681e+03 6.418457669497467577e+03 -7.875636596679687500e+02
5.280191791499033570e+03 6.422423636860214174e+03 -7.923066406250000000e+02
5.371012027401942760e+03 6.426390639408491552e+03 -7.973884887695312500e+02
5.461832289172569290e+03 6.430358677142299712e+03 -8.028457031250000000e+02
5.552652576815336943e+03 6.434327750068157911e+03 -8.072111816406250000e+02
5.643472890334669501e+03 6.438297858188860118e+03 -8.097997436523437500e+02
5.734293229741742834e+03 6.442269001506268978e+03 -8.175881347656250000e+02
5.825113595040864311e+03 6.446241180025972426e+03 -8.332163696289062500e+02
5.915933986238436773e+03 6.450214393750764430e+03 -8.400745849609375000e+02
6.006754403341445141e+03 6.454188642682507634e+03 -8.422190551757812500e+02
6.097574846353963949e+03 6.458163926826789975e+03 -8.439050903320312500e+02
6.188395315287169069e+03 6.462140246187336743e+03 -8.442989501953125000e+02
6.279215810145251453e+03 6.466117600766941905e+03 -8.441835937500000000e+02
6.370036330935196020e+03 6.470095990568399429e+03 -8.433708496093750000e+02
6.460856877661077306e+03 6.474075415596365929e+03 -8.412666015625000000e+02
6.551677450334187597e+03 6.478055875854566693e+03 -8.400379638671875000e+02
6.642498048958601430e+03 6.482037371344864368e+03 -8.405258178710937500e+02
6.733318673541070893e+03 6.486019902072846889e+03 -8.427371215820312500e+02
6.824139324088348076e+03 6.490003468041308224e+03 -8.481853027343750000e+02
6.914960000604623929e+03 6.493988069253042340e+03 -8.552495117187500000e+02
7.005780703101074323e+03 6.497973705712705851e+03 -8.484616088867187500e+02
7.096601431581890211e+03 6.501960377423092723e+03 -8.558988647460937500e+02
7.187422186051611789e+03 6.505948084387928247e+03 -8.860748291015625000e+02
7.278242966521298513e+03 6.509936826611869037e+03 -8.909839477539062500e+02
7.369063772995374165e+03 6.513926604095846415e+03 -8.804276733398437500e+02
7.459884605480358005e+03 6.517917416846379638e+03 -8.381609497070312500e+02
7.687648294260725379e+00 6.309756223684176803e+03 -3.324159545898437500e+02
9.850507735228165984e+01 6.313663223827257752e+03 -3.408653564453125000e+02
1.893225318859331310e+02 6.317571258962154388e+03 -3.504905090332031250e+02
2.801400119063910097e+02 6.321480329092592001e+03 -3.598303222656250000e+02
3.709575174176134169e+02 6.325390434222295880e+03 -3.687344970703125000e+02
4.617750484243733808e+02 6.329301574355922639e+03 -3.873861694335937500e+02
5.525926049374975264e+02 6.333213749494403601e+03 -3.903620300292968750e+02
6.434101869616424665e+02 6.337126959643326700e+03 -3.978332519531250000e+02
7.342277945030946285e+02 6.341041204804554582e+03 -4.044262084960937500e+02
8.250454275687225163e+02 6.344956484983675182e+03 -4.067334594726562500e+02
9.158630861627170816e+02 6.348872800182551146e+03 -4.110134277343750000e+02
1.006680770296370611e+03 6.352790150403976440e+03 -4.181502990722656250e+02
1.097498479973757640e+03 6.356708535653539002e+03 -4.319265136718750000e+02
1.188316215199418366e+03 6.360627955934032798e+03 -4.461125183105468750e+02
1.279133975984528661e+03 6.364548411248251796e+03 -4.551882019042968750e+02
1.369951762333395891e+03 6.368469901599921286e+03 -4.745506896972656250e+02
1.460769574252655730e+03 6.372392426992766559e+03 -4.862382202148437500e+02
1.551587411748711020e+03 6.376315987430512905e+03 -4.945351257324218750e+02
1.642405274826101959e+03 6.380240582915954292e+03 -5.025471801757812500e+02
1.733223163496004418e+03 6.384166213452816010e+03 -5.164503173828125000e+02
1.824041077762609348e+03 6.388092879045754671e+03 -5.341475219726562500e+02
1.914859017630456947e+03 6.392020579695701599e+03 -5.499353027343750000e+02
2.005676983110606670e+03 6.395949315409176052e+03 -5.588297119140625000e+02
2.096494974207133055e+03 6.399879086188040674e+03 -5.701824951171875000e+02
2.187312990926904604e+03 6.403809892035089433e+03 -5.840784912109375000e+02
2.278131033276673406e+03 6.407741732954978943e+03 -6.051494750976562500e+02
2.368949101260630414e+03 6.411674608950503170e+03 -6.094707031250000000e+02
2.459767194889718667e+03 6.415608520026318729e+03 -6.139412231445312500e+02
2.550585314168594778e+03 6.419543466185219586e+03 -6.137127075195312500e+02
2.641403459101449698e+03 6.423479447429999709e+03 -6.244948730468750000e+02
2.732221629699226469e+03 6.427416463765315711e+03 -6.330717773437500000e+02
2.823039825966814533e+03 6.431354515194892883e+03 -6.297687988281250000e+02
2.913858047910267487e+03 6.435293601720593870e+03 -6.339785766601562500e+02
3.004676295536453836e+03 6.439233723348006606e+03 -6.378684692382812500e+02
3.095494568852009252e+03 6.443174880078062415e+03 -6.423220825195312500e+02
3.186312867861241102e+03 6.447117071916349232e+03 -6.461096801757812500e+02
3.277131192575092427e+03 6.451060298866592348e+03 -6.497339477539062500e+02
3.367949542998103425e+03 6.455004560930654407e+03 -6.599620971679687500e+02
3.458767919134814292e+03 6.458949858113192022e+03 -6.703515014648437500e+02
3.549586320995818824e+03 6.462896190416999161e+03 -6.814575195312500000e+02
3.640404748586006463e+03 6.466843557845801115e+03 -6.966602783203125000e+02
3.731223201911663637e+03 6.470791960403323174e+03 -7.085074462890625000e+02
3.822041680979542434e+03 6.474741398094221950e+03 -7.146084594726562500e+02
3.912860185793833807e+03 6.478691870919428766e+03 -7.142712402343750000e+02
4.003678716365713626e+03 6.482643378884531558e+03 -7.174815673828125000e+02
4.094497272699722089e+03 6.486595921992324293e+03 -7.224564208984375000e+02
4.185315854800166562e+03 6.490549500246532261e+03 -7.250864257812500000e+02
4.276134462677873671e+03 6.494504113650880754e+03 -7.283391723632812500e+02
4.366953096337383613e+03 6.498459762208163738e+03 -7.348604125976562500e+02
4.457771755785332061e+03 6.502416445922106504e+03 -7.412586669921875000e+02
4.548590441028354689e+03 6.506374164795503020e+03 -7.469683837890625000e+02
4.639409152070758864e+03 6.510332918834872544e+03 -7.579339599609375000e+02
4.730227888923604041e+03 6.514292708040215075e+03 -7.736151733398437500e+02
4.821046651591314003e+03 6.518253532417118549e+03 -7.849304199218750000e+02
4.911865440078312531e+03 6.522215391968376935e+03 -7.931502075195312500e+02
5.002684254395542666e+03 6.526178286697715521e+03 -7.991992797851562500e+02
5.093503094547428191e+03 6.530142216608859599e+03 -8.046140136718750000e+02
5.184321960540488362e+03 6.534107181704603136e+03 -8.070427246093750000e+02
5.275140852381475270e+03 6.538073181988671422e+03 -8.111093750000000000e+02
5.365959770074812695e+03 6.542040217465721071e+03 -8.161656494140625000e+02
5.456778713631443679e+03 6.546008288137614727e+03 -8.213101806640625000e+02
5.547597683055792004e+03 6.549977394009009004e+03 -8.258303222656250000e+02
5.638416678352048621e+03 6.553947535082697868e+03 -8.315061645507812500e+02
5.729235699531622231e+03 6.557918711363337934e+03 -8.374821777343750000e+02
5.820054746598470956e+03 6.561890922853723168e+03 -8.467803344726562500e+02
5.910873819559579715e+03 6.565864169557578862e+03 -8.518088989257812500e+02
6.001692918421467766e+03 6.569838451476767659e+03 -8.550493774414062500e+02
6.092512043188326061e+03 6.573813768618740141e+03 -8.586928710937500000e+02
6.183331193871446885e+03 6.577790120983496308e+03 -8.626229248046875000e+02
6.274150370475137606e+03 6.581767508575692773e+03 -8.644310913085937500e+02
6.364969573005801067e+03 6.585745931399054825e+03 -8.660687866210937500e+02
6.455788801468093880e+03 6.589725389457307756e+03 -8.664260864257812500e+02
6.546608055872959085e+03 6.593705882753245533e+03 -8.658001708984375000e+02
6.637427336224704050e+03 6.597687411290593445e+03 -8.669534912109375000e+02
6.728246642530080862e+03 6.601669975073076785e+03 -8.686983642578125000e+02
6.819065974795608781e+03 6.605653574105352163e+03 -8.694498291015625000e+02
6.909885333025711589e+03 6.609638208389282227e+03 -8.716791992187500000e+02
7.000704717231448740e+03 6.613623877928592265e+03 -8.677044067382812500e+02
7.091524127417011186e+03 6.617610582727938890e+03 -8.812046508789062500e+02
7.182343563587055542e+03 6.621598322790116072e+03 -9.014854736328125000e+02
7.273163025752408430e+03 6.625587098118849099e+03 -9.122265625000000000e+02
7.363982513917610049e+03 6.629576908716931939e+03 -9.081086425781250000e+02
7.454802028089296073e+03 6.633567754589952528e+03 -8.753225097656250000e+02
2.713043713243678212e+00 6.425403884176164865e+03 -3.705514526367187500e+02
9.352915479068178684e+01 6.429310916755348444e+03 -3.816417846679687500e+02
1.843452913393266499e+02 6.433218984333798289e+03 -3.948093566894531250e+02
2.751614533702377230e+02 6.437128086918033659e+03 -4.001440124511718750e+02
3.659776408874895424e+02 6.441038224508054554e+03 -4.009842529296875000e+02
4.567938538959715515e+02 6.444949397110380232e+03 -4.004169921875000000e+02
5.476100924065103754e+02 6.448861604726873338e+03 -3.990224914550781250e+02
6.384263564232969657e+02 6.452774847362190485e+03 -4.029648742675781250e+02
7.292426459531998262e+02 6.456689125019125640e+03 -4.076412658691406250e+02
8.200589610026217997e+02 6.460604437700472772e+03 -4.118422851562500000e+02
9.108753015762194991e+02 6.464520785409957170e+03 -4.360914611816406250e+02
1.001691667684819549e+03 6.468438168153166771e+03 -4.489083251953125000e+02
1.092508059332845733e+03 6.472356585931032896e+03 -4.649011230468750000e+02
1.183324476524838246e+03 6.476276038747280836e+03 -4.787861022949218750e+02
1.274140919271623716e+03 6.480196526607498527e+03 -4.913421020507812500e+02
1.364957387577742338e+03 6.484118049511685967e+03 -5.057167053222656250e+02
1.455773881449596956e+03 6.488040607466362417e+03 -5.202195434570312500e+02
1.546590400894172490e+03 6.491964200475253165e+03 -5.259165039062500000e+02
1.637406945915659890e+03 6.495888828538358212e+03 -5.342807617187500000e+02
1.728223516525002196e+03 6.499814491663128138e+03 -5.459880981445312500e+02
1.819040112726623192e+03 6.503741189851425588e+03 -5.633881225585937500e+02
1.909856734524946660e+03 6.507668923106044531e+03 -5.809224243164062500e+02
2.000673381931148469e+03 6.511597691430710256e+03 -5.875531616210937500e+02
2.091490054949419573e+03 6.515527494830079377e+03 -5.987281494140625000e+02
2.182306753586512059e+03 6.519458333306945860e+03 -6.063677368164062500e+02
2.273123477848945186e+03 6.523390206865034997e+03 -6.293506469726562500e+02
2.363940227741142735e+03 6.527323115507140756e+03 -6.438323364257812500e+02
2.454757003274047747e+03 6.531257059236988425e+03 -6.501267700195312500e+02
2.545573804452316836e+03 6.535192038058303297e+03 -6.546860351562500000e+02
2.636390631279908121e+03 6.539128051975741982e+03 -6.587932739257812500e+02
2.727207483768346719e+03 6.543065100990235806e+03 -6.647205200195312500e+02
2.818024361921707168e+03 6.547003185107372701e+03 -6.593450317382812500e+02
2.908841265746741556e+03 6.550942304330877960e+03 -6.597299194335937500e+02
2.999658195249969140e+03 6.554882458662614226e+03 -6.625518798828125000e+02
3.090475150438025594e+03 6.558823648107238114e+03 -6.655015258789062500e+02
3.181292131315334700e+03 6.562765872666612267e+03 -6.691549072265625000e+02
3.272109137892955914e+03 6.566709132346324623e+03 -6.718125000000000000e+02
3.362926170175196603e+03 6.570653427149169147e+03 -6.804509277343750000e+02
3.453743228166364133e+03 6.574598757078871131e+03 -6.925643920898437500e+02
3.544560311877867207e+03 6.578545122138224542e+03 -7.007722778320312500e+02
3.635377421313663945e+03 6.582492522331885993e+03 -7.147023315429687500e+02
3.726194556480506435e+03 6.586440957661718130e+03 -7.349398193359375000e+02
3.817011717385146767e+03 6.590390428131446242e+03 -7.436835327148437500e+02
3.907828904031775892e+03 6.594340933746658266e+03 -7.440386962890625000e+02
3.998646116431569681e+03 6.598292474509216845e+03 -7.468423461914062500e+02
4.089463354588951916e+03 6.602245050423778594e+03 -7.493228149414062500e+02
4.180280618508113548e+03 6.606198661492206156e+03 -7.522448730468750000e+02
4.271097908200230449e+03 6.610153307719156146e+03 -7.554435424804687500e+02
4.361915223669726402e+03 6.614108989107422531e+03 -7.578714599609375000e+02
4.452732564923120663e+03 6.618065705660730600e+03 -7.619090576171875000e+02
4.543549931966932490e+03 6.622023457382805645e+03 -7.663137817382812500e+02
4.634367324805818498e+03 6.625982244278304279e+03 -7.785607910156250000e+02
4.725184743450605310e+03 6.629942066349089146e+03 -7.941892700195312500e+02
4.816002187905833125e+03 6.633902923598885536e+03 -8.064758911132812500e+02
4.906819658175692894e+03 6.637864816031418741e+03 -8.157033081054687500e+02
4.997637154271360487e+03 6.641827743650414050e+03 -8.218572387695312500e+02
5.088454676197143272e+03 6.645791706459596753e+03 -8.257996215820312500e+02
5.179272223959793337e+03 6.649756704462692142e+03 -8.283891601562500000e+02
5.270089797565713525e+03 6.653722737662494183e+03 -8.314771118164062500e+02
5.360907397019444034e+03 6.657689806062728167e+03 -8.355574951171875000e+02
5.451725022332044318e+03 6.661657909667119384e+03 -8.389545898437500000e+02
5.542542673507821746e+03 6.665627048478461802e+03 -8.406755981445312500e+02
5.633360350551200099e+03 6.669597222501412034e+03 -8.454054565429687500e+02
5.724178053473122418e+03 6.673568431738764048e+03 -8.516492919921875000e+02
5.814995782278012484e+03 6.677540676196105778e+03 -8.570460205078125000e+02
5.905813536972622387e+03 6.681513955872505903e+03 -8.609061889648437500e+02
5.996631317563471384e+03 6.685488270776346326e+03 -8.641704101562500000e+02
6.087449124054750428e+03 6.689463620907627046e+03 -8.706524047851562500e+02
6.178266956457868218e+03 6.693440006271935999e+03 -8.780865478515625000e+02
6.269084814776899293e+03 6.697417426872067153e+03 -8.829257812500000000e+02
6.359902699018595740e+03 6.701395882711745799e+03 -8.867844238281250000e+02
6.450720609187148511e+03 6.705375373793765903e+03 -8.893869018554687500e+02
6.541538545293966308e+03 6.709355900122784078e+03 -8.883880615234375000e+02
6.632356507343123667e+03 6.713337461702525616e+03 -8.898465576171875000e+02
6.723174495341372676e+03 6.717320058534853160e+03 -8.918810424804687500e+02
6.813992509295232594e+03 6.721303690625354648e+03 -8.888224487304687500e+02
6.904810549209127203e+03 6.725288357974961400e+03 -8.833192138671875000e+02
6.995628615094115958e+03 6.729274060590192676e+03 -8.787615356445312500e+02
7.086446706954622641e+03 6.733260798472911119e+03 -9.038023071289062500e+02
7.177264824794838205e+03 6.737248571626842022e+03 -9.196150512695312500e+02
7.268082968625938520e+03 6.741237380055710673e+03 -9.332324829101562500e+02
7.358901138452347368e+03 6.745227223764173687e+03 -9.360061035156250000e+02
7.449719334280700423e+03 6.749218102752231061e+03 -9.244260253906250000e+02
8.855311824032105505e+01 6.544958620526827872e+03 -4.023944396972656250e+02
1.793679367740405723e+02 6.548866720545105636e+03 -4.075817565917968750e+02
2.701827807854861021e+02 6.552775855574756861e+03 -4.094825134277343750e+02
3.609976502789650112e+02 6.556686025622300804e+03 -4.105434875488281250e+02
4.518125452590174973e+02 6.560597230688668787e+03 -4.098059692382812500e+02
5.426274657368194312e+02 6.564509470777586102e+03 -4.107437744140625000e+02
6.334424117165617645e+02 6.568422745893709362e+03 -4.282293090820312500e+02
7.242573832047637552e+02 6.572337056039832532e+03 -4.370190429687500000e+02
8.150723802084103227e+02 6.576252401219680905e+03 -4.513706970214843750e+02
9.058874027313431725e+02 6.580168781435117126e+03 -4.639156188964843750e+02
9.967024507850874215e+02 6.584086196692660451e+03 -4.783464355468750000e+02
1.087517524373717606e+03 6.588004646993242204e+03 -4.955989379882812500e+02
1.178332623501890339e+03 6.591924132341518998e+03 -5.137352905273437500e+02
1.269147748180432245e+03 6.595844652740284801e+03 -5.258722534179687500e+02
1.359962898413883522e+03 6.599766208194196224e+03 -5.365220336914062500e+02
1.450778074208647013e+03 6.603688798706047237e+03 -5.562874755859375000e+02
1.541593275571474805e+03 6.607612424279563129e+03 -5.565755615234375000e+02
1.632408502507023513e+03 6.611537084916606545e+03 -5.624647216796875000e+02
1.723223755025770515e+03 6.615462780623696744e+03 -5.722987060546875000e+02
1.814039033132605255e+03 6.619389511401765049e+03 -5.939133300781250000e+02
1.904854336831485853e+03 6.623317277254536748e+03 -6.055374145507812500e+02
1.995669666133821011e+03 6.627246078187599778e+03 -6.193576660156250000e+02
2.086485021043801680e+03 6.631175914202816784e+03 -6.332103271484375000e+02
2.177300401568063535e+03 6.635106785303913057e+03 -6.462794189453125000e+02
2.268115807713242248e+03 6.639038691493682563e+03 -6.616987304687500000e+02
2.358931239483761601e+03 6.642971632776781917e+03 -6.845325317382812500e+02
2.449746696890564635e+03 6.646905609156936407e+03 -6.869816894531250000e+02
2.540562179938191548e+03 6.650840620636008680e+03 -6.898195800781250000e+02
2.631377688630949706e+03 6.654776667218655348e+03 -6.917863769531250000e+02
2.722193222979782149e+03 6.658713748908601701e+03 -6.898655395507812500e+02
2.813008782989112660e+03 6.662651865708641708e+03 -6.873732299804687500e+02
2.903824368665693328e+03 6.666591017622500658e+03 -6.855053710937500000e+02
2.994639980016043410e+03 6.670531204653903842e+03 -6.862429809570312500e+02
3.085455617046682164e+03 6.674472426806576550e+03 -6.874353637695312500e+02
3.176271279762149788e+03 6.678414684083312750e+03 -6.892343750000000000e+02
3.267086968173389323e+03 6.682357976487837732e+03 -6.942125244140625000e+02
3.357902682284824550e+03 6.686302304023876786e+03 -7.017673950195312500e+02
3.448718422100646421e+03 6.690247666695155203e+03 -7.144251098632812500e+02
3.539534187632380053e+03 6.694194064505398273e+03 -7.219679565429687500e+02
3.630349978883983567e+03 6.698141497457399964e+03 -7.180061645507812500e+02
3.721165795862209052e+03 6.702089965553954244e+03 -7.480919799804687500e+02
3.811981638573575765e+03 6.706039468799717724e+03 -7.675938110351562500e+02
3.902797507022623904e+03 6.709990007199347019e+03 -7.713212890625000000e+02
3.993613401220180094e+03 6.713941580753773451e+03 -7.723574829101562500e+02
4.084429321171017364e+03 6.717894189468584955e+03 -7.763204956054687500e+02
4.175245266878977418e+03 6.721847833346575499e+03 -7.800510864257812500e+02
4.266061238355468959e+03 6.725802512390539050e+03 -7.832960815429687500e+02
4.356877235604915768e+03 6.729758226605132222e+03 -7.855480957031250000e+02
4.447693258633720689e+03 6.733714975993148983e+03 -7.863391723632812500e+02
4.538509307448519394e+03 6.737672760557383299e+03 -7.878147583007812500e+02
4.629325382053852081e+03 6.741631580304354429e+03 -7.966264648437500000e+02
4.720141482460661791e+03 6.745591435234993696e+03 -8.130195312500000000e+02
4.810957608673255891e+03 6.749552325352095068e+03 -8.280081787109375000e+02
4.901773760696174577e+03 6.753514250662177801e+03 -8.378596801757812500e+02
4.992589938540360890e+03 6.757477211165241897e+03 -8.443181762695312500e+02
5.083406142210122198e+03 6.761441206867806613e+03 -8.497718505859375000e+02
5.174222371712327003e+03 6.765406237771734595e+03 -8.517056274414062500e+02
5.265038627053261735e+03 6.769372303881682456e+03 -8.532117919921875000e+02
5.355854908237583004e+03 6.773339405200444162e+03 -8.554227905273437500e+02
5.446671215276233852e+03 6.777307541732676327e+03 -8.574273681640625000e+02
5.537487548173405230e+03 6.781276713479310274e+03 -8.578880615234375000e+02
5.628303906933753751e+03 6.785246920445933938e+03 -8.612364501953125000e+02
5.719120291568222456e+03 6.789218162635341287e+03 -8.643584594726562500e+02
5.809936702081235126e+03 6.793190440052188933e+03 -8.680292968750000000e+02
5.900753138479311019e+03 6.797163752698339522e+03 -8.715081787109375000e+02
5.991569600769085810e+03 6.801138100579380989e+03 -8.710895996093750000e+02
6.082386088954983279e+03 6.805113483696244657e+03 -8.785957031250000000e+02
6.173202603047946468e+03 6.809089902054518461e+03 -8.931058959960937500e+02
6.264019143052399158e+03 6.813067355656996369e+03 -9.011454467773437500e+02
6.354835708975093439e+03 6.817045844508334994e+03 -9.054962768554687500e+02
6.445652300820220262e+03 6.821025368609465659e+03 -9.109860229492187500e+02
6.536468918598722667e+03 6.825005927965976298e+03 -9.139646606445312500e+02
6.627285562315490097e+03 6.828987522581592202e+03 -9.137890625000000000e+02
6.718102231976576149e+03 6.832970152459107339e+03 -9.127290039062500000e+02
6.808918927588732913e+03 6.836953817602247000e+03 -9.085332031250000000e+02
6.899735649156617001e+03 6.840938518013805151e+03 -8.989074096679687500e+02
6.990552396690938622e+03 6.844924253698438406e+03 -8.809187011718750000e+02
7.081369170196121559e+03 6.848911024658940732e+03 -9.201119995117187500e+02
7.172185969676822424e+03 6.852898830899037421e+03 -9.420390625000000000e+02
7.263002795143751428e+03 6.856887672423385084e+03 -9.540873413085937500e+02
7.353819646601332352e+03 6.860877549234777689e+03 -9.553984375000000000e+02
7.444636524056550115e+03 6.864868461336009204e+03 -9.559430541992187500e+02
8.357696770306210965e+01 6.660606335139833391e+03 -4.200286560058593750e+02
1.743904681918211281e+02 6.664514467591419816e+03 -4.204382324218750000e+02
2.652039941537659615e+02 6.668423635064624250e+03 -4.223630981445312500e+02
3.560175455936696380e+02 6.672333837562240660e+03 -4.399134216308593750e+02
4.468311225154902786e+02 6.676245075087063015e+03 -4.412294311523437500e+02
5.376447249305201694e+02 6.680157347643747926e+03 -4.504837951660156250e+02
6.284583528430666775e+02 6.684070655236020684e+03 -4.584419250488281250e+02
7.192720062597654760e+02 6.687984997866675258e+03 -4.696293945312500000e+02
8.100856851872522384e+02 6.691900375538505614e+03 -4.819742736816406250e+02
9.008993896298343316e+02 6.695816788256168365e+03 -4.947648010253906250e+02
9.917131195986876264e+02 6.699734236022457480e+03 -5.121718750000000000e+02
1.082526875098003075e+03 6.703652718841098249e+03 -5.243587036132812500e+02
1.173340656132437289e+03 6.707572236715815961e+03 -5.517186889648437500e+02
1.264154462712816894e+03 6.711492789650335908e+03 -5.569301757812500000e+02
1.354968294843565673e+03 6.715414377647452056e+03 -5.610465698242187500e+02
1.445782152531202883e+03 6.719337000710889697e+03 -5.616638793945312500e+02
1.536596035782597028e+03 6.723260658843442798e+03 -5.790554199218750000e+02
1.627409944601939060e+03 6.727185352048836648e+03 -5.905317382812500000e+02
1.718223879000404850e+03 6.731111080332659185e+03 -6.049612426757812500e+02
1.809037838982185349e+03 6.735037843695841730e+03 -6.243146362304687500e+02
1.899851824551820755e+03 6.738965642143972218e+03 -6.390310058593750000e+02
1.990665835720254108e+03 6.742894475677981973e+03 -6.482467041015625000e+02
2.081479872491909191e+03 6.746824344303458929e+03 -6.740546875000000000e+02
2.172293934873538092e+03 6.750755248023197055e+03 -6.805990600585937500e+02
2.263108022871543653e+03 6.754687186840921640e+03 -6.872682495117187500e+02
2.353922136490466073e+03 6.758620160759426653e+03 -6.918014526367187500e+02
2.444736275741131976e+03 6.762554169782437384e+03 -6.949653320312500000e+02
2.535550440628081560e+03 6.766489213914610445e+03 -6.988242187500000000e+02
2.626364631155855022e+03 6.770425293158739805e+03 -7.017950439453125000e+02
2.717178847335162573e+03 6.774362407517619431e+03 -7.035576782226562500e+02
2.807993089170660824e+03 6.778300556995905936e+03 -7.042794799804687500e+02
2.898807356668752618e+03 6.782239741595461965e+03 -7.050698242187500000e+02
2.989621649836190045e+03 6.786179961320944130e+03 -7.074339599609375000e+02
3.080435968679492362e+03 6.790121216177009046e+03 -7.087058715820312500e+02
3.171250313203083351e+03 6.794063506165519357e+03 -7.106495971679687500e+02
3.262064683418022469e+03 6.798006831290200353e+03 -7.166811523437500000e+02
3.352879079328617081e+03 6.801951191554777324e+03 -7.228904418945312500e+02
3.443693500939407386e+03 6.805896586962975562e+03 -7.358321533203125000e+02
3.534507948261220008e+03 6.809843017516657710e+03 -7.493707275390625000e+02
3.625322421298711561e+03 6.813790483222343028e+03 -7.559547119140625000e+02
3.716136920058284886e+03 6.817738984080962837e+03 -7.663643798828125000e+02
3.806951444546459243e+03 6.821688520098105073e+03 -7.886976928710937500e+02
3.897765994767891243e+03 6.825639091274701059e+03 -7.949067993164062500e+02
3.988580570733407512e+03 6.829590697617270052e+03 -7.960676269531250000e+02
4.079395172447431833e+03 6.833543339126743376e+03 -8.000144653320312500e+02
4.170209799914504401e+03 6.837497015808708966e+03 -8.041746215820312500e+02
4.261024453145451844e+03 6.841451727665029466e+03 -8.103844604492187500e+02
4.351839132144814357e+03 6.845407474700361490e+03 -8.135838623046875000e+02
4.442653836919111200e+03 6.849364256917499006e+03 -8.125169677734375000e+02
4.533468567474978045e+03 6.853322074320167303e+03 -8.120986938476562500e+02
4.624283323816722259e+03 6.857280926912091672e+03 -8.166119995117187500e+02
4.715098105955636129e+03 6.861240814696997404e+03 -8.270061645507812500e+02
4.805912913895677775e+03 6.865201737677678466e+03 -8.432490234375000000e+02
4.896727747641620226e+03 6.869163695857860148e+03 -8.586953735351562500e+02
4.987542607204290107e+03 6.873126689241267741e+03 -8.677440185546875000e+02
5.078357492588227615e+03 6.877090717831626534e+03 -8.746727294921875000e+02
5.169172403799835593e+03 6.881055781632661819e+03 -8.776223144531250000e+02
5.259987340845866129e+03 6.885021880647167563e+03 -8.788692016601562500e+02
5.350802303730743006e+03 6.888989014878869057e+03 -8.792388305664062500e+02
5.441617292465409264e+03 6.892957184331491590e+03 -8.810862426757812500e+02
5.532432307054288685e+03 6.896926389008760452e+03 -8.870746459960937500e+02
5.623247347501572222e+03 6.900896628914400935e+03 -8.892322998046875000e+02
5.714062413818552159e+03 6.904867904051207006e+03 -8.883380737304687500e+02
5.804877506009535864e+03 6.908840214422903955e+03 -8.860244140625000000e+02
5.895692624081159011e+03 6.912813560033217072e+03 -8.858016357421875000e+02
5.986507768040057272e+03 6.916787940884940326e+03 -8.903444213867187500e+02
6.077322937890421599e+03 6.920763356982730329e+03 -8.969697875976562500e+02
6.168138133643427864e+03 6.924739808329381049e+03 -9.052789916992187500e+02
6.258953355303267017e+03 6.928717294929549098e+03 -9.146480712890625000e+02
6.349768602877040394e+03 6.932695816785097122e+03 -9.222434082031250000e+02
6.440583876368589699e+03 6.936675373901613057e+03 -9.275444946289062500e+02
6.531399175789207220e+03 6.940655966280959547e+03 -9.337860717773437500e+02
6.622214501143316738e+03 6.944637593927793205e+03 -9.365423583984375000e+02
6.713029852437321097e+03 6.948620256843976676e+03 -9.376434326171875000e+02
6.803845229678088799e+03 6.952603955035097897e+03 -9.366747436523437500e+02
6.894660632869694382e+03 6.956588688503019512e+03 -9.337449340820312500e+02
6.985476062023546547e+03 6.960574457251466811e+03 -9.230343627929687500e+02
7.076291517143603414e+03 6.964561261286027730e+03 -9.440505981445312500e+02
7.167106998234521598e+03 6.968549100606702268e+03 -9.600359497070312500e+02
7.257922505307360552e+03 6.972537975220941007e+03 -9.707990112304687500e+02
7.348738038366311230e+03 6.976527885129675269e+03 -9.715609741210937500e+02
7.439553597418125719e+03 6.980518830337561667e+03 -9.734071044921875000e+02
7.860070318041834980e+01 6.776254060595296323e+03 -4.508187255859375000e+02
1.694128855941817164e+02 6.780162225476466119e+03 -4.537386169433593750e+02
2.602250934769399464e+02 6.784071425386704504e+03 -4.644759216308593750e+02
3.510373268328839913e+02 6.787981660329736769e+03 -4.720398559570312500e+02
4.418495856665540487e+02 6.791892930308356881e+03 -4.783534851074218750e+02
5.326618699888931587e+02 6.795805235327221453e+03 -4.812214660644531250e+02
6.234741798043251038e+02 6.799718575390055776e+03 -4.910120544433593750e+02
7.142865151196019724e+02 6.803632950499653816e+03 -5.015164489746093750e+02
8.050988759410101920e+02 6.807548360658809543e+03 -5.098248291015625000e+02
8.959112622733227909e+02 6.811464805873110890e+03 -5.299935913085937500e+02
9.867236741272499785e+02 6.815382286144420505e+03 -5.368001708984375000e+02
1.077536111507331952e+03 6.819300801475532353e+03 -5.500317993164062500e+02
1.168348574417876080e+03 6.823220351871103048e+03 -5.567054443359375000e+02
1.259161062870058231e+03 6.827140937333926558e+03 -5.830996704101562500e+02
1.349973576868185773e+03 6.831062557869590819e+03 -5.875551147460937500e+02
1.440786116418894380e+03 6.834985213479027152e+03 -5.949816894531250000e+02
1.531598681528703310e+03 6.838908904167823493e+03 -6.070437011718750000e+02
1.622411272202152759e+03 6.842833629935979843e+03 -6.200093994140625000e+02
1.713223888450069353e+03 6.846759390790946782e+03 -6.331767578125000000e+02
1.804036530276993290e+03 6.850686186734586954e+03 -6.569151000976562500e+02
1.894849197687348351e+03 6.854614017769694328e+03 -6.633291015625000000e+02
1.985661890691961162e+03 6.858542883901856840e+03 -6.722673950195312500e+02
2.076474609295488335e+03 6.862472785132937133e+03 -6.807991943359375000e+02
2.167287353504332714e+03 6.866403721465729177e+03 -6.883546752929687500e+02
2.258100123325129971e+03 6.870335692905820906e+03 -6.969584350585937500e+02
2.348912918762420304e+03 6.874268699455074966e+03 -7.042788085937500000e+02
2.439725739827146754e+03 6.878202741118147969e+03 -7.101934204101562500e+02
2.530538586523616686e+03 6.882137817896902561e+03 -7.151758422851562500e+02
2.621351458856253885e+03 6.886073929795995355e+03 -7.194348754882812500e+02
2.712164356836117804e+03 6.890011076819151640e+03 -7.226509399414062500e+02
2.802977280467632227e+03 6.893949258970096707e+03 -7.247300415039062500e+02
2.893790229757432826e+03 6.897888476251624525e+03 -7.266172485351562500e+02
2.984603204712038860e+03 6.901828728666529059e+03 -7.277608642578125000e+02
3.075416205337969586e+03 6.905770016219466925e+03 -7.290109863281250000e+02
3.166229231639765203e+03 6.909712338914163411e+03 -7.294600219726562500e+02
3.257042283628485166e+03 6.913655696753412485e+03 -7.405948486328125000e+02
3.347855361308436841e+03 6.917600089740008116e+03 -7.487255859375000000e+02
3.438668464683927596e+03 6.921545517879538238e+03 -7.575056152343750000e+02
3.529481593766133301e+03 6.925491981173865497e+03 -7.699995117187500000e+02
3.620294748559361324e+03 6.929439479627646506e+03 -7.824509277343750000e+02
3.711107929070247337e+03 6.933388013242743909e+03 -7.950640869140625000e+02
3.801921135305427015e+03 6.937337582025676966e+03 -8.079539184570312500e+02
3.892734367269324139e+03 6.941288185975514352e+03 -8.157647705078125000e+02
3.983547624972648919e+03 6.945239825099706650e+03 -8.179306640625000000e+02
4.074360908420174383e+03 6.949192499400116503e+03 -8.199916381835937500e+02
4.165174217616207898e+03 6.953146208879537880e+03 -8.260843505859375000e+02
4.255987552571576089e+03 6.957100953544490039e+03 -8.335689697265625000e+02
4.346800913291051984e+03 6.961056733394041657e+03 -8.377950439453125000e+02
4.437614299780689180e+03 6.965013548435643315e+03 -8.391015014648437500e+02
4.528427712047705427e+03 6.968971398670226336e+03 -8.370219116210937500e+02
4.619241150096058846e+03 6.972930284102447331e+03 -8.377571411132812500e+02
4.710054613936808892e+03 6.976890204736962914e+03 -8.432215576171875000e+02
4.800868103574495763e+03 6.980851160574704409e+03 -8.544928588867187500e+02
4.891681619013543241e+03 6.984813151621259749e+03 -8.752584228515625000e+02
4.982495160264777951e+03 6.988776177878491580e+03 -8.915396728515625000e+02
5.073308727332856506e+03 6.992740239352919161e+03 -9.005383911132812500e+02
5.164122320224065334e+03 6.996705336044542491e+03 -9.046000976562500000e+02
5.254935938945040107e+03 7.000671467958949506e+03 -9.044348144531250000e+02
5.345749583500437438e+03 7.004638635098002851e+03 -9.041667480468750000e+02
5.436563253901200369e+03 7.008606837467290461e+03 -9.047996826171875000e+02
5.527376950151636265e+03 7.012576075069606304e+03 -9.047727661132812500e+02
5.618190672256052494e+03 7.016546347906813025e+03 -9.045175170898437500e+02
5.709004420225741342e+03 7.020517655985429883e+03 -9.063010253906250000e+02
5.799818194064777344e+03 7.024489999307319522e+03 -9.074648437500000000e+02
5.890631993779912591e+03 7.028463377876207232e+03 -9.063110961914062500e+02
5.981445819377899170e+03 7.032437791694886982e+03 -9.102214965820312500e+02
6.072259670862811618e+03 7.036413240768015385e+03 -9.137614746093750000e+02
6.163073548245825805e+03 7.040389725098386407e+03 -9.190029296875000000e+02
6.253887451531365514e+03 7.044367244690656662e+03 -9.246909790039062500e+02
6.344701380726066418e+03 7.048345799547620118e+03 -9.325289306640625000e+02
6.435515335834119469e+03 7.052325389672070742e+03 -9.409733886718750000e+02
6.526329316866816953e+03 7.056306015068665147e+03 -9.478997802734375000e+02
6.617143323828349821e+03 7.060287675739265978e+03 -9.545786132812500000e+02
6.707957356725353748e+03 7.064270371690392494e+03 -9.588787231445312500e+02
6.798771415564580821e+03 7.068254102923907340e+03 -9.612626342773437500e+02
6.889585500350221992e+03 7.072238869442604482e+03 -9.609174194335937500e+02
6.980399611093336716e+03 7.076224671251140535e+03 -9.591072998046875000e+02
7.071213747798465192e+03 7.080211508352309465e+03 -9.602882080078125000e+02
7.162027910469798371e+03 7.084199380750767887e+03 -9.737307128906250000e+02
7.252842099118279293e+03 7.088188288448378444e+03 -9.826387939453125000e+02
7.343656313748680986e+03 7.092178231450729072e+03 -9.834680786132812500e+02
7.434470554367289878e+03 7.096169209759682417e+03 -9.851420898437500000e+02
7.362432467390317470e+01 6.891901796893216670e+03 -4.843587951660156250e+02
1.644351889828685671e+02 6.895809994197450578e+03 -4.918049011230468750e+02
2.552460787561722100e+02 6.899719226539134979e+03 -4.990510864257812500e+02
3.460569939983543009e+02 6.903629493922926486e+03 -5.096087341308593750e+02
4.368679347139550373e+02 6.907540796350687742e+03 -5.130159301757812500e+02
5.276789009136846289e+02 6.911453133826144040e+03 -5.154735107421875000e+02
6.184898926020832732e+02 6.915366506354883313e+03 -5.197601928710937500e+02
7.093009097857866436e+02 6.919280913937836885e+03 -5.362878417968750000e+02
8.001119524713139981e+02 6.923196356579661369e+03 -5.345023193359375000e+02
8.909230206632055342e+02 6.927112834284082055e+03 -5.346525268554687500e+02
9.817341143724042922e+02 6.931030347053892910e+03 -5.634995117187500000e+02
1.072545233603217639e+03 6.934948894892819226e+03 -5.765224609375000000e+02
1.163356378360069357e+03 6.938868477805517614e+03 -5.933424072265625000e+02
1.254167548654135317e+03 6.942789095792919397e+03 -6.143031005859375000e+02
1.344978744489606470e+03 6.946710748860612512e+03 -6.224695434570312500e+02
1.435789965873234905e+03 6.950633437011390924e+03 -6.265153198242187500e+02
1.526601212811656296e+03 6.954557160248979926e+03 -6.340328979492187500e+02
1.617412485309061594e+03 6.958481918576173484e+03 -6.506086425781250000e+02
1.708223783376626670e+03 6.962407711997628212e+03 -6.571770019531250000e+02
1.799035107018658891e+03 6.966334540516138077e+03 -6.647965087890625000e+02
1.889846456239698455e+03 6.970262404135428369e+03 -6.721207885742187500e+02
1.980657831050688401e+03 6.974191302858293056e+03 -6.821786499023437500e+02
2.071469231455936097e+03 6.978121236689388752e+03 -6.927587890625000000e+02
2.162280657462193631e+03 6.982052205630578101e+03 -7.030687255859375000e+02
2.253092109075980261e+03 6.985984209687449038e+03 -7.125780029296875000e+02
2.343903586301603355e+03 6.989917248861864209e+03 -7.209074096679687500e+02
2.434715089150238782e+03 6.993851323158480227e+03 -7.277307128906250000e+02
2.525526617626193911e+03 6.997786432580091059e+03 -7.335805664062500000e+02
2.616338171733892523e+03 7.001722577129490674e+03 -7.385758056640625000e+02
2.707149751484394073e+03 7.005659756812267005e+03 -7.422640380859375000e+02
2.797961356882005930e+03 7.009597971629351377e+03 -7.448281250000000000e+02
2.888772987933363765e+03 7.013537221586331725e+03 -7.471115722656250000e+02
2.979584644645103253e+03 7.017477506686002016e+03 -7.500922851562500000e+02
3.070396327023860067e+03 7.021418826931156218e+03 -7.542417602539062500e+02
3.161208035073941574e+03 7.025361182327382267e+03 -7.570579223632812500e+02
3.252019768806407228e+03 7.029304572875611484e+03 -7.596081542968750000e+02
3.342831528225564398e+03 7.033248998580500484e+03 -7.699790039062500000e+02
3.433643313335953280e+03 7.037194459445774555e+03 -7.769757690429687500e+02
3.524455124148516916e+03 7.041140955475158989e+03 -7.864958496093750000e+02
3.615266960667562671e+03 7.045088486672379076e+03 -7.998398437500000000e+02
3.706078822899842635e+03 7.049037053039297462e+03 -8.136239013671875000e+02
3.796890710851992480e+03 7.052986654580570757e+03 -8.264259033203125000e+02
3.887702624528203160e+03 7.056937291298992932e+03 -8.351567993164062500e+02
3.978514563939650543e+03 7.060888963199220598e+03 -8.380299682617187500e+02
4.069326529090641998e+03 7.064841670284979045e+03 -8.407237548828125000e+02
4.160138519985601306e+03 7.068795412558130920e+03 -8.464122924804687500e+02
4.250950536635704339e+03 7.072750190023332834e+03 -8.537044677734375000e+02
4.341762579045025632e+03 7.076706002685241401e+03 -8.608712158203125000e+02
4.432574647220317274e+03 7.080662850544787943e+03 -8.641667480468750000e+02
4.523386741168331355e+03 7.084620733606629074e+03 -8.619571533203125000e+02
4.614198860893142410e+03 7.088579651874490082e+03 -8.631025390625000000e+02
4.705011006406042725e+03 7.092539605352096260e+03 -8.642984619140625000e+02
4.795823177711339667e+03 7.096500594043172896e+03 -8.709356689453125000e+02
4.886635374813457020e+03 7.100462617949582636e+03 -8.881322021484375000e+02
4.977447597723337822e+03 7.104425677076913416e+03 -9.071981811523437500e+02
5.068259846445405856e+03 7.108389771427027881e+03 -9.168779296875000000e+02
5.159072120986296795e+03 7.112354901005513966e+03 -9.203504028320312500e+02
5.249884421352529898e+03 7.116321065813302994e+03 -9.211588134765625000e+02
5.340696747548528947e+03 7.120288265855982900e+03 -9.202851562500000000e+02
5.431509099585469812e+03 7.124256501136347651e+03 -9.185383300781250000e+02
5.522321477467427030e+03 7.128225771658122540e+03 -9.174152832031250000e+02
5.613133881199057214e+03 7.132196077423170209e+03 -9.177030029296875000e+02
5.703946310791186988e+03 7.136167418438941240e+03 -9.221274414062500000e+02
5.794758766248472966e+03 7.140139794704504311e+03 -9.265222167968750000e+02
5.885571247577201575e+03 7.144113206226378679e+03 -9.279497680664062500e+02
5.976383754784241319e+03 7.148087653006426990e+03 -9.274506835937500000e+02
6.067196287873666734e+03 7.152063135050237179e+03 -9.284606933593750000e+02
6.158008846856886521e+03 7.156039652359671891e+03 -9.298120727539062500e+02
6.248821431738091633e+03 7.160017204937525094e+03 -9.351094970703125000e+02
6.339634042523801327e+03 7.163995792789384723e+03 -9.427167358398437500e+02
6.430446679218439385e+03 7.167975415917113423e+03 -9.503745727539062500e+02
6.521259341833181679e+03 7.171956074326299131e+03 -9.590191040039062500e+02
6.612072030372219160e+03 7.175937768017873168e+03 -9.681864624023437500e+02
6.702884744842303917e+03 7.179920496997423470e+03 -9.752923583984375000e+02
6.793697485249955207e+03 7.183904261267744005e+03 -9.810850830078125000e+02
6.884510251599596813e+03 7.187889060831628740e+03 -9.816087646484375000e+02
6.975323043902171776e+03 7.191874895694665611e+03 -9.777379150390625000e+02
7.066135862162103876e+03 7.195861765857785940e+03 -9.720292358398437500e+02
7.156948706383816898e+03 7.199849671327508986e+03 -9.913076171875000000e+02
7.247761576578486711e+03 7.203838612104766071e+03 -9.994224243164062500e+02
7.338574472750071436e+03 7.207828588194213808e+03 -9.996029052734375000e+02
7.429387394905555993e+03 7.211819599598646164e+03 -1.002214538574218750e+03
6.864783218549564481e+01 7.007549544033594429e+03 -5.181843261718750000e+02
1.594573783595114946e+02 7.011457773756235838e+03 -5.287089233398437500e+02
2.502669499936746433e+02 7.015367038525640965e+03 -5.308258666992187500e+02
3.410765470921760425e+02 7.019277338342741132e+03 -5.479736328125000000e+02
4.318861696594394743e+02 7.023188673214986920e+03 -5.462308349609375000e+02
5.226958177066408098e+02 7.027101043142378330e+03 -5.458347167968750000e+02
6.135054912380874157e+02 7.031014448131434619e+03 -5.432319946289062500e+02
7.043151902602985501e+02 7.034928888183087111e+03 -5.424039306640625000e+02
7.951249147799098864e+02 7.038844363301992416e+03 -5.575286254882812500e+02
8.859346648014616221e+02 7.042760873492807150e+03 -5.766289672851562500e+02
9.767444403357803822e+02 7.046678418756462634e+03 -5.934627075195312500e+02
1.067554241387406364e+03 7.050596999098546803e+03 -6.130059814453125000e+02
1.158364067960646935e+03 7.054516614519990981e+03 -6.258228149414062500e+02
1.249173920066561550e+03 7.058437265028245747e+03 -6.521469726562500000e+02
1.339983797709457576e+03 7.062358950623311102e+03 -6.532643432617187500e+02
1.430793700896203518e+03 7.066281671309843659e+03 -6.541635742187500000e+02
1.521603629633085802e+03 7.070205427091568708e+03 -6.560563964843750000e+02
1.612413583924644627e+03 7.074130217972211540e+03 -6.616474609375000000e+02
1.703223563781706616e+03 7.078056043955497444e+03 -6.688546752929687500e+02
1.794033569209044799e+03 7.081982905043289065e+03 -6.789353637695312500e+02
1.884843600210850127e+03 7.085910801240243018e+03 -6.891880493164062500e+02
1.975653656798065640e+03 7.089839732550084591e+03 -6.996329956054687500e+02
2.066463738975115120e+03 7.093769698974676430e+03 -7.103280029296875000e+02
2.157273846748750657e+03 7.097700700519606471e+03 -7.205172729492187500e+02
2.248083980125375092e+03 7.101632737188600004e+03 -7.297452392578125000e+02
2.338894139109528624e+03 7.105565808982588351e+03 -7.379271240234375000e+02
2.429704323712270707e+03 7.109499915907159448e+03 -7.451960449218750000e+02
2.520514533937792294e+03 7.113435057966038585e+03 -7.516610717773437500e+02
2.611324769790517166e+03 7.117371235161088407e+03 -7.572164306640625000e+02
2.702135031281621195e+03 7.121308447496965528e+03 -7.612573242187500000e+02
2.792945318415528163e+03 7.125246694977395236e+03 -7.638906250000000000e+02
2.883755631198408082e+03 7.129185977605171502e+03 -7.662288818359375000e+02
2.974565969637362286e+03 7.133126295383088291e+03 -7.694533081054687500e+02
3.065376333738910034e+03 7.137067648315802217e+03 -7.755352783203125000e+02
3.156186723507242277e+03 7.141010036407038569e+03 -7.796055297851562500e+02
3.246997138953534886e+03 7.144953459659591317e+03 -7.896929931640625000e+02
3.337807580081978813e+03 7.148897918078117073e+03 -7.855528564453125000e+02
3.428618046897230670e+03 7.152843411663547158e+03 -7.909072875976562500e+02
3.519428539410233498e+03 7.156789940422400832e+03 -7.975855712890625000e+02
3.610239057625178248e+03 7.160737504356540740e+03 -8.068397827148437500e+02
3.701049601549049839e+03 7.164686103469692171e+03 -8.196061401367187500e+02
3.791860171187901869e+03 7.168635737766511738e+03 -8.335321655273437500e+02
3.882670766546740197e+03 7.172586407247930765e+03 -8.448687133789062500e+02
3.973481387636158615e+03 7.176538111920468509e+03 -8.520712280273437500e+02
4.064292034460697323e+03 7.180490851785056293e+03 -8.587581787109375000e+02
4.155102707024663687e+03 7.184444626846350729e+03 -8.654014282226562500e+02
4.245913405339233577e+03 7.188399437109008431e+03 -8.729060058593750000e+02
4.336724129408597946e+03 7.192355282574892044e+03 -8.798492431640625000e+02
4.427534879239508882e+03 7.196312163247726858e+03 -8.834454956054687500e+02
4.518345654838602059e+03 7.200270079131238163e+03 -8.851882324218750000e+02
4.609156456210184842e+03 7.204229030230082572e+03 -8.866212768554687500e+02
4.699967283365200274e+03 7.208189016546122730e+03 -8.869833984375000000e+02
4.790778136308072135e+03 7.212150038083083928e+03 -8.901547241210937500e+02
4.881589015043340623e+03 7.216112094846554101e+03 -8.988006591796875000e+02
4.972399919581832364e+03 7.220075186837464571e+03 -9.166179809570312500e+02
5.063210849928087555e+03 7.224039314060471952e+03 -9.282710571289062500e+02
5.154021806088625453e+03 7.228004476518370211e+03 -9.322333374023437500e+02
5.244832788069965318e+03 7.231970674215815961e+03 -9.337076416015625000e+02
5.335643795876763761e+03 7.235937907155603170e+03 -9.333895874023437500e+02
5.426454829519614577e+03 7.239906175342388451e+03 -9.315465087890625000e+02
5.517265889003407210e+03 7.243875478778034449e+03 -9.314979858398437500e+02
5.608076974332099780e+03 7.247845817466266453e+03 -9.322963256835937500e+02
5.698888085517100990e+03 7.251817191411741078e+03 -9.390288696289062500e+02
5.789699222562368959e+03 7.255789600618183613e+03 -9.429603881835937500e+02
5.880510385474772193e+03 7.259763045087456703e+03 -9.443654785156250000e+02
5.971321574260946363e+03 7.263737524824216962e+03 -9.436594238281250000e+02
6.062132788925198838e+03 7.267713039831258357e+03 -9.431992797851562500e+02
6.152944029478356242e+03 7.271689590113237500e+03 -9.427213134765625000e+02
6.243755295925075188e+03 7.275667175673879683e+03 -9.453294067382812500e+02
6.334566588272107765e+03 7.279645796515047550e+03 -9.511125488281250000e+02
6.425377906523295678e+03 7.283625452642329037e+03 -9.598410644531250000e+02
6.516189250690164044e+03 7.287606144057586789e+03 -9.685742187500000000e+02
6.607000620776787400e+03 7.291587870764546096e+03 -9.784309082031250000e+02
6.697812016789801419e+03 7.295570632766932249e+03 -9.870180053710937500e+02
6.788623438735958189e+03 7.299554430069401860e+03 -9.945253906250000000e+02
6.879434886619681492e+03 7.303539262673817575e+03 -1.000523437500000000e+03
6.970246360451914370e+03 7.307525130584836006e+03 -1.000568542480468750e+03
7.061057860236847773e+03 7.311512033806182444e+03 -9.932714843750000000e+02
7.151869385978905484e+03 7.315499972340650856e+03 -1.009686706542968750e+03
7.242680937689496204e+03 7.319488946191035211e+03 -1.018433227539062500e+03
7.333492515372578055e+03 7.323478955362923443e+03 -1.017945861816406250e+03
7.424304119034903124e+03 7.327469999859109521e+03 -1.011779235839843750e+03
6.367122571647632867e+01 7.123197302018292248e+03 -5.617196044921875000e+02
1.544794537257403135e+02 7.127105564153753221e+03 -5.630139770507812500e+02
2.452877071906113997e+02 7.131014861344359815e+03 -5.594476928710937500e+02
3.360959861153969541e+02 7.134925193592905998e+03 -5.547463989257812500e+02
4.269042905046371743e+02 7.138836560902185738e+03 -5.496064453125000000e+02
5.177126203691586852e+02 7.142748963277786970e+03 -5.678056640625000000e+02
6.085209757136180997e+02 7.146662400720641017e+03 -5.689720458984375000e+02
6.993293565444182605e+02 7.150576873237267137e+03 -5.749375000000000000e+02
7.901377628681948408e+02 7.154492380827665329e+03 -5.894366455078125000e+02
8.809461946894880384e+02 7.158408923497423530e+03 -5.988630981445312500e+02
9.717546520190080628e+02 7.162326501250267029e+03 -6.286096801757812500e+02
1.062563134861411527e+03 7.166245114088989794e+03 -6.417277221679687500e+02
1.153371643221005797e+03 7.170164762018248439e+03 -6.557792358398437500e+02
1.244180177108850330e+03 7.174085445038042963e+03 -6.640056762695312500e+02
1.334988736529368907e+03 7.178007163156755269e+03 -6.666834106445312500e+02
1.425797321489080787e+03 7.181929916373454034e+03 -6.689477539062500000e+02
1.516605931994505227e+03 7.185853704695589840e+03 -6.726224975585937500e+02
1.607414568050066009e+03 7.189778528123162687e+03 -6.795326538085937500e+02
1.698223229667055421e+03 7.193704386661760509e+03 -6.892186279296875000e+02
1.789031916849547997e+03 7.197631280314177275e+03 -6.997788696289062500e+02
1.879840629602083936e+03 7.201559209084138274e+03 -7.100361938476562500e+02
1.970649367935606278e+03 7.205488172975368798e+03 -7.199934082031250000e+02
2.061458131854655221e+03 7.209418171990662813e+03 -7.298903198242187500e+02
2.152266921365633607e+03 7.213349206133745611e+03 -7.394466552734375000e+02
2.243075736475293525e+03 7.217281275409273803e+03 -7.481082763671875000e+02
2.333884577187942341e+03 7.221214379818178713e+03 -7.557029418945312500e+02
2.424693443514639512e+03 7.225148519366048276e+03 -7.626444091796875000e+02
2.515502335459692404e+03 7.229083694055676460e+03 -7.693005371093750000e+02
2.606311253027524799e+03 7.233019903890788555e+03 -7.753169555664062500e+02
2.697120196229312569e+03 7.236957148876041174e+03 -7.797354125976562500e+02
2.787929165069246665e+03 7.240895429012365639e+03 -7.823878784179687500e+02
2.878738159554079175e+03 7.244834744305349886e+03 -7.848335571289062500e+02
2.969547179690329358e+03 7.248775094756856561e+03 -7.883448486328125000e+02
3.060356225484516472e+03 7.252716480372473598e+03 -7.934721679687500000e+02
3.151165296941064298e+03 7.256658901154063642e+03 -7.983814086914062500e+02
3.241974394071265124e+03 7.260602357105351985e+03 -8.030725097656250000e+02
3.332783516879193485e+03 7.264546848230995238e+03 -8.043596801757812500e+02
3.423592665369273163e+03 7.268492374533787370e+03 -8.084916381835937500e+02
3.514401839552680030e+03 7.272438936015591025e+03 -8.129511108398437500e+02
3.605211039433721453e+03 7.276386532682925463e+03 -8.196168823242187500e+02
3.696020265018916689e+03 7.280335164537653327e+03 -8.292261352539062500e+02
3.786829516314901412e+03 7.284284831582568586e+03 -8.420686035156250000e+02
3.877638793326215819e+03 7.288235533822327852e+03 -8.542517089843750000e+02
3.968448096063686535e+03 7.292187271260656416e+03 -8.605055541992187500e+02
4.059257424531737342e+03 7.296140043899416924e+03 -8.658511962890625000e+02
4.150066778734792024e+03 7.300093851744197309e+03 -8.731954956054687500e+02
4.240876158684026450e+03 7.304048694797791541e+03 -8.793275756835937500e+02
4.331685564383515157e+03 7.308004573063924909e+03 -8.861721191406250000e+02
4.422494995840010233e+03 7.311961486544460058e+03 -8.916367797851562500e+02
4.513304453060263768e+03 7.315919435245916247e+03 -8.961384277343750000e+02
4.604113936048350297e+03 7.319878419169224799e+03 -8.989584960937500000e+02
4.694923444815445691e+03 7.323838438318111002e+03 -9.016876220703125000e+02
4.785732979366090149e+03 7.327799492697231472e+03 -9.044787597656250000e+02
4.876542539704591036e+03 7.331761582310311496e+03 -9.078428955078125000e+02
4.967352125841774978e+03 7.335724707160145044e+03 -9.192312011718750000e+02
5.058161737782182172e+03 7.339688867249526083e+03 -9.354166259765625000e+02
5.148971375532448292e+03 7.343654062583111227e+03 -9.427238159179687500e+02
5.239781039098976180e+03 7.347620293164625764e+03 -9.469201049804687500e+02
5.330590728486422449e+03 7.351587558996863663e+03 -9.538684082031250000e+02
5.421400443705497310e+03 7.355555860083550215e+03 -9.550787963867187500e+02
5.512210184760973789e+03 7.359525196428410709e+03 -9.584575195312500000e+02
5.603019951656926423e+03 7.363495568034239113e+03 -9.595324096679687500e+02
5.693829744404414669e+03 7.367466974905692041e+03 -9.617951049804687500e+02
5.784639563007978722e+03 7.371439417045563459e+03 -9.621965942382812500e+02
5.875449407474137843e+03 7.375412894458509982e+03 -9.619601440429687500e+02
5.966259277809527703e+03 7.379387407145462930e+03 -9.605516967773437500e+02
6.057069174018455669e+03 7.383362955112941563e+03 -9.588406372070312500e+02
6.147879096111864783e+03 7.387339538362808526e+03 -9.560704345703125000e+02
6.238689044094178826e+03 7.391317156899720430e+03 -9.551680297851562500e+02
6.329499017972266302e+03 7.395295810725539923e+03 -9.594854125976562500e+02
6.420309017750201747e+03 7.399275499845854938e+03 -9.672454833984375000e+02
6.511119043439161032e+03 7.403256224261596799e+03 -9.755919189453125000e+02
6.601929095043335110e+03 7.407237983978353441e+03 -9.849606933593750000e+02
6.692739172569476068e+03 7.411220778999850154e+03 -9.958594970703125000e+02
6.783549276024335995e+03 7.415204609327949584e+03 -1.005300598144531250e+03
6.874359405411989428e+03 7.419189474968239665e+03 -1.012791503906250000e+03
6.965169560743728653e+03 7.423175375922583044e+03 -1.020951599121093750e+03
7.055979742023628205e+03 7.427162312194705009e+03 -1.025851196289062500e+03
7.146789949256461114e+03 7.431150283789262176e+03 -1.030373657226562500e+03
7.237600182452937588e+03 7.435139290709979832e+03 -1.033270996093750000e+03
7.328410441617481411e+03 7.439129332957789302e+03 -1.033912353515625000e+03
7.419220726756728254e+03 7.443120410539209843e+03 -1.028367065429687500e+03
5.869450526859145612e+01 7.238845070846378803e+03 -5.732802124023437500e+02
1.495014150830684230e+02 7.242753365389071405e+03 -5.700463256835937500e+02
2.403083503486122936e+02 7.246662694995291531e+03 -5.722628173828125000e+02
3.311153110698796809e+02 7.250573059668764472e+03 -5.836502685546875000e+02
4.219222972509451210e+02 7.254484459412284195e+03 -5.903406372070312500e+02
5.127293089029844850e+02 7.258396894227713346e+03 -5.956744384765625000e+02
6.035363460305379704e+02 7.262310364121571183e+03 -6.019519042968750000e+02
6.943434086400084198e+02 7.266224869095720351e+03 -6.029857177734375000e+02
7.851504967379150912e+02 7.270140409153886139e+03 -6.148121337890625000e+02
8.759576103287981823e+02 7.274056984298862517e+03 -6.228142700195312500e+02
9.667647494237171486e+02 7.277974594535306096e+03 -6.365736083984375000e+02
1.057571914026979357e+03 7.281893239866942167e+03 -6.516172485351562500e+02
1.148379104143008590e+03 7.285812920295633376e+03 -6.690451049804687500e+02
1.239186319782864302e+03 7.289733635826036334e+03 -6.827694091796875000e+02
1.329993560950737447e+03 7.293655386460945010e+03 -6.908911743164062500e+02
1.420800827653496526e+03 7.297578172204084694e+03 -6.949860839843750000e+02
1.511608119897544384e+03 7.301501993059180677e+03 -6.984197998046875000e+02
1.602415437687421218e+03 7.305426849029958248e+03 -7.040759277343750000e+02
1.693222781033953652e+03 7.309352740119211376e+03 -7.125586547851562500e+02
1.784030149941798300e+03 7.313279666330665350e+03 -7.226046142578125000e+02
1.874837544415146112e+03 7.317207627668045461e+03 -7.326425170898437500e+02
1.965644964465056546e+03 7.321136624135077000e+03 -7.419070434570312500e+02
2.056452410095953383e+03 7.325066655735485256e+03 -7.509383544921875000e+02
2.147259881314355880e+03 7.328997722471132874e+03 -7.599243164062500000e+02
2.238067378127016127e+03 7.332929824346676469e+03 -7.681795043945312500e+02
2.328874900538241491e+03 7.336862961365841329e+03 -7.750394287109375000e+02
2.419682448558975011e+03 7.340797133532352746e+03 -7.811228637695312500e+02
2.510490022193640471e+03 7.344732340848073363e+03 -7.872789916992187500e+02
2.601297621446661651e+03 7.348668583318591118e+03 -7.935137939453125000e+02
2.692105246329214424e+03 7.352605860946699977e+03 -7.984146118164062500e+02
2.782912896845256910e+03 7.356544173735193908e+03 -8.015175170898437500e+02
2.873720573001890443e+03 7.360483521687798202e+03 -8.042840576171875000e+02
2.964528274805401452e+03 7.364423904809169471e+03 -8.084810791015625000e+02
3.055336002262425609e+03 7.368365323101170361e+03 -8.141099243164062500e+02
3.146143755377503112e+03 7.372307776567526162e+03 -8.192586669921875000e+02
3.236951534161460586e+03 7.376251265212893486e+03 -8.239271850585937500e+02
3.327759338618721813e+03 7.380195789040066302e+03 -8.279506835937500000e+02
3.418567168753826991e+03 7.384141348052769899e+03 -8.327709960937500000e+02
3.509375024577602744e+03 7.388087942254729569e+03 -8.366475219726562500e+02
3.600182906094705686e+03 7.392035571648739278e+03 -8.420476074218750000e+02
3.690990813311422244e+03 7.395984236238524318e+03 -8.487516479492187500e+02
3.781798746234504506e+03 7.399933936027809978e+03 -8.588930664062500000e+02
3.872606704868143424e+03 7.403884671020321548e+03 -8.698836669921875000e+02
3.963414689223747700e+03 7.407836441219784319e+03 -8.779006958007812500e+02
4.054222699305508286e+03 7.411789246628992260e+03 -8.833478393554687500e+02
4.145030735117616132e+03 7.415743087250739336e+03 -8.887467041015625000e+02
4.235838796671479940e+03 7.419697963089682162e+03 -8.939670410156250000e+02
4.326646883971174248e+03 7.423653874151408672e+03 -8.997761230468750000e+02
4.417454997023334727e+03 7.427610820434987545e+03 -9.045337524414062500e+02
4.508263135834597051e+03 7.431568801946938038e+03 -9.084129638671875000e+02
4.599071300409501418e+03 7.435527818690054119e+03 -9.126176147460937500e+02
4.689879490758990869e+03 7.439487870668061078e+03 -9.162647094726562500e+02
4.780687706887256354e+03 7.443448957883752882e+03 -9.205189819335937500e+02
4.871495948798721656e+03 7.447411080340854824e+03 -9.245988159179687500e+02
4.962304216504795477e+03 7.451374238044023514e+03 -9.294120483398437500e+02
5.053112510009435937e+03 7.455338430996052921e+03 -9.426769409179687500e+02
5.143920829319395125e+03 7.459303659199737012e+03 -9.550352172851562500e+02
5.234729174441192299e+03 7.463269922659732401e+03 -9.653439941406250000e+02
5.325537545379251242e+03 7.467237221377901733e+03 -9.743951416015625000e+02
5.416345942144747823e+03 7.471205555360764265e+03 -9.787522583007812500e+02
5.507154364741872996e+03 7.475174924608319998e+03 -9.808609008789062500e+02
5.597962813175050542e+03 7.479145329127088189e+03 -9.812114257812500000e+02
5.688771287455456331e+03 7.483116768918931484e+03 -9.804248657226562500e+02
5.779579787587281317e+03 7.487089243987575173e+03 -9.798646850585937500e+02
5.870388313577044755e+03 7.491062754337675869e+03 -9.787943725585937500e+02
5.961196865431615151e+03 7.495037299971096218e+03 -9.749552001953125000e+02
5.371767084335442632e+01 7.354492850515991449e+03 -6.007011718750000000e+02
1.445232624331256375e+02 7.358401177461259067e+03 -6.075441284179687500e+02
2.353288794695399702e+02 7.362310539479367435e+03 -6.120589599609375000e+02
3.261345219570212066e+02 7.366220936572179198e+03 -6.191651611328125000e+02
4.169401899001095444e+02 7.370132368743419647e+03 -6.255075073242187500e+02
5.077458833097480237e+02 7.374044835996814072e+03 -6.273489990234375000e+02
5.985516021903604269e+02 7.377958338334225118e+03 -6.294614868164062500e+02
6.893573465484660119e+02 7.381872875762172043e+03 -6.284697875976562500e+02
7.801631163905840367e+02 7.385788448281586170e+03 -6.303363037109375000e+02
8.709689117212546989e+02 7.389705055897124112e+03 -6.367734985351562500e+02
9.617747325515374541e+02 7.393622698611579835e+03 -6.512914428710937500e+02
1.052580578885739669e+03 7.397541376429609954e+03 -6.700920410156250000e+02
1.143386450728168711e+03 7.401461089353077114e+03 -6.896566772460937500e+02
1.234192348090000451e+03 7.405381837386637926e+03 -7.064590454101562500e+02
1.324998270975425839e+03 7.409303620534017682e+03 -7.176475219726562500e+02
1.415804219391196966e+03 7.413226438798010349e+03 -7.233418579101562500e+02
1.506610193344065920e+03 7.417150292182341218e+03 -7.264624633789062500e+02
1.597416192837990820e+03 7.421075180688872933e+03 -7.303361816406250000e+02
1.688222217884380370e+03 7.425001104324124753e+03 -7.370593872070312500e+02
1.779028268487425521e+03 7.428928063089959323e+03 -7.461420898437500000e+02
1.869834344651666470e+03 7.432856056991033256e+03 -7.557065429687500000e+02
1.960640446387929842e+03 7.436785086028277874e+03 -7.647058105468750000e+02
2.051446573700755835e+03 7.440715150207281113e+03 -7.729544067382812500e+02
2.142252726596780121e+03 7.444646249530836940e+03 -7.811478271484375000e+02
2.233058905082405545e+03 7.448578384003601968e+03 -7.888248291015625000e+02
2.323865109162172303e+03 7.452511553626507521e+03 -7.952819213867187500e+02
2.414671338846907020e+03 7.456445758406072855e+03 -8.006186523437500000e+02
2.505477594141382724e+03 7.460380998344160616e+03 -8.062281494140625000e+02
2.596283875049557537e+03 7.464317273443564773e+03 -8.124112548828125000e+02
2.687090181582723744e+03 7.468254583708941936e+03 -8.180048828125000000e+02
2.777896513745188713e+03 7.472192929144017398e+03 -8.219164428710937500e+02
2.868702871543588117e+03 7.476132309752516448e+03 -8.253331298828125000e+02
2.959509254984324798e+03 7.480072725536301732e+03 -8.299045410156250000e+02
3.050315664074383676e+03 7.484014176500029862e+03 -8.361917114257812500e+02
3.141122098817722872e+03 7.487956662647426128e+03 -8.423518066406250000e+02
3.231928559225518256e+03 7.491900183980353177e+03 -8.483848266601562500e+02
3.322735045302426443e+03 7.495844740504398942e+03 -8.528553466796875000e+02
4.874072244262788445e+01 7.470140641028992832e+03 -6.344076538085937500e+02
1.395449957775417715e+02 7.474049000372178853e+03 -6.468924560546875000e+02
2.303492945549078286e+02 7.477958394795656204e+03 -6.504260864257812500e+02
3.211536187789170071e+02 7.481868824304081500e+03 -6.463073120117187500e+02
4.119579684538766742e+02 7.485780288897454739e+03 -6.438357543945312500e+02
5.027623435910791159e+02 7.489692788581363857e+03 -6.457659301757812500e+02
5.935667441948316991e+02 7.493606323359534144e+03 -6.473062744140625000e+02
6.843711702715372667e+02 7.497520893234759569e+03 -6.494542846679687500e+02
